x,y,raw_flux,red_mag,R_mag
239.46811294795427,2.799366549723335,12681.778686508693,12.392394315981054,12.292994315981055
632.1662183036756,1.3602245914813451,40785.23888978646,11.124087214701506,11.024687214701506
765.046885903577,1.90396265001212,2214.8024099780296,14.287007272253135,14.187607272253135
792.8280346869842,1.8575341697560248,46252.90791551133,10.98749713581257,10.88809713581257
933.8680566158353,2.9798255519945527,6821.33308684258,13.065671598964427,12.966271598964427
949.0704243711149,1.574036024212375,6677.191642553932,13.088860137945128,12.989460137945128
1031.811016409085,9.766994667590062,8891.176393599077,12.777946674830881,12.678546674830882
270.9671719291073,5.383191595720728,-969.0948192683088,,
701.2459087595372,6.394649711992293,8482.615881528547,12.829020237566185,12.729620237566186
1069.3657352668936,3.450355437175009,2170.5966391431666,14.308896925188362,14.209496925188363
78.13099489656571,9.557157015587848,9388.403870839864,12.718865331191504,12.619465331191504
571.8141945102113,10.768409479580528,62217.28287404449,10.665567138597787,10.566167138597788
137.43675838873608,6.6940757313617185,-72.19575622915596,,
418.1804905633352,5.1707365333613495,-1497.5808071675474,,
169.1106611302125,9.716559070218038,4892.5400423240735,13.426508768847576,13.327108768847577
354.9832390235971,20.81768634793522,249324.52635780614,9.158432234060344,9.059032234060345
475.3565082582357,10.924324868743074,9935.446907950725,12.657376223378803,12.557976223378803
948.8920618564114,6.836829236414028,6548.117940776006,13.110053508112637,13.010653508112638
986.0651899030304,13.248628585208188,58017.962785155105,10.741438552951381,10.642038552951382
1009.2526456102183,12.053722860995377,9895.001935572158,12.661805032030234,12.562405032030235
68.78749177595164,12.257604186441469,9438.236982880755,12.713117546366796,12.613717546366797
620.982669498895,13.461007488798636,36516.91669820858,11.2441094887581,11.144709488758101
584.25757775501,17.587990160819373,62488.47268507062,10.66084496584778,10.56144496584778
771.2563136647475,13.89354739100117,3365.7182903871867,13.832650333661043,13.733250333661044
913.4391884597499,15.238091637293035,2908.820367975626,13.99105248440708,13.89165248440708
141.76411170672935,17.72596119554721,7.729593296694588,20.429953131990644,20.330553131990644
9.754737166739183,20.176071751107383,724.3632391885942,15.500453735443804,15.401053735443805
531.6083532958239,21.38640177175223,-842.8648916545534,,
855.2049706391404,22.360729851049204,28133.365645120117,11.527290514010826,11.427890514010826
1055.3641438991426,18.58414802855337,42363.13068836631,11.082874621950658,10.98347462195066
41.52663275354883,19.553372112471774,1260.5898124830358,14.89891025818805,14.79951025818805
89.37106179718347,27.41896683082783,5123.4437067404115,13.376439818750477,13.277039818750477
773.1361426020347,21.866169634448283,1750.6462450866327,14.54234874924369,14.44294874924369
55.53402663860253,23.068594046686545,3145.275982683773,13.906197844059125,13.806797844059126
508.3282167807461,22.691979830678317,5911.445736532534,13.22111047231574,13.12171047231574
1045.6226320955213,28.535527406555886,44444.77360140954,11.030792995079755,10.931392995079756
217.13288500165453,25.444267598126608,5073.5858635851355,13.38705720421825,13.28765720421825
1019.4186584438944,24.721631747957826,8264.150085937941,12.857349251162116,12.757949251162117
491.6357838568511,32.179971130397796,11782.823426019973,12.472221316971568,12.372821316971569
841.3916524152793,31.55186463963915,34336.14295146651,11.31096596980499,11.21156596980499
1060.824112819738,26.798255982449465,42105.45941087119,11.089498715057005,10.990098715057005
9.985227113333934,28.802172869151125,1047.4598736287178,15.100001253547006,15.000601253547007
896.9418045873896,29.244879779559724,2642.953664209801,14.095120867704857,13.995720867704858
45.04996638335163,29.82332667783281,898.006979087299,15.267145460995055,15.167745460995055
645.7108155908169,37.515356187804855,13794.281924993145,12.301096996332706,12.201696996332707
339.4190088487753,33.17728648449102,157078.8401716604,9.660050526029892,9.560650526029892
401.0897848054747,34.20961903924362,8979.696018606006,12.767190652907574,12.667790652907575
1003.8429263257702,34.521323026615676,2540.3731463994272,14.13810095756519,14.03870095756519
1062.248978425653,30.424001006608602,38996.32934075338,11.172785416925208,11.073385416925209
204.64166747947488,35.44458675834902,5033.057282784081,13.395765057605084,13.296365057605085
317.92722636739967,38.63070385826734,33457.0081101371,11.339126986721364,11.239726986721365
673.4784869418511,37.107589289128484,10120.32884321855,12.637358179747295,12.537958179747296
288.2284491956651,39.04621033917559,64720.1828715573,10.622745401427299,10.5233454014273
477.48035237941457,34.85011756774168,13088.665916495926,12.35810628417575,12.258706284175751
705.6292056834375,38.45189846851693,15610.918891536912,12.166773572513533,12.067373572513533
125.05522605602668,36.43005534384903,3963.2260021544203,13.65522264428186,13.55582264428186
59.977692541622154,36.868928720881314,-300.478159700746,,
142.09956096677692,36.39587872270948,5258.903852691378,13.348106663814225,13.248706663814225
151.76783209016068,39.39379669644553,2331.4153872317756,14.231295594600176,14.131895594600177
730.6922197187405,36.88102887248509,-761.8358272748046,,
767.2728842116895,42.489044032954,4775.287128035365,13.452846015957219,13.35344601595722
444.5363436826624,39.71073977320188,3477.902432636635,13.797051254883574,13.697651254883574
598.3005768594369,39.803887389391726,2510.2609789195467,14.151047552790176,14.051647552790177
688.0286540447063,42.8606388609221,21402.810609639844,11.824167719532355,11.724767719532355
1036.1784220452282,39.748695073505466,39974.335035352036,11.145891620565639,11.04649162056564
848.0807180352796,43.447544173583786,34386.57273838665,11.309372509629974,11.209972509629974
865.4847300378897,42.4432895908319,6843.141762409689,13.062205898451625,12.962805898451625
920.1887496629953,42.864815076045154,1072.1558509810563,15.074699940852685,14.975299940852686
1075.412122781902,40.84435733636693,694.152066164809,15.546708189047777,15.447308189047778
86.01912777901768,41.62217676264829,1978.4877968444628,14.409511300977218,14.31011130097722
120.9532539402566,44.523499071173966,3894.623344227207,13.674181084099562,13.574781084099563
875.8157390507341,44.44470168249325,23174.973335280294,11.737796632955407,11.638396632955407
346.7932548940829,48.05840645085211,37538.08973727224,11.21416432029945,11.11476432029945
433.1871483757684,46.49040465904363,3174.3393338120095,13.89621136436454,13.79681136436454
789.3166207700161,49.52772645405452,2278.316229338462,14.256309731220629,14.15690973122063
968.4857740708308,48.81776302008658,2361.862206441423,14.217208348734369,14.11780834873437
415.86730303340516,48.94473482317504,4819.013557256003,13.442949370526218,13.343549370526219
994.9361537966827,49.152167289008624,2254.9076011047155,14.267522864315998,14.168122864315999
540.5544638572184,54.77841643007371,9136.089179710489,12.748443915312524,12.649043915312525
817.8044218828754,49.63581308891215,-1917.1895675597762,,
575.1966917584778,54.35312996349889,15530.835768430494,12.172357672623537,12.072957672623538
448.26048703420486,54.963794281395316,2673.1302325158517,14.082794446490897,13.983394446490898
591.2608701203513,59.531402758962045,20537.331433410378,11.868984711144433,11.769584711144434
316.53240603077984,56.43986981864076,29878.642114952992,11.461942599893138,11.362542599893139
718.3048443962201,54.218909378592464,2635.310496396288,14.098265261225853,13.998865261225854
212.21885672911793,56.40233715663903,1118.0634496772382,15.02917861502561,14.929778615025612
522.6880184239332,56.06930686197289,8386.871774154937,12.841344732784323,12.741944732784324
880.1530665326121,58.994785958446364,23406.967253586914,11.726981871878609,11.62758187187861
301.44874068771855,57.23416447164314,12950.164015663242,12.369656568635122,12.270256568635123
653.8630682413832,64.08654172630823,22512.184422424398,11.769300646028384,11.669900646028385
683.2854940137743,54.92045083747192,15282.532494832813,12.189856421040005,12.090456421040006
129.2242457166049,57.011137924850715,3695.9097805582333,13.731041337566419,13.63164133756642
257.0351669237009,58.80849312853796,-66.62213640603397,,
687.2109080006727,60.778775271135466,12874.592287627069,12.376011029016807,12.276611029016808
411.2020610011057,60.045501617348705,2462.910906877466,14.171722985786209,14.07232298578621
473.19764861237695,61.74244546424498,1647.664391931977,14.608172850361647,14.508772850361648
377.89553273547386,60.825907271765736,-1477.4730878522662,,
559.4696665381741,61.615290151796074,13583.927703431844,12.317781337023536,12.218381337023537
35.16836300679079,63.940237421122134,1728.3474429997848,14.556267112121382,14.456867112121383
772.6923653363367,67.9059704158265,14572.95351781805,12.241475791594054,12.142075791594054
495.02040646372666,65.07953264088322,1261.4855163690565,14.89813906934404,14.798739069344041
750.3256314308171,66.05083212839563,2844.2459715770706,14.01542686164424,13.91602686164424
536.9568841792444,68.0825326909688,11959.714402749216,12.456042718642168,12.356642718642169
112.3804703942762,69.4793285702867,2388.150205377125,14.205190643884924,14.105790643884925
402.3069004230548,70.1602962871446,1033.0724441382458,15.115017797118558,15.015617797118558
163.33571097592215,72.78892557094527,-735.030776627075,,
238.53389208109445,71.61726890646342,-710.42142270091,,
602.9445517821465,72.37370803225308,7697.124484901214,12.93452346471377,12.83512346471377
323.0625684384989,80.83662227319272,97123.79049188207,10.182030682120358,10.082630682120358
1060.9618663755068,72.91385402003642,415.6244987105291,16.10359189366848,16.00419189366848
22.76533476893504,75.5587483617086,741.3540296497199,15.47528060946554,15.375880609465542
48.413624105349534,75.44233179718279,581.6080105994308,15.738768791983514,15.639368791983514
486.1233794830899,75.63665795494009,2209.2973130006285,14.28970932987312,14.19030932987312
833.2160696337454,75.66837345539068,4192.137422557939,13.594255963701078,13.49485596370108
186.8473526384008,76.57028725651746,1257.8192201781717,14.901299174006397,14.801899174006397
276.2946515632031,78.33309934600699,3471.17910962324,13.799152182163029,13.69975218216303
531.827040334024,78.0262593330019,4621.1750722341785,13.488463685807341,13.389063685807342
776.7635997543514,76.51838545174589,16560.08374171062,12.102688419236937,12.003288419236938
821.4519217515445,78.1793214433043,4612.303428448244,13.490550064806857,13.391150064806858
560.5290040344162,80.07662586686571,1774.9090452844307,14.527404484111923,14.428004484111923
132.67761125497725,80.34009719389815,4753.951916388803,13.457707778857468,13.35830777885747
683.67374829206,79.2555129140961,16785.415835218693,12.08801447887799,11.988614478877992
713.9438105736594,87.74425195310387,159825.41165809942,9.641230161497864,9.541830161497865
1010.5639454537146,84.89972799255393,3981.0031500954765,13.650363437684419,13.55096343768442
1026.120544255998,82.22692459475837,2353.3090480239744,14.221147329290254,14.121747329290255
760.9950705320724,95.18843940335256,28724.083696322094,11.504729282004458,11.405329282004459
883.7463112569684,81.47844980599544,2601.774310409209,14.11217068775529,14.01277068775529
629.9058476096463,84.50344706491288,-806.8590714222541,,
786.664070306132,83.69382701679321,3530.3590692283474,13.780797542558073,13.681397542558074
536.002017351302,85.1381257906661,4961.173297318846,13.411383746976098,13.311983746976098
1069.5694009927663,85.25577836890818,-1005.5630336837442,,
255.8068627456595,86.67056353540495,2385.5710112665365,14.206363868952064,14.106963868952064
523.2157893611658,86.99020358949242,3865.4998510001305,13.682330588602749,13.58293058860275
810.0055450997173,86.32896598052913,1709.3288686031829,14.568280672206448,14.46888067220645
99.22294643958473,87.57440810696141,891.5753978890326,15.274949550614288,15.175549550614289
691.1418531986493,90.56580207787765,29106.866509146363,11.490356105480792,11.390956105480793
460.8351550057791,87.7214156323856,1524.767134949398,14.692335934395162,14.592935934395163
184.68428920022419,96.60134981121018,4415.454524819344,13.537906200055396,13.438506200055397
229.54736908504438,90.33222552845331,-179.3447745566545,,
605.9712482636278,91.69050584358273,-1045.8448340614314,,
1058.7782671494606,90.8361815710537,-808.7654109748788,,
97.9994024224592,94.74876274136135,1290.3261337738609,14.873596007273868,14.774196007273869
840.3102862835868,94.9719803448494,4044.9788777205713,13.63305409543615,13.53365409543615
474.2498836623771,95.1821845052194,757.839384346618,15.451401812055273,15.352001812055274
856.6274658984603,94.44451096526352,2397.4491595159607,14.200971225119654,14.101571225119654
10.38807125701148,97.51429713571741,120.6728358627688,17.446320943375376,17.346920943375377
257.5336248847778,97.82569167194688,4707.733187444778,13.468315138105359,13.36891513810536
454.676426501541,97.08212065143346,631.8934453318786,15.648735114705893,15.549335114705894
34.27063260058242,98.11813211102292,3063.627200483057,13.934754948862526,13.835354948862527
139.05985992328291,98.02213062264227,3117.242246939853,13.91591835713172,13.81651835713172
248.24722874957973,99.61538670409108,9080.828934509113,12.755031004583616,12.655631004583617
63.49761821700992,100.43710226671038,2688.1018461918666,14.076730442907985,13.977330442907986
703.895921457302,100.04442188531199,164645.89580668113,9.608967467386703,9.509567467386704
528.1067476132431,102.16628745388448,1314.2224730341632,14.853672517524807,14.754272517524807
471.38200127541546,101.16628947909003,317.0809613722404,16.397419325066785,16.298019325066786
159.287385324805,104.18652310923297,326.73015667331765,16.364871688231528,16.26547168823153
557.0292783938766,104.16613871413331,13798.974379665327,12.30072772001971,12.20132772001971
1011.3056037490961,104.55807630786471,37557.987428169494,11.213588960181605,11.114188960181606
47.93445813001341,105.82552042306946,4300.11025033795,13.566645764319617,13.467245764319618
354.65852799370424,105.18043907783454,358.88809685507647,16.262947104658586,16.163547104658587
822.9637747718969,104.48299979110075,2314.076634355633,14.239400397739516,14.140000397739517
286.3507762317652,105.79604677171062,51984.07880917681,10.860668859761308,10.761268859761309
241.14197064273628,110.74505609762544,8192.777567908975,12.866766830716479,12.76736683071648
566.2272869939287,110.84434266000711,13042.560451757403,12.361937594925816,12.262537594925817
183.03533375194306,109.56711591931692,4669.8943819249125,13.477077094955792,13.377677094955793
1023.5066450669847,109.7548750955634,49726.98589210658,10.9088644005551,10.8094644005551
1075.5677356012297,107.43226439877031,257.2914103167317,16.62428152198086,16.52488152198086
850.8234026224258,114.40241158819059,621.9708554971758,15.665919653612434,15.566519653612435
1020.4395836903834,121.27703044991806,49158.58139924328,10.921346386567228,10.821946386567229
287.68558192773463,121.1094841729485,53754.91105565612,10.824299371767124,10.724899371767124
627.330037370874,114.97141765312762,-1281.50558061096,,
949.2610599304024,115.6738944801883,-597.7138283738826,,
125.23504766071947,115.12128508713373,-825.4006147397845,,
378.613818789416,118.0303365376625,702.3234259199904,15.534001854512931,15.434601854512932
429.22649806453296,117.11206966832407,-678.3498690666088,,
742.516009412518,116.54334474882104,-49.99070387229699,,
1000.2210102799788,118.2310950253229,23300.147453967325,11.731948067147314,11.632548067147315
674.0179659054736,118.88277287678297,1316.0900654727093,14.85213071362331,14.752730713623311
169.99114547831613,122.06576400481764,6323.618160964821,13.147930645647847,13.048530645647848
219.37105891059,121.58051169129948,2454.9530634835287,14.175236757731836,14.075836757731837
753.8813335479532,123.68153220087368,817.0096849161542,15.369776728933282,15.270376728933282
1043.4883455423524,125.24001193012552,3727.225135304707,13.721880675259172,13.622480675259173
593.9699951796597,125.50741655019694,1798.2073320971786,14.513245330403002,14.413845330403003
10.911795448267235,128.37766321932955,4474.917774849087,13.523382091502977,13.423982091502978
224.283865159303,127.55931850288634,3241.8867432375573,13.87335014450417,13.773950144504171
486.3259822555771,127.56334604737438,-895.1689025686421,,
671.4004317596689,127.29780580753113,1499.7531397251996,14.710295291259275,14.610895291259276
692.0039174042436,127.38060645510727,588.4563127340537,15.726059175380453,15.626659175380453
169.60460590206804,130.99857399283763,5973.71497720729,13.209733497399323,13.110333497399324
903.5792245648113,131.71624687035987,577.6148243067239,15.746248913921207,15.646848913921207
182.0851776316777,129.930371897873,5914.821974735583,13.220490546529849,13.12109054652985
393.89537832589394,131.5832395906276,2641.0128537132814,14.095918453499642,13.996518453499643
528.6440515273731,130.3250557075569,243.21883916743195,16.68535171240001,16.58595171240001
1071.8019162186474,150.9879627804036,198883.32548922213,9.403848807989718,9.304448807989719
985.0688411838329,132.1902346413649,931.6046440302839,15.227265628725249,15.12786562872525
592.9653981091666,137.8176528432451,2495.204617910085,14.157579327006584,14.058179327006584
97.05495822602947,141.65325988272735,6098.743530777256,13.187243814658139,13.08784381465814
1000.0928288790708,136.80134236818589,2778.956119605141,14.04064051772902,13.941240517729021
257.16640189296965,140.7844497238091,5802.4947194083115,13.241307856028104,13.141907856028105
667.2577133627018,138.7846456110832,1403.6677007215962,14.782183974175613,14.682783974175614
764.3096838179933,138.92398298998825,1937.5226477011438,14.432227771578408,14.332827771578408
58.622137776042216,140.38037425498388,3246.591840898018,13.871775508568781,13.772375508568782
796.7932889137713,140.04003126020737,2648.490364545234,14.09284874759161,13.99344874759161
809.3355298679495,144.0838667899004,5411.303794782389,13.317089950155124,13.217689950155124
1027.263340313318,143.5534609771854,59603.43643057206,10.71216649159345,10.612766491593451
23.288064346604024,141.20938817010875,3859.512693173866,13.684013556825771,13.584613556825772
565.4565971305246,142.47513414501802,28587.172499725246,11.509916735067739,11.41051673506774
828.0162326609949,144.55036815179722,5898.750212179386,13.223444725836647,13.124044725836647
1040.4185199978208,149.6044346841809,58602.21234059238,10.730559711423838,10.63115971142384
447.53675865643396,144.03084929878116,327.7881417422557,16.361361645206976,16.261961645206977
510.74915586011105,172.39524105511163,3344470.376422465,6.339526356890211,6.240126356890211
17.822671502523235,148.11970545416807,1320.8710471557881,14.848193688863567,14.748793688863568
474.9640258552602,151.48289176481572,40289.877653043906,11.137354869312077,11.037954869312077
70.89125398169291,152.05400130960405,5818.470014608623,13.238322739438598,13.138922739438598
369.57052921643526,158.0948627211856,101316.34695774512,10.136145934357138,10.036745934357139
454.7401190547935,150.63546994223847,12016.675517199714,12.450883905261142,12.351483905261142
354.40730429310884,150.9788634058713,94099.65920830338,10.216374614299596,10.116974614299597
951.1574347708292,152.62539436906007,1715.9115223929127,14.56410751439801,14.464707514398011
571.2232481728877,157.25272026206804,30850.706138610967,11.427181968257468,11.327781968257469
773.3488230824311,162.37982437962216,12653.484329933808,12.394819411791234,12.295419411791235
678.6160700985886,158.8979230603412,6816.173259168739,13.066493187873863,12.967093187873864
703.8553841767508,156.88119932993988,-837.4612639090501,,
106.63105271666197,156.92139977450552,4058.3385362970585,13.629474060889635,13.530074060889635
825.1941196351097,158.69562655423385,6520.397373157945,13.11465958130397,13.01525958130397
867.3232115977148,163.3266892554863,3720.5788395281515,13.72381846145549,13.624418461455491
249.54785693142955,162.28371778860244,4387.00052277682,13.54492552537424,13.44552552537424
1041.507214796738,162.34248683251607,50134.5645867123,10.900001622035713,10.800601622035714
267.5041465396805,163.26150358241296,1430.0725041517971,14.761949599282595,14.662549599282595
322.02574290068156,165.56335970121276,3314.650735045667,13.849250306980899,13.7498503069809
464.19012156022967,177.2659435999417,82157.26416378739,10.363729818699897,10.264329818699897
728.22784255921,165.9172989700419,2206.7382025003353,14.290967707086537,14.191567707086538
757.9085491429072,165.6035658475769,11047.171550741805,12.542216995295865,12.442816995295866
296.5969970742795,165.2668244124863,-1101.4042109532147,,
340.06038004946834,168.24254146546093,3936.139542948354,13.66266852446319,13.56326852446319
636.9382144831582,167.1748223157971,28934.095612229255,11.496819960148391,11.397419960148392
671.173849348422,167.99199193763445,7649.533241475134,12.941257400216355,12.841857400216355
740.0440689405988,165.91091952401345,3869.9195577967007,13.681089896675905,13.581689896675906
447.5960809440906,170.2838290484956,71842.2906559154,10.509394312906267,10.409994312906267
167.08792189516925,168.69610271002105,41700.19842134202,11.099999437081614,11.000599437081615
1017.5855066713087,170.28335536581923,12905.08142288027,12.373442868240057,12.274042868240057
1001.3474977506285,180.73902770588379,24883.25323659288,11.660576842287128,11.561176842287129
26.479092933496354,172.4998943679241,3891.8535179727764,13.674953526071816,13.575553526071817
1034.7474731642624,171.79346966021959,6773.845734436947,13.07325648595107,12.973856485951071
630.0824306203754,175.22884823542813,60826.334342881346,10.690115628783637,10.590715628783638
128.9957907520973,179.0717666175034,31407.144702772173,11.407773602111778,11.308373602111779
409.43461354201145,174.42377104287323,-1064.1901829527085,,
169.27737255704056,180.85340487552375,43087.85011199543,11.064457677500892,10.965057677500893
887.6018901002518,178.2071943028531,739.3589887967739,15.478206347765633,15.378806347765634
817.7223557348472,178.4538973513233,4218.497864209739,13.587450156859319,13.48805015685932
833.1713809855428,177.9377086000031,2775.52002112373,14.041983829647464,13.942583829647464
154.3760038992337,180.72118112270073,42071.29926031892,11.090379930129576,10.990979930129576
721.7772435492923,180.28293482526752,3867.9955789255446,13.681629818224215,13.582229818224215
237.3499628176039,182.9963686821425,14705.414303908476,12.231651579172924,12.132251579172925
781.9418566029924,180.49042962908914,3709.7332611407396,13.726988031002485,13.627588031002485
253.45363461005329,182.43206973406683,13036.56241584563,12.36243702007096,12.26303702007096
639.2241815727807,187.1601502690079,53475.102375707684,10.82996567906371,10.73056567906371
35.652164150555286,182.00294848852323,3607.532183477561,13.75731920525308,13.65791920525308
431.35209616059603,187.02713874317465,38501.26937530144,11.186657120010013,11.087257120010014
912.8037099926328,183.30616822812118,-995.9463586748608,,
981.6971524072677,186.5329116299846,21142.087289394392,11.83747508685013,11.738075086850131
614.1973627113119,188.33449929435048,26168.423873041833,11.605900826206673,11.506500826206674
27.774587672128913,187.7456960693533,6853.757749009292,13.060522865981564,12.961122865981565
93.09666749668472,186.8000337352536,1897.1046290331217,14.45511653141877,14.355716531418771
380.96401812947124,186.37516879984113,-1641.0465517907467,,
967.2372320071723,189.4414366177405,8146.353448830597,12.872936618135746,12.773536618135747
75.08222850967574,188.54073300443793,1920.6389207369043,14.441730427353198,14.342330427353199
324.8269657665004,187.76802410836012,103.73366912291385,17.610545392200926,17.511145392200927
578.6711542281241,192.91757240660655,20271.699542814153,11.883119339050063,11.783719339050064
733.7711159783302,190.95676355600972,6122.586052395448,13.183007496244667,13.083607496244667
18.25670116292404,193.37287796876714,5428.6650846604025,13.313612117827587,13.214212117827588
304.61723551633236,196.1905365126124,2381.995282262132,14.207992498289302,14.108592498289303
321.17621351371037,192.16338570182958,2089.6416128699284,14.350165220346357,14.250765220346358
624.1679404018084,194.34598602480884,67078.50665992091,10.583886276944515,10.484486276944516
2.3291368169647466,196.88127936214812,3971.7904632168347,13.652878919073192,13.553478919073193
919.0834563605229,194.20853961395116,290.28811160340854,16.493271615284577,16.393871615284578
234.690868929672,197.68135468068,13439.602069139111,12.329378715874034,12.229978715874035
631.1767351333857,195.50168413195647,65623.03762086942,10.607703916901706,10.508303916901706
488.7028171790408,201.4644558224844,14635.494379615579,12.236826247603187,12.137426247603187
561.3908003541575,196.42821665781787,17245.25719539358,12.058670551242745,11.959270551242746
136.48228173434018,202.49106654157274,4619.069045556162,13.488958605513565,13.389558605513566
436.8495349929026,199.59477778218746,39462.27113885027,11.15988955021849,11.06048955021849
745.9014296870379,201.96459049887787,5495.214282998835,13.30038316033022,13.200983160330221
185.33080955125504,200.80591547162007,-268.77907006934475,,
602.4092761541356,205.62505896670592,10939.04092814335,12.552896622674622,12.453496622674622
880.6388768650193,202.21180043073107,3221.6458481444915,13.880150247743895,13.780750247743896
860.1416427306965,205.55678241511706,9749.187965582143,12.677923631458778,12.57852363145878
983.6470074040401,204.514944180062,8344.81852645717,12.84680249931922,12.74740249931922
415.9207146336686,203.42428874095043,14100.204212994056,12.27728123431886,12.17788123431886
1073.410407352196,203.70520952704717,-1364.7107386292978,,
352.9164220727543,204.82096272533755,1408.4805004422842,14.778467643718628,14.679067643718628
807.4071888716612,204.8620414566776,4555.238860168761,13.504066853942872,13.404666853942873
401.42511740444655,205.94769000321455,906.7741869547526,15.256596869230382,15.157196869230383
469.75949642621424,206.15419110111893,10488.480908775065,12.59856326068248,12.499163260682481
515.7012712148097,209.55941841538254,8464.673480292617,12.831319215471712,12.731919215471713
201.83368883581446,207.18817300689702,4419.2461724395735,13.53697425465265,13.43757425465265
454.24921378490615,213.25594659566534,5859.307988575607,13.230728923628284,13.131328923628285
731.2685087739546,210.03493747248228,5940.829966943942,13.21572693434048,13.116326934340481
1049.735631139087,209.54322133916443,-2293.666652464388,,
52.76598027617742,209.79823070684446,697.6049566704515,15.541320846482515,15.441920846482516
122.71959590242932,208.46144865213608,4751.230523854401,13.458329484858645,13.358929484858646
91.91280403392038,213.02131937167925,2087.613896305155,14.351219293028981,14.251819293028982
381.4584760360104,212.56190224185414,426.71893453932506,16.07498995583999,15.97558995583999
817.6022990225168,212.54206688127056,4241.842290538795,13.581458446666574,13.482058446666574
60.2602267008277,214.82629208923098,729.4751381205779,15.492818503488145,15.393418503488146
502.5710447141784,214.88071487712259,7053.224803341808,13.02937542556525,12.929975425565251
15.539327517244137,214.8752950061527,1986.7444811137443,14.404989702558566,14.305589702558567
907.750238915557,215.98588699187633,24810.513393150108,11.663755363188859,11.56435536318886
925.7090569650339,219.97887897420006,31165.520833639348,11.416158767881557,11.316758767881558
124.37731903781233,216.79336135492483,3700.944339084849,13.729563357002519,13.63016335700252
418.4958008696843,219.38021023252392,12799.922897853281,12.382326356714628,12.28292635671463
806.2507834435644,217.00409897799548,3515.633094537166,13.785335880603409,13.68593588060341
24.791433419177768,219.40948071027137,2013.0342953271688,14.390716806099524,14.291316806099525
212.54153705424238,221.51819474750653,6412.059512216335,13.132850879478225,13.033450879478226
387.1691073020351,220.51215182597173,4560.471359225225,13.502820409254705,13.403420409254705
52.16151570799339,221.947145215675,2024.5372065257798,14.384530334388643,14.285130334388644
149.66729536168862,222.66950292635693,-1057.2452522301255,,
547.6910061519644,223.58049621170204,260.7258730707156,16.609884414724235,16.510484414724235
632.7072985728854,223.10217760109907,1341.3590125668597,14.83148216170726,14.732082161707261
201.33278568758635,226.37111441750912,5607.876032505567,13.27834872934983,13.17894872934983
309.4529563002638,225.17391620762822,-474.64919688198677,,
573.2036778667508,227.23629427123322,4541.537661456285,13.507337440771977,13.407937440771978
971.843035330817,229.70143319028057,49253.24216767728,10.919257681136703,10.819857681136703
39.176094261948826,226.44005453333486,2164.3373222606588,14.31203236934503,14.21263236934503
351.52214551853456,227.56571347739919,134837.9859109902,9.825814098779418,9.726414098779419
910.9096165143237,228.44613110212603,32679.94749144403,11.364641365624314,11.265241365624314
945.0664652361247,228.306143304624,6818.0811659264655,13.066189323299959,12.96678932329996
865.2007963968254,228.9538628350738,1339.4551864636687,14.833024270277143,14.733624270277144
1074.890276752229,232.67446072990893,5139.922114931456,13.372953395280037,13.273553395280038
366.60647833723766,239.0994656631657,197807.59711817774,9.40973732237349,9.31033732237349
655.029833366032,231.55147859654363,-992.9085253824244,,
613.5352442097249,230.33030353257354,-44.28999802249365,,
412.76099952627084,232.2306921428048,11172.84561133951,12.529935246674064,12.430535246674065
674.5627644912989,230.8786962771359,-336.33241162340124,,
1055.7091011568527,233.6165044293574,3374.856703611706,13.829706397222505,13.730306397222506
1005.664331201917,232.82657418085734,1779.5665113710197,14.524559179725347,14.425159179725348
776.7946260833832,233.59499708835466,-1776.6581215204726,,
382.763712293059,236.45476773582757,183438.5136476354,9.491618433853043,9.392218433853044
472.4382648829305,233.2444221874574,1533.6226995233287,14.686048420728227,14.586648420728228
73.83319375066783,235.18078063777202,-813.8758074220463,,
261.38181792435813,234.61778244301973,10577.587180940181,12.589378207037434,12.489978207037435
902.2481224602619,236.7044757351121,6613.255616782533,13.099306467120188,12.999906467120189
274.9285927542999,239.21295478331035,13977.140347453173,12.28679892568464,12.18739892568464
174.88490276738725,242.91066464199602,56180.62477774639,10.776378329199899,10.6769783291999
909.8926294302302,241.30673374394007,6213.690438515873,13.166970707702196,13.067570707702197
561.5448836083966,239.46677648664485,5406.799391390047,13.317994100178906,13.218594100178906
636.5382146045309,250.09941878473865,7303.773184476189,12.991476545998427,12.892076545998428
1040.444319328648,243.65363701581683,-1006.7126625542278,,
458.3560566774144,245.17192042677345,-699.3074464187391,,
809.3180011647212,246.2980353779011,3640.916542040254,13.7473179306532,13.6479179306532
44.69471406079339,249.30818795731233,12494.654608765573,12.408534102333347,12.309134102333347
715.5751683716668,246.0657570779148,-106.99394550572578,,
338.2005292816808,251.28301747064793,19641.442996410482,11.917411263510974,11.818011263510975
479.56074125435987,250.40743183730106,964.1463440702686,15.189987343774645,15.090587343774645
830.1179421305727,249.74278763618602,1351.4280996060006,14.823362378861294,14.723962378861295
1006.4868075422639,252.51095601584268,3238.343479870589,13.874537463340522,13.775137463340522
267.8663585328426,253.46221309129587,15085.199234214166,12.20396711479105,12.10456711479105
198.4548298896044,253.76993809616226,9709.174697974853,12.682388952133351,12.582988952133352
89.06120097427011,254.79513919181142,8927.222953181823,12.773553787745564,12.674153787745565
602.0105972472224,256.2430397557562,5109.09130463856,13.379485580683166,13.280085580683167
1072.8436126976221,254.70306594455002,821.5141425479746,15.363807129990436,15.264407129990436
17.51515074184537,256.31973528496167,1723.731468892766,14.559170715036096,14.459770715036097
63.62649479365463,256.6347565167715,6417.963657719638,13.13185160692841,13.032451606928412
143.4087224253031,256.21171235140577,523.0453207867715,15.853996437745188,15.754596437745189
308.8915659021407,256.8954228784524,-1479.0266831952063,,
780.1954048183555,259.0148019718118,2042.9491012601072,14.37470087425726,14.27530087425726
523.9092684453542,260.32907874048226,6840.151586092347,13.062680424964409,12.96328042496441
360.239374786911,262.7809532379842,10750.027449111898,12.571820807817742,12.472420807817743
704.2542671252972,259.0420048201995,2028.5755826833501,14.382366756476225,14.282966756476226
940.5029486906349,259.55962471878195,-1073.700396931351,,
386.2983052490403,262.3434030868775,689.9455566065036,15.55330768565794,15.45390768565794
206.38936880986688,262.22003670343145,12321.542224914247,12.423682066600755,12.324282066600755
797.3239710074182,263.84968354420306,3083.6183698304517,13.927693180268808,13.828293180268808
128.2489104433,267.0666910809683,3434.935255286318,13.810548352007862,13.711148352007863
338.25071504786365,264.5606423537992,19823.775672098993,11.907378804422326,11.807978804422326
683.7285383530067,264.1070766998206,12670.176539741478,12.39338807536293,12.29398807536293
49.769029717741056,262.93289646906646,13359.171440502238,12.335895932615724,12.236495932615725
101.4789852586702,264.1594547085842,9598.062956603286,12.694885755081216,12.595485755081217
218.77042392035034,265.94709971877376,3599.503263290399,13.75973831169511,13.66033831169511
11.846001677656538,268.42090974619947,4318.735498780119,13.561953224593697,13.462553224593698
609.2541786529115,266.27797315061906,7762.761669191073,12.925304108911284,12.825904108911285
629.409356142414,271.2906514403192,6091.39862599009,13.18855218824565,13.08915218824565
445.3370998889544,269.6017389468466,-15.751021493377266,,
544.1521390621176,273.05885273948877,4509.609912287974,13.514997299747392,13.415597299747393
584.4283774033988,273.5423203085988,-196.87365963361833,,
194.84260079351535,273.6493093929205,5941.181591454081,13.21566267393148,13.11626267393148
672.2988078581433,275.2884925293989,108677.85310163381,10.059992114584677,9.960592114584678
983.4550793752287,276.28830882876684,1724.6241148865474,14.558608604736515,14.459208604736515
252.21466655591894,274.8963259661445,-668.5001998493324,,
423.2949867234121,279.0125509096564,10644.592464311807,12.582522143708866,12.483122143708867
487.29574258743855,276.0197875410524,728.0504289989763,15.494941085488943,15.395541085488944
526.9192034640657,277.6871829869171,12390.453653981847,12.417626721839035,12.318226721839036
1004.7365176041639,276.03017910525557,1057.1518757223985,15.090001279004124,14.990601279004125
105.4777640018509,277.1983620673221,-219.2291297821754,,
611.0277216615574,277.09666116292846,2525.5423989205233,14.14445808110569,14.04505808110569
647.341403860655,277.7183825454577,3530.503172029796,13.780753225696076,13.681353225696077
313.99199117116876,279.0053858301719,-657.9627308772094,,
688.2716131510423,287.48264774385876,224506.67639256938,9.272271589253632,9.172871589253633
777.6396531003472,282.3727580816507,14705.853206358452,12.23161917443007,12.132219174430071
219.21214351097026,284.1567988521078,2705.748637156423,14.069626119839457,13.970226119839458
339.5419413972249,280.6843988925305,1650.756182115007,14.606137409794247,14.506737409794248
136.92061689803958,295.5311744530899,313030.09049839526,8.911379523824797,8.811979523824798
743.2389516205532,281.7428752919341,2733.664434400183,14.058481734421289,13.95908173442129
1052.597376345923,285.27723424680556,6473.593118389762,13.122481242208853,13.023081242208853
11.71489226604081,283.9904395438842,8829.592129442724,12.785493134718973,12.686093134718973
497.09753531795525,284.08483677014027,3428.276293831145,13.81265520176905,13.713255201769051
377.2498620301901,286.05473914025254,444.50272480710294,16.030658671906235,15.931258671906235
647.5057299852372,284.5170952581136,1544.7776312814813,14.678179810424268,14.578779810424269
512.2455074845998,286.40326486929354,5100.801374140477,13.381248709824249,13.28184870982425
881.0752407864479,287.9041025754507,4089.59179322881,13.621144839207014,13.521744839207015
1039.6452474093091,286.4333573599882,7469.730803105715,12.967082363683774,12.867682363683775
632.27424948446,289.6382874518305,4683.225336403884,13.4739821041594,13.374582104159401
669.5074943164414,290.22683335851013,153394.39566452455,9.685821008887721,9.586421008887722
762.252606355001,292.47803516633826,12386.1186542678,12.418006650598077,12.318606650598078
952.8966489732308,291.2133132341412,671.5898330404555,15.582584458553022,15.483184458553023
180.4007108353257,291.25861277779757,-144.73862203543257,,
789.8339946523568,292.90198453055706,4392.018844293416,13.54368425371887,13.444284253718871
529.9908601041346,292.2504281251868,5330.746036602836,13.333374759052274,13.233974759052275
558.9122816628319,297.18005600855673,83493.84202805778,10.346208626066943,10.246808626066944
0.784445830164837,299.7340825194337,8024.0208452524985,12.889364620147216,12.789964620147217
284.5355603543783,294.128280021503,-234.69037680410074,,
848.7598570835378,297.1595638807048,9856.797866196554,12.666005114395766,12.566605114395767
1021.4807679047245,294.1377722449063,637.2377286839371,15.639591038285479,15.54019103828548
269.3084369013638,294.5519413286443,-631.2832115800259,,
583.7122884953543,298.0143837624127,2127.3832272968884,14.330730413626975,14.231330413626976
877.3306638920526,299.22608166515613,4053.665643671578,13.630724930379603,13.531324930379604
450.4808046263199,301.1171858141662,4018.9139874101234,13.640072961909855,13.540672961909856
611.1843274507389,300.46454569716644,2.1237784518221474,21.83257171559402,21.733171715594022
973.9372118466839,301.2458581795292,3689.228400498455,13.733005882583717,13.633605882583717
540.5410732683907,303.7944056289701,53134.17321115618,10.836909922836595,10.737509922836596
825.1548683745183,304.17457877926125,6348.320881865859,13.143697564613907,13.044297564613908
474.4938779976961,305.45237358541976,2535.6139518357713,14.140136908901306,14.040736908901307
342.46540070874227,306.5405664564819,6020.141579745661,13.201327978330063,13.101927978330064
357.0326642943224,308.7744161089841,4432.975447050979,13.533606426077304,13.434206426077305
651.5271335674373,306.5310555950596,5751.420348716874,13.250906966680596,13.151506966680596
408.73413200712355,309.964945879599,8586.822287763676,12.815763553604874,12.716363553604875
435.215465073826,307.8890487075553,12734.107200943923,12.38792348673706,12.288523486737061
630.5293302867636,307.60957977198336,516.5060782459664,15.86765614910528,15.76825614910528
230.91256326551883,311.52077020583016,8325.782245925611,12.84928212056896,12.74988212056896
109.82092348765183,310.739241450568,1544.253438891627,14.678548297919834,14.579148297919835
836.4767929552017,311.80037457869633,10002.681034807458,12.650053690126775,12.550653690126776
476.8763436177149,314.87334406962157,3263.5021145725404,13.866134994689894,13.766734994689894
551.844548022146,315.7868393022005,47076.36353370273,10.968337471006917,10.868937471006918
657.639494995574,318.61222335928176,8430.797625487321,12.835673079425687,12.736273079425688
699.5174930840496,313.78603744078885,-868.0369984990796,,
738.1936469156417,316.7502320355793,40248.49513402226,11.138470623245142,11.039070623245143
887.7643957526237,313.4531123905557,2307.9885174512274,14.24226063122719,14.14286063122719
1015.9215089105809,313.57490521856613,-174.4068141628884,,
327.13596538035864,315.4469428078051,1554.5586985124341,14.671326927781465,14.571926927781465
588.6465868243761,314.5863222813459,494.852447301133,15.914155434725767,15.814755434725768
939.2626348784053,315.17675582493496,514.5014859757886,15.871878157209999,15.77247815721
965.0482515336467,315.3412382692748,2787.494354051004,14.037309749737194,13.937909749737194
781.0362632591788,317.3803037627275,363.3395951357163,16.249562920953636,16.150162920953637
288.98907173214405,318.45837935443967,-106.76558706458883,,
410.0099387513643,317.68750254558586,16380.625734584759,12.114518521644644,12.015118521644645
141.5149223442235,318.00937148881826,28459.628643335775,11.51477166857989,11.41537166857989
808.6573530655726,319.73728694978615,915.0291434291572,15.246757424648923,15.147357424648924
198.73610038606765,321.80116831577664,363.46465384734336,16.249189283148233,16.149789283148234
426.67529745348753,322.95383989740236,12971.519611302088,12.367867599296654,12.268467599296654
93.9869335004787,322.65108469086664,1456.6978309429628,14.741921056888952,14.642521056888953
527.2906861343565,325.00367693442297,5260.539378030522,13.347769051062318,13.248369051062319
261.96932122426665,324.13264815363004,2170.2702508150624,14.309060197472117,14.209660197472118
478.9449615462564,324.0676015184343,2534.8188162919478,14.140477435043422,14.041077435043423
54.086989233901974,324.2368234120184,9.737509099792078,20.179225049435814,20.079825049435815
406.169877298903,325.7764643053229,9905.150903876185,12.66069199988518,12.561291999885182
415.03105899312476,325.11283952215695,16545.704413910873,12.103631587102367,12.004231587102367
544.7934762924228,324.5171821063573,12130.999377030523,12.440603289704276,12.341203289704277
4.240431610443864,328.44522592016426,937.6743989361665,15.220214593897836,15.120814593897837
439.17832836304336,325.32132707979343,10565.946848357135,12.59057368663703,12.491173686637032
747.4303509570428,331.6724329561214,38480.81103111418,11.187234198867305,11.087834198867306
919.5464069151119,329.8204489925222,-499.083647680581,,
656.9893766042487,333.88935514712466,5583.504320823274,13.283077599380276,13.183677599380276
948.2032783533504,332.8343667525604,1377.462151584145,14.802645554234603,14.703245554234604
772.5080604153932,332.8941490512297,1042.7749023191932,15.104868315893768,15.005468315893769
142.32399029028323,334.85452236287887,4377.869712522265,13.547187659231845,13.447787659231846
455.7455833515697,336.26284679030823,2438.752848256581,14.18242526671332,14.083025266713321
85.84640516408695,337.4945116410729,15171.868878950394,12.197747038995303,12.098347038995303
152.8834430695542,338.4538838606049,3475.1376103866273,13.797914724029788,13.698514724029788
1057.407291415167,336.57317579057207,-493.9259626240125,,
935.0736842310054,340.09020433780717,1221.7124313794307,14.932922258248869,14.83352225824887
51.94006658382816,341.3524921486465,2559.2476593756182,14.130063953858228,14.030663953858229
200.3988975077301,340.81836953181937,5246.789675184012,13.350610602636593,13.251210602636593
313.8575687186515,339.94036414093875,364.9856195958232,16.24465535670395,16.145255356703952
261.8640826569195,341.9638475643236,4187.510982658317,13.595454843073012,13.496054843073013
343.8443823036594,346.0432580173771,9244.25468436839,12.735664985701074,12.636264985701075
555.0069150547075,343.2591972691248,-29.83673587814269,,
379.48156134447333,346.17376954512264,4389.587792864672,13.544285392150208,13.444885392150209
726.3482213663154,348.0527922927569,-488.84437822736254,,
35.55618034439705,350.49318943110944,948.2022587057655,15.208092276983528,15.108692276983529
87.23537195099577,355.20447240507076,24366.892396772426,11.683344377079283,11.583944377079284
126.22126756244114,348.9106924291315,481.05483814666513,15.944858273602012,15.845458273602013
453.19867351139925,349.6577587687235,2861.7840083918136,14.00875260947256,13.909352609472561
739.1482941287579,348.57065780148105,7154.580901388395,13.013884243553036,12.914484243553037
307.8388626021425,349.9318324001973,-303.23170956579906,,
901.2447302525239,351.33178088127295,-308.494021778875,,
1002.0279949228619,350.9027412026026,5835.232912247688,13.235199251989174,13.135799251989175
1038.467210060832,355.63173490353034,2232.911951575356,14.278165745112668,14.178765745112669
249.8844300893981,351.9891565763643,1420.0792452907745,14.76956329031735,14.670163290317351
432.470547261561,352.27586411300194,390.662702445771,16.1708398657343,16.071439865734302
99.22917712243424,354.83340673849756,23488.078861495997,11.723225999800436,11.623825999800436
370.17610182798984,354.79520243693156,5172.9438262047615,13.366000334858605,13.266600334858605
476.7851059225471,352.2720753927513,-57.850559064799654,,
348.5927501576426,354.4761651952073,10101.512835747486,12.639378690713652,12.539978690713653
210.48349879216582,358.05015667718817,9205.938749460438,12.74017453815681,12.64077453815681
384.0685516384238,356.9225584907658,4564.289513568758,13.501911780808246,13.402511780808247
585.3564463290523,356.5154008758321,-1668.901457243591,,
704.9130511389675,362.54333926651407,26821.297646295367,11.579145276499109,11.47974527649911
801.7957011253436,358.77628695678953,1931.0109578917882,14.43588289508418,14.336482895084181
1015.2764815897378,362.10440003633363,8094.047676114228,12.879930345332848,12.78053034533285
184.11290874558603,358.5046333567733,1704.947281750894,14.571067353706063,14.471667353706064
51.4394598769932,358.581222985926,754.8180767809372,15.455739009942157,15.356339009942158
999.5843509887466,360.8473939154689,7688.312810569016,12.935767128408123,12.836367128408124
141.40449937290643,360.4207766664138,310.15662743156724,16.421392076740148,16.32199207674015
693.5335420625241,364.1702840143202,50044.03696903879,10.901963900152332,10.802563900152332
674.8975472890643,365.08392314103924,31552.819652029895,11.40274930292725,11.30334930292725
531.6705333687012,364.009685174526,-433.00727274912526,,
634.105137641004,363.8070665547182,3821.4573619904672,13.694772195028113,13.595372195028114
490.0101094146996,365.55998476595977,1000.9609085756839,15.149301948472088,15.049901948472089
11.032654698328741,371.9579708831695,88679.2612862598,10.280789573996826,10.181389573996826
383.7980112990528,366.2481790416213,3114.3927437975335,13.916911293639526,13.817511293639527
979.0898470663802,371.329789597944,12201.003420669284,12.43435586856103,12.33495586856103
563.1781285633358,373.93631939938825,4861.400170564742,13.43344131104281,13.33404131104281
958.4207348577943,371.04417989953936,187.47078228148746,16.968010761711444,16.868610761711444
780.3290383464442,372.2796702204684,2213.1584131779246,14.28781348847757,14.18841348847757
196.14248350041166,373.2399781890279,4898.434972467669,13.425201373037634,13.325801373037635
271.3428453069405,371.92875222085263,796.4405016626515,15.39746139765947,15.29806139765947
419.1268587311802,377.786857220566,48183.85276714573,10.943090932983743,10.843690932983744
75.02567347028582,379.19454753775034,10895.025965404671,12.5572740667453,12.457874066745301
342.0596553301375,374.9441373169063,678.0064839765835,15.572260122834509,15.47286012283451
168.03351865161375,377.41180349032555,255.80142836322796,16.63058732777946,16.53118732777946
433.3545900223216,376.4480425201956,40666.35858771696,11.127256526136446,11.027856526136446
784.0791822214686,381.00784885103275,24633.506819185423,11.671529135063219,11.57212913506322
259.74576999595473,378.3571541076165,2547.7387703309882,14.134957500703297,14.035557500703298
721.201482785613,382.7226649319532,3322.4172189130068,13.846709318512579,13.74730931851258
1020.9901396896752,379.4947958927095,5477.965752948203,13.303796458739141,13.204396458739142
406.6406910534228,381.5716358207247,24174.727457616744,11.69194077424479,11.59254077424479
586.3086523386609,380.7514530768095,5079.916047794718,13.385703403110103,13.286303403110104
633.4428588945882,380.81283119522305,3186.342733116347,13.89211352059922,13.792713520599222
996.9283283342814,381.4867074801815,15249.087624287215,12.192235090838551,12.092835090838552
932.7685854610534,383.39053044586046,3696.3101219587606,13.73092373685676,13.63152373685676
255.46711920776852,382.7423242786483,2633.7462905007533,14.098909898431735,13.999509898431736
667.202352505333,381.9073352987599,25448.448983688268,11.636191444847901,11.536791444847902
285.9993160042548,382.9075759394977,9419.224892993032,12.715306825226177,12.615906825226178
854.1984184065807,384.8024216364859,5341.438341037829,13.331199192081005,13.231799192081006
426.27232121966614,388.8114498921491,43279.221640975054,11.059646136866165,10.960246136866166
984.3697657424303,387.21001034230005,14714.417740902107,12.230987037118332,12.131587037118333
599.5693821923896,387.9004601338815,6517.476341502078,13.11514608239249,13.015746082392491
798.8696048658368,390.27188572891066,26031.058175024787,11.611615183899653,11.512215183899654
1029.6638552789498,385.0462785456451,548.2558830626109,15.802886489333925,15.703486489333926
85.06991532707285,386.62560108907434,9308.542662957492,12.728140506891092,12.628740506891093
134.80144721806457,386.37945142340124,591.3314512902665,15.720767294418218,15.621367294418219
257.2438578703321,388.7403253081283,17035.860025926988,12.07193458311069,11.97253458311069
265.07101387033237,389.1935794984845,19575.35250959659,11.921070762015653,11.821670762015653
566.068023811193,393.7151406362045,3910.010348906811,13.669899973578435,13.570499973578436
895.3889485048975,389.82368911358964,1737.0840075356493,14.550792685832299,14.4513926858323
7.4540223855280585,389.2954614168697,76017.21369067626,10.448064873080133,10.348664873080134
674.8824850177903,392.2124933785539,6732.695652480934,13.079872283551227,12.980472283551228
540.021251746464,394.84434432528474,922.6649826908923,15.237734644704469,15.13833464470447
865.8698368760824,393.2944750008267,7245.859813346644,13.000119922207574,12.900719922207575
1065.9858860303202,392.22325461714786,-666.6121829765472,,
272.54035749709766,397.5527528881099,21366.445417544368,11.826014046489302,11.726614046489303
116.09723730656917,394.253135162117,2159.6711945119405,14.314375651408273,14.214975651408274
21.628239297485546,395.1714782265392,10888.740403508187,12.557900630783132,12.458500630783133
744.9226172247124,394.05818505639957,-298.79598370490845,,
228.3047410590224,398.84731471086394,10871.93718150445,12.559577404867106,12.460177404867107
1013.2110222922076,395.96557284593996,3659.8959722412587,13.741672887476065,13.642272887476066
40.82820929520152,400.46457889333726,21590.326342461656,11.814696723670702,11.715296723670702
312.199643067914,399.5834195099614,5161.986586271458,13.368302561595023,13.268902561595024
176.24042752992204,397.4297113450091,92.14088561796757,17.739213785304123,17.639813785304124
236.82170621082798,397.30878351179985,11142.702847324726,12.532868368409057,12.433468368409057
599.9503391184559,398.7512558049314,5447.3498153020355,13.309881577058981,13.210481577058982
129.39047309322854,400.7482144666058,1731.1964526757733,14.554478856937763,14.455078856937764
649.087740008719,401.4807548895058,-2068.8772663747204,,
347.10939088967217,403.8802158962405,2237.7183209008012,14.275831196790584,14.176431196790585
586.850613776532,404.25045958681244,5297.863704334179,13.340092787734399,13.2406927877344
437.45794192014284,403.19345391372843,58148.27369262554,10.739002675991765,10.639602675991766
780.5176140341722,403.962560474536,2633.6265835121585,14.098959247591026,13.999559247591026
887.3168692669614,403.5751705692966,2049.938590403166,14.370992612822258,14.271592612822259
451.3871152078077,405.6924785977063,1193.5004640166176,14.958288260291974,14.858888260291975
1032.4127201419774,407.74293015131553,17745.16640514212,12.027644550029848,11.928244550029849
288.48696620564635,406.9884653920099,17127.768857046074,12.066092757198984,11.966692757198985
374.46854265325004,407.19347389136016,3813.6077201085473,13.697004695549523,13.597604695549524
101.35122154166358,407.0512140274963,1036.8392205410585,15.111066198506839,15.01166619850684
878.3207858395167,408.53567910047724,9318.592867161362,12.726968896622775,12.627568896622776
420.87115905581595,418.47328169973395,91918.94635306777,10.24183214705491,10.14243214705491
676.7448841835997,410.7803821537104,5851.909181728711,13.232100797007053,13.132700797007054
35.74922603711934,413.2825786559283,41495.72856663581,11.105336255338319,11.00593625533832
125.53263693228006,411.7194587563228,1892.3226259899561,14.457856785415935,14.358456785415935
916.5650541996633,412.5987504809433,1224.0455811783966,14.930850764696945,14.831450764696946
858.4514904053631,415.40159980717834,14661.7832682754,12.234877752169275,12.135477752169276
1003.361952980142,416.54660568675337,5791.523417674246,13.24336269895154,13.14396269895154
801.9386729614787,414.6868566583289,2395.797292777882,14.201719566191544,14.102319566191545
444.83272736570694,415.02917540966496,31739.067346641274,11.39635933864048,11.29695933864048
163.7472545132199,415.66351036155555,639.8488209446164,15.635151305751284,15.535751305751285
389.5577361633065,417.03307256544076,10739.152481134319,12.572919718758516,12.473519718758517
256.6767777192332,417.17549338532416,5482.837740209588,13.302831256998143,13.203431256998144
706.3370733542743,419.26276584405275,4222.829069464466,13.586335984453743,13.486935984453744
319.9969573764031,423.60066879289997,26823.32102143646,11.579063372602612,11.479663372602612
724.599347965661,422.15175348637587,4822.139440144711,13.442245329351072,13.342845329351073
277.35090207726864,421.48757518943876,5541.087457161023,13.29135722863212,13.191957228632122
909.1610678784202,422.9968747770518,1522.580650078341,14.693893975262505,14.594493975262505
77.20965546439749,424.40500036492784,1092.0325345074705,15.054755797441358,14.955355797441358
564.9876024391308,425.1895534463603,10311.221972502424,12.617069400433584,12.517669400433585
245.78491860895437,425.1499826361967,4177.753012977301,13.597987838033712,13.498587838033712
383.40038205074296,426.3982640486394,9543.57799992051,12.701066672379028,12.601666672379029
775.8252743907873,429.02693164504615,33635.6673580644,11.33334461864833,11.23394461864833
769.3222773312763,424.3980092698008,36773.88039211958,11.236496092804856,11.137096092804857
1073.5810779066037,427.30658163006996,5481.456144107938,13.303104881352192,13.203704881352193
16.446303596000984,428.15834993923517,1091.509209862752,15.055276229465116,14.955876229465117
254.1065955755528,427.7221113634743,6119.485437111487,13.183557476751755,13.084157476751756
798.5829295953183,426.9219544221758,5476.112447656976,13.304163847146548,13.204763847146548
91.84973204690976,428.4314406710188,1506.0945181951156,14.705714171261848,14.606314171261849
170.05075004971542,428.49825346831295,4901.332772676635,13.424559266658267,13.325159266658268
615.9444178457035,428.50752932457556,-2155.040178950983,,
39.04994303312163,433.71652620083603,54621.98970086479,10.806925950711289,10.70752595071129
409.6428407696113,431.6166989856975,65285.380171855984,10.613304897135013,10.513904897135014
879.5590907790823,432.99331922524334,1901.2955052351474,14.452720687006535,14.353320687006535
79.83746238602798,432.14966419767546,1279.5831769688145,14.882673436616177,14.783273436616177
491.6717589122293,432.8178019740102,-76.53345047363894,,
576.6076557886844,436.7403725894411,8360.364055890983,12.84478176725989,12.745381767259891
755.0082651754066,433.88303818225955,12308.35830987846,12.424844414391945,12.325444414391946
937.2479029907174,433.6339592964649,2827.1564132095327,14.021970149227371,13.922570149227372
120.64582006967973,433.80530239250515,370.85380290429794,16.227337898706722,16.127937898706723
261.8696351355479,436.62907595173925,7707.851452745901,12.933011400133365,12.833611400133366
549.9327228618702,436.96186337958807,19234.070590760148,11.940166726736797,11.840766726736797
1036.2798504640743,435.17390123540247,3671.039376186371,13.738372133656599,13.6389721336566
232.6314276838744,438.4741539047357,4839.406405130494,13.438364503385642,13.338964503385643
335.1666953377433,436.5195631970081,11576.316846194075,12.491418728258996,12.392018728258996
436.6030713719367,438.96365104976474,12331.422455619042,12.422811800091155,12.323411800091156
466.3820870396916,438.9463397463948,4779.2476862505355,13.451945894334315,13.352545894334316
394.5877758756929,443.0273860386258,21810.743058904918,11.803668586807259,11.70426858680726
176.68732831148898,443.5896274849604,4698.965599049901,13.47033907681571,13.370939076815711
985.8033366483162,444.0408865110954,1263.6018299565962,14.896319125314012,14.796919125314012
791.9829540857638,443.1839457320821,17125.15174282406,12.066258669805476,11.966858669805477
163.53244444264382,445.5264938989453,8684.91804676825,12.803430429062201,12.704030429062202
417.7028974085182,446.72519653427327,5371.44530035645,13.325116847042791,13.225716847042792
925.9213032476746,445.6214735598282,1360.7448577622567,14.815902986271304,14.716502986271305
1051.5007662720154,465.87811210952054,1886030.643828144,6.961472878808875,6.862072878808875
469.2417935880682,448.0209697092917,5912.776221785547,13.22086613386873,13.121466133868731
600.1773809139162,448.2991338840972,3341.2487757809295,13.840572709165823,13.741172709165824
1032.179615699895,447.14808633922837,19251.073363587228,11.939207368119735,11.839807368119736
234.58192856054558,449.63755490636277,6203.429448977269,13.168765122264595,13.069365122264596
380.2748970865236,458.9266646417203,82472.2871179227,10.359574644353229,10.26017464435323
269.132803317472,450.44049439838255,5241.167278320852,13.351774688348172,13.252374688348173
697.4045756509685,454.94453196140006,8437.989324259179,12.834747311825842,12.735347311825842
516.1624607097272,456.59483341710404,21149.697153586694,11.837084358236293,11.737684358236294
548.1166600805348,456.5611276870461,35603.15832167347,11.271623426957321,11.172223426957322
1021.954217582875,452.67356966697594,4054.4780789783736,13.630507349029362,13.531107349029362
785.6711736413331,457.9585566058554,15353.178126998531,12.184849019223538,12.085449019223539
841.0034712685962,456.22173320450503,3107.692681571177,13.919249578136657,13.819849578136658
999.3479599339621,455.83337764040556,1907.9639443108981,14.448919332320337,14.349519332320337
17.807518837475037,459.11936775505075,16204.929563484067,12.126226871609829,12.02682687160983
77.123709005139,457.302990958761,2997.716885443211,13.958368205257973,13.858968205257973
157.14379517306224,459.3239284547945,5968.518185007782,13.210678437214032,13.111278437214033
497.62375905149383,461.05783742323274,18144.375409083765,12.00348968350476,11.904089683504761
212.24380867414482,457.55418744888664,55.205736961283264,18.295384211247686,18.195984211247687
645.7648714060368,458.73033715549724,921.6285944884384,15.238954888949696,15.139554888949696
656.095327624703,456.7892746130588,1073.619121812118,15.073219145909075,14.973819145909076
810.3580238721896,458.35686156777996,6070.899333202348,13.192212161961525,13.092812161961525
871.1824222934065,461.12092176382174,2129.179777930076,14.329813908841512,14.230413908841513
599.7096734932612,459.30969028609803,18531.364493913617,11.980576245039906,11.881176245039907
612.9633644075967,459.9374817868887,19343.407646394327,11.934012279991645,11.834612279991646
662.8073650444801,463.0898844428451,920.1922668550374,15.240648292757136,15.141248292757137
39.147855388610964,462.5930939158478,2593.6091042734297,14.115583435771148,14.016183435771149
351.6422939782966,468.04008985020556,7338.067553158127,12.986390477046546,12.886990477046547
565.1193488641086,463.37894024679576,25596.261348994478,11.629903401128818,11.530503401128819
105.45935244909906,464.5094885970466,1284.8209586453063,14.87823820971264,14.77883820971264
240.65898851026316,464.1001102838595,7536.559756485764,12.957411873350805,12.858011873350806
249.36246344313759,466.28864053147964,2289.6752385110613,14.250910021954242,14.151510021954243
325.788711055079,465.2460316935915,-839.7441525820752,,
395.47588768852506,467.28531688873653,73006.19901227094,10.491945395860316,10.392545395860317
614.6217697453159,468.9454027556629,16926.46187691365,12.078929272241018,11.979529272241018
845.9150834471882,467.3259254751717,2979.0208970204717,13.965160866560165,13.865760866560166
1076.4961616114817,465.558508371454,53379.31662233691,10.831912216963893,10.732512216963894
294.70840883628017,466.96778728695386,-135.15677221785967,,
69.60662048743623,469.20812934967506,4413.838175893998,13.538303724212057,13.438903724212057
769.3019939048162,470.3483201739582,9032.837619388112,12.760784232965868,12.661384232965869
913.5253440995791,469.67023030348696,1414.174667367328,14.774087107517515,14.674687107517515
542.2686798211633,471.1785913930819,31434.337701275275,11.406833954487182,11.307433954487182
380.08378909019325,472.11221216052235,78538.49884901546,10.412638250527436,10.313238250527437
875.4951109135691,471.0101769051066,3235.552218181931,13.875473707667423,13.776073707667424
1.3310593257873455,476.82819966922676,4670.767966950464,13.476874008095887,13.377474008095888
463.8390588825671,473.7296439954163,2316.826153070696,14.238111123270834,14.138711123270834
787.5614045963769,471.92604274535654,18905.364017808148,11.958882130755837,11.859482130755838
806.8155099632006,476.00403941224766,6000.7519713174315,13.204830549588102,13.105430549588103
839.2571957336604,472.25685352693796,3436.2713124566935,13.810126124660894,13.710726124660894
567.2438758338475,475.95187828474724,7233.520808614994,13.00197040293746,12.90257040293746
522.0062615674046,474.48124116947497,14056.791752810323,12.280629213426073,12.181229213426073
48.2912845104181,475.4527204543728,776.846795380681,15.424506294413511,15.325106294413512
442.2878870594078,477.4290908361616,1928.3143193153617,14.437400175126548,14.338000175126549
602.0879176760336,476.14385526523904,20251.922508244064,11.884179098423656,11.784779098423657
139.73471442158942,476.5344936581021,-35.201692783330856,,
70.5299195312615,477.8354573387558,2815.2611789991533,14.026548011595285,13.927148011595285
289.92775767668047,480.80904207488487,421.09755791010537,16.089387933757934,15.989987933757934
922.6877912357469,478.3373470895847,5193.137525465426,13.361770181267072,13.262370181267073
215.32175391424698,480.4917371287226,1042.2672333162998,15.105397029072218,15.005997029072219
377.5250976660565,480.904601928241,12918.475854021299,12.372316546255815,12.272916546255816
973.1614585001271,481.95633581236933,-77.78390490854486,,
194.2946192536257,481.9717610402151,4049.0793253966376,13.63195402801218,13.53255402801218
33.28123586588169,483.4468918516694,776.567690879219,15.424896446389162,15.325496446389163
203.82068275763243,482.50513113337445,4046.959430387489,13.632522613930243,13.533122613930244
109.31349011145514,484.5141833317234,17752.2657217328,12.027210265931394,11.927810265931395
603.8997041356524,483.94878305383725,17928.89883092541,12.016460699286002,11.917060699286003
980.5248895864507,485.0502543504513,-1034.2131212933136,,
1030.266304583902,484.9964170986496,17568.572819023157,12.038503533102615,11.939103533102616
589.465975284705,486.26746597612356,7392.91127290101,12.978306005817196,12.878906005817196
717.3553354171561,484.96744173946416,198.83752057419903,16.90409889322065,16.80469889322065
943.244618263299,486.6220509340264,1998.336976116169,14.398672929782194,14.299272929782195
1069.092190666394,485.3635068578465,25352.41662272902,11.640296332986134,11.540896332986135
158.10482225995042,488.0312265426248,4756.699999783803,13.457080336334078,13.357680336334079
868.8436265949166,485.55081978221904,858.9625536953426,15.315409162616195,15.216009162616196
453.79465827384735,490.11410644175163,2379.1329570616476,14.209297957969508,14.109897957969508
266.4347535199092,489.6112908535463,164.65412572259834,17.10891319761998,17.00951319761998
397.39057113033937,489.9695483753043,2882.98653223098,14.000738206764028,13.901338206764029
482.1356798277257,489.8615783943865,-1546.5959627805069,,
561.2841748698669,489.5651814207558,5384.41990074585,13.3224974389423,13.2230974389423
189.49304766789882,494.22082333597126,3700.1879706316467,13.729785273482936,13.630385273482936
790.0531011906216,492.3254446523161,3807.4275016961615,13.698765634361447,13.599365634361448
410.31738625400664,495.1748716585743,7960.083165245838,12.898050727825337,12.798650727825338
1038.620776253627,493.02033099535487,16910.84079585497,12.079931738343696,11.980531738343696
98.99530406843463,497.72292900301727,23069.191041319827,11.742763826902834,11.643363826902835
604.2803351655581,496.5396440740467,6746.953611141616,13.077575430362494,12.978175430362494
148.3867636238683,498.0401690660303,5725.350166586079,13.255839606790726,13.156439606790727
218.92859220163052,495.14183447853105,6874.293843646735,13.057274510170322,12.957874510170322
626.9926080562457,500.3780866577776,85758.89346137019,10.317146818954475,10.217746818954476
657.9143165157943,496.11200702665855,26496.777455690753,11.592362095389861,11.492962095389862
686.4781721887935,497.320511002266,3048.2631398160934,13.940213604409992,13.840813604409993
754.1936440581468,495.86591738638197,295.52189324480514,16.47387058979618,16.374470589796182
922.130662167695,497.45250291569397,5392.279720004695,13.320913708830929,13.22151370883093
87.16460320219592,497.30138690314357,22747.698706008236,11.758001072333293,11.658601072333294
373.5643240803931,498.37532364837705,1410.6827208363447,14.77677137378932,14.67737137378932
641.0102699882691,508.1551114976502,89724.32009135553,10.268069300663653,10.168669300663653
897.7256754575219,500.999483044325,1301.0346518329961,14.864622581417706,14.765222581417706
80.17615058153838,500.7276412420665,20398.291276997967,11.876360268288355,11.776960268288356
307.98860083971886,499.0727530026276,54065.0461684698,10.818053295295122,10.718653295295123
1044.3580208286885,502.6500033597915,45192.99132318292,11.0126670202044,10.913267020204401
10.755513321930882,500.75355898133535,6036.19252796945,13.198437032251809,13.09903703225181
32.264245911521485,508.1455844469943,12417.649575518924,12.4152462408978,12.3158462408978
791.0327179659199,505.0653930932743,16639.0353092853,12.097524382395857,11.998124382395858
862.9204219338011,501.54868294690016,2243.604767844627,14.272978855143474,14.173578855143475
1007.6517978021619,501.32467782727593,-2362.7686355903534,,
211.68930382521526,502.1921934416963,3692.467567547553,13.732053017231522,13.632653017231522
338.81329961432596,503.30051864759133,-1638.3094732638265,,
250.33105184950244,503.8908468543036,23335.98289326214,11.730279496396536,11.630879496396537
557.4849982322179,502.64496175231363,1200.973810014348,14.951510898968547,14.852110898968547
672.0383676484861,503.12160008457147,4003.8543348629128,13.644149068447938,13.544749068447938
1028.9467873053534,504.16558987293416,37490.74033492764,11.215534699317075,11.116134699317076
296.794921154422,518.1892261859134,447240.0148827093,8.523993107634869,8.42459310763487
783.7107864661946,504.14567287039813,9737.331176654947,12.679244888118845,12.579844888118846
522.9354145457618,506.15247779689685,236.43042798580404,16.716086319805953,16.616686319805954
734.0154591065049,507.37503638550686,8549.415192457413,12.820503719262238,12.721103719262238
815.7235935345988,505.3252034783511,11736.0149756828,12.476543103231176,12.377143103231177
416.6706675787433,507.526567456072,8306.841024977968,12.851754993055795,12.752354993055796
842.9632402195862,508.3634851599742,1097.354158469056,15.049477706366423,14.950077706366423
8.769345521355872,508.98729367186434,6107.859346945013,13.185622172078574,13.086222172078575
234.043246662233,510.49778579880024,28569.673077874984,11.510581563795316,11.411181563795317
367.6241904652494,508.03480289023224,2718.3323236763645,14.064588367396409,13.96518836739641
431.6141522594855,507.01436362020473,4576.4265045410675,13.499028510343756,13.399628510343756
941.0394977560761,511.31052838254425,25335.104788634366,11.641037978474207,11.541637978474208
1051.3135196370374,512.647184358147,42177.24983327053,11.08764909535912,10.988249095359121
803.2199353233494,513.6310519354996,18101.300963466667,12.006070267552483,11.906670267552483
472.1202169796443,515.2706331121605,20241.091728809442,11.884759908218133,11.785359908218133
866.6794260505023,512.400901082989,-39.06605267796613,,
83.8377239422609,516.2478016814953,11652.535617615698,12.484293643046136,12.384893643046137
101.17006116487022,514.8290594326675,23706.366985133882,11.713182232794836,11.613782232794836
141.51214357086005,514.4124927985671,3576.059991147296,13.766832751248842,13.667432751248842
569.6706561535339,513.4983061009993,1573.3315608471994,14.658294104151844,14.558894104151845
1036.8167813252373,517.9890764670228,46021.99236968919,10.992931200567371,10.893531200567372
154.8565457532041,516.09973555091,3732.7096650879066,13.720284212613343,13.620884212613344
790.4514730852895,516.8661595524059,19819.61743893344,11.907606572227143,11.808206572227144
737.8262221879702,518.7943882017166,7686.5421165907655,12.936017212923048,12.836617212923048
397.9970655640317,519.9737630061059,1487.9592971511988,14.718867112448674,14.619467112448675
279.7208412429066,519.3553609786252,411481.84248833475,8.61446805126035,8.51506805126035
215.87244117679623,520.0726028090122,11774.997574323696,12.472942674930113,12.373542674930114
831.5127380083959,521.4831538570086,-936.817236158402,,
551.0178225221096,525.2397377094782,5253.861521349738,13.349148186557105,13.249748186557106
779.5364026960792,523.0051256552363,4348.217452083871,13.554566603774408,13.455166603774408
354.952881385974,524.4617664648717,658.155843896722,15.604522886176586,15.505122886176586
638.0433205498007,524.3966266962924,66579.30498893399,10.591996597489858,10.49259659748986
889.3434025976655,527.0548645341812,-1041.8892964111287,,
793.3895316782342,526.8774312642415,15267.806378509484,12.190903131451456,12.091503131451457
199.52179667774388,529.9963543798598,3124.5249015242775,13.913384765234095,13.813984765234096
779.6008558863472,531.2346562874263,2796.490391422243,14.033811412127491,13.934411412127492
429.35942749179753,532.9268827307493,1747.11607264234,14.544540343174345,14.445140343174346
447.5543956701749,531.0541358928157,1646.6964831769887,14.6088108458019,14.5094108458019
636.3594984099201,532.7622806653986,5187.250364472235,13.363001716078035,13.263601716078036
1008.846916307356,533.2480610195006,-483.97082074592606,,
583.1897517474895,535.0391858614714,560.4757756359758,15.77895262410979,15.67955262410979
742.7912302960818,532.6873325953941,3011.8526930341905,13.953260423014779,13.85386042301478
1045.1794021968064,534.3082186072193,31833.57931787365,11.393131058871292,11.293731058871293
68.97773751975811,535.5624974266125,5494.391302537024,13.300545775754024,13.201145775754025
356.7585120259327,534.022211773244,116.15530759063654,17.487747092757424,17.388347092757424
656.7454600244378,535.378730372341,1787.264007554358,14.519872967009434,14.420472967009434
931.1615761423644,536.8000035654507,6435.476960664112,13.128892891141199,13.0294928911412
59.971778372815024,535.0352549336604,4236.322149393593,13.582872294672498,13.483472294672499
90.14971963844332,537.8847914603899,3998.4688362503293,13.645610451994214,13.546210451994215
204.19379769412743,536.895251860613,3300.128323262158,13.854017672133374,13.754617672133374
987.3962341302183,538.3487761110291,-642.3020457782434,,
297.6763404616337,539.2056192868839,115578.77723428921,9.993149501928196,9.893749501928196
675.0772685681843,541.6708088973421,3188.2514082616726,13.89146334029774,13.79206334029774
105.554525226739,543.742516954196,3332.8598505031932,13.843302111757147,13.743902111757148
248.8571687255951,542.992301362611,-1165.3262759002969,,
758.0024518023072,545.2335214940052,10113.758707001958,12.638063270598913,12.538663270598914
1041.5246535821457,545.6551772837096,19214.549946328625,11.941269199175313,11.841869199175314
65.33337778021375,545.9258849048535,7643.334971455461,12.942137508047274,12.842737508047275
210.8761930334564,546.1030028852624,2644.7698096205518,14.094375043944272,13.994975043944272
607.7100614677116,543.918066840631,-842.1955793692798,,
732.6098238309372,544.2474782540071,7681.149716574773,12.936779165235958,12.837379165235959
651.4595182769413,545.3916059334025,703.2633113634348,15.532549837672848,15.433149837672849
747.7024011252267,545.4762357193823,6577.088291512948,13.10526056098735,13.005860560987351
290.1498666844153,546.9166557979783,8538.588087004573,12.821879582991162,12.722479582991163
180.66396004451485,548.381233381063,1778.0568945537955,14.525480607063283,14.426080607063284
679.2107529201027,551.4286166366255,6574.582885841419,13.105674228519241,13.006274228519242
931.5696852668706,553.0926071283714,11575.355465613251,12.491508899343806,12.392108899343807
544.5038368401224,552.804482604876,7164.332443685082,13.012405415669186,12.913005415669186
915.0656639463588,551.4216464983881,1681.705957631182,14.585969583965095,14.486569583965096
100.82435789428736,552.5223731018353,13535.079017579425,12.321692751972558,12.222292751972558
342.6828142134493,552.050811391884,1977.0205021355825,14.410316808103554,14.310916808103554
722.9040831944949,554.0572077991409,7062.631514993701,13.027928370751193,12.928528370751193
65.34346379383027,555.6338004572436,7915.854527288424,12.904100229742077,12.804700229742078
173.5571171901813,554.8960662431768,1771.5694249735259,14.52944929999555,14.43004929999555
412.8132773360019,553.9292105665439,-404.49830608245134,,
826.524216233618,553.128489317261,-1849.726919761075,,
197.2750044428091,554.9232802887668,2530.147270660599,14.142480239238083,14.043080239238083
880.1202918094264,556.1244155065716,11010.109931689021,12.545865602628792,12.446465602628793
1031.6404764087358,559.4425231846179,18280.821476817655,11.995355471952015,11.895955471952016
283.5193674520742,557.8622211434251,4356.6350310682765,13.552466792634323,13.453066792634324
858.1195877715869,565.2256233862038,21726.343122562852,11.80787815567808,11.708478155678081
153.1307167664744,558.2022134286914,855.5415342391391,15.319741995225133,15.220341995225134
133.79790921757024,559.1066717956952,753.8505185684086,15.457131645977427,15.357731645977427
295.00873964946345,564.9019693511979,6487.466240099441,13.120156963637333,13.020756963637334
936.0361292737788,560.3805824194183,5788.636391023669,13.243904064437917,13.144504064437918
85.23859786655619,563.1518621720845,15278.064794496091,12.19017387190631,12.090773871906311
758.3069283493438,563.6248456707752,13293.468962014918,12.341248926019695,12.241848926019696
1000.961317785871,562.2754898626197,20294.238287542994,11.881912852278708,11.782512852278709
321.88275824285665,562.1812227451571,1262.664653206718,14.897124683065783,14.797724683065784
462.6103430342335,562.0612690837187,2324.4592595217086,14.234539893853203,14.135139893853204
26.19490712674688,563.1061974077228,728.8771383815954,15.493708919355287,15.394308919355288
313.9212569605843,562.6226439663651,5049.779925873622,13.392163611838683,13.292763611838684
223.75907231004328,568.1998272228084,5514.556727128791,13.296568219316926,13.197168219316927
349.6350351316102,565.9062289145422,3662.4357148341014,13.740919714658379,13.64151971465838
943.0443645145415,566.1803174501358,7315.9691958531475,12.989665070278429,12.89026507027843
505.55450218880225,565.0313367949632,4010.25980535618,13.642413467336613,13.543013467336614
552.239097958741,566.6139861869382,7153.944413398693,13.013980837442283,12.914580837442283
678.921937618605,566.6311632050285,6092.377501223637,13.188377726687559,13.08897772668756
103.3448466428492,565.950050050525,12052.057809276796,12.447691725376371,12.348291725376372
583.9788683004728,567.1185662247103,7222.058470508473,13.003692240276717,12.904292240276718
795.3555623744267,567.9400449039967,1085.3025395198838,15.0614676927056,14.9620676927056
974.5297695007752,567.0925629019414,21038.068176085053,11.84283009538453,11.74343009538453
453.8476360590442,567.9613932687957,3009.1622819563763,13.95423071686703,13.854830716867031
492.17851262561004,568.2196894083287,2200.4559987822204,14.294063019128904,14.194663019128905
404.51604107660376,569.3661584667556,443.5163120359439,16.03307074744637,15.93367074744637
513.6662371084216,571.5465135318237,3433.776592675096,13.810914651245879,13.71151465124588
55.43350222740635,572.5104457290664,1873.5646076734406,14.468673056211317,14.369273056211318
153.00611130629838,572.0385674992602,879.2368026440486,15.290080095088271,15.190680095088272
322.90907208499476,573.7393858030695,7076.468721432968,13.025803262286171,12.926403262286172
989.7552201574972,576.3468046452433,26827.921828623825,11.578877160217536,11.479477160217536
50.676524635061696,573.4436070862191,696.6708162830801,15.542775695243893,15.443375695243894
590.3008034267954,576.3929163897914,15124.100551933743,12.201170850547516,12.101770850547517
127.195645889033,576.4239142947133,1804.5142775142647,14.509443934281977,14.410043934281978
759.8766296545809,576.2092769798168,13394.334630086945,12.333041879028118,12.233641879028118
702.9172195206803,576.9194358452347,322.8534485527175,16.377831166581984,16.278431166581985
263.8726360129786,579.5005373522947,82502.7143521382,10.359174147915844,10.259774147915845
506.31752008593736,578.1216412255991,4718.869203357001,13.46574989120602,13.36634989120602
82.33476935122253,579.6352964790965,11602.218462021308,12.488992144059651,12.389592144059652
294.2199109128114,579.6422307072163,4737.340472564251,13.461508244305094,13.362108244305094
746.5806495224797,579.0057766025042,7148.434866737864,13.014817329673427,12.915417329673428
892.4151203819179,584.4597249524554,8692.189884641422,12.802521728011824,12.703121728011824
137.6859346638937,581.9296552974587,3507.4785069551735,13.787857194645905,13.688457194645906
229.70081536151042,598.102920643975,384474.4476164013,8.68817603665328,8.58877603665328
363.2076170874787,582.1886101190648,2722.522561314262,14.062916022257404,13.963516022257405
1014.8643401982478,583.3162969979525,-1450.3578270668877,,
17.39246904420737,584.2420901594822,1615.7713623815666,14.629394974487962,14.529994974487963
26.470947652989707,583.2923778956397,2924.0793535713647,13.985371854979798,13.885971854979799
413.4396688591641,584.4284630197336,15069.647243394691,12.205087025051471,12.105687025051472
703.4079975331224,584.0198739675403,242.5511045478637,16.68833659904289,16.588936599042892
802.3755156205008,583.6395098658999,1731.160584540106,14.554501352210824,14.455101352210825
571.8383253701612,588.0979262415682,8445.517056447748,12.833779132380867,12.734379132380868
773.2344040312114,587.2223183574683,3437.8959216957483,13.809612928795216,13.710212928795217
946.6286853287751,586.9042121662535,7994.516930786005,12.893364174262615,12.793964174262616
544.1798360812744,589.0333761535633,13799.51605345996,12.300685100670545,12.201285100670546
846.6704153401625,589.8909316326307,16716.16698695716,12.092502988520959,11.99310298852096
592.7193253759272,589.8573002545317,12173.405132483938,12.436814551684511,12.337414551684512
465.95752641830995,588.499528174585,-351.67922399420223,,
39.338204801865835,589.7537152882456,2319.8331210222814,14.236702878999997,14.137302878999998
150.7139237228245,591.6173324106142,2293.6733299656894,14.249015828799001,14.149615828799002
262.6635297606846,595.9244137578157,88133.7274454161,10.287489395380689,10.18808939538069
318.2705852660638,594.0015680023032,20890.664991790974,11.850464079105182,11.751064079105182
363.7470299218168,590.1527638583085,2542.7589130663514,14.137081777498143,14.037681777498143
421.1178645198364,589.9415839023237,12558.46109606945,12.403003679373741,12.303603679373742
924.9561001071343,590.9024230118831,2436.0585500235516,14.183625435169855,14.084225435169856
182.72563160801664,592.0004010943294,158.1201003892209,17.152877037265323,17.053477037265324
106.464754046588,593.4250370874365,1194.926612586779,14.95699165690376,14.857591656903761
601.9252082649458,592.8442984590264,7809.325890736198,12.918810873926839,12.81941087392684
400.225112147176,595.5563598456052,9173.992738947669,12.743948760619016,12.644548760619017
443.75606437039045,598.40746074676,14136.76382327374,12.274469734540126,12.175069734540127
496.32246929577104,594.5875035687006,1084.3527140028646,15.06241831379274,14.963018313792741
961.4953307638923,595.1509064708926,6026.673784473302,13.200150529908992,13.100750529908993
425.56455221026357,598.2479487045151,17685.577143065922,12.031296648392694,11.931896648392694
985.212795761727,598.0492393501477,7755.540729202421,12.926314533420697,12.826914533420698
356.73557123640944,597.4540387789242,1998.9556948749673,14.398336819610812,14.298936819610812
487.78725724468825,599.0663064791624,501.669551721127,15.899300383757977,15.799900383757977
792.0220987280832,601.3987800078431,8245.828861169786,12.859758948385274,12.760358948385274
56.95339478497217,602.2273491814915,2474.7527199213678,14.166515215158856,14.067115215158857
4.640619995243039,601.6787421532974,-360.8912671631188,,
407.1283126654522,604.457547551727,15810.972600956673,12.152948275577819,12.05354827557782
580.2727629718918,604.2466970846929,7726.068590213617,12.930448342293754,12.831048342293755
149.42757185067762,605.4486337825367,2993.03265966879,13.960066101159885,13.860666101159886
807.2357030215578,605.7769529260293,8435.94168641021,12.835010818243683,12.735610818243684
916.4383434878798,604.2726856451109,1581.0648315497406,14.652970544421326,14.553570544421326
305.28041460044903,606.2546817756939,22608.53323194384,11.764663771651527,11.665263771651528
678.5923531357338,606.6126733923312,3001.7053716684704,13.956924584739417,13.857524584739418
797.9999476784927,608.0218288904833,8198.15497034312,12.866054431869598,12.766654431869599
176.0369745855929,605.7318199201688,6352.767078916345,13.14293740968493,13.04353740968493
498.7579977115998,606.3226366503288,2473.4212768065067,14.167099509902826,14.067699509902827
1050.2698490261394,609.3274234749427,10807.045459696757,12.566077294953821,12.466677294953822
851.1274910526462,609.383293053083,10690.042510076955,12.577896160193744,12.478496160193744
408.3172460085596,610.4737309811123,13082.517064490527,12.358616466032464,12.259216466032465
420.47799846869395,611.220606425053,12993.728640017816,12.366010258885641,12.266610258885642
807.071321345038,611.2257147122035,8021.251147081561,12.889739454754162,12.790339454754163
322.6972524592541,613.8295088722834,15326.626117135907,12.186728332754042,12.087328332754042
463.5743393226004,613.3918685150102,8998.997011017587,12.76485947185175,12.66545947185175
946.7219046750181,612.0652531695325,1213.1498190475622,14.940558646335198,14.841158646335199
996.134665205803,614.5659447796436,7628.970251321608,12.944179937280095,12.844779937280096
833.6306855433592,613.6252067714727,1782.218820591385,14.522942176784042,14.423542176784043
1069.893288189558,616.6139809167105,15060.73612579875,12.205729242122679,12.10632924212268
523.9208571971524,613.6268937624976,1722.2059994205438,14.560131996288971,14.460731996288972
184.12854268433063,617.282750132581,17487.657086065003,12.04351566915161,11.94411566915161
263.52792995445526,614.5071422842037,62636.134461011774,10.658282371418426,10.558882371418427
610.238092689639,614.7323246995918,6708.525383877186,13.083777072248145,12.984377072248146
40.08052161999102,615.8085173891437,1419.1402152853234,14.77028147284998,14.670881472849981
406.76102261156126,615.7775122233727,6694.252763134341,13.086089474462817,12.986689474462818
599.2923928182946,617.7883132626263,6034.136864650563,13.198806849518444,13.099406849518445
662.0327174363795,616.4256079883354,3071.4065326495374,13.932001481652321,13.832601481652322
700.6532428583843,618.541179375976,1414.7578246495573,14.773639479314905,14.674239479314906
513.6848958513166,619.3470532955062,1258.3040925575356,14.900880717962679,14.80148071796268
942.4203636856403,619.0295226006649,4494.737493215391,13.518583909147548,13.419183909147549
1046.010110566813,621.6883865637127,8318.807619642466,12.850192038419102,12.750792038419103
303.57344150493685,621.4890891282761,6885.752200793118,13.055466266791438,12.956066266791439
377.0580958806297,620.6096935450856,80.95789603191281,17.879696708234675,17.780296708234676
96.47800952687042,624.8708277288207,24049.50941733779,11.697579186552566,11.598179186552567
809.7106772325404,622.0254765886789,10015.747447761178,12.648636328155806,12.549236328155807
393.9798651398691,622.7009288234276,3556.080726095457,13.77291571259611,13.67351571259611
541.7059336496749,621.7945291657909,578.5317495587811,15.744526746205718,15.645126746205719
148.62803941742578,623.8075848100226,782.7969782029704,15.416221889515453,15.316821889515454
197.83156028381708,626.89870188592,18163.041332900466,12.002373312642433,11.902973312642434
235.99917164115183,624.817065841963,3780.58793796218,13.706446379827927,13.607046379827928
311.49547935065976,627.37293519354,8240.227707746182,12.860496708233299,12.7610967082333
942.0145855577186,625.8874269552153,4682.482266509744,13.474154387540995,13.374754387540996
1034.6328443638831,625.045765777233,4980.967628330545,13.407060442692702,13.307660442692702
725.3370720350881,630.8060651944019,24294.153873742303,11.686590296055897,11.587190296055898
1017.6225650316983,629.3999121961589,2103.0662637265523,14.343212348974772,14.243812348974773
255.61717856373767,629.8264328416199,554.0642443880062,15.791444429283159,15.69204442928316
459.67289737571514,630.1094459308517,9640.000554500759,12.690152093558822,12.590752093558823
978.5638915512033,630.057458376357,3988.270133306821,13.64838332515013,13.54898332515013
945.224680922884,633.9572098175199,9873.350309492615,12.664183375296801,12.564783375296802
1050.6263462842887,632.4828148488426,2781.928434078043,14.039479857150175,13.940079857150176
21.890976092200464,633.545302382875,1533.5630123411004,14.686090677403108,14.586690677403109
103.95578121633379,634.6183583720385,23971.077427875996,11.701125854008652,11.601725854008652
540.420692593951,632.9803262911465,-968.8271174360632,,
452.3286623619514,633.8277731008302,2563.910959334997,14.128087393937019,14.02868739393702
796.2304563599812,635.5786834852832,4785.373476498027,13.450555145437797,13.351155145437797
1000.0869699003712,634.2495077188731,7959.642795242387,12.898110794896535,12.798710794896536
756.9135677751101,637.660035750869,17995.134445829415,12.012457001478328,11.913057001478329
128.10220603815023,635.915658777446,-469.48536472803505,,
598.6864614250014,637.7397468048749,5467.5689092709645,13.305859077576667,13.206459077576667
407.57009003551167,639.0810666705787,17563.95561907343,12.03878891314224,11.93938891314224
897.1560023932149,638.0365548371375,883.6315389098615,15.284666719572492,15.185266719572493
73.54825805345324,639.6239066658097,4173.06827390021,13.599206015548159,13.49980601554816
420.3852562619179,642.0746493986076,14724.585386717215,12.230237053732704,12.130837053732705
571.5424270118335,639.9127332392649,1208.3656272240823,14.944848833325196,14.845448833325197
1077.2607316327856,639.5559954268807,1394.4976683504292,14.789300259651101,14.689900259651102
163.84293668633356,641.0047110382021,725.7274387833614,15.498410882055364,15.399010882055364
392.1150463546586,641.0376912457718,4175.751890310314,13.598508024804756,13.499108024804757
678.2103832763653,641.9658732623369,2658.0841875294022,14.088922910989279,13.98952291098928
890.8793010976959,639.5123251173011,996.3599061039438,15.154304133159943,15.054904133159944
988.3853274448949,642.1626195288892,4543.508609793001,13.506866352362174,13.407466352362174
499.5488268454844,641.799839633241,7986.824482963431,12.89440938937103,12.79500938937103
653.2228353846529,643.4695404169311,2774.053864605544,14.042557516666847,13.943157516666847
774.2720360219427,645.9716570924026,27612.285861851902,11.547588838612771,11.448188838612772
813.9091710247694,642.115176764522,4437.01150147682,13.53261835456325,13.43321835456325
587.3188328717594,645.0258681823523,1407.9129839967927,14.778905205560331,14.679505205560332
670.4444597153436,644.785304971883,4517.857448249972,13.513013431951972,13.413613431951973
883.1034962954071,648.2489986784134,998.9696878800038,15.151463964613228,15.052063964613229
955.9264037224248,651.1933579801149,12072.791319293392,12.445825506201354,12.346425506201355
151.42190510706732,650.7651569195122,736.4531265240335,15.482481965129184,15.383081965129184
923.9674533308272,650.586862160229,-909.3970775430139,,
8.540905086297979,651.6758298119383,1113.698630572579,15.033425526659654,14.934025526659655
296.6745785432838,653.3095942872684,15038.679528769208,12.207320479009804,12.107920479009804
610.9525936315945,651.4317142778634,109.65685831956291,17.550255242909692,17.450855242909693
64.77553121126779,653.5526255504849,10723.95908021523,12.574456870364845,12.475056870364845
647.7151561012074,652.3112803859315,2085.694375129828,14.352218066015432,14.252818066015433
728.7137305333825,653.4199699912489,3263.6144187392597,13.866097632801488,13.766697632801488
88.16975110382876,654.6882940923574,2356.527648007976,14.21966339203264,14.12026339203264
548.526730973015,657.0527788516622,7256.070648692641,12.998590984322092,12.899190984322093
737.917470630666,653.2909988439241,2191.708370554389,14.298387825047804,14.198987825047805
779.1582530920915,655.666410021424,29351.07931097945,11.48128455089919,11.38188455089919
1032.8737028120843,658.5232995937488,53007.887391958466,10.839493500919959,10.74009350091996
799.6914616885109,660.9569780453975,23121.346986679768,11.740311912521467,11.640911912521467
861.3049291971324,661.819674144644,12453.62157481717,12.412105578806752,12.312705578806753
48.12992343151764,661.2426155771077,10531.336367578211,12.594136030221492,12.494736030221492
222.99637403032187,661.3587742557619,7348.194547982427,12.984893125767764,12.885493125767765
509.40265836221505,666.5090245582646,46905.37265452048,10.972288264013969,10.87288826401397
108.69430511206913,660.2860725507583,2101.7381784675827,14.343898207409541,14.244498207409542
827.0170782839816,658.6624430018951,180.45919756184674,17.009397186062962,16.909997186062963
384.3177526843744,661.7588828481785,10933.426423340468,12.553454024011398,12.454054024011398
40.07050261777619,661.7517374208621,8466.452657486603,12.831091030165478,12.731691030165479
280.46563300525446,666.9885953415933,50813.02990348135,10.885407010768226,10.786007010768227
1052.5468689246188,662.1030352592984,24903.68796416483,11.65968557545008,11.56028557545008
336.7168942023863,663.3370036453998,3796.658820306492,13.70184081120279,13.60244081120279
737.7715478569825,662.20661244954,1436.6015249590077,14.757003933010644,14.657603933010645
989.5414969031355,666.0736772868806,10916.174251030103,12.555168591912196,12.455768591912197
549.7790193890099,667.8215946560734,8928.456503045416,12.773403772759835,12.674003772759836
361.84610443146664,666.3784312225596,1509.1110000800509,14.703541778921593,14.604141778921594
612.1974140729708,666.5460804838875,7049.611924019777,13.029931715628733,12.930531715628733
739.1475325734482,667.3484634855189,1774.0713343001614,14.527917044376764,14.428517044376765
262.41447749617606,669.9058978829315,40711.907517596,11.12604111249374,11.02664111249374
482.2370203074589,668.9446780827492,7448.3095159785935,12.970200451914415,12.870800451914416
846.8052978130986,671.2967879421932,18661.84221267865,11.972958457982996,11.873558457982996
15.596062907231714,668.7159584065755,2357.345518384632,14.219286635401183,14.119886635401183
216.8963407936008,668.6825892123459,8208.338630593606,12.864706578962105,12.765306578962106
632.5502000950063,669.9189061994517,-163.912416949462,,
94.96386743732356,669.9349541053358,3831.7365521736747,13.69185563606625,13.592455636066251
198.45685426857682,670.0613025946433,948.2793383834786,15.208004020712632,15.108604020712633
384.46664818762366,674.3626361717178,12561.480304606557,12.402742686405489,12.30334268640549
368.69824401060725,672.0200353147629,12669.403594568364,12.393454312810793,12.294054312810793
656.3236217417258,672.5888312478792,2220.2614218099884,14.284334458509644,14.184934458509645
936.0589099151156,673.249681222165,-1144.6459044553721,,
998.8372731081557,673.3303849280621,11157.181663128164,12.531458479786409,12.43205847978641
693.9029703553716,674.0788384218097,13529.411142961624,12.322147504065063,12.222747504065063
869.7154338306258,674.5599980026386,10479.854564661278,12.599456601468571,12.500056601468572
35.782755597981215,674.9907551298512,7439.55259455548,12.971477694765962,12.872077694765963
416.3089265986921,674.8765462793474,-964.3240058385751,,
4.798612357798593,677.1975320817472,1608.6379309380984,14.634198978392856,14.534798978392857
339.08655381078165,677.7359002422404,3955.4235112271936,13.65736226407795,13.55796226407795
367.8226706271866,676.3814895547954,11783.618164483134,12.472148087729913,12.372748087729914
87.75918687469883,677.6824678097641,1123.8526641536882,15.02357129217679,14.92417129217679
904.5327928710033,679.877849464447,2533.545277526051,14.14102306560579,14.04162306560579
963.034783898537,678.1044474225063,-468.016428352213,,
770.5172031159389,679.161769717412,-1925.5574464245906,,
609.4339346168383,683.5327412662907,6576.56670754054,13.105346666727998,13.005946666727999
475.75888513098306,684.7373060829914,10790.728927317683,12.567717783736871,12.468317783736872
700.8123597077648,686.4813564478018,13935.051287490796,12.290073312121844,12.190673312121845
838.5327447620957,687.1568845149014,12757.70437369142,12.38591340502712,12.28651340502712
994.7236548417294,682.5750684312901,9713.481193199283,12.681907481639964,12.582507481639965
306.01581367823906,685.9032081920169,1858.5097650496455,14.477432622459311,14.378032622459312
317.12081238458495,683.535400427477,1911.4555746115277,14.446934218892334,14.347534218892335
509.42856868750624,684.8086042156237,31887.233237395863,11.391302644750894,11.291902644750895
560.1094088851601,690.4565814231017,56703.08146679807,10.766328088789043,10.666928088789044
275.20184907419605,685.4831472172748,32558.670847885394,11.368678072646446,11.269278072646447
1044.0753368409798,688.2438610962972,5490.485971432802,13.301317775193674,13.201917775193674
740.9356696558355,687.9856989151432,27348.447561784167,11.558013044303696,11.458613044303696
490.98169574740245,689.8145961788993,14709.360689077044,12.231360247127572,12.131960247127573
527.6474259498436,687.2746915674463,6248.726884423015,13.160865882764444,13.061465882764445
642.2830536552297,688.9062598090826,-255.68295889793453,,
852.0360385716424,689.3479915613293,12980.207623192826,12.367140642718827,12.267740642718827
880.1106245253452,688.630746995169,1008.789945094297,15.14084287865352,15.041442878653521
970.9525261220336,689.6180094963165,1532.182697595128,14.687068356530293,14.587668356530294
1072.4651827536518,691.1864016159358,66399.12442274697,10.594938859399374,10.495538859399375
39.538526291524825,689.3873087295225,308.6242781510702,16.426769522870565,16.327369522870566
127.99311797180327,692.8593493175401,11632.186049783095,12.486191391147893,12.386791391147893
137.63386941483944,693.0704782984658,10390.639485011297,12.608739048904921,12.509339048904922
517.5556156028871,692.3878953979868,5246.529392147,13.350664465235262,13.251264465235263
795.2086132947938,691.9755697917994,3943.4135283973856,13.6606639357443,13.5612639357443
206.67254559756384,694.5943183903144,2717.5642994646196,14.064895169293568,13.965495169293568
785.7228503660785,695.4466732920492,6533.441981911006,13.112489643658929,13.01308964365893
935.526547363232,696.9756025290782,2184.7724763817655,14.30182920088543,14.202429200885431
1061.145765337388,704.8255920235241,73285.69199424292,10.487796758275179,10.38839675827518
1009.8054551102637,702.376114137309,6672.936526711545,13.089552256166524,12.990152256166525
169.70959871334827,702.3032212018351,14985.020648042198,12.21120137651403,12.11180137651403
64.74445049841182,699.3386871735036,1468.727151023551,14.732991932386813,14.633591932386814
907.2642106751539,700.6670624729135,1613.1684110272363,14.631145468046299,14.5317454680463
380.2915574917385,701.8363141469225,4662.403697955372,13.478820054398602,13.379420054398603
493.82276801208354,706.8233223474853,29294.042908256837,11.483396457383716,11.383996457383716
473.15257428193837,704.3323075526422,3997.5577361873197,13.645857878467822,13.546457878467823
569.8848316776167,703.7497579751438,127873.5816324629,9.883392666834093,9.783992666834093
588.5139676254969,703.0106980238298,209953.3866235448,9.345037529877198,9.245637529877198
741.6451942677973,706.414802701893,33943.317681319124,11.323459018805385,11.224059018805386
781.1244784847106,705.9054502405223,7154.540151365849,13.013890427549196,12.914490427549197
793.6710545627892,702.556653415483,7026.669761399577,13.033470883028915,12.934070883028916
546.1600082886252,703.5000984059122,34472.25050249415,11.3066706482254,11.2072706482254
579.1104775773442,702.9707864297937,211107.70628155026,9.339084523031332,9.239684523031332
601.2416692775398,704.5772561943604,44064.911002953944,11.040112497461134,10.940712497461135
26.128759446410683,705.2399730489055,2163.817210037118,14.312293314128834,14.212893314128834
134.11893305756652,705.6159930045072,11933.496600353388,12.458425456457634,12.359025456457635
961.9573179191481,705.6858002725296,3015.62875359909,13.951900051775374,13.852500051775374
304.9770465628573,705.7300504600198,1616.488467780204,14.628913214142191,14.529513214142192
338.7687109759138,711.7983868094957,125461.83685979812,9.904065636618181,9.804665636618182
627.9491795903305,708.2609367065127,3971.6468314094,13.652918183247559,13.55351818324756
972.8185540582397,708.353067334464,4944.249768950538,13.415093735982579,13.31569373598258
75.64764506228703,707.9530781152085,2224.93159004567,14.28205308508542,14.182653085085422
983.8604821659719,709.814289871144,2918.0438826835907,13.98761519402689,13.888215194026891
445.33746223159164,710.3238118067738,-350.26379990241685,,
927.1623031780705,709.8730603884791,2458.138937267153,14.17382867541017,14.074428675410172
584.5173086659269,718.2724899250314,217353.09794063866,9.307430154308154,9.208030154308155
805.7018088361214,712.3396648063995,15587.749970440496,12.16838616317855,12.06898616317855
558.1296629096357,713.087788119965,6717.00426735991,13.082405680245566,12.983005680245567
15.720112520874551,713.5943944298483,1803.7049177989288,14.509931017307029,14.41053101730703
161.1381291080245,714.9150374610165,14445.63718238932,12.25100298353993,12.15160298353993
384.045936067437,714.4217229881524,5810.260181960321,13.239855789715206,13.140455789715206
186.09029752462448,716.6170282862178,10828.226751397488,12.563951386632809,12.46455138663281
968.3804529461624,717.6273096732118,4389.603733295473,13.544281449394708,13.444881449394709
569.3358269196029,716.3533504037792,210012.58022390137,9.344731463955213,9.245331463955214
428.98693812855277,718.5047891250849,114.07165691796774,17.50740036620884,17.408000366208842
326.1492221877395,718.7712937287978,124921.42964403077,9.90875237626133,9.80935237626133
374.2002329694752,718.0813490568462,5524.487084451535,13.294614834302102,13.195214834302103
816.9717700318319,718.6532694880771,21820.2992833939,11.803192983268248,11.703792983268249
716.0167444480231,719.5548021153759,3070.2386552890425,13.93241440252596,13.833014402525961
220.60120375497812,721.2043163041569,-400.4349554637608,,
281.7031594890176,723.2485298186157,17813.605020520892,12.02346519448449,11.924065194484491
387.590050545596,721.3669618459355,6241.607298400231,13.162103638781513,13.062703638781514
501.6624732978352,727.478543664015,134221.75652448036,9.830787445733327,9.731387445733327
607.4995037502263,721.3685258307551,13786.020617692135,12.301747431598216,12.202347431598216
74.8641846425139,721.2571264284376,3721.2294675540297,13.723628612328454,13.624228612328455
160.05401669503613,723.8580890604972,4746.901216916876,13.459319255423509,13.35991925542351
726.0506538845937,724.504130553963,4829.598154022546,13.440567248646712,13.341167248646713
776.9973743364138,723.2654567706484,4425.051281164376,13.535548970699173,13.436148970699174
461.9291711764967,724.1978449570489,2782.2292453963637,14.039362462296099,13.9399624622961
523.3439063487227,727.3362089756748,32757.95834809129,11.362052674850549,11.26265267485055
760.8530738894004,724.3744459470153,2201.596199918493,14.293500573421237,14.194100573421238
805.0448911235186,731.4221839899748,25327.18285590862,11.641377526080207,11.541977526080208
474.58996894376025,727.7042571570323,4006.74656589991,13.643365057329484,13.543965057329485
667.8368529381371,727.8430222429839,2787.1526215487115,14.037442863583568,13.938042863583568
377.6069949097342,727.4934260857261,5971.920077621617,13.210059773477537,13.110659773477538
389.46877150301316,727.6206381627642,6175.12386019018,13.17373055810198,13.07433055810198
59.265125809766054,729.533216985154,2670.3498404918078,14.083924336568195,13.984524336568196
1036.2197758580276,729.254606131798,-2503.638712228815,,
314.90140450273714,730.7148982676288,4580.905622347087,13.497966379869986,13.398566379869987
424.3791607513424,729.9104815764827,-1747.2210966942612,,
594.7402382774819,730.8447550971437,211525.98513509717,9.336935424876213,9.237535424876214
254.77614026200442,731.3745030695865,-684.8324234434294,,
718.0360401336526,732.0621128493713,3017.9490460618413,13.951064983184143,13.851664983184143
727.9570820536213,733.5023358801249,4245.001519828583,13.58065011559459,13.481250115594591
1067.2834191009597,733.5100785191828,1345.209373716614,14.828370028485335,14.728970028485335
879.3387384010503,735.6194931639803,2451.83048556024,14.176618639091497,14.077218639091498
19.23935207431923,736.5615559260056,4092.087880470836,13.620482360967564,13.521082360967565
168.16149786651795,735.3420843282177,3252.0638917947185,13.86994706729682,13.770547067296821
190.03032537812587,736.4899662915436,5702.195964202189,13.260239394800344,13.160839394800345
659.4273958346946,741.60891448814,5186.040668120595,13.363254945477955,13.263854945477956
899.5030960893765,738.0494539944256,1285.539621710966,14.877631074250242,14.778231074250243
386.03750583737025,739.9292249026644,868.0539933948528,15.303977892388868,15.204577892388869
603.2407160899919,742.7670369813054,2200.7952387661308,14.29389564620994,14.19449564620994
444.5314321372615,747.7257168479024,12439.040910918655,12.413377500322065,12.313977500322066
823.2748588505084,744.2992922563542,2786.6210216292193,14.037649968255462,13.938249968255462
2.088238434346324,748.72149593193,4852.661642726334,13.435394714015134,13.335994714015134
312.0670121288573,748.3053177514108,5357.095618449389,13.328021245428719,13.22862124542872
888.5724609178623,747.3660572636265,3758.054600803509,13.712937026573007,13.613537026573008
674.8352548448636,748.9994365546655,17711.065463904615,12.029733020010005,11.930333020010005
329.0006579037202,747.6781262745604,6769.202765964441,13.074000932692954,12.974600932692955
84.90571007161105,749.8920346411049,3963.039107546917,13.655273845759243,13.555873845759244
282.45079320379455,749.249422835444,1259.682752501085,14.899691783106027,14.800291783106028
686.3815034808041,753.9315117962076,14471.699314595411,12.249045914763984,12.149645914763985
833.9966824840409,753.183722364387,-511.2012443439749,,
1072.389688572521,756.3947114493424,8998.896641473386,12.764871581585265,12.665471581585265
231.7884883358122,753.5996225384766,449.04119163055475,16.019629286493267,15.920229286493267
273.7423134773395,754.4037335292224,29.494330190789356,18.97599839603595,18.876598396035952
583.8231877177844,755.2611817061749,749.1137060388415,15.463975382910654,15.364575382910655
866.6613191387966,754.6809651965201,-1235.1324449310891,,
1021.0917463821044,757.7837080273773,5826.974057381345,13.236737029403102,13.137337029403103
487.97438349827524,771.7375378255574,1042731.59704842,7.604913406235473,7.5055134062354725
980.8804719932386,757.2229310961312,-868.1991537420115,,
91.30370903490174,758.0995513594178,4351.834356931556,13.553663849433457,13.454263849433458
129.93759327375622,758.3603034759726,3911.596085829608,13.669459733577545,13.570059733577546
167.37889882640863,758.5456545564266,1091.851052735529,15.054936247838901,14.955536247838902
297.12967303715857,760.0242160896295,7097.191413904481,13.022628444590078,12.923228444590078
459.9891969176347,758.6731141051697,14541.208915172252,12.243843455656936,12.144443455656937
631.0754569825147,759.0335610135037,-822.5204278166607,,
53.76943397345748,763.9887887526642,15663.618924384435,12.163114468858778,12.063714468858779
337.27503102514993,760.011311510999,2331.218294750511,14.231387384115424,14.131987384115424
606.9815417034415,758.9557090903843,1897.4577487610886,14.454914455481571,14.355514455481572
898.4266216632564,760.0103991185624,79202.48091092196,10.403497777039286,10.304097777039287
910.909821334065,764.7971445840585,79520.48448604073,10.399147197324968,10.299747197324969
77.57197281045953,762.8175821102895,7713.116930666609,12.932269952502594,12.832869952502595
748.7690452710142,761.6316055998941,-1394.9365932092696,,
359.8743973607098,763.040021625077,1970.1728107893346,14.414083937444762,14.314683937444762
660.5227074590263,762.1588170806052,2009.4572595592338,14.392647807425291,14.293247807425292
245.99861413605117,764.4825578964148,2209.0842681214067,14.28981403361341,14.190414033613411
27.20478776759234,763.4126414493692,2040.8541164860544,14.37581483636359,14.27641483636359
330.04347651799054,765.3565590516345,2480.722240518358,14.163899390107154,14.064499390107155
119.27687576781554,766.1106328333265,3781.9858962647527,13.706044978402328,13.60664497840233
595.8808242252355,766.5092950377195,2391.591441964312,14.203627264073596,14.104227264073597
853.8514345961551,766.7772412529057,227.68585202498844,16.757004627761162,16.657604627761163
1027.2955242934408,768.3714087834106,8483.056123110888,12.828963890110598,12.7295638901106
405.8088703428658,775.1656234608878,18477.453223532288,11.983739461976334,11.884339461976335
682.0446144481809,771.1576149953202,11873.72598472831,12.4638771850229,12.364477185022901
212.91114736460753,773.590395479471,2785.0180860625915,14.038274691139682,13.938874691139683
522.5801802171618,776.027870196487,1944.9593453734492,14.428068421041404,14.328668421041405
1032.765224372977,774.6606003397796,13941.87698966355,12.2895416242654,12.1901416242654
707.5580868310757,784.3707238898503,96576.70296527294,10.188163803453087,10.088763803453087
250.8948494978384,775.8913413946951,1693.532399463315,14.578360966581354,14.478960966581354
293.4560041860501,776.7863665430804,5969.577600117289,13.21048573556982,13.111085735569821
573.2992081398415,778.5306886952823,5136.619193888551,13.373651315129422,13.274251315129423
1016.5275268700993,775.2917451350187,7338.873663465848,12.98627121198524,12.886871211985241
56.29078110173552,777.2914587191024,17309.6933886485,12.05462130285302,11.95522130285302
261.57350212971613,777.2881176244015,742.1295991957195,15.474145357285138,15.37474535728514
367.5923548687208,776.7182147911631,2577.666504166497,14.122277920568898,14.022877920568899
505.71283457838314,776.1715352938012,840579.1693799781,7.838898182184321,7.739498182184321
972.994618371177,779.7079371623945,10199.417157089421,12.62890635369005,12.529506353690051
449.9935819935515,783.5569845487571,17896.324658187215,12.01843511646942,11.91903511646942
611.7369592135277,777.3516257913896,721.9574150891672,15.504065787485604,15.404665787485605
946.304512806644,779.1407247934991,4116.422996830596,13.614044751349905,13.514644751349906
41.15375325327517,779.5144001801426,7693.723887228401,12.935003250100774,12.835603250100775
767.0660375905512,779.4554407172568,2289.5022203302146,14.25099206817534,14.15159206817534
1046.7294278313755,781.556069561252,8363.910854498565,12.844321252500645,12.744921252500646
857.9711931561246,779.9810745507323,4144.069889487116,13.606777062895809,13.50737706289581
900.5853777018941,781.2616127625765,48381.73650964184,10.938641110932036,10.839241110932036
852.0412416712156,790.2234221495219,4797.042705296819,13.447910778879082,13.348510778879083
65.08142464593494,784.8977415873629,4205.510446509854,13.590797950511714,13.491397950511715
283.46718042201115,784.3373416494723,3588.1875644172997,13.7631568989419,13.663756898941902
751.3035701302947,786.1333313433406,8644.130448310887,12.808541460304504,12.709141460304505
285.45303160457854,789.0034360120247,4067.1367322399833,13.627122807999351,13.527722807999352
414.9143190850038,788.8417910703292,24149.107475463607,11.693092029927774,11.593692029927775
738.7763564194427,793.3970701425482,10314.448748811308,12.616729685140042,12.517329685140043
299.39647433624714,790.1943681299748,9351.29767500629,12.723165036049789,12.62376503604979
627.93787120628,790.6881778824367,43.29767010014797,18.55918342308778,18.45978342308778
20.85135682622541,794.3977717456104,7769.549057512103,12.924355207767775,12.824955207767776
130.93994121713345,793.1258108916822,2866.480623711613,14.006972214619084,13.907572214619085
1026.9766001891549,794.2857464825074,3947.0405241585977,13.659665777497999,13.560265777498
47.873441096121645,793.851791104364,2415.8941531472374,14.192649983891336,14.093249983891337
579.2184125061267,795.1686170123236,7400.219325464319,12.977233262242468,12.877833262242468
79.38304845721751,794.9205797857771,845.3455376537495,15.33275907957061,15.233359079570612
975.1014867003304,794.808377056682,12568.225564969782,12.402159824544649,12.30275982454465
406.9055589967243,796.1970592577338,85078.03574226779,10.325801104574008,10.226401104574009
916.9778003141856,797.0837208147373,10183.865067941635,12.630563149620906,12.531163149620907
953.0515072143862,796.6725493657061,5670.504094877907,13.266290569773927,13.166890569773928
172.13980065495323,798.2317105586205,-461.0598124842361,,
672.9535677420911,799.7060105649534,-584.9462962419559,,
757.3827110093592,798.720045554869,22252.33884597799,11.781905579496192,11.682505579496192
780.2392504348992,797.979202173528,-719.3755848851331,,
897.0507612187946,798.879962042379,5075.756407401577,13.386592811949562,13.287192811949563
367.77321824214744,801.5778203226741,22968.67918045087,11.747504686513325,11.648104686513326
561.3499639361589,798.9133281697638,2852.6577125689146,14.012220580168044,13.912820580168045
694.6242598412356,798.0089049438718,72950.62539154528,10.492772192349122,10.393372192349123
198.1647336787722,800.4784616146628,11385.480636553995,12.509466318213182,12.410066318213183
419.9778223974577,801.0646896881633,20482.63291212935,11.87188028655747,11.772480286557471
927.5224161649508,800.711655160919,10345.404849116403,12.613476014067018,12.514076014067019
398.8239900509081,806.1815811684252,82860.89760176028,10.354470656916236,10.255070656916237
621.1207514690155,799.9803106677982,1689.4784544141799,14.580963096582641,14.481563096582642
437.05051116686116,802.0930120639654,6955.1999015262445,13.044570699023605,12.945170699023606
313.6315121275493,803.8466463941077,5156.362885528499,13.369486056324025,13.270086056324025
20.27001552394974,806.4935903513821,8254.398041152133,12.858631222100847,12.759231222100848
837.1284531623102,806.8278828766369,8054.396206911597,12.885262267407558,12.785862267407559
957.970318759265,806.6112704554829,4981.747700214295,13.40689041830471,13.307490418304711
968.7357435844094,807.7049363776964,2306.384468321803,14.24301547886935,14.14361547886935
3.9195659743013467,807.469026634361,4305.771236641923,13.565217360110081,13.465817360110082
297.1429169892305,808.121728789801,60879.65485637488,10.68916428668386,10.589764286683861
486.7426991547143,814.8441248084522,189383.12277665577,9.456991557156668,9.357591557156669
750.4370936308726,811.6018648142086,16285.577897518153,12.12083680523085,12.02143680523085
137.18095646602265,807.9795351511045,3434.891813745825,13.81056208337339,13.711162083373392
535.4169892915938,809.3695391375527,-3243.0782788528145,,
941.1543924864612,809.0561551830842,43970.08137739079,11.042451567296794,10.943051567296795
206.99257570583822,810.7274459616567,11906.549245518121,12.460879959390795,12.361479959390795
240.4128889332102,810.1145321170887,-297.0945312693217,,
787.8988302590632,810.5986838352871,72.660359973856,17.997100877985456,17.897700877985457
197.91319440421006,814.6563984419985,11565.403511342158,12.492442766529159,12.39304276652916
375.4452336343574,814.788159932101,24916.620853553508,11.659121881370696,11.559721881370697
627.0456090223798,813.68227139977,1270.7807506495212,14.890168171615239,14.79076817161524
693.3202896126764,813.7630335294094,-272.7226985006205,,
367.9449746371139,814.0228581484929,21957.045424469332,11.796409989913508,11.697009989913509
638.0698137417504,814.1500906210725,1216.7043744610394,14.937382067042913,14.837982067042914
155.92585399832703,814.334641454587,675.3243510101404,15.576563716021182,15.477163716021183
727.6437000320689,815.9561358861292,4418.46614054467,13.537165912593386,13.437765912593386
805.5790437436194,815.9377217939295,-406.8328754468351,,
1009.5272522882628,815.3314613606041,-756.7444680775295,,
329.39662681283403,817.2368072284378,1051.6697358606557,15.095646299998885,14.996246299998885
1.9177828337593825,816.4032136433484,1704.8924022425358,14.57110230236914,14.47170230236914
408.6477603764599,817.3797743372814,79788.49364875158,10.3954940758363,10.2960940758363
206.73244821480506,818.7452340278219,11397.149988623813,12.508354081497,12.408954081497
279.3700008163769,823.3970957221917,164217.49301523002,9.611796196274216,9.512396196274217
991.0149802033638,818.5002496568765,-312.95914488853623,,
234.15664067351497,818.9695440015828,414.79238834990343,16.105767795101467,16.00636779510147
943.7033582347747,825.0046562471471,41977.94182602358,11.092791887376848,10.993391887376848
1052.5346307233588,824.9238502367804,10228.631871690512,12.625800869173705,12.526400869173706
567.2314725976429,823.1319146528882,2161.6714734048846,14.313370512248671,14.213970512248672
173.54151576061867,826.2016934132322,5671.776123493899,13.266047040694929,13.16664704069493
885.4538018127807,825.2124246756794,6215.423541153728,13.166667919861364,13.067267919861365
1028.2344994276555,824.2468283644524,2410.0313371408997,14.195288016635226,14.095888016635227
329.780725559975,823.1563168036458,2022.2495823090055,14.38575785480383,14.28635785480383
311.27339537317016,825.235482110746,48474.96687319284,10.936550938361286,10.837150938361287
674.2326631208351,827.528411322443,224.98930127804078,16.769940073338617,16.670540073338618
725.9167849160569,826.8078463722012,2721.063164448938,14.06349818266842,13.96409818266842
1077.84674949235,828.0331972517721,1960.8856067817837,14.419214093917244,14.319814093917245
345.6482889627519,829.7093249231269,-647.347625275318,,
219.5401762111822,831.6825186834865,1811.754904028206,14.505096126935774,14.405696126935775
79.53042764273019,833.0020015796447,1083.055273524791,15.063718187445446,14.964318187445446
563.9101926128656,833.2206973331837,3187.14310540341,13.89184083052163,13.792440830521631
613.4231715633247,832.3473242933843,2274.4685648682407,14.258144893567412,14.158744893567413
518.638664219864,834.4445254242701,-942.5515208669269,,
533.2433983421987,835.6016994776368,6612.243340518902,13.099472671056136,13.000072671056136
791.2406933265061,835.9580693406818,762.7674740405948,15.444364326850533,15.344964326850533
802.9167688598891,834.9621431097718,1808.9709120772113,14.506765781918865,14.407365781918866
324.0139712693062,836.3998115702315,1876.4998353531507,14.466973414159671,14.367573414159672
639.0220828031864,836.9436028186695,9459.593666856126,12.710663536136007,12.611263536136008
907.2980211862038,838.4222412570064,1006.9085774024202,15.142869639687373,15.043469639687373
280.80657064031885,838.9536883615904,110606.1850364071,10.040896207883776,9.941496207883777
654.1471899544541,839.4829051233888,9242.636955008551,12.735855004377466,12.636455004377467
1020.5456680945351,838.9865430243218,2324.2882247415173,14.234619785761222,14.135219785761223
121.7151545448673,838.5432811491787,1514.0831117451778,14.699970452492249,14.60057045249225
601.4027405516734,841.5257786416681,2412.326670025557,14.194254445009335,14.094854445009336
743.6950043231075,839.2146316475532,-2235.016229208334,,
960.5899525291662,840.8018661672917,6178.579368686522,13.17312316601741,13.07372316601741
1012.9483608254575,841.1389913230278,88.76430184133937,17.77974888686268,17.68034888686268
18.804339370585105,840.5976147653655,6062.267600810614,13.193756983029186,13.094356983029186
225.01594404462836,841.1610595387594,4071.6719007686816,13.62591280358766,13.52651280358766
574.2882914914959,842.0438800875588,5558.244167183354,13.288000688492215,13.188600688492215
112.37090053300773,842.5268437667175,1780.443668603084,14.524024146770248,14.424624146770249
316.75150545190974,842.4827694328643,72.28087632800259,18.002786217580805,17.903386217580806
789.0676123862855,843.6191709359616,1942.4810629524845,14.429452756764633,14.330052756764633
921.8508239900318,843.449657017217,7240.499225604542,13.000923462205497,12.901523462205498
476.4006179519779,849.8835288328398,11686.981563496201,12.481088843442665,12.381688843442666
512.9031512032423,845.0222222719532,3030.8204866074875,13.946444205346282,13.847044205346283
773.5785133976461,845.9855941639294,674.9977038822624,15.577089001998035,15.477689001998035
537.4544954020243,847.0349651499196,14916.353206003832,12.21618809447117,12.11678809447117
940.9291662576002,848.432589509308,13057.762409659423,12.36067283524974,12.261272835249741
991.70058871908,844.9508606133412,-2545.1542345454604,,
2.2385310743661226,847.749532495738,6286.314360163789,13.15435450322018,13.05495450322018
426.3362727904972,846.8770602677248,207.43540937663442,16.85813750884843,16.75873750884843
841.604643040184,848.8075836763007,490.4648528794543,15.923825013453026,15.824425013453027
1050.364331999627,847.6515445098577,5846.891680517261,13.233032120331702,13.133632120331702
15.15565444371204,852.5609221506177,6319.507157082913,13.148636715673653,13.049236715673654
418.8537462474895,852.0548975233343,6494.2263884393,13.119026180668486,13.019626180668487
530.7062525893513,855.4960781570577,15320.631557287481,12.187153069662719,12.08775306966272
71.50110005071451,852.5946200263854,13432.768891564452,12.329930883634526,12.230530883634527
184.4036646421669,852.8598210561938,7326.010002450363,12.988175972553485,12.888775972553486
1031.7943527778057,852.5312615814385,5904.702109367516,13.222349759612221,13.122949759612222
488.4640356304189,854.0001031318864,10982.423320956093,12.54859929148536,12.44919929148536
506.8698043351498,856.0543365441594,603.857508145459,15.698008564442599,15.5986085644426
1045.2452188960544,856.0319889080137,5251.936868845612,13.34954599828946,13.250145998289462
572.8733305300759,856.1829303088474,3089.4754525520666,13.925632868581875,13.826232868581876
230.29011126805003,859.6138800438944,6768.178323867269,13.074165258993487,12.974765258993488
480.75704835938967,858.1657604622867,16329.181497591206,12.11793370023537,12.018533700235372
513.3774731534673,857.9114791287893,13631.751550968404,12.313965585398899,12.2145655853989
659.2526534391391,859.97471785398,11933.351157939793,12.458438689214281,12.359038689214282
833.9547893941943,858.2055586636361,2512.2407429804716,14.150191604201934,14.050791604201935
343.78297247181393,860.6614363775172,2602.918863627822,14.111693163779833,14.012293163779834
624.4698410586071,859.3705915467707,25095.251387703047,11.65136586447834,11.55196586447834
52.78110120005964,864.6711448176775,24877.78997299049,11.660815248185818,11.561415248185819
93.89104523843858,861.8395530638708,234.66984957200572,16.72420150341054,16.62480150341054
671.0149538447317,864.5432035440559,4294.873896050345,13.567968698728233,13.468568698728234
986.8974552173432,861.2287521378421,5724.053416460811,13.256085545988402,13.156685545988402
907.0282082173223,861.8717005684732,-690.2944833935825,,
64.92602395459797,865.0374522246692,25234.647536927252,11.645351632928296,11.545951632928297
534.8454843957134,864.4407820774279,32191.148246264747,11.381003570557667,11.281603570557667
353.2296085677007,865.4084365900372,1941.580985954179,14.429955965101326,14.330555965101327
418.8433354202907,865.2377121060894,29119.008250823957,11.489903292061548,11.390503292061549
188.00879106039642,868.4780331507793,8061.867603927248,12.88425558658918,12.784855586589181
323.95020257718267,865.9066171557879,1484.5243214053637,14.721376447851931,14.621976447851932
549.92134023105,866.4579634903578,1682.0941479108487,14.585718991046601,14.486318991046602
282.13964290745685,866.540773427349,-1708.667042326445,,
879.5555902659414,865.8046439729485,-1331.610784416448,,
468.71978069298126,869.4814197293533,18567.434364923167,11.978464997322959,11.87906499732296
778.0328619495842,877.3595667627708,374925.9000525692,8.71548113397036,8.616081133970361
814.7849913137345,867.0785391340222,1502.7797754648327,14.708106386619768,14.608706386619769
426.85734994998154,872.062033321881,29951.995508661545,11.459280335930774,11.359880335930775
451.63052915514334,870.6041140916299,14792.759120485982,12.225221777201854,12.125821777201855
439.73009128372377,870.4222492958437,35969.327910166736,11.2605139331023,11.161113933102301
828.0460064343687,871.9527568044878,2808.4859369873784,14.029164106862535,13.929764106862535
225.13913804136803,871.593672021123,7614.336745664375,12.946264541595749,12.84686454159575
924.812591207201,871.9823045360837,186701.7868309301,9.47247355479897,9.373073554798971
159.80416368362253,873.6257998909003,23009.986990575937,11.745553807951868,11.646153807951869
514.0621606039417,874.3378618944819,20773.82498563764,11.856553569578075,11.757153569578076
651.3753220536851,874.1849973067727,9871.013862773665,12.664440336197943,12.565040336197944
623.5549891212232,883.0739690427624,308003.44114746293,8.928955819135687,8.829555819135688
728.6813013225707,875.7734263915717,5503.211840398278,13.298804163653564,13.199404163653565
216.58398876145498,875.4009163598766,3683.8112129846595,13.73460132706208,13.63520132706208
691.2464323231015,876.7626755341579,2141.4856415679665,14.323556823657517,14.224156823657518
1068.6509878279962,875.9839251839212,8019.70437135724,12.889948842581191,12.790548842581192
133.76555361937082,878.4993958170495,27281.72926187989,11.56066500385982,11.46126500385982
149.7412742937442,879.8231716496715,31607.171670841308,11.400880652601113,11.301480652601114
976.5995333753492,877.7306673280116,10408.455101209853,12.606879057916634,12.507479057916635
741.5924458285991,878.5757552163471,4355.419584430589,13.552769741705763,13.453369741705764
931.6445820063558,888.8310317663091,316918.55230602995,8.897975582297962,8.798575582297962
530.1509949005848,882.6380409399732,23560.46865255267,11.719884928367645,11.620484928367645
762.8800305601236,880.5292629285863,366939.6418379472,8.73885815896996,8.63945815896996
341.53389132639103,881.8038287729764,546.7857306938765,15.805801809797035,15.706401809797036
330.1900863990641,883.4232915289875,29608.116571158476,11.47181778585204,11.37241778585204
887.9294696223351,883.9396377332845,2103.2387787843227,14.343123289411901,14.243723289411902
316.1078159191516,887.8544274082593,30164.46884135661,11.45160553492825,11.35220553492825
96.01887376338651,886.507625851373,392.60200744628764,16.165463451025232,16.066063451025233
519.8496162581633,884.7006733165355,24523.70340330464,11.676379603255683,11.576979603255683
898.5991230257733,886.2688567918075,1718.9094458781808,14.562212245373138,14.462812245373138
1056.4336202742122,893.7869506240459,16118.281309707812,12.132047912837564,12.032647912837565
432.09759619767954,888.255211569898,25595.382532537686,11.629940679198919,11.53054067919892
725.2413982940528,891.249572153117,4700.17121165737,13.470060545437695,13.370660545437696
833.7735649517417,894.3706517948937,27288.763892264215,11.560385081414696,11.460985081414696
671.1378701092876,895.5045691805848,48103.39781104466,10.944905355526625,10.845505355526626
482.71507866755485,900.4330301048983,241569.31713513425,9.192740311644005,9.093340311644006
769.7353487141894,897.5145850610354,293760.65136783867,8.980360684514281,8.880960684514282
324.96364129351696,895.5560930554392,29763.83497969203,11.466122520759825,11.366722520759826
370.44156834308,896.4349048720143,-127.88782057644983,,
459.68087601891136,895.1572050022565,133125.61812167763,9.839690647567918,9.74029064756792
818.1361137305872,895.9686194768474,26599.643618509454,11.588155195765074,11.488755195765075
1072.2132885093667,896.9903347516896,13950.527667355222,12.28886815387931,12.18946815387931
413.30520124638883,898.412275052408,1227.0283229016425,14.928208272137605,14.828808272137605
599.1558410074467,897.1711590816635,44372.359771511765,11.03256342678095,10.93316342678095
303.52554836198186,897.7825653600713,30050.554644313528,11.455713510259065,11.356313510259065
781.6494843919176,907.7828187642301,245794.3545953489,9.173914981294653,9.074514981294653
241.6341875641051,899.7783444891983,973.7632009803815,15.179211345006264,15.079811345006265
256.88441166271025,899.7892130708078,1437.6956963075177,14.756177309030434,14.656777309030435
647.1516023765616,900.9749787759462,8516.50938995531,12.824690666793378,12.725290666793379
656.244836285982,900.0705311636265,52283.19436549468,10.854439455847562,10.755039455847562
580.2037835577152,901.5444773678266,-1518.0964468863183,,
882.0510289492323,902.8373914088396,1023.5803177860462,15.125039924926382,15.025639924926383
283.613834161563,904.992549350816,5466.292626736843,13.30611254816554,13.206712548165541
80.26797667908959,905.5051634814108,-153.915145959543,,
136.02063472246266,907.111546217461,3308.9531414984613,13.85111819800677,13.75171819800677
524.7947530660433,905.4425812633157,2882.614978358311,14.000878143418127,13.901478143418128
981.1883290015448,907.1030276621736,3865.5814739422176,13.68230766270671,13.582907662706711
10.669429885649858,906.9783829219466,1529.939595292595,14.688659029654035,14.589259029654036
536.6702084538995,906.7835652246273,1386.205088475202,14.795776018967919,14.69637601896792
192.98609897929003,907.3387975882412,-1406.8466987192523,,
258.7662898934621,908.2813698189157,2563.823951471075,14.1281242396748,14.028724239674801
320.73422296946956,907.0842445734218,16164.400387335594,12.128945742649519,12.02954574264952
738.7892527657461,919.926313460865,288366.62978370104,9.000482236392868,8.901082236392869
149.77266688402125,909.025137017284,2046.9995298872047,14.372550383461633,14.273150383461633
939.4744236173761,910.7020225096458,11440.615418174413,12.504221273697404,12.404821273697404
170.5625619071049,911.8592644991279,-567.6348859371675,,
849.6506338690889,912.6346614225725,6358.405930831359,13.1419741144683,13.042574114468302
640.2830747604825,914.911550522785,12458.83078060532,12.411651522873282,12.312251522873282
697.6540785237953,914.5658636256798,-1631.8658047513009,,
1018.559607356304,916.2959893831268,3511.9462645887497,13.78647508513415,13.68707508513415
161.94778769579264,913.954747942962,286.7266016743435,16.506674772228124,16.407274772228124
454.2021714513128,915.9294493427496,26860.703092096002,11.577551299886228,11.478151299886228
889.4384320529116,915.5517304336082,-118.59685800972557,,
99.13582517560371,916.844391468582,312.27568738267496,16.413999308263367,16.314599308263368
842.2127810647262,919.8288045710226,6521.290457160771,13.114510880667996,13.015110880667997
1035.5903985109221,918.3803880721498,3357.2390083484497,13.835389089233123,13.735989089233124
252.37353143188983,920.0314744621869,3832.67153007876,13.691590739062764,13.592190739062765
677.4027024656042,935.4686641663139,330311.04258111725,8.853037008841639,8.75363700884164
973.7170628297187,920.5361139847608,4657.000845947241,13.480078948711805,13.380678948711806
19.946085802889133,920.6951765940324,3849.098626482627,13.686947142566542,13.587547142566542
59.395623709990126,921.4507874299268,1180.563659937821,14.970121214128369,14.87072121412837
433.943540771718,921.7396111012174,4214.247552786717,13.588544632538602,13.489144632538602
631.1906314793423,922.6058385664987,10809.899403079751,12.565790609698812,12.466390609698813
994.4709059057104,920.313277974608,5609.114878319348,13.278108903933497,13.178708903933497
409.8217216021549,921.0096556617094,62963.115141246875,10.652629223554028,10.553229223554029
722.0647309147495,920.9318137137378,264987.5875329863,9.092280912456348,8.992880912456348
989.64844028685,922.3212268599966,7391.721447762605,12.978480759733277,12.879080759733277
460.5036884217755,923.5018005369783,22597.363946398764,11.765200290057367,11.665800290057367
532.0819435152769,924.2008798189729,15010.578999942209,12.209351129475593,12.109951129475593
236.89606681827956,926.4032194207867,11354.299282823562,12.512443897239635,12.413043897239636
310.539069414439,930.9192315298218,70553.68975248298,10.529045413216387,10.429645413216388
325.3919055558416,925.6042821870209,48946.20524531853,10.926047173295947,10.826647173295948
1009.6772363094137,926.9316071749777,4245.037686737438,13.580640865290462,13.481240865290463
37.28872269531865,926.7952685817304,2923.046096523568,13.985755580147615,13.886355580147615
345.6666130362453,926.8302105308433,2841.964056136202,14.01629828859867,13.91689828859867
518.0993601568449,928.4313834031831,24536.246305438333,11.675824434188577,11.576424434188578
941.6170378499269,926.4007493858821,-436.2048835644581,,
484.06609445657057,929.0552268685328,12885.12740128169,12.375122948316244,12.275722948316245
606.2433782864011,927.5884874805577,-1464.8950554926716,,
624.8371820496596,930.1365809068947,5939.139480947069,13.216035928714732,13.116635928714732
1033.5924210395187,930.7400735592246,3092.9796731996707,13.924402076103284,13.825002076103285
333.851005910826,932.0700598420134,8260.174991915095,12.85787162088806,12.758471620888061
407.9441448856318,929.554875103571,95748.1234848265,10.197519062709013,10.098119062709014
434.6374389298654,929.4776946082046,62163.33970216358,10.66650889394793,10.56710889394793
502.8874979829677,931.0922669646862,13462.00509286526,12.327570364467217,12.228170364467218
90.07235574743743,929.6257678520785,1826.9644442891588,14.496019502380534,14.396619502380535
97.1931049734948,929.9800364826466,1771.8662635194214,14.529267392725131,14.429867392725132
127.44343637158748,932.5968966812701,16153.365714743133,12.129687176569737,12.030287176569738
146.84038028606682,932.710223645094,15035.35911028299,12.207560227227418,12.108160227227419
354.7081403867543,931.8176336327402,1180.350739247791,14.970317049862706,14.870917049862706
229.26963487498034,931.1400992707761,10653.455872990085,12.581618462385325,12.482218462385326
417.6902926324441,938.7048708327734,97102.05171519936,10.182273724721918,10.08287372472192
222.92026581234376,937.1703355674513,14640.334980775715,12.236467206298801,12.137067206298802
772.2104722185229,936.0649198995324,5181.381216896239,13.364230874746642,13.264830874746643
1000.1165925417404,935.837139346541,6244.370270347923,13.161623122344768,13.062223122344768
899.1732878237732,936.7155873464243,-1119.209074747413,,
20.520417091926745,939.1149000070782,8814.250472810758,12.787381271744417,12.687981271744418
264.9552903839803,943.416916151061,7194.451222557378,13.007850559577602,12.908450559577602
697.3060234956481,938.0212440528392,170856.37424870237,9.568766775916496,9.469366775916496
524.4136154428887,942.6186124394985,45569.36836978585,11.00366221843542,10.90426221843542
962.2491187753786,944.1163139242809,39192.906513717375,11.167326061783282,11.067926061783282
986.5103194543866,939.6587680167697,6965.7127224798305,13.04293084209733,12.943530842097331
315.818657050943,945.1267758013466,70115.17901935999,10.535814622715511,10.436414622715512
1078.4183646413692,942.7616743486689,680.6548572967406,15.56802737056301,15.468627370563011
56.68015782653544,944.5960517689247,5684.3004004498225,13.26365218778706,13.16425218778706
178.36260268129448,943.6863361646829,729.633871918105,15.492582272979817,15.393182272979818
655.8568709619099,942.95961630776,59410.02183721853,10.715695460744744,10.616295460744745
766.2724118379147,945.9845878564817,3839.911947186302,13.689541576522398,13.590141576522399
95.45286975750554,945.1894973146664,2119.5168541695457,14.334752554816152,14.235352554816153
286.1359739711025,946.405306840282,6960.1328493765395,13.043800917891172,12.944400917891173
485.0152382367096,946.6623104280795,26413.749874652764,11.595769588350796,11.496369588350797
722.2371788189391,947.965503573286,6742.022440239023,13.07836925652082,12.97896925652082
739.5666108205946,945.7901359524532,8560.421475642848,12.819106871119926,12.719706871119927
663.5331752124318,947.6470589864308,244709.10482405114,9.178719419950347,9.079319419950348
974.8930038304312,948.9453634102697,41754.11116871495,11.098596632836962,10.999196632836963
118.14717056952034,947.373397832943,15253.184616932595,12.191943423828482,12.092543423828483
200.14184840406176,951.4497892660861,11743.521831417682,12.475848842062401,12.376448842062402
942.7698878445543,947.6375639387225,28253.571817319083,11.522661342902243,11.423261342902244
1053.0738184453228,947.685063786008,-8.484956516906493,,
405.449739215509,947.8380025681175,94395.20225174056,10.212969937452865,10.113569937452866
512.7478029346944,953.5757707117426,55579.77007676398,10.78805287614567,10.688652876145671
554.7942165656606,951.6279605900604,21722.300138901133,11.808080215554751,11.708680215554752
709.3433401260752,948.3410435620144,9519.53393533526,12.703805524814214,12.604405524814215
26.06796906724639,951.214565679368,7881.863002044294,12.90877253591522,12.809372535915221
248.10657599920685,950.0768611112152,7117.8079362944245,13.019479078217511,12.920079078217512
476.0865923132016,950.6069045283092,20256.30464221675,11.88394419100551,11.78454419100551
921.34371008679,949.6557232623315,34738.04975186293,11.298331158698705,11.198931158698706
214.2427613029856,955.1435778972187,16925.14997332068,12.079013426652043,11.979613426652044
432.4888871222203,952.0907628938614,44786.766601883595,11.022470466976817,10.923070466976817
489.72434798670145,955.0172392298399,21849.91886282967,11.801720169251755,11.702320169251756
502.8447055359601,953.0633754824954,45558.69322436147,11.003916594348361,10.904516594348362
127.86770149224094,955.6987005503559,5245.605696420861,13.350855635075561,13.251455635075562
3.0688796234585105,954.245419250873,2855.950971174808,14.010967871953206,13.911567871953206
928.5082801810233,954.807844082711,33044.43874483758,11.352598791172932,11.253198791172933
373.781217763375,956.2161925934993,4506.675414726951,13.515704040992087,13.416304040992088
679.4789872207966,956.1501293321414,149007.4949580507,9.71732445669974,9.617924456699741
664.4884364116216,958.4655296053442,12076.765388224816,12.445468167090723,12.346068167090724
61.97027521125112,955.9575080409827,9567.785043597012,12.698316216775693,12.598916216775693
81.55604395324924,956.8783894744762,934.4128404480564,15.22399774635229,15.124597746352292
415.7286932590721,958.2367951832828,53633.33271271433,10.826757779883538,10.727357779883539
530.9495571856135,969.8983059438198,700248.9439543802,8.037213584427153,7.937813584427153
578.6875417136413,958.4548450364748,514.6875848752181,15.87148550959898,15.77208550959898
227.9187427829819,957.8562760393777,27958.511733966938,11.534059616622173,11.434659616622174
746.3491092323407,958.87736438703,52.834805036744115,18.343044467787088,18.24364446778709
480.85347030624257,958.1176867986505,21338.878167053048,11.827415781147613,11.728015781147613
1035.3570117831346,959.2348161829267,-218.1825433495938,,
464.09048315329625,960.4566329396158,3109.46696300439,13.91862987339948,13.81922987339948
718.0562309715028,960.7076665397801,43217.65078516152,11.061191850988088,10.961791850988089
913.9650617347716,963.9234658848211,36377.00031314268,11.248277531242222,11.148877531242222
1003.9415051604273,964.3170696811576,1829.4029147843821,14.494571323992854,14.395171323992855
317.5705983773054,963.775207323643,37800.658826425395,11.206596317750169,11.10719631775017
597.5326505449424,962.9682810221854,7798.500029010886,12.920317045506184,12.820917045506185
894.4005469736005,963.4813994034195,16095.202518539181,12.133603626808434,12.034203626808434
13.061590473701063,965.6053719246033,5959.296117700388,13.212357325583579,13.11295732558358
489.9803833845292,964.6192872970131,22513.0817841692,11.769257368188304,11.669857368188305
623.2314342901035,966.1626713662571,2876.3339416528884,14.003246475470814,13.903846475470814
792.7797582471246,964.6509431114683,44161.42589001262,11.037737022004045,10.938337022004045
202.6291619736123,967.155419858599,10601.465040434116,12.586930026896216,12.487530026896216
703.4859642387033,976.9353057433681,173659.5434536651,9.55109810341963,9.45169810341963
58.98544994774678,967.5691699295091,4981.116407005138,13.407028012853134,13.307628012853135
808.3711988461511,970.7031687899175,52380.598419608155,10.852418601533799,10.7530186015338
240.9053790943603,972.0310809431587,27481.02847576767,11.552762285429797,11.453362285429797
468.90629341369197,968.406186681776,2455.997309918913,14.174775023813769,14.07537502381377
730.1250033379507,971.2747772460411,25378.32514312167,11.63918734778038,11.539787347780381
331.9159124417721,968.9212027137783,2216.8038445136754,14.286026575882673,14.186626575882674
608.8971374735092,972.6305341570552,5513.400215899241,13.296795943477298,13.197395943477298
66.34447223735307,975.5421301254668,4484.928271774901,13.520955986544072,13.421555986544073
336.02023303024015,974.6440323294172,2738.8726332865654,14.056415149314672,13.957015149314673
662.4819606923105,971.5013502961551,4465.780383172604,13.525601336631023,13.426201336631024
906.3527264121199,973.7170409269208,26958.520103192663,11.5736046213195,11.474204621319501
101.73044946792153,973.972459633557,1001.2266895794194,15.149013695702713,15.049613695702714
155.03887145052394,973.3796730999571,-477.9602086758511,,
303.8233393090307,976.096994680448,26284.16242816205,11.60110938493055,11.501709384930551
291.93721689617263,977.6587188936446,25174.963849037093,11.647922601807974,11.548522601807974
742.1331722539453,974.5800272867104,6045.35258755798,13.196790651736137,13.097390651736138
588.8796785790245,977.4827484711724,5153.0678522111575,13.370180088260675,13.270780088260675
797.1723511993271,976.6619350240771,49767.246612273506,10.907985705925261,10.808585705925262
823.6490552858403,976.1326418193046,50021.64391850089,10.902449839904985,10.803049839904986
948.297679086558,977.2736837275477,2020.3881737593342,14.386757696451285,14.287357696451286
112.80691355871794,976.6504127347883,1998.0372739476418,14.398835776140048,14.299435776140049
493.0878982268948,977.3598979113734,2087.7558550396407,14.351145464962558,14.251745464962559
8.926415496793581,979.307593522155,3033.3087855337517,13.945553183317267,13.846153183317268
619.1421289203395,978.1116659194973,7741.690894889691,12.928255173002189,12.82885517300219
322.89605406059115,980.0841038639646,17048.30988992394,12.071141413218605,11.971741413218606
574.7555216104215,981.540623755612,8509.49077322723,12.825585811471825,12.726185811471826
767.8128366166128,982.4122259355105,-1974.6416586879577,,
324.26601767436017,985.0729903405521,4181.359802015445,13.5970508913095,13.497650891309501
741.7656202559792,987.4218290428477,64510.59173376682,10.62626717689777,10.52686717689777
870.823663769896,996.2089695318319,45904.52544757284,10.995705985529295,10.896305985529295
879.5532671173701,986.7560770768895,42438.63582963283,11.080941202623498,10.981541202623498
628.6116106361454,990.1568258148027,1668.3785121990575,14.594608271431124,14.495208271431125
811.079643636061,991.4890543867019,18154.970303896236,12.002855883584447,11.903455883584448
176.56261236985,988.8302628391795,3241.096455434295,13.87361485106229,13.774214851062291
397.9300252599843,992.1379599234024,21717.768105397663,11.808306761832075,11.708906761832075
443.99109978403044,990.3007974267946,4818.147579202896,13.443144495151408,13.343744495151409
456.2295856764043,988.5282965209975,4474.663367046574,13.523443819478324,13.424043819478324
1056.2276500314208,989.0986728417827,63.00870695683511,18.151843322609487,18.052443322609488
331.34243718313263,991.6027860493599,2766.793981157733,14.045402685143472,13.946002685143473
139.12627339036987,992.3337959724962,4274.506620002483,13.573129755725398,13.4737297557254
211.63590931883152,992.8655370336843,553.1379739525648,15.793261054223237,15.693861054223238
426.3286401801656,992.0530474765459,18166.443782139264,12.002169942717288,11.902769942717288
434.61961742859256,994.458957659587,8682.50021667857,12.803732733715947,12.704332733715948
777.2580856018456,993.1678559731619,74.28491829645202,17.9730931157034,17.8736931157034
937.9397640109268,994.7028663155116,4189.369681929422,13.594973027178453,13.495573027178454
988.8904728552677,994.1397667768664,167.6449032982108,17.08936885415686,16.98996885415686
1020.465790110225,999.2507908639426,20556.254161709454,11.86798479388914,11.76858479388914
82.3010688246166,996.275922979082,8509.802898945052,12.825545987704889,12.72614598770489
186.49681722525332,995.3879577008391,4017.6953039892833,13.640402247227659,13.54100224722766
505.3578050126156,997.7171640034131,417.31599289665587,16.099182169273778,15.999782169273779
565.3350227764705,997.0941617559878,9714.802866354621,12.681759760061112,12.582359760061113
733.5535349038533,1000.612202662758,64392.9800158261,10.628248430543007,10.528848430543007
472.0422604382261,997.6604610955452,-1862.7886775587644,,
778.8664348575375,997.121461200379,1145.252683096176,15.003091445983994,14.903691445983995
373.5368397717967,1000.1670698639942,-1405.4750786089182,,
424.6094370031257,998.4537918117137,17638.22662732536,12.03420744477125,11.93480744477125
1075.1896546552612,1000.7719223648168,2315.20724365051,14.238870059353866,14.139470059353867
411.68397395082405,1001.7477199306372,26589.897807851557,11.588553070208457,11.489153070208458
651.3952674507253,1000.9180897257635,1522.128375805224,14.694216535186781,14.594816535186782
164.41567140204455,1000.358728904483,3055.309618210927,13.937706672679472,13.838306672679472
462.2776284067125,1001.4946400408479,-70.15576865899362,,
574.4523903860108,1001.8147969374479,5449.039758921512,13.30954479890437,13.21014479890437
904.2857084057878,1001.7398744216315,6606.680740238163,13.100386439353311,13.000986439353312
266.68436612851383,1002.7381501652104,10691.87621761134,12.577709935310068,12.478309935310069
772.7203179169335,1004.0912787066254,2001.6258915552908,14.396887465521896,14.297487465521897
95.25868339910159,1008.0040731177057,11267.628738716137,12.520763418720072,12.421363418720073
329.9381530234934,1005.2185679766465,487.0089911983825,15.931502292599324,15.832102292599325
761.9069654907104,1006.1200373661858,3560.6690137339947,13.771515727805482,13.672115727805483
824.3704881106249,1005.8573248002031,7520.507496511249,12.959726869509423,12.860326869509423
843.4502732201674,1007.135831064626,10435.223102142925,12.604090394280997,12.504690394280997
105.1854692489831,1007.386052543997,25759.604766286357,11.622996752544411,11.523596752544412
606.3269684539167,1007.7979657073556,14029.455057873736,12.282742735320515,12.183342735320515
933.0266428926375,1005.9335464879435,4174.539785819342,13.59882322954013,13.499423229540131
140.65710076628957,1008.8480286600054,11906.552798400618,12.460879635410059,12.36147963541006
120.02440119824615,1011.8448106808511,24457.6006647572,11.679310116495847,11.579910116495848
190.96651655288517,1008.8603122424139,11146.254776531732,12.532522326370259,12.43312232637026
301.26035365046465,1008.3090687514879,1730.4352843528638,14.554956335816048,14.455556335816048
427.45797584478197,1009.2198138001089,19759.89763547666,11.910883014691795,11.811483014691795
553.1332032867941,1020.1464887653445,67477.27897380457,10.577450837484516,10.478050837484517
584.0800028269923,1012.5469192148953,2646.4154918405384,14.093699665281996,13.994299665281996
32.58225336627447,1015.6291876163878,4303.341372961479,13.565830243495435,13.466430243495436
178.07448966660218,1015.5095737088628,8180.996941561023,12.868329165013966,12.768929165013967
271.28869855744693,1013.9547540902394,11272.207897631768,12.520322265683282,12.420922265683283
621.8017679545069,1016.22613389561,15587.95459900645,12.16837191024373,12.06897191024373
746.5070485259824,1014.1845205396842,49563.190547896396,10.912446601797539,10.81304660179754
768.3091918593733,1014.081331752067,14245.180691716749,12.266174834818752,12.166774834818753
830.6184690563904,1012.9163912387187,7192.168264114197,13.008195142355902,12.908795142355903
522.923084240401,1016.2255454362929,9028.837712294653,12.761265123463376,12.661865123463377
251.2365729171726,1015.0054434856363,10448.573516655144,12.602702233821136,12.503302233821136
908.3606550382787,1018.5628196757908,7496.854450215942,12.963147042778601,12.863747042778602
965.4430846701181,1016.508814826768,1487.756410542341,14.719015165124855,14.619615165124856
261.80505412418626,1017.9965696367872,11248.148561085298,12.522642131511068,12.423242131511069
303.51170298124214,1018.1272767517571,2737.760220477853,14.056856218456941,13.957456218456942
595.5935803502986,1017.705293698078,6069.0406089616135,13.192544632176073,13.093144632176074
855.8609632255087,1018.310318895865,8089.781167642742,12.880502806011645,12.781102806011646
433.8605963116144,1023.2393999204605,8389.902870860122,12.840952408092791,12.741552408092792
17.838576081386748,1021.9805066402201,7700.6536606186155,12.9340257625284,12.8346257625284
934.720035765461,1022.5896979737132,3668.501026080756,13.739123128560598,13.639723128560599
1011.2322608335695,1021.7831571151592,97.91568523001058,17.673214071955083,17.573814071955084
840.9198365741642,1022.9136233382252,5859.013460951941,13.230783501292118,13.131383501292119
314.37002455917064,1024.0922161818144,9823.873646878834,12.669637820754485,12.570237820754485
320.8197492527914,1024.2903700373556,9647.238594089864,12.689337191857057,12.589937191857057
327.1385070252199,1024.6126745985737,7479.496204639602,12.965663875423214,12.866263875423215
657.8612299608233,1032.9388726725401,108598.20558088255,10.060788117616918,9.961388117616918
771.1390065427657,1026.67201741659,12147.380374475422,12.43913816354043,12.339738163540432
67.06874129339288,1027.5900290738125,2045.2936664241593,14.373455557035777,14.274055557035778
91.48960723489616,1026.6073572272785,2263.8187471750052,14.263240610552057,14.163840610552057
606.6947747070947,1028.5534330358505,23853.57457432572,11.706461067277662,11.607061067277662
200.98886950589107,1028.1682044009897,1874.2561809858466,14.46827236138924,14.36887236138924
862.6510755584139,1029.8077337683346,1860.9886074672302,14.47598545454172,14.37658545454172
11.86266355663361,1031.2483184252017,8374.009925357132,12.84301106250269,12.74361106250269
326.38093800718,1032.3950210642229,19123.430140601246,11.946430256597338,11.847030256597339
537.4376247831115,1031.3212978426143,42866.50310666417,11.07004959878801,10.970649598788011
742.8011994451947,1030.5163141172334,-1634.523849163476,,
954.0864553772291,1030.1221658241589,504.4955789337896,15.893201328969676,15.793801328969677
445.2686961326012,1031.9126028981032,5428.692682399807,13.313606598277529,13.21420659827753
921.1534237565261,1038.1601945984066,7955.247931181837,12.898710442513204,12.799310442513205
153.7772100364616,1035.287538102544,2203.186074040735,14.29271679621586,14.19331679621586
378.70823274919894,1034.2450706578345,-1506.9726550223766,,
473.970170547452,1035.2266569019355,22099.502367677305,11.789388504678302,11.689988504678302
108.69504521162176,1035.771078781096,-219.47159746453877,,
280.29112205697834,1035.792797714992,-171.9745611807994,,
399.30095506488186,1036.0590822184408,5411.3549923404025,13.317079677810142,13.217679677810143
407.313649203647,1037.0294623685065,4931.057602704563,13.4179945512167,13.3185945512167
485.4933107827148,1037.288619901598,1972.8859314556305,14.412589801043193,14.313189801043194
603.7284303442294,1057.7967236660138,1703464.6771761568,7.072011909461093,6.972611909461093
40.64486583096041,1037.9644494743327,2817.2736378042046,14.025772162160077,13.926372162160078
885.9777086895843,1038.5331742364344,1232.3781311703247,14.923484783120545,14.824084783120545
5.029551533480992,1039.0098505111603,7240.13903027585,13.00097747599996,12.90157747599996
210.35952627248375,1042.1999111244177,1739.4693848266675,14.54930276716804,14.449902767168041
630.8153956807231,1041.7968270203755,10269.347946625821,12.621487568525996,12.522087568525997
1048.3714038215667,1040.5879055226324,1.776898554678155,22.026188155499746,21.926788155499747
56.95633397255566,1041.9137355819323,4247.4378438915965,13.580027160233707,13.480627160233707
463.3346521565766,1045.1454501674013,22833.95321517512,11.753891973550765,11.654491973550765
780.1218115388382,1043.3091849724299,9525.456123786103,12.703130288481743,12.603730288481744
930.884274806158,1042.1009268574276,7574.829927120055,12.951912524909204,12.852512524909205
166.93817938672103,1042.8014003318121,1948.9617828554988,14.425836432940551,14.326436432940552
318.785606328449,1052.2717969270354,62352.411340340346,10.663211606995615,10.563811606995616
13.004728457525443,1044.7928387544189,7727.857546195368,12.930196971312732,12.830796971312733
429.4027859701747,1043.3690934573228,757.4182276938621,15.452005359642051,15.352605359642052
154.68997096483727,1045.5302635976502,2250.517531754937,14.269638739556356,14.170238739556357
358.5443574441069,1047.358884893144,4204.416710753201,13.591080356885495,13.491680356885496
500.6944737788712,1046.310848882915,5739.568446488038,13.253146642332092,13.153746642332093
666.8973316020789,1047.2738862709343,103398.79350815034,10.114056062534308,10.014656062534309
974.125402992696,1047.1423655371782,3499.333478071095,13.790381411579489,13.69098141157949
518.6106070544779,1048.056643499674,7129.359308663639,13.017718483184344,12.918318483184345
899.4468585109014,1047.3679539141292,1513.1589261908357,14.700633380487343,14.601233380487344
391.6462980031869,1050.8545496483478,7114.109042193995,13.02004344678977,12.920643446789772
154.26809659759212,1051.8895652763244,2948.5383008772706,13.976327806912796,13.876927806912796
1064.2707404682844,1052.5860355129769,11938.37800735637,12.457981425942709,12.35858142594271
404.4750033182128,1052.8589534924358,6856.37549621595,13.060108255430247,12.960708255430248
864.5184001624456,1053.1308264308077,2997.5782222752305,13.958418428514399,13.8590184285144
466.7998354972923,1053.7246704512775,22968.7637312053,11.74750068978171,11.64810068978171
703.8727025579011,1063.941688346162,536426.6509446674,8.326568874536994,8.227168874536995
534.5511470461176,1054.883581214735,4895.306898150443,13.425894930964263,13.326494930964264
102.93829150611583,1055.933773234899,-407.7880168340217,,
296.8244789562004,1057.2924723253093,8366.073702267042,12.844040525147582,12.744640525147583
411.63349673584474,1056.5785188397674,4510.600352707813,13.51475886694035,13.41535886694035
992.9493321849276,1056.177192999806,1272.116940140004,14.889027150924544,14.789627150924545
1077.7412460068292,1059.2099829058045,9263.209572825464,12.733441016434977,12.634041016434978
524.366725767484,1060.0313944915986,6874.124238781371,13.057301298145743,12.957901298145744
971.354128294471,1059.888240986736,5196.760405088544,13.361013005064187,13.261613005064188
23.508319096061587,1064.2737102662993,5940.188071392524,13.215844252442057,13.116444252442058
568.2434492062276,1063.3476951490727,3671.036743399094,13.738372912322584,13.638972912322584
174.76080660093402,1063.004823894475,-789.1402578192698,,
63.82917803800097,1063.961758908218,1529.589154716306,14.688907751633167,14.589507751633167
505.0301943740791,1066.268163365817,9593.598794418007,12.695390860127226,12.595990860127227
1059.2063112485932,1067.005961910806,11526.138098926975,12.49613519396971,12.396735193969711
343.5898008330013,1066.614900607372,5068.256561617176,13.388198262495965,13.288798262495966
382.6681081802299,1066.042014023584,3528.913443030281,13.781242225412008,13.681842225412009
998.05839223037,1065.0142033735913,385.2196324859115,16.186073709337087,16.086673709337088
256.14775851764244,1066.5643271950714,753.8134038598137,15.457185101899876,15.357785101899877
297.74432375494376,1067.0451480549139,9672.377617996299,12.68651163222766,12.58711163222766
372.9162638649579,1070.2777763813408,1829.2427894822326,14.49466636125637,14.39526636125637
662.316799906712,1074.3225942293618,224876.36153187594,9.270485226187928,9.171085226187929
147.51880808729967,1070.9434870589844,1146.3912728784617,15.00201256263696,14.90261256263696
133.13739205210948,1071.2786114932944,46.85872237984441,18.47336863270602,18.37396863270602
445.8123362193488,1072.8975570096038,1185.6633306153399,14.9654412694893,14.866041269489301
676.0875891278494,1088.5469242140093,430858.8452053489,8.564507207994653,8.465107207994654
784.2192144125787,1072.3270287503108,3584.65072115173,13.764227626858052,13.664827626858052
263.6567957898645,1075.156749815313,859.6497628902451,15.314540871453943,15.215140871453944
504.60780210349054,1076.557571471472,7074.624602123848,13.02608624071976,12.92668624071976
30.844680765851546,1076.5080202635354,6415.895976044505,13.132201455989891,13.032801455989892
227.09111683025193,1076.695771952297,576.4870848559112,15.748370785363011,15.648970785363012
310.61195186308,1077.7172254417599,10268.776151928818,12.621548023726422,12.522148023726423
809.3535196541515,1083.4183182366087,85076.71680151147,10.325817936566176,10.226417936566177
848.9300100686194,1076.3927573632277,2022.979793363486,14.385365878718446,14.285965878718446
16.56458730055248,1076.9671230862803,5620.643264833693,13.275879685662073,13.176479685662073
461.66095051289807,1077.0769567149125,1595.1140958936166,14.64336535857875,14.54396535857875
294.01246302941223,1078.660316460779,6347.570355418283,13.143825932717018,13.044425932717019
447.8903224406661,1078.557569648272,1266.760186398824,14.893608727595804,14.794208727595805
1061.1984123022946,1078.291286815496,11613.288607633764,12.48795669316398,12.38855669316398
937.2826476685112,1081.791762868648,2799.409965060675,14.03267848019969,13.933278480199691
200.33132540964007,1080.9699256030642,-73.72306817139645,,
755.6053564922339,1081.7800618430786,3949.9391120458235,13.658868738098597,13.559468738098598
765.4219613204375,1083.0136568801533,862.1616465341494,15.311372992632633,15.211972992632633
1019.1111820291142,1083.7498609144095,4154.21819009763,13.60412148314806,13.50472148314806
1066.5138029808024,1083.501765732584,11345.190486212894,12.513315260507571,12.413915260507572
337.33279312799107,1086.2776209348326,8120.764996459715,12.876352383770078,12.776952383770078
841.2269268671197,1086.2934122286345,1932.1395798080207,14.43524849800395,14.335848498003951
926.5584369511093,1083.9225926093197,3357.1866763372273,13.835406013617106,13.736006013617107
234.90159179613724,1085.7517514240255,1552.3622609362383,14.672862050320065,14.573462050320066
489.431190373634,1085.689527388968,4693.956140692886,13.471497172447894,13.372097172447894
26.182983532636065,1087.5552683052833,1613.1413538791144,14.631163678898607,14.531763678898608
81.899985134719,1086.9762449148357,660.8479385418677,15.600090891787412,15.500690891787412
982.8340453645851,1087.166869339915,-705.3890905010696,,
1053.620633487436,1087.808026976911,14298.627275829936,12.262108877026748,12.162708877026748
178.09219999304858,1087.8770175524996,264.6923887989111,16.593491107293566,16.494091107293567
92.62089946574632,1089.0669860389078,3213.590538482731,13.882868390600756,13.783468390600756
568.724770505733,1088.0685442147783,1427.7806092343926,14.76369104205384,14.66429104205384
373.1050569536347,1090.3021486908485,757.7622346282243,15.451512348018642,15.352112348018643
539.8766962415048,1091.2845227241671,3363.5733236557207,13.833342492137982,13.733942492137983
626.6419356091833,1093.0365959707094,37987.87746079027,11.201232169741404,11.101832169741405
85.54923893758895,1092.2328553876805,939.2347132232906,15.218409402488604,15.119009402488604
329.10974724543837,1091.841849706016,16137.15588984323,12.130777254671324,12.031377254671325
109.37940830969744,1093.4020785038304,5929.085748822144,13.217875412438822,13.118475412438823
713.7405253543802,1093.865656737504,1440.1786362950502,14.754303830069203,14.654903830069204
1014.6330991123135,1095.548561426277,33482.005116224114,11.338316094702716,11.238916094702716
205.16091792550714,1094.9171783856398,1982.1121745502223,14.407524168107585,14.308124168107586
312.2663976583853,1101.0497551739884,27020.23379397472,11.571121984623828,11.471721984623828
744.7802449423194,1097.261556112576,4154.951536511264,13.603929834456272,13.504529834456273
161.14563152293647,1096.2542977697904,7741.974597816629,12.928215385712887,12.828815385712888
326.03590599527166,1097.234063089223,24443.144044801935,11.679952073023681,11.580552073023682
412.7858377254949,1097.6582572922423,-551.4765589584036,,
350.7181251694182,1099.3300298348227,3249.6864572170653,13.870741089451437,13.771341089451438
566.3765854988314,1099.1176064180881,1456.3973106136668,14.74214507003448,14.642745070034481
492.3696228452982,1097.9778918411778,666.5847294605999,15.590706339895409,15.49130633989541
525.6803203545793,1097.9739853233907,4503.6320697689935,13.516437483204967,13.417037483204968
5.026311274852084,1099.4103230227443,-777.1321786177435,,
228.90133172901966,1099.0202556390705,3044.234317818292,13.941649547083273,13.842249547083274
461.3931916488298,1099.8190012341734,-865.7261045387495,,
724.9355974065741,1099.3188165212082,1753.8370705151979,14.540371627176782,14.440971627176783
122.4790920287633,1102.3720678688003,6409.60150487275,13.133267166820968,13.033867166820968
332.8575818578304,1100.5635884110393,12172.23670642811,12.436918767665405,12.337518767665406
928.2742833778597,1102.5973339411482,3260.1803208838505,13.86724068676486,13.767840686764862
954.8552961614299,1101.8395809578058,2853.821400313257,14.01177776493729,13.912377764937292
944.0419539762939,1103.85637755307,3947.073761537952,13.65965663473041,13.560256634730411
245.28601585079159,1104.3353869577613,1387.4604677958603,14.794793196169305,14.695393196169306
576.299293078881,1102.7564018864127,185.33266816733737,16.9804647953539,16.8810647953539
295.66555140929756,1104.671403429131,15415.021080927767,12.180484433304311,12.081084433304312
511.061338683818,1104.6838694257656,386.6574082872376,16.182028901771126,16.082628901771127
1059.9752448129436,1108.7805394614547,61659.16561634843,10.675350632083209,10.57595063208321
380.06428999498826,1105.6474554296317,-784.5371433634525,,
168.24245810858545,1109.622167071616,6932.818342585551,13.048070188939477,12.948670188939477
653.5928637862492,1108.5995377660422,13302.349623610065,12.340523845410248,12.241123845410248
214.16212915638485,1108.1510481754567,3368.3760253420614,13.831793321840985,13.732393321840986
58.15188819151108,1109.9524287265563,722.6009207517557,15.50309846422185,15.40369846422185
695.42687219583,1108.625372357011,-752.1291291822545,,
1015.0766646685832,1112.7157580519647,43704.63849641647,11.049025909984543,10.949625909984544
90.90384192538077,1109.1137418287851,441.76865259198354,16.03735750181962,15.937957501819621
97.58415693430672,1109.1242255891793,2929.253693560292,13.983452275253217,13.884052275253218
154.10224361659436,1110.4970373488438,17569.701015384187,12.038433812908536,11.939033812908537
1041.5772219280764,1109.0908239320095,49907.68163263479,10.904926250762378,10.805526250762378
263.1545254586517,1111.8661169514187,3432.856582481625,13.811205591028534,13.711805591028535
859.7063721855087,1117.3879918203706,54123.307200336014,10.816883925103808,10.717483925103808
995.4389633391972,1116.3821968158672,30789.034244159295,11.429354574129897,11.329954574129898
206.52471446209157,1113.875113414823,2803.9373641619954,14.030923971011319,13.93152397101132
431.83425456998987,1120.5214355799126,11283.110612287259,12.519272626508524,12.419872626508525
898.1534617120543,1114.8995841414326,1860.2087387209085,14.47644054018565,14.37704054018565
479.05764233458274,1115.8690007225598,6176.044959061421,13.173568618708362,13.074168618708363
313.68679815767536,1116.980471627091,40034.01434435342,11.14427188965062,11.04487188965062
109.01386347529922,1118.1205334910721,2207.961176279725,14.290366159017328,14.190966159017329
590.0322419798729,1117.7863357783815,55296.27283945368,10.79360509242566,10.69420509242566
786.1287951396766,1123.47235779198,42321.08473139728,11.083952764347561,10.984552764347562
145.23176659917615,1123.848678074835,15768.308502735275,12.155881970243836,12.056481970243837
483.6527138580854,1123.010947956241,6645.871322935725,13.093964920184092,12.994564920184093
1048.813506200105,1120.5214719124679,58353.092720164896,10.735185044154736,10.635785044154737
264.19573387670636,1122.8597490740547,7276.687417521814,12.995510442107394,12.896110442107394
388.87554298594813,1122.8048049783804,5724.573692285901,13.255986864758803,13.156586864758804
173.54300632716064,1123.4792452576792,2848.4235742398073,14.013833312172322,13.914433312172322
234.99319002671018,1125.2459051393,2911.990631709144,13.98986980712907,13.89046980712907
308.31503375355277,1125.951013769755,22471.133047217234,11.771282312975062,11.671882312975063
798.9074195899765,1124.213199263432,40542.17272132259,11.130577191938267,11.031177191938268
206.22655883232056,1125.517238907433,1147.0535960137458,15.001385463867791,14.901985463867792
223.33574125998462,1123.8761813094602,2188.681027211596,14.299888557743621,14.200488557743622
298.98086394926435,1124.7351316364804,22251.19931399572,11.78196118096884,11.682561180968841
751.9641191735292,1134.022425916699,364830.1355487012,8.745117979388066,8.645717979388067
359.8294371464724,1126.790292369754,64819.838205469714,10.621074884092634,10.521674884092635
687.114225595653,1127.0727216079022,-3076.3039776229234,,
340.5228786718193,1133.364055646778,107480.78743992814,10.072017641872517,9.972617641872517
847.0254426787284,1128.7467795673397,56695.13283579496,10.766480297825588,10.667080297825589
399.0541687934751,1131.8938756570456,6540.193067464008,13.11136831839168,13.01196831839168
893.3115095445165,1129.6409484434823,4860.527559252782,13.433636215947052,13.334236215947053
589.3247650984366,1133.6022292289747,57696.6424734537,10.747468388021044,10.648068388021045
16.638555108545724,1131.0748145971888,1051.1602994002608,15.096172365929673,14.996772365929674
127.04441042649562,1131.167464250141,7802.8423579909595,12.91971265855134,12.820312658551341
1071.4370559162428,1131.1985258078562,11547.166401511464,12.49415618001778,12.394756180017781
624.9567909830886,1133.2787287344097,3443.38343960437,13.807881274601922,13.708481274601922
1012.9167284253538,1135.1662021882441,17836.30419222948,12.022082564547034,11.922682564547035
250.02993111721574,1134.4755840847986,7449.006799945848,12.970098813950537,12.870698813950538
36.36847488393864,1135.475990871127,827.5731002091428,15.35582882644564,15.25642882644564
1029.103583625014,1136.4868398936221,11916.968357727997,12.459930275279712,12.360530275279713
82.18024778818122,1137.8370211672961,3830.8930826138358,13.692094662480438,13.592694662480438
835.1314586830456,1137.7596974322826,17937.81592466189,12.015920833185838,11.916520833185839
120.56694317318869,1137.693105669144,2211.4293165587865,14.28866208410327,14.189262084103271
367.6004487911865,1142.1458219674164,30059.74364308103,11.455381559528181,11.355981559528182
641.1500529954153,1137.0371315407199,3361.3333664735705,13.834065774351927,13.734665774351928
789.0335982442252,1139.4735361617816,40083.355840935714,11.142934555290156,11.043534555290156
873.0415709716757,1145.0256928467609,104737.39132476057,10.100090358752952,10.000690358752953
271.1026189661016,1140.2054326478485,9603.16716113804,12.694308519169098,12.594908519169099
449.8268942810275,1140.5993120405399,18849.35712737898,11.962103383696693,11.862703383696694
1057.1913177634917,1141.9417690789164,11100.046791574521,12.537032716936881,12.437632716936882
699.3857474893564,1141.99206081515,1862.187280170683,14.475286351176187,14.375886351176188
7.14777136160485,1143.9317973892805,4869.364623351489,13.431664000244373,13.332264000244374
165.06934138749597,1142.036590894601,2003.6881833566235,14.395769398359384,14.296369398359385
264.84021715695155,1144.232150131997,15333.170456213986,12.186264831571691,12.086864831571692
641.0849124434984,1145.9859846316933,2413.225987265374,14.193849757145589,14.09444975714559
581.8890125121899,1144.7424633932121,58054.112968005255,10.740762256549454,10.641362256549455
622.9082507372651,1145.7914673024668,6149.574496507551,13.17823207336712,13.07883207336712
220.7674154588826,1146.284857428537,218.51242362103932,16.80165440573247,16.70225440573247
332.0502059582231,1147.24481454207,101965.60692311177,10.129210469263281,10.029810469263282
823.2794829758043,1148.1396369623026,10014.973765320707,12.648720200825998,12.549320200826
893.7384584112722,1146.5436769982966,37479.304727057024,11.21586592637115,11.11646592637115
973.3702541756419,1147.8822611257722,-1350.310222275734,,
179.20172992862052,1150.2123794467798,1541.4046368875843,14.680553088002743,14.581153088002743
253.11955641969806,1148.62213823314,16699.726008908758,12.093571376341773,11.994171376341773
398.0867005318908,1148.3077711765486,15067.53347274514,12.20523932843699,12.105839328436991
300.54772084497057,1149.7432802895974,-1245.366612009987,,
357.7434667789337,1150.1038150340278,30075.48451104367,11.454813159568413,11.355413159568414
464.57361767223733,1151.4982016263907,22495.330234455316,11.770113808144743,11.670713808144743
268.6237147786661,1151.1651228120343,12258.475470606885,12.429253584862114,12.329853584862114
435.8837784950933,1153.3861151453384,2265.5541098074036,14.262408642776354,14.163008642776354
594.1881785529143,1153.1674833791367,26521.454814260334,11.591351382568082,11.491951382568082
8.956369967899981,1155.7190101905855,5190.555392584725,13.36231016549696,13.26291016549696
347.55378703785453,1153.6417218845754,20746.720078419312,11.85797112241745,11.75857112241745
683.2698909107212,1158.67581896388,89495.57534374762,10.270840829889062,10.171440829889063
1077.505879630593,1154.9700173758597,893.486445127858,15.272624819987147,15.173224819987148
830.3388188651084,1154.2322207803766,9589.730830252045,12.695828697444604,12.596428697444605
85.73007227098378,1158.3355274258563,8773.680065255492,12.792390256554375,12.692990256554376
749.1254918808263,1160.1303399005278,19155.66542981779,11.94460163299352,11.84520163299352
257.8060407299527,1156.5161237721384,13573.859880909136,12.31858633631759,12.219186336317591
290.846419969805,1156.6450876272154,-1512.3731999557695,,
97.57283687815182,1158.3438140758158,9362.411349687372,12.72187544451325,12.62247544451325
24.395857499589262,1159.3873126613748,3895.0540339126874,13.67406102382946,13.57466102382946
236.85754817411265,1160.8139703825298,7672.2663246881275,12.938035565927862,12.838635565927863
265.31766502215714,1160.1978985222793,11958.344335697366,12.45616710427221,12.35676710427221
392.70969013094424,1159.609462852079,8923.74241567594,12.773977176122827,12.674577176122828
441.1070700095601,1159.598867306221,4601.458998795228,13.493105849248682,13.393705849248683
605.8566326487439,1160.2109244767985,2910.115140750263,13.990569309537912,13.891169309537913
110.77068508284047,1161.4898469386576,6039.990348102975,13.197754129219224,13.098354129219224
455.28619335955244,1162.4063630890155,29027.300968545896,11.49332810097913,11.393928100979132
126.3851285939287,1164.3321535564044,4057.1576705899483,13.629790026451698,13.530390026451698
422.7350749068563,1162.417925536502,537.9208190258583,15.823548858251684,15.724148858251684
3.865375976030709,1164.6426838844889,3901.4248694880307,13.672286620675429,13.57288662067543
710.8710955090355,1165.786024496767,7965.036891903825,12.89737526157639,12.79797526157639
533.1237479082279,1164.7507806656465,51375.64747096669,10.873451470283277,10.774051470283277
770.5542882991456,1165.761134175673,-941.581101162325,,
212.79510142919978,1168.258645610267,7923.369998540231,12.903069899016863,12.803669899016864
568.9673636462313,1172.7420077636089,41194.50836831746,11.113246430315375,11.013846430315375
673.6081290471027,1168.2462922454029,88942.22591590126,10.27757475542881,10.178174755428811
391.13981949850887,1170.6911982336374,10829.905763031686,12.56378304675199,12.46438304675199
636.9008543847856,1174.3556311291932,18406.38370193372,11.9879235629041,11.888523562904101
928.3851902052928,1173.6603484375921,2233.9460504929048,14.277663038891149,14.17826303889115
257.145424323288,1171.6272054661836,10444.918958976868,12.603082054057392,12.503682054057393
323.6900964304226,1173.5871786242142,18388.83307474503,11.988959314529957,11.889559314529958
488.17243557982215,1190.7393817183404,680226.8324676824,8.068710342598365,7.969310342598365
507.0612930160041,1171.6533433389823,5669.344676269629,13.266512587331528,13.167112587331529
918.3131289066599,1172.6405510767258,3046.3749805929024,13.940886340954492,13.841486340954493
249.78906139408406,1173.0745368426903,12891.07360362075,12.374622020559388,12.275222020559388
541.7550416883873,1178.4658517781843,57739.66189669109,10.746659149580266,10.647259149580266
590.5881475005776,1178.5563462191633,99021.93060346154,10.161016267271888,10.061616267271889
744.2894665276276,1178.7579539233604,12648.676177391497,12.395232055237592,12.295832055237593
221.26783184408964,1174.8443995220193,10163.272054420615,12.632760863023481,12.533360863023482
798.812601913825,1178.2502870225424,24870.282703041543,11.661142935849114,11.561742935849114
109.1667655439963,1176.6868852341313,9276.28942606807,12.731909014672095,12.632509014672095
899.057510226717,1178.0478449142076,312.43453144041257,16.413447171471248,16.31404717147125
458.3659522354173,1178.2292845687016,20716.79939955614,11.859538088770545,11.760138088770546
787.4963001959209,1181.5915400846793,20503.201142953214,11.870790560057435,11.771390560057435
854.3293146387502,1180.8492167426573,128.94317834616345,17.37434881322216,17.27494881322216
95.3686366295743,1183.4078087086207,8985.284858500036,12.766515115755288,12.667115115755289
266.71229673000465,1182.0134584018658,1718.9330150293,14.562197358198418,14.462797358198419
842.7666916239164,1181.7380540380611,255.58945289173516,16.63148741992243,16.53208741992243
808.8465489153912,1181.9120267829912,23205.449215186443,11.736369790803975,11.636969790803976
336.19098432097286,1182.8044511765936,18897.31652237662,11.959344397301741,11.859944397301742
187.28455233493924,1183.8810757681263,1257.0917654253972,14.901927286881136,14.802527286881137
550.4455562275249,1185.3941670047109,58128.1527959334,10.739378435496741,10.639978435496742
390.40447019359664,1187.1071629890887,1287.9179144776535,14.875624280463185,14.776224280463186
462.53924062759177,1187.8665528633478,24267.33838354753,11.687789375827078,11.588389375827079
717.4773758819224,1189.3380639900645,57172.38631760409,10.757378941755363,10.657978941755363
700.1602378429328,1193.7837837883444,62262.565347988304,10.664777214376754,10.565377214376754
799.9749499493657,1192.8056698805647,30009.03613386376,11.457214624620967,11.357814624620968
31.82691844928427,1193.0777913394872,15640.641311088037,12.164708349752146,12.065308349752147
183.04063780809915,1193.3407581987385,2773.483216729942,14.042780885362472,13.943380885362473
832.3822017428688,1191.1683915469948,9.657750281915355,20.18815481135982,20.08875481135982
532.4036433721916,1194.5966136626946,48080.375577318024,10.945425112077407,10.846025112077408
1006.78144784485,1193.556957984012,4058.648591053493,13.629391114429476,13.529991114429476
1038.6942670966928,1194.7917753302997,2993.7475505651814,13.959806802202818,13.860406802202819
59.995858525678656,1196.7966995096215,4258.371635348458,13.577235839829092,13.477835839829092
215.39715794852827,1195.182896793104,208.33019897217724,16.85346416915924,16.75406416915924
199.34017572280163,1195.1659100449426,1565.8367923505784,14.663478507184077,14.564078507184078
302.6921776659796,1196.307239563716,-1162.668062948662,,
331.71064596856905,1196.405152073064,4201.090121663482,13.591939745491953,13.492539745491953
747.3905886752619,1197.4155056558361,20350.663920566567,11.878898285202458,11.77949828520246
779.462589599548,1195.9336869995286,13982.025392156209,12.286419524525154,12.187019524525155
140.78085690212782,1196.1304954339125,1407.7890423271542,14.779000789508371,14.679600789508372
978.3614726226851,1199.6929593062077,7232.993239901825,13.002049592775553,12.902649592775553
15.92512811697291,1201.988249752875,11355.27385522179,12.512350709355289,12.41295070935529
727.3054011563955,1199.0361556822904,15590.377943850404,12.168203131927227,12.068803131927227
41.816309564706124,1202.0408727807837,7169.101945797804,13.011682850347732,12.912282850347733
759.2461527599656,1203.395226263347,15569.263861253145,12.169674543412512,12.070274543412513
1014.1088528043866,1199.6023945592592,4398.805895730772,13.542007744596877,13.442607744596877
152.94762957391728,1201.8583182400394,3077.6826975192243,13.929785133332349,13.83038513333235
538.8228305005928,1202.290621706128,6997.426153021723,13.03799893112377,12.93859893112377
523.4116284117713,1203.5436959342796,18755.825985245785,11.967504253910933,11.868104253910934
333.8341894204186,1205.1815841968807,3624.7555685976404,13.752147926458324,13.652747926458325
478.74452374425357,1204.6353622324982,634889.7059383898,8.143599026998025,8.044199026998026
959.7814055093404,1205.6982697527321,4041.8453587174054,13.633895507367665,13.534495507367666
786.8741073420225,1206.3704121417472,14931.63908288045,12.215076030970435,12.115676030970436
855.0591411322008,1206.503135875993,6132.951798449825,13.18117086229171,13.08177086229171
984.4579471837476,1206.211070782612,16045.921333474627,12.136933094005308,12.037533094005308
1000.0167956132465,1204.0965872522468,16305.630159956076,12.119500771904011,12.020100771904012
112.76574448392,1208.0196156238933,6404.996149062349,13.134047558354037,13.034647558354038
645.4794927803183,1204.8502508331087,-189.65368088568266,,
407.1910829583293,1208.8567727806458,615.7693073954664,15.676799645788286,15.577399645788287
420.36251684272474,1209.382827255498,830.818134305224,15.351579822438502,15.252179822438503
173.4235746612398,1211.96724279134,5103.228052706244,13.380732299548344,13.281332299548344
242.74400873108073,1211.879528173722,4679.534040024167,13.474838213810086,13.375438213810087
607.0005528047461,1211.4992095910268,1480.5329313716456,14.724299561245779,14.62489956124578
631.4199446079174,1210.8753236790158,1611.45717391055,14.632297820291846,14.532897820291847
838.1141587441408,1211.8234205909666,6864.645184890117,13.0587995041804,12.9593995041804
1007.2594300810982,1211.2907850906076,12189.330285704757,12.435395128324693,12.335995128324694
271.64197790680515,1215.5832249172101,35552.824124346495,11.273159479657656,11.173759479657656
376.92965002173264,1212.0663394643334,3846.3862470605704,13.687712507896968,13.588312507896969
507.336284441026,1215.9338614110793,26158.923753864306,11.606295060729218,11.506895060729219
231.4230375612323,1212.220634486781,2943.4587032535187,13.978199873177665,13.878799873177666
383.64654425436595,1213.0365608795285,2993.3549027609156,13.95994921230545,13.86054921230545
696.9323140971593,1217.255587709929,47681.964836556916,10.954459382951477,10.855059382951477
905.329401598898,1214.1067138748654,1982.0748900967346,14.40754459150354,14.30814459150354
123.40013375741822,1215.7311743328362,7031.892114815299,13.03266424313385,12.93326424313385
251.461357334465,1216.4906423518669,12308.076356320562,12.42486928616481,12.325469286164811
991.9320074048402,1219.1376986943944,17562.998302939624,12.038848092357632,11.939448092357633
359.77990691596966,1217.193678117223,1736.8070560715714,14.550965803657034,14.451565803657035
1078.0941854770106,1218.4465896862923,-7.406404825468314,,
380.5201475101929,1222.04119355502,5269.221980622053,13.345978503717394,13.246578503717394
176.29039024297487,1221.0127798448605,6321.233595494537,13.148340141803953,13.048940141803953
628.3150878954657,1223.817213818358,677.3408328053799,15.573326597273166,15.473926597273167
38.1041705528277,1223.579200568296,1226.4775593148902,14.928695724791197,14.829295724791198
512.1795165890323,1223.174688606232,28445.849868667065,11.515297456788637,11.415897456788638
585.6145940381904,1224.8097092539456,325.69437519877977,16.368319095056385,16.268919095056386
639.7302550454581,1224.9428007932202,2582.223550069793,14.120360146756536,14.020960146756536
822.7842196657685,1226.0497333537367,3386.2643398380796,13.826042597880589,13.72664259788059
155.38537846634975,1227.0998088025956,5055.127572034764,13.391014440786773,13.291614440786773
894.5553545471748,1225.0716931161242,46.103885160716345,18.49100092877122,18.391600928771222
339.4205249516229,1227.743163397163,1548.9256728417904,14.675268295545841,14.575868295545842
725.571987131204,1229.2049886986515,25699.55395424366,11.625530776495719,11.52613077649572
925.2567209018115,1233.0144206431653,224079.0883871775,9.274341418281772,9.174941418281772
971.205845441127,1226.3332625136863,1372.211799492612,14.806791867130542,14.707391867130543
541.3816238929013,1228.4750324643503,10909.46948969667,12.555835660653852,12.456435660653852
940.582195551468,1230.9664670094783,216469.28800465935,9.311854019024564,9.212454019024564
217.98077528449264,1230.9238610380971,1275.0525159270196,14.886524559416692,14.787124559416693
132.5841694340141,1233.60125460435,747.9580484494977,15.465651641287081,15.366251641287082
281.9878420861994,1232.6507546066368,21418.806281120458,11.823356583395295,11.723956583395296
181.04818982853328,1234.8401762410672,3510.427671392019,13.786944667544521,13.687544667544522
173.35709022528647,1236.953138432421,5570.065029962278,13.285694076896444,13.186294076896445
995.3848242489635,1236.798093689766,12853.659029478145,12.377777802902134,12.278377802902135
945.712234049375,1237.294575722722,69015.71453717723,10.552974769006966,10.453574769006966
525.0533562199114,1239.3334712833844,18932.655714897373,11.957315897165024,11.857915897165025
322.86463132374575,1239.1194820956937,-178.22300166878415,,
386.77941635711323,1239.7086452878725,7341.9780611063,12.985812034680588,12.886412034680589
213.34836080979838,1240.3796024102428,871.7861220571745,15.299319862735782,15.199919862735783
785.5692677634164,1239.9589624740713,598.4580071628986,15.70776053560507,15.60836053560507
75.04312684396011,1242.7251247263353,8456.977407620994,12.832306814774583,12.732906814774584
54.51075708602525,1241.5320590099968,3216.685369693892,13.881823281308089,13.78242328130809
400.1053759511904,1243.064391958985,4086.3873185677967,13.621995921208882,13.522595921208882
534.44506041642,1242.5110035682628,17054.891679648365,12.070722327199947,11.971322327199948
639.8334560867423,1242.8404017774164,2223.811529040907,14.282599797169059,14.18319979716906
837.5729046240289,1249.6715044254672,275007.75527110515,9.051982387793084,8.952582387793084
286.93435257870874,1244.9675144301675,7527.981929624449,12.958648320948356,12.859248320948357
96.20353456598538,1246.3643419922046,7192.774554119117,13.008103620127745,12.908703620127746
174.999246597863,1246.5905132178232,3882.9398921732136,13.677443071446449,13.57804307144645
927.9260834783584,1247.890167749572,220564.93051317686,9.291503587182415,9.192103587182416
70.04907321913855,1249.4107120452445,9499.142994752217,12.706133677398599,12.6067336773986
732.7461273850929,1248.433429271424,7743.055185762909,12.928063854398578,12.82866385439858
990.7080832661482,1247.5066541916303,3641.857021073247,13.747037512174508,13.647637512174509
262.44953904894015,1251.3175043833878,1635.5803050120935,14.616165059974412,14.516765059974412
779.4544757017189,1249.6872523008196,738.7541898186753,15.479094848312503,15.379694848312504
91.35879965826203,1250.6538200045718,12683.13975594565,12.392277795806178,12.292877795806179
759.9780045677936,1249.5557525774586,-1712.8872756166227,,
103.90461503725601,1254.4776427820698,6029.158967659338,13.199702903692831,13.100302903692832
119.75739379788847,1252.4275687289603,1027.371974288331,15.121025454724885,15.021625454724886
507.79073853953463,1252.4793182006288,8248.903882049563,12.859354132909909,12.75995413290991
676.690905519095,1252.0279288614938,16332.595956770714,12.117706694710668,12.018306694710668
514.9569040787899,1254.43757441026,16986.010738377907,12.075116255005211,11.975716255005212
647.0755121441018,1253.4676445406947,4010.8472965574483,13.64225442184321,13.542854421843211
657.6216704648174,1257.1210650959767,2896.194636999987,13.995775378262008,13.89637537826201
61.54274330909512,1255.5927008109095,20383.08808654492,11.877169787501535,11.777769787501535
463.64548280109034,1256.1757829483859,-316.69845130795653,,
586.5621518321504,1258.2814495571254,7873.868563352819,12.909874338422188,12.810474338422189
687.2136013135228,1258.2043361607455,54429.925141594176,10.810750398206178,10.711350398206179
701.1441068495087,1257.3923631541502,36596.124294894435,11.241757005866127,11.142357005866128
715.7589220099137,1256.2041218507995,3273.7764963288196,13.862722174737367,13.763322174737368
84.80260910012544,1261.8572171076407,9177.717633053026,12.743508011243328,12.644108011243329
204.2469985757763,1258.8840214625225,-34.209150692989624,,
415.4322242548329,1257.761026622791,-644.2081463226789,,
308.0585150669196,1259.5430869344489,2765.7738268402145,14.04580308457027,13.946403084570271
491.8457215893729,1261.039380298307,4465.745425146434,13.525609835782337,13.426209835782338
627.681270201996,1260.9291015645088,3834.5019724933913,13.691072326994124,13.591672326994125
1076.3536931347428,1259.3525591483888,-332.32942548958266,,
296.617418458474,1264.2157338345005,3723.211666322608,13.723050423857291,13.623650423857292
783.7697601197543,1263.7230986058062,6173.497216745422,13.174016599058199,13.0746165990582
611.8783945237082,1266.1556083601952,4169.67839242969,13.60008834300988,13.50068834300988
141.65922669031406,1267.6978711907486,1326.4677902030148,14.84360296891316,14.74420296891316
376.3493270571537,1266.1173998242564,887.9614954287031,15.27935940595416,15.179959405954161
525.1713990531797,1265.34732586022,2975.0978977136074,13.966591588096595,13.867191588096595
909.1031074963493,1270.507884502563,59433.588293735826,10.715264861987842,10.615864861987843
1004.4792488270158,1265.7382410594614,-208.51258795501886,,
597.7372608942552,1267.5985108404593,11321.351202737611,12.515599083338897,12.416199083338897
687.0407584457764,1270.8759210061662,56343.609322024684,10.77323308061045,10.67383308061045
833.3095982579362,1266.7222238960621,251048.43545372708,9.150950942833099,9.0515509428331
974.3111181753179,1267.9927094563593,59.3564300787894,18.216675308427547,18.117275308427548
23.91034690168861,1274.0046925998938,4338.352626173214,13.557032618128234,13.457632618128235
781.5144884701618,1272.640602858222,6376.966611749534,13.138809382936747,13.039409382936748
946.3092610971744,1272.0863130974487,10711.844232551872,12.575684118994793,12.476284118994794
55.72112765253382,1272.6122735091967,17057.8486504395,12.070534098976632,11.971134098976632
717.1360413809521,1272.0397414579902,3441.579221824446,13.808450313159167,13.709050313159167
794.4710611855037,1272.0430802293297,6397.796726715429,13.135268647282862,13.035868647282863
883.33139262856,1272.5297873814557,958.601984141877,15.19624893183866,15.096848931838661
153.0579518229098,1273.88524671017,2250.5045230073893,14.269645015494586,14.170245015494586
229.39285546233813,1276.3469697452774,-748.5332581916234,,
634.0661270274472,1276.9116710943586,768.6122590409974,15.436076473275383,15.336676473275384
1059.7864197148522,1281.2633718742145,5330.847323750497,13.333354129654852,13.233954129654853
523.0896201423789,1279.8695598995293,3187.8657083902012,13.891594695574778,13.792194695574779
422.8383544265155,1280.4709478732066,932.6192651023823,15.226083784703764,15.126683784703765
1042.7238382686955,1280.1980619970002,5133.635291825695,13.374282211003862,13.274882211003863
412.56052765817003,1280.0376581087328,1118.3426612791586,15.028907510287446,14.929507510287447
741.1137457416876,1280.011812238705,-444.56430513431826,,
833.5685813086086,1282.222859572687,2214.1447445681483,14.287329719609788,14.187929719609789
14.331464193931026,1282.6457097207988,3642.7039438457996,13.746785050914216,13.647385050914217
712.7530375919746,1281.1670022405451,5827.06621393765,13.23671985806898,13.137319858068981
683.0937992997319,1284.4357373834073,48319.426227532706,10.940040319310977,10.840640319310978
388.80758003893794,1287.3175062087514,3125.5838526112357,13.913016854341532,13.813616854341532
524.2055601341943,1286.0579791230348,2384.408483393373,14.206893094969633,14.107493094969634
704.3777867933858,1287.088548533951,6054.8991310957745,13.195077459260336,13.095677459260337
991.9981833249778,1285.7378871364472,3333.664725183423,13.843039941693887,13.743639941693887
181.92995401860856,1287.395525661039,4314.894727727323,13.562919229472733,13.463519229472734
940.5036638995484,1286.9466947361366,10477.542367511867,12.599696176657796,12.500296176657796
209.28043292483244,1287.9791205673262,1282.9006831395895,14.879862149780305,14.780462149780305
351.3058575563306,1287.7687171503535,-1030.6156303513958,,
269.82590500905076,1290.7011347410694,86.15549064168124,17.812137340736562,17.712737340736563
192.8303586202969,1291.6310149673648,3191.1431090637825,13.890479038586761,13.791079038586762
996.6229431499032,1291.6296762141553,2155.9407031309447,14.31625271109704,14.21685271109704
784.3579889500672,1290.9636024698984,5342.750168232242,13.330932574118343,13.231532574118344
867.9670693362452,1292.4169666702737,-1010.8740195448937,,
975.569943552334,1292.165318142771,2423.376759155625,14.189292394340795,14.089892394340795
42.54543297308432,1293.5082862052268,3075.993209114964,13.930381309927263,13.830981309927264
69.58686804601366,1291.8942821217515,2729.2098887700895,14.060252400284043,13.960852400284043
275.440281877419,1292.0765891927442,903.9674330941564,15.259962779298602,15.160562779298603
732.407893364729,1293.5314642073608,2201.777909270637,14.29341096558071,14.194010965580711
163.81703212528316,1293.506587208506,3415.6679469689925,13.816655630082218,13.717255630082219
525.9182690955766,1293.3154247804312,2772.507235669473,14.0431630201651,13.9437630201651
500.589868502363,1294.9047513796509,3492.5246973156754,13.79249602601468,13.69309602601468
624.0594098997168,1297.3751889829857,7050.07809544797,13.029859921256417,12.930459921256418
1039.3493235645446,1298.6946538147586,1794.8164894918561,14.515294613601226,14.415894613601226
167.53353439861152,1297.8854812986847,3604.945082101305,13.758098108158867,13.658698108158868
301.06198800790605,1301.068117405864,17088.659577733633,12.068574744999902,11.969174744999902
433.5248996899578,1299.9577347442778,1245.6059249806885,14.911893077328404,14.812493077328405
59.53846515082286,1300.6354463228206,25985.59351976179,11.613513139005093,11.514113139005094
830.4502199912869,1300.7015644453543,2425.7399303493476,14.18823414769899,14.088834147698991
865.189881224245,1299.9642622214371,261.6878942681744,16.605885659370536,16.506485659370536
900.5072202543296,1301.18394714768,1338.2459339865998,14.834004909433826,14.734604909433827
476.9521219823653,1303.4772438964817,3605.2210388640005,13.758014998770449,13.65861499877045
495.0593407509851,1302.5111653243512,5181.626564322426,13.36417946446325,13.26477946446325
484.8185285239167,1305.2655396797998,4902.117502746909,13.42438544829307,13.32498544829307
136.0064284200453,1306.9211888966518,6596.814234503672,13.102009104337824,13.002609104337825
505.42079272119076,1306.330635433878,2675.7342492643447,14.08173729669971,13.982337296699711
626.8610978341632,1306.8492109564736,9791.724628620595,12.673196762351271,12.573796762351272
885.6369703389884,1306.2433185653297,1161.3635238093507,14.987924286871838,14.888524286871839
738.7757270911758,1307.9567140955055,1671.1124147732276,14.5928305767267,14.4934305767267
776.7300817025149,1307.9184734343023,4479.660393643786,13.522232013115064,13.422832013115064
157.22850827792234,1308.5644659036486,3613.8077782210185,13.755432119983372,13.656032119983372
708.4277394726505,1308.2707440057347,2047.6109007464443,14.372226158487077,14.272826158487078
49.25937046103757,1309.7380647662144,24522.259083304678,11.676443549417044,11.577043549417045
62.36391634093988,1313.386821454958,35187.09901670816,11.284386082984811,11.184986082984812
397.3990482308237,1312.6950078277196,1680.6495215434993,14.586651850283015,14.487251850283016
963.6761907741177,1312.6954970538336,-60.49281504368605,,
480.36579069768385,1312.5973001790846,3875.043894260924,13.679653174999718,13.580253174999719
75.84619718045515,1314.7859533815756,33382.6086526084,11.341544062758814,11.242144062758815
125.3608594494606,1314.3520613624692,7978.711125128751,12.895512887220121,12.796112887220122
329.46358445485606,1314.8456617631398,2432.083043223179,14.185398741283603,14.085998741283603
1043.8446994754263,1312.9820076292203,777.1473756117878,15.424086278882553,15.324686278882554
352.6076429644023,1319.4845290654373,16694.236470110518,12.093928338536847,11.994528338536847
715.5369789188259,1315.79569937017,1342.88571424426,14.830247106313688,14.73084710631369
888.0918259060377,1315.9040397486783,2439.6429750128996,14.182029053330112,14.082629053330113
10.167925871896813,1319.6742680226014,19004.672902987324,11.953193742799005,11.853793742799006
183.96739051876654,1316.0150826458753,-1316.635197446586,,
625.9942890791644,1317.208565107047,7488.546818196069,12.964350867437318,12.864950867437319
416.47025366030545,1317.8704108704933,3853.450118330691,13.685720386877403,13.586320386877404
210.48674764568216,1318.7401336283453,-189.7498690764195,,
452.8107718641306,1320.5846114729347,7355.576047364824,12.983803016023987,12.884403016023988
578.8398844577283,1319.129260502631,-407.54316326430984,,
602.6096207989177,1320.7093351052124,7083.252538047433,13.024762926006478,12.925362926006478
785.1014855212076,1323.005739970872,4293.558679312695,13.568301234013992,13.468901234013993
907.7883547004614,1318.6251086465975,2372.8070105619427,14.2121886986978,14.1127886986978
126.89124826001365,1319.9691175924354,13164.843836771266,12.351805461242265,12.252405461242265
863.1168197203616,1322.025017835297,4865.843275286436,13.432449449366842,13.333049449366843
110.90529387504026,1321.9696180455985,5148.477352293542,13.371147724122956,13.271747724122957
760.3445976927072,1323.6046205685984,1617.0416852318249,14.628541701774118,14.529141701774119
835.6534349363791,1324.123167121123,1223.8232267082965,14.93104801244026,14.83164801244026
1015.4908366309375,1323.4105090927137,2682.1553651559325,14.079134913359308,13.979734913359309
630.6173836855825,1324.6425102574015,4878.88529622156,13.429543221109528,13.330143221109529
244.03845946218507,1325.7916653112218,1648.2521858823018,14.607785589844275,14.508385589844275
445.91301780382116,1326.2387998296704,7481.215795713109,12.965414285391127,12.866014285391127
140.17209267594345,1328.0319190008493,7599.738212332535,12.948348159703722,12.848948159703722
293.18726323162565,1327.6120715001975,4057.651666101989,13.629657836330939,13.53025783633094
812.273350587041,1329.0601102281278,2874.1026359111343,14.004089058296174,13.904689058296174
281.17636131003354,1329.397321040917,5364.5183020008435,13.326517912513427,13.227117912513428
227.55392658227328,1332.6496588374152,894.9622388182717,15.270832962028342,15.171432962028343
642.0839685283768,1332.203617085774,5361.165602573735,13.327196684571717,13.227796684571718
342.402269741642,1332.883136749111,15996.156156760908,12.140305652951003,12.040905652951004
381.8654544670788,1333.6287265566475,3952.740303298966,13.658099035893176,13.558699035893177
551.7281234062609,1333.9167237144102,1918.7743589257723,14.442784975158316,14.343384975158317
878.5047572077085,1333.5075588249488,4005.029364020659,13.64383047930235,13.544430479302351
122.97902054137228,1338.0379407457813,8268.21373849225,12.856815503558025,12.757415503558025
296.5658035978072,1336.32576619288,4950.113641164711,13.413806817593898,13.314406817593898
469.39868070564177,1336.248606498272,4031.885666445296,13.636574220329388,13.537174220329389
410.4617780427422,1335.72381630185,4477.470121060287,13.522762999748714,13.423362999748715
266.40562515637953,1340.3984114129669,5274.213986589117,13.344950375499103,13.245550375499104
364.19163739498805,1339.4862308837105,7371.831096674312,12.98140630049362,12.882006300493622
500.41717397625257,1336.7040448629377,11434.863328613517,12.504767295233393,12.405367295233393
590.5216974697944,1338.044931868439,2657.1956693525754,14.089285900855524,13.989885900855525
456.24377801526487,1338.9751852244408,8334.799754428055,12.848106815118808,12.748706815118808
488.9933233658712,1339.2582485426378,4205.4315036749285,13.590818331366673,13.491418331366674
644.6928044078278,1341.4118966954495,4316.586477539846,13.562493626033255,13.463093626033256
419.2422613326451,1341.413144069934,1067.8236148009157,15.079095938262254,14.979695938262255
718.8809412345704,1341.7456744588408,2771.6202673636653,14.043510419682796,13.944110419682797
499.6779142987574,1342.308922027729,24515.834208948705,11.676728051454987,11.577328051454987
126.31367537874333,1343.944375755754,25571.633766984232,11.630948550999781,11.531548550999782
820.3561742578838,1344.5060915991173,3259.6138663087772,13.86742934923622,13.76802934923622
36.953543389144656,1344.7902460493601,-887.5448945209077,,
185.17991250362792,1347.2546495945842,8337.94225918711,12.847697532563107,12.748297532563107
377.83878896178504,1345.148328755326,5339.7647272579425,13.33153943523093,13.23213943523093
254.77399880325478,1349.2489761261631,4485.793334907435,13.520746587477532,13.421346587477533
579.3628514764243,1346.17951173195,3836.8896166234517,13.690396477839593,13.590996477839594
145.14744305874615,1350.774325369489,40119.21717186662,11.14196361517004,11.04256361517004
610.5109472662722,1346.9641276109949,1058.3754449209741,15.08874535239605,14.98934535239605
833.0503498258281,1347.9707859854302,1384.864935024243,14.796826193249146,14.697426193249147
315.770749762167,1349.681583186354,3813.346586021165,13.697079043112574,13.597679043112574
562.3019886401233,1350.2427019579038,6163.144022056844,13.175838949360791,13.076438949360792
519.0785996227993,1351.117767491169,21857.901590282785,11.801323574948261,11.701923574948262
379.01737661090436,1351.325463958184,17875.538070700284,12.019696932401075,11.920296932401076
544.0378814812557,1352.2119811702303,3924.527814112444,13.665876212308111,13.566476212308112
726.0564683639045,1352.3710108865362,3529.2487303345756,13.781139072903862,13.681739072903863
946.766404006325,1350.8458581501432,110.30337055566784,17.543872782166453,17.444472782166454
2.442242312590735,1355.137085527298,2854.711802011733,14.011439064492048,13.912039064492049
207.6644260929742,1352.3665427613066,23317.27842714794,11.731150094359645,11.631750094359646
498.1265496613737,1352.6015767033034,25900.050589475904,11.617093209840426,11.517693209840427
508.3427642860564,1355.3525924702274,26264.20980256859,11.601933893401823,11.502533893401823
1010.2445056117948,1353.4406786583231,3310.939517690093,13.850466622302063,13.751066622302064
476.2008223736238,1354.5486261986036,2497.236950483062,14.15669535985494,14.05729535985494
88.13340579618827,1357.3203110720797,-2115.2677858633533,,
294.7540343506951,1357.6820538358218,7907.847303975332,12.905199053909186,12.805799053909187
730.119991032123,1355.7569430880426,3998.0222267565596,13.645731730213237,13.546331730213238
1053.0184321596687,1356.8260251665847,4165.560311236541,13.60116117376333,13.501761173763331
181.55192828314307,1361.6957320173624,8440.123368167764,12.83447275402561,12.73507275402561
734.7713782040659,1358.864967707059,2856.7239027553424,14.010674069199005,13.911274069199006
762.5699706191375,1361.5360674916592,4263.515710481953,13.575925071670788,13.476525071670789
279.06163704507327,1361.6321714375754,7414.869557520778,12.975085952474407,12.875685952474408
388.6523950065267,1360.9968810967032,16864.991989109116,12.082879392681132,11.983479392681133
549.0637596917028,1360.7690607337731,4134.35857439246,13.609324389668446,13.509924389668447
885.1690266956978,1360.5125151309117,1972.3697251437939,14.412873921482458,14.313473921482458
746.3060543206943,1361.5669175238083,5507.137524831789,13.298029936105074,13.198629936105075
810.2179297822412,1361.0381879114784,788.8431874694527,15.407868042584052,15.308468042584053
149.9887471640972,1364.25946575573,38977.85676760399,11.173299852351585,11.073899852351586
119.70989139587027,1364.9782776635698,1665.2708546499202,14.596632537884592,14.497232537884592
1052.019451690731,1363.9034661699718,4965.665851078381,13.4104010114792,13.3110010114792
52.41059818775415,1365.3937823480978,10677.384326317122,12.57918255280503,12.47978255280503
428.2385128973665,1363.9086063506857,1030.723903544451,15.117488871025223,15.018088871025224
215.89400285574533,1368.2053622299456,27679.08815060764,11.54496529379953,11.44556529379953
607.5790540781005,1364.79269436365,1194.0527205704889,14.957785984615422,14.858385984615422
229.77879873303547,1365.9574975743308,28029.44657522806,11.531308433372384,11.431908433372385
381.3550504856439,1369.4327008004102,17708.799548092356,12.029871935662948,11.930471935662949
36.358375573949274,1370.1781656674455,13783.744721493249,12.301926687596707,12.202526687596707
506.8883873114648,1370.2794507851834,25470.55300871821,11.635248804936893,11.535848804936894
707.9687551926158,1371.1296869201997,3004.6108893089295,13.955874148563629,13.85647414856363
1068.398205120323,1369.9207708885576,5422.399565718708,13.314865948991955,13.215465948991955
60.37051558965092,1369.417810403546,7528.063961590385,12.95863648981075,12.859236489810751
582.0830859347096,1371.9679868263736,6151.285386430332,13.177930049742566,13.078530049742566
339.86277609755643,1371.3087695688046,-1409.1508470591934,,
7.278798007607236,1373.7573642581533,3407.6913090542685,13.8191941241572,13.7197941241572
973.4156921258156,1373.232882356124,1308.5089662332,14.858402983565005,14.759002983565006
1053.9573593628988,1373.5597057328507,4749.966351445782,13.458618407986796,13.359218407986797
429.1399113767658,1374.2273181283658,748.4035932349566,15.465005080849775,15.365605080849775
101.23885900854795,1378.243606444241,124510.17185707547,9.9123326593587,9.812932659358701
123.89634745542172,1373.902883056883,3849.5355113703076,13.686823915061016,13.587423915061017
1026.0268057307214,1374.8260217289817,2380.1141416298433,14.208850278913454,14.109450278913455
371.3209230680834,1376.419580974165,17073.03110608714,12.069568161797243,11.970168161797243
689.0850197642088,1378.4773279673927,1360.327922552476,14.81623570920258,14.71683570920258
377.27240766808484,1378.7009804157915,17375.936007882057,12.05047421953969,11.951074219539692
864.2199557771617,1378.538377541583,932.3070835649689,15.226447280882617,15.127047280882618
1074.4919847076599,1378.0011014376978,3999.2571481750188,13.645396416454183,13.545996416454184
42.81480717049726,1380.8795324464263,13449.03826884964,12.328616667369323,12.229216667369323
1030.9461239519133,1381.0617446547915,2692.779387384876,14.074842805221415,13.975442805221416
506.9492455325733,1380.2661896120949,5812.783192322934,13.239384428876141,13.139984428876142
179.86530459827546,1381.5688639072612,45631.614083356435,11.002180163451131,10.902780163451132
8.197990527552616,1383.6206329533668,2189.093666519862,14.299683879582153,14.200283879582154
136.51029697242794,1383.2080808878911,-199.10520869335744,,
498.5969087685086,1383.6511952453843,4608.837086387722,13.49136634848552,13.391966348485521
143.575896077722,1383.0224933670281,1827.4945311387648,14.495704525804143,14.396304525804144
233.90966790028074,1384.2842128399607,389.10753521244703,16.175170637869115,16.075770637869116
491.02086437936947,1382.682314785948,3526.1125294871085,13.78210432100509,13.68270432100509
931.8723414954644,1385.3087345836573,1148.6455384133103,14.999879665699186,14.900479665699187
108.35411571665477,1391.6437703277168,128235.6044393008,9.880323182789763,9.780923182789763
37.15522845814317,1388.1513096545007,7385.202905808055,12.97943866102478,12.88003866102478
610.7394043080308,1387.6283021785684,70.15274330630746,18.035233094071703,17.935833094071704
642.8600577193858,1388.8320100188982,2619.1726546088626,14.104934421134784,14.005534421134785
168.59875484146508,1397.057433909259,67324.36555495602,10.57991406717031,10.480514067170311
795.5075977678503,1391.8375443581817,18554.59293696718,11.979216163399927,11.879816163399928
518.2085752882243,1392.2911855044026,1730.376928489704,14.554992950962726,14.455592950962727
3.9548668964782885,1392.9771755290396,2596.6823664636904,14.114297668898342,14.014897668898342
65.55179623468878,1392.0073762094084,-729.9588152114925,,
832.609502880307,1393.4092229654977,1508.4976673044066,14.70398313343946,14.60458313343946
152.88034674297808,1398.0938571035229,66777.85339538463,10.588763604898002,10.489363604898003
405.57284758426226,1396.1411891378577,2590.9513219031683,14.116696606632063,14.017296606632064
912.63901329866,1399.6473344047001,2382.288442338004,14.207858881348345,14.108458881348346
803.3063961776676,1399.8192714206907,18283.136399251787,11.995217992573561,11.895817992573562
1047.898264399044,1398.8539941094432,343.58545994688643,16.310257798726308,16.21085779872631
788.0500703340357,1399.39107341398,19437.358797572833,11.928751612128222,11.829351612128223
315.2110762536248,1401.1093204674498,8716.993903791588,12.799427885110877,12.700027885110877
540.2887822883009,1400.7554692326544,877.6610155538301,15.292027720654081,15.192627720654082
666.2813720143553,1403.5688857927828,19021.395964932053,11.952238775035106,11.852838775035107
491.8860133653436,1402.0399513116724,2074.0441839531222,14.358299730642251,14.258899730642252
957.9277804951523,1405.3356331784425,3722.4517020365183,13.723272061796525,13.623872061796526
191.27036840895977,1404.643755172142,8735.445655095911,12.797132075195105,12.697732075195105
137.43628847461463,1405.6163327024055,3327.629863627712,13.845007207782182,13.745607207782182
392.36148914389537,1404.3274785128383,2756.987872276425,14.049257601542182,13.949857601542183
238.6467453836836,1406.336481560988,-822.432587658837,,
788.858049469077,1409.1254482535671,18349.628795720357,11.991276533003917,11.891876533003918
589.3981390185497,1409.5431424114688,8958.79956554593,12.769720190102522,12.670320190102522
635.0416863699543,1407.053175051234,2022.3894039778966,14.385682787808381,14.286282787808382
858.4165658321036,1408.4948517063858,1254.407624866167,14.904248027793633,14.804848027793634
318.3723512201264,1413.7179806296056,10658.862469367443,12.5810675943415,12.4816675943415
866.2252338493488,1409.4260399379323,530.2477004642286,15.839147756320472,15.739747756320472
305.2030733155107,1412.8276517750414,10201.267450188068,12.628709406357077,12.529309406357077
359.8980472133745,1412.0865077564827,-809.9892774413609,,
631.0902951506068,1413.3174023900003,1299.3627096330358,14.866018743754895,14.766618743754895
212.4345714339475,1413.1327524466508,-503.98856499926853,,
270.5762512905619,1421.2834085681159,126229.72802716465,9.897440624541005,9.798040624541006
503.82112290295913,1414.4166961999745,2113.011391302009,14.338090144888303,14.238690144888304
570.5753101041157,1414.7502120059837,8934.075869595676,12.772720650144809,12.67332065014481
1018.4295501225658,1416.3436151226008,1722.0815480612123,14.560210457419034,14.460810457419035
46.644660288358146,1416.5642220888963,2368.88033203148,14.213986935363994,14.114586935363995
560.0829532340841,1419.268811120189,3755.1182870187954,13.71378568595953,13.614385685959531
32.714983927484056,1420.3014519270887,367.2947921499276,16.23780781438226,16.138407814382262
437.4084051406103,1421.3717875206771,7787.311314959343,12.921875898458934,12.822475898458935
199.43921548476274,1419.144076487891,7103.3381119329415,13.021688522878868,12.922288522878869
1034.1995297151616,1419.2564722220945,1226.8800581575463,14.928339472146533,14.828939472146534
498.4882939759915,1421.4630866423147,1568.2450700684067,14.66180991335738,14.562409913357381
79.48634581344116,1424.1888175321767,3449.667718637522,13.80590157910835,13.70650157910835
250.0978005540396,1421.694135944054,49058.188236335714,10.923565977580962,10.824165977580963
400.34280173858605,1423.833200719398,6749.8397971211325,13.0771110775989,12.9777110775989
448.2782150864162,1422.330366267049,8174.284499643305,12.869220368463788,12.769820368463789
909.7725505037863,1423.2560855806346,3036.460365452028,13.944425699012069,13.84502569901207
990.528012596641,1425.2299136793285,2256.5650978931576,14.26672507411598,14.16732507411598
596.6026397287159,1425.3357417696852,8174.9950544464555,12.86912599426544,12.76972599426544
643.1722284253364,1426.312448664449,1318.0830622533365,14.850487792624074,14.751087792624075
43.293313348923846,1425.4677365765829,1775.5713708061849,14.526999406081702,14.427599406081702
322.1947167006846,1427.9915154045916,20535.443609214435,11.8690845183319,11.7696845183319
536.6436911443782,1427.2857873961782,1541.7270857891453,14.680325984862575,14.580925984862576
694.7956536329424,1429.0318533594732,651.5364232312979,15.61549799238818,15.51609799238818
240.31859074955338,1429.539505531143,1590.903813012042,14.646234933922315,14.546834933922316
505.95818405577967,1429.8539125816224,1955.5894245192922,14.422150540741768,14.322750540741769
701.084485286753,1429.9562615315403,8784.508562091625,12.79105106459122,12.691651064591221
1018.2210591075924,1430.6064154165751,933.4323254540491,15.225137648894027,15.125737648894027
449.86828094857316,1433.0631088326304,8235.752672326798,12.861086501129357,12.761686501129358
717.0600626297951,1434.9109193549439,10568.227068881275,12.590339400878127,12.490939400878128
1.339856717986743,1433.967833004982,1233.2513692716307,14.9227157249458,14.8233157249458
300.3269883252871,1438.5994765415041,45174.32204733844,11.013115631726272,10.913715631726273
16.6070976314373,1435.0,443.0122248908549,16.034305463983884,15.934905463983885
996.1131704590134,1436.81560293042,2144.2587909848503,14.322151742607673,14.222751742607674
17.71979728751321,1439.3850420280562,358.57462171013253,16.263895868481455,16.164495868481456
50.12099569645141,1436.0578022047014,712.6369253190306,15.518173936795874,15.418773936795874
838.4809543268266,1436.9304567374286,-1139.8778577485987,,
622.7807493254287,1437.7009463616193,5727.691241597249,13.25539574391754,13.15599574391754
143.7588372817545,1439.4936121823723,1209.0757620792251,14.944210953004227,14.844810953004227
249.89480829800573,1438.475065307957,2809.1501858810097,14.028907344387937,13.929507344387938
674.0242324083794,1440.28040031981,3037.537533441093,13.944040608231312,13.844640608231312
272.7459752948509,1442.5403304902786,23340.67030099742,11.730061430706154,11.630661430706155
328.2779569261538,1441.6803585568166,13206.665939966675,12.348361759304073,12.248961759304073
953.001715949349,1444.5125795356835,19430.70987049758,11.929123072875626,11.829723072875627
659.2111326444079,1443.1489229268689,3447.7146097165555,13.80651646777859,13.70711646777859
884.1075032512949,1442.1212103352184,15844.603629902273,12.150641292492045,12.051241292492046
176.52682895580662,1443.354554429167,-922.0487600686743,,
318.5736361866338,1445.417814869207,39903.4128295944,11.147819637536706,11.048419637536707
240.95233903540776,1445.817686735343,2151.699310236745,14.318390789161924,14.218990789161925
412.11364646456263,1444.6749385537523,-254.08817289632327,,
722.7882130300751,1445.137125953727,10037.204079376288,12.646312854662563,12.546912854662564
878.349044544184,1445.9798499420208,16760.647297737658,12.089617772991058,11.990217772991059
330.72291341678937,1448.5996798782278,12143.049187369432,12.43952535526863,12.340125355268631
623.7576617802662,1450.9426033246932,5989.138393500839,13.206933869211884,13.107533869211885
659.7192982080107,1449.772515404143,2643.735380266121,14.094799783024737,13.995399783024737
871.2868811279993,1451.5178632673446,17018.56098772932,12.0730376524412,11.973637652441202
282.1722096721484,1451.604217513561,6662.158392831506,13.091307356192754,12.991907356192755
103.21202984329841,1453.5633480788697,2831.974958843637,14.020121218580748,13.920721218580749
462.7347810158192,1453.6219323616751,15337.246368804803,12.185976256041819,12.08657625604182
710.8081194012198,1452.7701525570592,7261.886254726087,12.997721135430425,12.898321135430425
362.6582647708379,1454.827506315017,1094.8795981678545,15.051928832614102,14.952528832614103
878.1039839839574,1457.9772131030172,17240.259754554812,12.058985228415521,11.959585228415522
1064.8678094248494,1456.023763601244,353.03062049889365,16.28081380069139,16.18141380069139
212.0834666815431,1456.7190037017624,8220.414431861274,12.863110458191505,12.763710458191506
133.26471830282676,1458.0225089223109,4517.483334503615,13.513103343079646,13.413703343079646
551.9882114129329,1463.4074484165376,4029.8712945663146,13.637116800944247,13.537716800944247
602.3894119589619,1458.4656100014765,198.39018725863372,16.906544272392544,16.807144272392545
911.8724658994754,1460.0814198649025,6416.533740268091,13.132093535085819,13.03269353508582
241.77786258936825,1460.5270882340567,-636.8431112581026,,
277.5942483868406,1461.37442343227,4129.554020957723,13.610586861443007,13.511186861443008
259.51552577201056,1461.3354448682605,2418.243452239941,14.191594689445964,14.092194689445964
314.3772100905306,1464.3341720605797,10002.923682455881,12.650027352373867,12.550627352373867
459.4828991201449,1463.9338266308932,14194.614019820683,12.270035771569104,12.170635771569104
22.870296098785523,1465.896490224889,8410.139424029743,12.838336751694236,12.738936751694236
99.68419131910106,1463.9443727762082,4289.710832840245,13.569274696748547,13.469874696748548
89.96971106950195,1464.93360163804,2745.2008966364224,14.053909410598973,13.954509410598973
692.5162258870218,1463.8823325189383,295.0360703238492,16.475656953492596,16.376256953492597
295.7310345388959,1463.9182343370262,6043.971341541981,13.197038749780754,13.097638749780755
948.2820992800436,1465.42816765665,3647.303645218215,13.745414939041813,13.646014939041814
923.7509139120942,1466.7386052040042,6739.294786864683,13.07880860706989,12.97940860706989
34.152889213697485,1468.2886588607398,8459.892638648245,12.831932611757807,12.732532611757808
141.59292658094338,1468.0933083194686,6013.03786824778,13.202609893503144,13.103209893503145
219.05317567840692,1474.7046585115258,18273.74225086028,11.995776003411613,11.896376003411614
267.84954857949197,1467.6628914991502,3159.050034767096,13.901453479383779,13.80205347938378
126.28128856453134,1470.7748159640078,6836.876936054803,13.063200334119507,12.963800334119508
858.7243804862768,1470.944208298564,9239.938036052927,12.73617209374906,12.63677209374906
535.6126541116911,1470.091865292931,2816.3060789308297,14.026145109295719,13.92674510929572
794.716418414135,1470.2743316917715,3279.163343055481,13.860937114602093,13.761537114602094
645.5079654570811,1470.6552580111368,1097.4284628549353,15.04940419114795,14.95000419114795
1051.4099623058207,1472.5419339333273,373.78500757637056,16.21879004589693,16.11939004589693
352.01010081526283,1474.2159951757958,4598.302161063308,13.493850975799917,13.394450975799918
518.0344892872316,1472.5907557512146,-1306.302789617777,,
625.4104319404236,1472.5939852499303,2933.29355232125,13.981955921730016,13.882555921730017
119.74045517640063,1473.9288282941495,4088.6753498812677,13.621388170883222,13.521988170883223
767.2157027164826,1473.2474377336632,2642.365257467329,14.095362614519207,13.995962614519208
994.5247433742229,1476.691321669317,22234.353271755976,11.782783486538975,11.683383486538975
335.38913505297785,1475.5786322003892,2962.2208614103965,13.97130115044726,13.871901150447261
571.1419150993812,1475.083534743129,1003.2754861117774,15.146794238549754,15.047394238549755
773.3324846922425,1473.8913642273494,3191.1310975511474,13.890483125322529,13.79108312532253
806.3515937986155,1474.6840209791217,3109.845993845434,13.918497534824397,13.819097534824397
412.45720991681117,1476.2023334088283,2899.7073798052506,13.994459306148435,13.895059306148436
755.8831069303204,1477.1093617232148,5787.807854486884,13.244059478673481,13.144659478673482
41.86806738051399,1479.7005128558874,6078.977605097934,13.190768382142863,13.091368382142864
365.2499590187533,1477.829148886943,4120.392390934495,13.612998299530775,13.513598299530775
636.030833859269,1480.2390793086988,1984.2339567462136,14.406362546861084,14.306962546861085
849.1333249843794,1478.9098587960116,7120.354611502674,13.019090682945922,12.919690682945923
871.6935740935261,1480.6285060712903,9513.43605959685,12.704501231757439,12.60510123175744
884.7369124100757,1479.1532368305013,4303.209675849467,13.565863471282448,13.466463471282449
30.123593374534284,1481.282480419886,11538.116077362049,12.495007481283531,12.395607481283532
274.1885276946093,1481.2141713169713,1780.4496302749285,14.524020511276332,14.424620511276332
806.6274294122207,1481.493627076078,6690.97147612425,13.086621794596233,12.987221794596234
825.570693589495,1482.4744925509192,7090.323038562182,13.023679685014827,12.924279685014827
792.9572614881415,1482.6623217320882,3765.3636225803148,13.71082743441013,13.61142743441013
296.60021742332066,1484.8497531976748,-1083.7916694290402,,
484.888813918462,1485.5266004708453,7999.8013516339115,12.892646733588593,12.793246733588594
1015.6062326224403,1486.0387365495076,3105.901134250581,13.919875672438945,13.820475672438945
55.73492521621094,1489.6061980240838,3818.169948447987,13.695706602945766,13.596306602945766
136.61262367909023,1488.5414991279777,5898.660176223842,13.223461298167939,13.12406129816794
29.571527146410887,1490.2731618978323,3113.8319244662525,13.917106823469094,13.817706823469095
447.60045904020967,1490.1179658335404,2326.937396779379,14.23338299247738,14.13398299247738
459.71730716214904,1489.9368441742236,23707.435231213745,11.713133308920753,11.613733308920754
18.956130945963984,1493.6229967499237,1175.2326868235955,14.975035085740803,14.875635085740804
370.20724135697196,1491.80956506272,1973.647797644067,14.412170604973415,14.312770604973416
418.9788804972713,1493.5523486575312,12752.776157572518,12.386332898711307,12.286932898711308
675.3306646560721,1491.8253469176614,-341.73597675029055,,
345.53475127894427,1491.6345226998376,3925.513305062905,13.66560360654879,13.566203606548791
236.23053669533243,1497.29598175678,25028.794848339407,11.654244894346327,11.554844894346328
753.6162221024083,1500.9699542135588,130101.00696431793,9.864643095879472,9.765243095879473
818.0211959116237,1497.5069478464527,6967.695296583521,13.042621864926122,12.943221864926123
255.60142256943647,1495.5728221151492,15738.812384616178,12.157914844831904,12.058514844831905
962.3188754551728,1497.0889850634135,8077.489989252187,12.88215366963845,12.782753669638451
125.66403854359484,1496.5896766848791,6349.971325170253,13.143415330431491,13.044015330431492
458.49273253732673,1495.6029953110492,25127.468205761903,11.649972910418915,11.550572910418916
473.9583424396881,1495.6140949551896,31440.782616499517,11.406611371125601,11.307211371125602
612.931282397492,1496.8634416020561,3022.985384647625,13.94925462206481,13.84985462206481
992.7778406095481,1503.8421771456983,183085.48918587505,9.493709928843064,9.394309928843064
492.5138342661479,1497.1673864949278,10064.566692972316,12.64335703560331,12.543957035603311
768.2696177609794,1497.3520241869514,122736.64950319073,9.927909081701813,9.828509081701814
923.8752830042476,1502.6292383030577,41254.50884856505,11.111666188187412,11.012266188187413
442.71889529284493,1499.3067311758775,1167.2470883590986,14.982437742573834,14.883037742573835
176.74471100472545,1498.9166600528677,-984.4756625766247,,
225.01192388404112,1502.268423870351,22357.319549528136,11.776795405369814,11.677395405369815
544.5014308528107,1504.5617307502794,23665.601929756383,11.71505085292827,11.61565085292827
1013.914438476099,1500.873259244666,45926.29378940637,10.995191241623376,10.895791241623376
117.11848652256319,1502.333737445867,1397.2411781634805,14.787166300097715,14.687766300097715
329.89739527993765,1503.1895262575906,1139.228307930266,15.008817820960797,14.909417820960797
467.6700209600441,1505.2401022184047,24083.64129449256,11.696039365434409,11.59663936543441
506.27977539257176,1504.0965735144705,2693.065946161152,14.074727270066125,13.975327270066126
621.4577360524977,1504.2403111444085,8031.71008563129,12.888324681530836,12.788924681530837
658.0928877374089,1505.8633307365537,1433.2345717857133,14.759551552117795,14.660151552117796
41.07047343437577,1504.921160430376,1657.1255692622422,14.601956194566908,14.502556194566909
58.491591910381715,1506.5742896845181,5051.999789645554,13.391686431267836,13.292286431267836
968.1661560453833,1507.974878454808,12554.324800432769,12.403361339888622,12.303961339888623
364.60015690193165,1507.300373893755,629.3374497484132,15.653135800978681,15.553735800978682
413.7176212775521,1511.4590787170075,20599.697786799094,11.865692618302772,11.766292618302773
266.5444395113114,1511.1682607998628,795.6379931817002,15.398555957493059,15.29915595749306
715.6171043980285,1511.5388203477034,4689.6836073388295,13.472485881433673,13.373085881433674
863.3287433448924,1511.0155844624974,4123.550973996932,13.612166321919425,13.512766321919425
882.5272211780501,1511.321144141193,4774.765402734593,13.45296464484365,13.353564644843651
345.3777093425925,1511.8670788649858,263.25589093428243,16.599399495097682,16.499999495097683
274.25299649109104,1512.5447849796703,-585.2380098766919,,
367.5657631216644,1512.3313215483872,-96.91455275564795,,
963.2758042885334,1513.4828135712878,8786.883715272113,12.790757543192926,12.691357543192927
183.25114127627256,1514.5522252686465,-1404.887693841975,,
1042.2466607402116,1518.2897561223872,19789.676055400676,11.909248027928374,11.809848027928375
607.6543756697469,1520.7391909210119,35986.50113589495,11.259995682016132,11.160595682016133
861.6269514128306,1519.4216443277533,2667.6410447129865,14.085026263478174,13.985626263478174
883.3967818707142,1518.7240585269158,4255.982658531959,13.577845116493073,13.478445116493074
135.78715000128946,1523.9400895601698,47302.82693895824,10.96312700058853,10.863727000588531
728.4359776054698,1521.3485619324904,6398.693838579481,13.135116413851806,13.035716413851807
890.7209311864468,1520.576910908941,3142.207216388081,13.907257686552617,13.807857686552618
204.7101300155695,1522.1594558916872,-1160.8578502704754,,
1021.5681690814909,1523.4722453682737,7072.933890167633,13.026345743755908,12.926945743755908
392.174096451962,1524.7237230772607,3020.735590503524,13.950062959537163,13.850662959537164
411.5682949849266,1527.5375422695085,21980.78288910025,11.7952368492165,11.695836849216501
427.73360022380336,1526.9385514055798,14062.03979062589,12.280223934514133,12.180823934514134
597.3454424957525,1527.5648133220197,35275.93776200843,11.281648321523619,11.18224832152362
442.0124448759148,1528.635195922144,1395.5492822219555,14.78848179650117,14.68908179650117
716.508090309255,1529.28719296927,5758.430663946698,13.249584385878359,13.15018438587836
845.2159868208864,1527.4905195196593,953.1135085281207,15.202483178595664,15.103083178595664
43.456552267582424,1533.6452507917395,42257.64499768551,11.085581514953034,10.986181514953035
978.8187189567794,1530.773463441718,7539.898408156216,12.956931005097353,12.857531005097353
681.4657007324292,1528.7043272092471,1868.250976736415,14.471756695816184,14.372356695816185
771.2063418944903,1530.1265170397933,9328.296733437513,12.72583885937593,12.62643885937593
780.4121090725122,1530.037850046211,7873.984865545524,12.909858301506189,12.81045830150619
738.0701638319711,1531.1001252200037,6907.558041076531,13.052033383809867,12.952633383809868
943.8856714590765,1531.628267035113,-400.86586357806743,,
8.594644013423654,1534.280262162522,2740.4986432813484,14.055770762255154,13.956370762255155
286.15267081214114,1532.099716874485,-477.5518960813486,,
371.7055021183868,1533.0561794368828,-14.298938851123353,,
968.2902412400827,1535.2081988294697,7755.7000273188605,12.926292232724695,12.826892232724695
25.44199633941606,1535.9196155590648,35545.97987692439,11.273368514038694,11.173968514038695
70.53309099635543,1537.8072254081178,8091.908007896828,12.88021739854227,12.78081739854227
487.284686800442,1535.8101362864634,51857.104016523954,10.863324091422443,10.763924091422444
670.318997574085,1536.5915874512993,4270.72286593017,13.574091265082512,13.474691265082512
721.7455871339491,1536.3866890793763,9480.764084127959,12.708236391054974,12.608836391054975
133.22124341314418,1538.1696640960256,46287.39650517752,10.986687855738989,10.88728785573899
185.33704719863834,1538.2621012555314,-1079.5287091781818,,
429.6415389875322,1538.2490289330037,9239.903210358701,12.73617618593974,12.636776185939741
31.801360713910608,1538.1863715881123,40446.13395012266,11.133152201198593,11.033752201198594
413.598831446066,1539.1765018676138,11851.3917222018,12.465921358197866,12.366521358197867
483.683251224744,1545.298757706714,52544.795543885564,10.84902047451542,10.749620474515421
31.787797446364987,1542.1891822262214,40393.6342830854,11.13456241793967,11.03516241793967
992.9643323314511,1542.0158095707404,4089.773920172219,13.621096487825433,13.521696487825434
421.72944267931985,1545.4960691232684,7785.253864070692,12.922162793894161,12.822762793894162
657.3734617997675,1544.970644428679,3004.7879419410856,13.955810171297903,13.856410171297904
226.75077239612295,1553.7239256840596,379750.63463517214,8.701598469959109,8.60219846995911
382.570036501147,1547.1231760387577,-237.75113659252062,,
641.3588973787146,1546.0011652059165,19028.686925038048,11.95182268871675,11.85242268871675
772.5844483780179,1547.6498941930095,8506.268814351091,12.825996982942115,12.726596982942116
327.18677539638134,1546.4743057866328,-350.8904983889679,,
885.0162381674717,1548.7370961922402,1999.7647940877505,14.397897444904341,14.298497444904342
734.2000131194865,1550.3310761294952,7361.380300896459,12.982946604089548,12.883546604089549
601.9890569411599,1550.5489486478177,2025.0301083414056,14.38426602894184,14.28486602894184
439.67084559203363,1551.3770450598502,5335.05561828043,13.33249736244192,13.23309736244192
531.6730446984358,1551.708138399304,4270.239036753982,13.574214274846529,13.47481427484653
4.963187504250627,1552.3072018727753,1649.6345718402022,14.606875366612485,14.507475366612486
941.3883428114231,1556.2798201298665,32588.231611739182,11.36769275507808,11.26829275507808
964.5484812630979,1552.061975210309,2037.2664572620106,14.377725153846521,14.278325153846522
257.88600716946365,1552.8329140452568,31950.168888279746,11.389161845326182,11.289761845326183
275.6475956746263,1565.888303561331,280659.9300538552,9.029893709170652,8.930493709170653
566.9568619265768,1556.8466001643467,13264.488933613922,12.343618436406151,12.244218436406152
914.4917106328747,1555.266493650911,402.7483489973892,16.137760318833454,16.038360318833455
1053.9816622505377,1552.4345279235574,6387.60839411099,13.136999033424194,13.037599033424195
82.07226028040137,1554.3295323046689,4235.6165822827315,13.583053141060365,13.483653141060365
630.6687614358734,1558.0668128744367,17975.761797231517,12.013626479595096,11.914226479595097
892.1377974837337,1554.9615501561184,2453.990062931285,14.175662741309669,14.07626274130967
208.9384108242647,1556.0405582561834,326743.3347899903,8.864827897753196,8.765427897753197
539.8194594888939,1557.851312501726,5930.844260658195,13.217553440896097,13.118153440896098
706.8951965485381,1557.8684619354137,2057.635997631227,14.366923367911895,14.267523367911895
137.3037766329197,1558.5758083720557,1020.7964252279444,15.127996889506502,15.028596889506503
363.3950478849728,1558.8211717070315,-876.2278337767002,,
93.27725814211342,1560.4132785957763,867.9988822948228,15.304046825907477,15.204646825907478
471.90469066322555,1561.555704183,27554.612795035657,11.549858959319879,11.45045895931988
127.17683680757231,1560.5197306117207,3216.1684621518502,13.881997768479346,13.782597768479347
446.8620477673194,1561.3485850494064,4483.004488261089,13.521421806594018,13.422021806594019
608.5385271951143,1560.182110035038,4108.210783792727,13.616212945148524,13.516812945148525
176.26919222656718,1563.7181514133708,2942.0985138674414,13.978701714153331,13.879301714153332
1050.631564425738,1562.9910518609536,5543.539968674178,13.290876782969208,13.19147678296921
435.15023276585356,1563.402342916063,3726.437832506893,13.72211003984369,13.62271003984369
459.41926503163126,1563.891541364976,3331.197307121756,13.843843848880931,13.744443848880932
522.5874598369363,1563.0600739082963,6116.678795047434,13.18405555325651,13.08465555325651
581.00683442475,1571.487936088203,22692.543384220386,11.760636804732805,11.661236804732805
23.253107793022494,1565.8815306028903,1103.247150130026,15.043662705102946,14.944262705102947
37.006074861943326,1563.7479159086768,1886.0477884517732,14.461463009163307,14.362063009163307
295.9629147209676,1566.158615431223,122957.67070401042,9.925955672406245,9.826555672406245
316.5281874278935,1566.2096500422824,6054.76624832799,13.195101287438483,13.095701287438484
41.69439948653923,1565.8058748458682,1786.8741298183957,14.520109837750727,14.420709837750728
306.90589964945576,1568.8417849084155,8786.51712245381,12.790802841550253,12.691402841550254
807.1219827390191,1566.1013461416462,-68.68621483709666,,
429.4232458583072,1567.6609551221766,3050.016581954011,13.93958923958863,13.84018923958863
496.6267361654183,1568.9704547720182,-1382.5464456956759,,
118.64798358773874,1570.5426403574365,3048.6436645491344,13.9400780768406,13.8406780768406
536.0353674203409,1570.5688211105423,16869.303579856307,12.082601856119549,11.98320185611955
1026.0186053086866,1570.5459437319203,69.17696481246864,18.05044098295994,17.95104098295994
713.5573339207957,1573.4630181829139,3465.760757117256,13.800848291051178,13.701448291051179
769.4943706879684,1572.7642837060482,-625.6982170372318,,
292.50477851686213,1575.5699157633496,177193.07421992708,9.529227883217649,9.42982788321765
958.1970933931098,1576.3762629219852,38831.81702698216,11.177375459205624,11.077975459205625
377.405593490879,1575.5625245156739,120.91826416367519,17.44411498062588,17.34471498062588
231.89127123242793,1577.5136116240096,6790.523051292133,13.070586671215437,12.971186671215438
531.2656275147039,1578.3452752869102,18251.183822816478,11.9971171426169,11.897717142616901
629.9020095305143,1577.6075679603878,9766.292025312472,12.676020475434827,12.576620475434828
22.391996310355093,1578.1192780273682,1003.1966633284926,15.146879543246996,15.047479543246997
693.3742410416594,1579.3683927861737,-786.9893427907268,,
467.7527415828997,1583.6566994273924,588.0070237240618,15.726888456418198,15.627488456418199
894.1055200975452,1581.855455019479,12270.889476966307,12.428154629603382,12.328754629603383
1024.1052032003693,1581.0433225405266,-950.3998330359136,,
524.1269235620118,1582.2890215089108,16883.311551968192,12.0817006540473,11.9823006540473
947.6497404399004,1585.4214297119977,41677.39521318977,11.100593320119335,11.001193320119336
344.6063170521801,1583.530223146129,-314.51204825310356,,
158.87857394231656,1585.3773694121714,24630.2649057285,11.671672033696218,11.572272033696219
801.3941849641626,1584.812658929793,1869.2240217123967,14.471191356819354,14.371791356819354
540.1181421448323,1593.279886987775,24402.101125313107,11.681776684363857,11.582376684363858
787.944587772136,1587.1701514863546,2894.2270499201372,13.996513245286668,13.897113245286668
845.6010314690652,1587.82272719429,3538.978494125106,13.778149932020819,13.67874993202082
862.0263047098264,1586.551756753374,1991.9739853164542,14.402135584900655,14.302735584900656
897.7946795912487,1589.6415213963405,12034.804045695877,12.449247182380688,12.349847182380689
17.24913462461344,1586.2513336989373,330.9540439134507,16.350925510562014,16.251525510562015
554.8504921299726,1588.008054408891,21807.085053784493,11.80385069714047,11.704450697140471
659.7117727214995,1586.9661036511845,3649.280649204181,13.744826580223378,13.64542658022338
145.32441193181847,1588.9785132802317,23593.914182064073,11.718344752198036,11.618944752198036
574.5193644179994,1588.6299064321145,16567.466816796998,12.10220446724403,12.002804467244031
880.8171719828796,1589.7484299926375,11871.836128855353,12.464050007627609,12.36465000762761
183.3346338733733,1592.621773756846,17079.805243364666,12.069137455186558,11.969737455186559
383.26219760233937,1598.3943049079496,28526.085690809967,11.512239284593544,11.412839284593545
934.2333248312839,1593.2113540156902,49740.98308609771,10.908558829615277,10.809158829615278
204.43339722278478,1591.9504666528344,16067.054853628324,12.135504049799398,12.036104049799398
742.4507371979323,1592.9664877136277,8166.842551298468,12.870209283522748,12.770809283522748
953.7172938616861,1593.3856934970538,41691.69379264428,11.100220892263215,11.000820892263215
84.55392231605636,1593.218332860035,9972.896631606385,12.65329144669104,12.55389144669104
913.472017523342,1592.7278465030117,10704.957907945274,12.576382330814813,12.476982330814813
530.1514160710649,1595.4215997595895,22468.676765093496,11.77140099947795,11.67200099947795
992.3521632642736,1594.0494220039598,561.7433128234986,15.776499962923113,15.677099962923114
19.192194164758103,1595.159127502309,1008.5247833205271,15.141128303367378,15.041728303367378
91.64491444528923,1597.6008676670276,8807.869525996184,12.788167559124197,12.688767559124198
154.40223689708395,1599.1553861239977,26056.63751487015,11.61054881238029,11.511148812380291
833.6340200316239,1597.049910912363,2750.7016317113857,14.051736028088218,13.952336028088219
171.35922918824602,1597.6432099880478,39260.83845385401,11.165445815395314,11.066045815395315
269.7970170298958,1596.6214405443689,3382.2395609220825,13.827333828192149,13.72793382819215
891.9016492152141,1596.6260791098,12772.072346515375,12.384691316005195,12.285291316005196
1046.7024853766643,1596.6410225381098,-1715.903444025415,,
449.8220218801426,1597.6437181546482,10824.846833874355,12.5642903407161,12.464890340716101
236.72178660206814,1598.6865205425208,3821.0825626629007,13.694878686640536,13.595478686640536
651.3731979991398,1600.832747056276,4676.2165678500005,13.475608200089049,13.37620820008905
529.8249838041734,1600.2142824530451,21857.463518362365,11.80134533528553,11.701945335285531
578.3256440479702,1601.0515506616575,1230.3604597495967,14.925263826506638,14.82586382650664
186.4315024096638,1605.5495509091757,17102.853052495717,12.067673330050972,11.968273330050973
271.12410444303714,1601.8354124700916,4174.084511608584,13.598941646102332,13.499541646102333
776.7616711087744,1600.995482363064,5434.025933993907,13.312540473854252,13.213140473854253
793.6168252437031,1600.9986559388167,5598.4830321315,13.280168825048513,13.180768825048514
58.92086183084398,1602.3744994939718,1401.62545844545,14.783764797743064,14.684364797743065
485.80803003244745,1604.1230507127084,4106.6586251984345,13.61662323403262,13.51722323403262
727.7444082582442,1606.4770493846656,14624.979530854049,12.237606573479951,12.138206573479952
171.86738685899962,1605.2283030614697,34445.83112088732,11.307503070714453,11.208103070714454
211.07151565680158,1606.9962929212893,23438.012585049277,11.725542782976948,11.626142782976949
253.64369470923916,1606.1050336164885,4764.605374514596,13.45527740003652,13.35587740003652
988.0937641703463,1605.786884398075,1751.930915198585,14.541552299743543,14.442152299743544
180.71663203254653,1605.9243836441847,17365.904920365025,12.051101193522761,11.951701193522762
442.61426359464963,1608.9269396240172,14027.57476688057,12.282888260347402,12.183488260347403
551.361713241491,1606.7261441940059,11504.5568528656,12.498170004217513,12.398770004217514
616.3333935777854,1609.179848332444,-823.6208832604063,,
795.5951115847098,1607.0436716669105,3483.346018615342,13.79535319752306,13.69595319752306
233.99711211074631,1608.389532565683,4381.31233668103,13.546334204683232,13.446934204683233
313.2457923452702,1611.556740023132,18444.408698159998,11.985682898481306,11.886282898481307
638.29116355981,1606.9881481248794,2343.8431601707634,14.225523372735225,14.126123372735226
767.8417108762792,1607.336390144448,2146.778321488233,14.320876738113803,14.221476738113804
926.5205005209923,1611.8371116564106,27882.682734744943,11.53700834797418,11.43760834797418
740.4929311503822,1612.097793862541,15953.590424109405,12.14319864518479,12.043798645184792
997.5163782612315,1610.4181994249125,1746.0810014387587,14.54518377341277,14.44578377341277
952.2926518342683,1612.0274110333617,-344.4389682005701,,
417.7999940366201,1610.8666949272906,2044.967279301211,14.373628832199199,14.2742288321992
639.0566411813413,1612.0337133377873,1703.0537272307563,14.572273867967262,14.472873867967262
897.0816670831751,1612.315599028648,3668.0674340404257,13.739251462830056,13.639851462830057
21.840574920530248,1613.3679217284048,861.9300270604191,15.31166471453318,15.21226471453318
33.05077154278276,1614.7273029515673,3948.2203830191174,13.659341275114615,13.559941275114616
162.03942538014203,1613.452535335848,24652.29364485727,11.670701410339252,11.571301410339252
451.012221788912,1613.938829953069,13754.884714365098,12.304202353940434,12.204802353940435
762.0276877475503,1613.1203257374543,1636.7989456209662,14.61535639924809,14.515956399248092
477.88555468854025,1618.1893435204165,16173.777530122694,12.128316078001593,12.028916078001593
78.63836123242923,1614.708756843432,2440.5199533758455,14.181638833911759,14.08223883391176
306.08397804624167,1615.4493554448566,18131.440445922402,12.004263971171389,11.90486397117139
326.89451286019005,1615.5397326392906,20069.330603437695,11.894012522813384,11.794612522813384
51.20101778545315,1616.8953027132661,3127.1822284863097,13.912461767337902,13.813061767337903
445.32284333782576,1616.8918554778256,13711.601771165027,12.30762426211973,12.20822426211973
331.5478642809055,1618.86076816221,12134.977321981729,12.440247318135828,12.340847318135829
134.33127331793767,1619.583553225255,-410.8451265230627,,
277.37917692552446,1620.6600258517524,435.6045475921772,16.052613728211206,15.953213728211207
1078.0046722571678,1621.8467233158544,2196.809335198246,14.295863827261524,14.196463827261525
408.2257763894964,1625.7500655880106,7484.020179175102,12.965007366222267,12.865607366222267
204.5593852157664,1625.404636237,21285.77757136627,11.83012094171994,11.730720941719941
440.3487299496982,1622.351249832655,12416.42007099365,12.415353747850716,12.315953747850717
836.6530551556867,1622.514124813131,-607.5135391899165,,
874.0805872124521,1622.8397588456055,3299.9483858366434,13.854076872832435,13.754676872832436
975.4160952143802,1625.5321081763525,2244.7677145300736,14.272416222093831,14.173016222093832
90.0487856351527,1623.4859579854851,966.2074341872585,15.187668803995164,15.088268803995165
446.91656647786976,1623.4454728086578,13484.90096147153,12.325725337849525,12.226325337849525
556.4354651057947,1628.2934258864325,8811.553571848886,12.787713525868018,12.688313525868018
545.305461283816,1627.2917086153516,8399.506674260336,12.83971029196426,12.74031029196426
654.8677343575786,1626.5746116008181,441.26130924746616,16.038605117691795,15.939205117691795
727.8511102955933,1627.5985535182713,8112.130758067535,12.877507384855372,12.778107384855373
102.0229310177406,1627.5580309067554,95.82116702535723,17.69669110098185,17.597291100981852
357.27837196382717,1630.4173854175067,12395.176898793707,12.417212917724,12.317812917724
28.6365300051904,1632.8499666182129,4493.8648562728495,13.518794721349105,13.419394721349105
889.0332143804862,1630.2064353098049,4356.156243819636,13.552586119870417,13.453186119870418
916.9995829877603,1631.3226853148267,6203.659289360132,13.168724895902026,13.069324895902026
1042.8008927532778,1632.1286014706407,2127.4569729983486,14.330692777253217,14.231292777253218
232.7300473041846,1632.9039917677537,3891.7178274498283,13.67499138121745,13.575591381217452
471.47636623089005,1638.9469184007933,82807.95045523348,10.355164651430647,10.255764651430647
659.797814093432,1633.3255088854269,615.060474078693,15.678050194144891,15.578650194144892
327.05294816869576,1634.7197526759667,12063.391482286852,12.446671186229278,12.347271186229278
548.5345126682797,1635.1180262080743,8621.205994991233,12.811424685158189,12.71202468515819
882.832640371223,1635.6526336637185,5004.115533814359,13.402026420709477,13.302626420709478
985.4657748597855,1635.6357342312015,3490.3436849549435,13.79317425852042,13.69377425852042
129.533027644806,1636.3334410559191,649.5550633094651,15.618804809605862,15.519404809605863
598.8549382233858,1637.657455058791,10370.800276735155,12.610814064270201,12.511414064270202
755.9731868583143,1637.1400230457414,514.1875792320675,15.872540786839654,15.773140786839654
420.8336908537631,1640.086292272693,18086.140598015838,12.006979984177923,11.907579984177923
635.0004765277746,1638.3615459456294,2812.3026514865032,14.027689599972048,13.928289599972048
924.7287244979167,1639.1055642072981,1524.2372278093678,14.692713329311292,14.593313329311293
1077.1637668470053,1639.3376501265743,3351.345683042707,13.837296674391897,13.737896674391898
1064.5521213178656,1640.5606334941683,2719.677108774227,14.064051376088738,13.964651376088739
33.261449773268126,1643.3758352341385,3598.6424264998104,13.759998001263693,13.660598001263693
119.0797411673881,1640.1537265483628,1902.0774008135743,14.452274276743452,14.352874276743453
305.7340181776659,1640.2592488198975,10647.05558249319,12.582270937546507,12.482870937546508
354.81601415430055,1639.8070836342058,14313.627379555186,12.260970472704695,12.161570472704696
514.2754228916872,1643.979802589182,10755.763205736283,12.571241659729083,12.471841659729083
314.49034974985034,1642.3802742410683,12537.677949456665,12.404801965543886,12.305401965543886
461.89776306475744,1643.320264624595,81512.16484393748,10.37228867197515,10.272888671975151
500.6414898015037,1642.7776276059217,11114.910185483594,12.535579846484115,12.436179846484116
866.6699364097796,1644.646056066217,2901.4905593506683,13.993791836197115,13.894391836197116
178.28076843633295,1645.459858718602,-904.8448107634713,,
11.917476487576122,1649.6576697057076,1171.0589201598275,14.978897874444081,14.879497874444082
38.98301039037169,1649.5494206260855,2735.1468645425703,14.057893113593815,13.958493113593816
62.562243125185816,1648.6217369335222,1544.5894506341153,14.678312079938841,14.578912079938842
985.3624706594445,1648.052921637506,2185.375210645263,14.301529709672435,14.202129709672436
319.5012356079896,1650.9801151231734,12648.431088732712,12.395253093345026,12.295853093345027
647.3018495114025,1651.3422126914213,3021.399197718608,13.949824466882728,13.850424466882728
259.3404800881134,1650.872977978932,-210.75287424694045,,
434.1323406761344,1655.425439159877,28651.020570516223,11.507494499595381,11.408094499595382
773.1511115369003,1652.1772116883978,2865.764876626285,14.007243351829793,13.907843351829793
962.0653222278887,1653.6243413094085,-424.98263669014733,,
343.07792122437803,1652.720708549144,1558.3356636403134,14.668692215954648,14.569292215954649
363.88272513249615,1652.9536720395781,903.527146247209,15.260491727363098,15.161091727363099
623.0453786337833,1656.6957887776168,18946.16293945712,11.956541570833163,11.857141570833164
689.3843862932852,1653.8490567006288,-148.8413820462417,,
1.2276604102445097,1656.996593754639,1087.3399749969633,15.05943135391908,14.960031353919081
1056.637655693276,1658.327018952504,5762.041928658779,13.248903705300409,13.14950370530041
216.61100958087073,1664.7466953571761,72321.57615784036,10.50217503458647,10.40277503458647
503.1423729992152,1660.3810570322705,7119.801420228133,13.019175038734424,12.919775038734425
1073.540497738153,1662.403833058697,5499.796115813551,13.299478265859253,13.200078265859254
86.35974243940726,1663.2735297234028,19576.40741535069,11.921012253822289,11.82161225382229
268.5048836634139,1662.314623580904,1645.6059388422836,14.609530125721307,14.510130125721307
792.8720779984286,1663.4826256198207,860.3902183771407,15.313606079950778,15.21420607995078
388.74907622753636,1665.549168960798,-159.67800847156525,,
769.674645486599,1662.9426636829335,16094.134431725493,12.133675679272617,12.034275679272618
147.8760488044795,1664.814011973323,776.5178109723036,15.424966186813347,15.325566186813347
234.8109720560148,1667.6403151414488,60113.53154732968,10.702914134186294,10.603514134186295
518.4612295337823,1665.6349214182437,937.9836056990437,15.21985662141093,15.12045662141093
428.0083492053318,1674.4798449431287,19836.608646665052,11.90667617756549,11.807276177565491
757.9387016296922,1670.0119342334224,14745.213887217014,12.228717049249987,12.129317049249988
83.87802017376616,1675.454480919717,19197.34109894873,11.942242036980698,11.842842036980699
417.21873327300204,1670.1883512791967,10093.062857637295,12.640287295859745,12.540887295859745
458.57181149637677,1669.2981107036003,-1294.4265748792222,,
594.8703122582552,1669.8333173320498,25438.7883683541,11.636603684949756,11.537203684949757
247.1294915518277,1672.1663957179649,6892.824995101629,13.054351610406407,12.954951610406408
623.6989738580976,1673.8140744336304,19794.432829027082,11.908987084761307,11.809587084761308
899.2817913441316,1673.679909691996,2938.9795487643037,13.97985333078391,13.880453330783912
925.11346361516,1672.7260984885102,-472.4004020079351,,
1012.7292901036091,1675.551042080639,18018.20941021479,12.011065665656512,11.911665665656512
288.30075545397943,1675.2371662286796,1517.9116274163134,14.697228521426103,14.597828521426104
434.37000240216923,1674.500131298758,24888.46269179297,11.660349560826846,11.560949560826847
19.29638517396044,1679.647077009392,4915.885988621856,13.421340235809282,13.321940235809283
593.5669315557741,1680.3569803801577,26416.957187314943,11.595637759886811,11.496237759886812
605.1651998650908,1677.3243998638145,28932.342440117474,11.496885748971744,11.397485748971745
134.98120404436756,1680.8709428785876,1539.0151635251023,14.682237493654174,14.582837493654175
1043.4102436468677,1681.863132551765,5919.812502598576,13.219574861788889,13.12017486178889
378.60150285728986,1678.4997343319876,1099.0408706722246,15.04781013305498,14.948410133054981
549.625932868049,1678.5952702657762,-66.54481960198348,,
982.629777391303,1679.2652841175777,8186.895710536602,12.86754659544882,12.76814659544882
9.283161891953359,1679.4583040866314,5198.002436605428,13.360753543908164,13.261353543908164
368.1677203274094,1680.804809696173,-226.70886099244296,,
969.7242394873687,1685.971715917008,9909.696198799604,12.660193889420777,12.560793889420777
812.9263978552722,1682.1425781582973,1403.9020140241823,14.782002748088773,14.682602748088774
897.8167907378912,1681.9427662687235,6800.238791881975,13.069034332467524,12.969634332467525
1055.1587551625619,1682.0836544651738,6196.628709667453,13.169956053715666,13.070556053715666
294.9770512697102,1683.0240832086608,2359.6095136503864,14.218244394464183,14.118844394464183
1014.3930701961355,1684.1929141783517,18528.391831647114,11.980750424655435,11.881350424655436
383.4850959970473,1683.7801752789255,7121.635480275161,13.01889538922719,12.91949538922719
915.1678333651087,1685.2165267378712,3328.6731108587114,13.844666871321289,13.74526687132129
775.9795113194269,1684.6845551749982,300.45904623368733,16.45588153001145,16.35648153001145
18.066740963548284,1688.570825789003,5766.069354407942,13.24814508630058,13.14874508630058
47.225394734474925,1687.5226501879888,454.19297464503694,16.00724370985303,15.90784370985303
163.0137047008531,1688.4443952176723,4480.646618119917,13.521993007995558,13.422593007995559
887.6573093100163,1685.98928958532,8495.869421359095,12.827325168695042,12.727925168695043
834.7156992619334,1686.78854415941,923.1185613582115,15.23720103198231,15.137801031982312
554.4313827837534,1688.5029329336585,746.8915512143826,15.467200873874983,15.367800873874984
590.46917668462,1690.1518415391445,25481.294383610773,11.63479102762834,11.535391027628341
401.41997326635044,1693.0096489783357,13289.757699780283,12.341552083484434,12.242152083484434
828.8449766278425,1693.151406572531,443.62417889600715,16.0328067194665,15.9334067194665
32.447809572864,1696.0324737460235,4771.849813164136,13.453627824658003,13.354227824658004
279.7663580490603,1694.9945380971853,606.8023379632455,15.692726627214551,15.593326627214552
996.4030447851736,1694.9073134462708,8372.583909007344,12.843195969069196,12.743795969069197
226.2310974129578,1696.3931384800462,-1475.3854819832702,,
114.56113688419397,1697.8418982375993,445.75269000388175,16.0276098089888,15.9282098089888
983.5553035022947,1704.0153266134291,8634.286252721966,12.80977863392973,12.71037863392973
92.6166869243014,1697.9357390036903,1667.6303861912393,14.595095241059063,14.495695241059064
326.1361967036463,1697.6203096786035,1800.9953162801555,14.511563282312412,14.412163282312413
615.6480663587057,1699.0719638045243,5085.975941544609,13.384408987071165,13.285008987071166
177.64356625468494,1703.2645013670065,8040.152451708104,12.887184031736801,12.787784031736802
141.71708803048256,1702.1283764683621,2387.7613295148108,14.205367454782998,14.105967454782999
740.9304943031223,1702.29361895204,1965.8761369271465,14.416454363365375,14.317054363365376
898.1583267263245,1702.81700971989,10601.950507585709,12.586880309504071,12.487480309504072
912.1960464869255,1700.7975543070106,11039.996163903817,12.542922434548908,12.443522434548909
706.3571744151665,1703.4872112987546,1013.9324920391098,15.135322139544499,15.0359221395445
299.5156271081782,1702.6044380434732,1489.702540544372,14.717595844732543,14.618195844732544
31.10151896199192,1703.1641156090916,9702.44372058469,12.683141910076499,12.5837419100765
84.06309734907208,1703.8389847311091,2021.5289089029197,14.386144849897047,14.286744849897048
853.7882912148654,1704.6486658275799,4236.867170189718,13.582732619093635,13.483332619093636
3.918487247920493,1704.478077816696,1462.8669204604607,14.737332692267238,14.637932692267238
681.7176078704268,1706.0181268212937,10487.405284308074,12.598674611823196,12.499274611823196
1037.566383756004,1705.912414577745,1743.8375245511086,14.546579693918567,14.447179693918567
72.59490060026916,1707.3660241811172,738.1527903074324,15.479979076321115,15.380579076321116
328.9347163272925,1705.8158058273555,1393.4445141102142,14.79012054046566,14.69072054046566
1053.025479005687,1707.3038776526503,1304.0646531807336,14.862096932095348,14.762696932095349
671.6588078336548,1708.2914477008478,10875.11173360237,12.559260421520579,12.45986042152058
972.6954515232685,1707.045159173356,9979.455925964485,12.652577579632178,12.553177579632179
49.59022272398509,1709.6730537845585,1297.9928730742945,14.86716397107319,14.76776397107319
424.56942369474905,1710.52898132795,5106.158377396761,13.38010903786316,13.280709037863161
560.2116457198765,1709.26801992295,24250.095347828596,11.688561114458262,11.589161114458262
467.55090886115335,1710.340349964126,-859.040912460686,,
784.2461722588496,1709.050659054866,3382.453940284455,13.827265012233136,13.727865012233137
800.2812096329191,1712.1032985225922,4178.884875493823,13.597693723549654,13.498293723549654
190.07795472171648,1711.7640801160776,8097.125117696537,12.87951761552918,12.78011761552918
654.6900113524301,1712.7167858451862,2370.4471607223227,14.213269043342022,14.113869043342023
156.7791220371834,1715.1775509586541,9362.66603043116,12.721845910204943,12.622445910204943
771.6662665137484,1715.3648864986972,-490.01403376621954,,
101.20220986177426,1723.3397306050956,16103.175524803553,12.133065923839217,12.033665923839218
353.95283086124624,1716.9217776806286,3306.340115691968,13.851975924719504,13.752575924719505
838.6033231465332,1717.2401419213654,5503.855460260019,13.29867719043396,13.19927719043396
49.128032154392216,1717.9856019294136,2726.431241321666,14.061358366869431,13.961958366869432
550.1479134883978,1716.5322437527207,13347.485319638987,12.336846111100298,12.237446111100299
824.2463682984478,1718.4496661483595,3924.058592348595,13.66600603213331,13.566606032133311
496.756824403627,1718.641390880659,476.8123793245351,15.954475934956434,15.855075934956435
537.2388646615303,1718.887207534544,2281.8408393683067,14.254631369084661,14.155231369084662
28.369039082261196,1721.4838918233006,12508.941542873614,12.407293333348742,12.307893333348742
568.3612837125955,1725.9589327949093,38073.42913609631,11.198789755994282,11.099389755994283
1007.4547196572807,1720.2000694557144,-1293.7341991092026,,
148.13433504572933,1721.3484728270785,9082.587693812922,12.754820741427004,12.655420741427005
621.1064106963652,1719.753971823062,3685.0571830506724,13.73423416218658,13.63483416218658
35.669785845590496,1722.0508884240742,9403.30343687486,12.71714361411658,12.61774361411658
389.73933767158434,1723.1997374587004,-1859.2022902136316,,
12.922552255987531,1726.6970499548263,12506.791582898011,12.407479959051718,12.30807995905172
20.055189464076815,1725.6178899384777,12393.698536559874,12.41734242028309,12.31794242028309
794.7668700840863,1725.2034948763358,11363.672549749754,12.511547963754806,12.412147963754807
126.36495122279548,1726.6058715616825,320.66692361669953,16.385209327473458,16.28580932747346
612.614189499798,1726.1932162898297,2896.348296899695,13.99571777519604,13.89631777519604
754.4436941257965,1726.4125374100934,1473.1436996971238,14.729731958961187,14.630331958961188
156.6707371983303,1729.1808371806549,7563.607632215791,12.95352226224996,12.85412226224996
450.3467409194657,1728.3309781883636,-290.6862978907243,,
625.2031858885629,1728.5543649893714,2542.360922524252,14.137251729340207,14.037851729340208
53.79319808633257,1729.8924125087103,-1629.2447396872467,,
204.88757518860123,1734.2467616963388,18640.36054764839,11.974208969873139,11.87480896987314
353.808234452577,1732.2032073653377,4910.845809592394,13.422453994776758,13.323053994776759
806.8799803565046,1735.4858195166764,17267.860691335853,12.057248399961715,11.957848399961716
620.0537389499233,1734.5757337960392,2512.8872228246855,14.149912245514491,14.050512245514492
648.4004589443896,1733.0768644580294,1207.4850554630273,14.945640329828732,14.846240329828733
271.7776078130884,1735.2789193469437,3483.951795764721,13.795164397158189,13.69576439715819
341.38899230130335,1734.005385601974,3591.5872665765173,13.762128682853676,13.662728682853677
538.2529022008466,1733.5668921820818,3026.242215299879,13.948085527586167,13.848685527586168
101.56948484034001,1740.6663068563664,16703.3935895151,12.093332953996072,11.993932953996072
735.8705975681296,1737.8640696753496,440.21273341940207,16.041188239194796,15.941788239194796
883.5934184001602,1738.8623055013875,9041.710398655154,12.759718259039298,12.660318259039299
1027.5069008297191,1738.3232699646633,2042.3858905380785,14.375000236868608,14.275600236868609
441.0633907928602,1739.5043803644253,1249.880744000052,14.908173297635162,14.808773297635163
761.9610419133439,1738.9039302665572,1053.6659622318823,15.093587363843845,14.994187363843846
260.1693750533051,1738.6582931461148,6408.33259049202,13.133482132240223,13.034082132240224
516.0011657776874,1743.1944662696958,48770.4401032263,10.929953054088982,10.830553054088982
336.02906314607276,1740.7607357490788,2052.1779243915144,14.369807211959829,14.27040721195983
790.6194102068016,1741.1277403974473,17529.56184147398,12.040917088612606,11.941517088612606
866.0411440945918,1744.2984900371657,11163.28765936807,12.53086445093752,12.43146445093752
705.619589407173,1743.684045298351,10229.167742109783,12.62574398975105,12.526343989751052
1003.3394949715856,1743.6041961784679,-299.0644941533221,,
982.1632139921821,1743.0021815212085,-514.832395733797,,
6.761187969106441,1746.032064537796,3430.9465067224482,13.81180987364916,13.712409873649161
259.01177974268876,1745.1292015851404,7205.8951592443655,13.006124892892611,12.906724892892612
292.2176114746552,1748.3915494730134,3916.487106754299,13.668102987856647,13.568702987856648
335.25892278259164,1746.5229353139978,1215.3690156048133,14.938574339947312,14.839174339947313
346.0515669993154,1746.2630551677175,3159.7742587758175,13.901204598834632,13.801804598834632
802.7686121213746,1749.7954640093917,18190.317395702496,12.000744048359827,11.901344048359828
141.58692295514615,1749.6681859101554,3682.945380355623,13.73485654544076,13.63545654544076
231.312660624389,1748.7562981361311,7898.757324942699,12.906447812976158,12.807047812976158
711.6201183613535,1748.5238916064338,10589.422940128738,12.588164004981726,12.488764004981727
399.3111494173133,1753.886437219408,49250.32103873395,10.919322076278366,10.819922076278367
618.9855166472078,1749.8324254501097,1740.6430847512631,14.548570418106847,14.449170418106847
118.49648237803397,1755.0049607766753,11917.65516693057,12.459867702978839,12.36046770297884
131.53387091312933,1750.4916409579525,9246.964374610321,12.73534677965841,12.635946779658411
186.45151135042602,1752.2543861053562,20117.310865588777,11.891419923353467,11.792019923353468
262.2887014777079,1754.7890799857814,5596.273419093179,13.280597428728427,13.181197428728428
543.1607200937545,1752.266866948528,18434.46401979626,11.98626845312602,11.88686845312602
705.7217435479496,1755.289521645842,9890.409981709448,12.662309004418546,12.562909004418547
893.5736781106782,1751.7537148853887,2547.3184479014535,14.135136638742738,14.035736638742739
13.53682199621097,1755.783169659505,3658.2103198933874,13.742173064363918,13.642773064363919
434.9815054925528,1753.0100353985124,1484.4520516295897,14.721429305067499,14.6220293050675
524.2526863126524,1757.8015554066055,50405.96710854484,10.894139861513814,10.794739861513815
274.22979196170104,1755.3047819089898,7383.923084498503,12.979626830363411,12.880226830363412
760.0536257192343,1756.4022174342338,1296.0025584488376,14.868830093569413,14.769430093569413
231.5679317542115,1757.9536324735434,9111.375634405365,12.751384861637407,12.651984861637407
596.9739108355508,1758.7165617993896,8637.764801842726,12.80934130465603,12.70994130465603
74.16228205064482,1756.9216828227964,132.61667299347846,17.343849419776973,17.244449419776974
304.96221244451675,1757.405732778479,5858.200978725934,13.230934073149355,13.131534073149355
496.4436149236527,1756.9215123674069,6146.807395428402,13.178720727981295,13.079320727981296
797.814145268392,1759.826778897784,10725.52651649938,12.574298188487116,12.474898188487117
298.10119291985023,1759.5884571511021,5714.7457145874905,13.257852464179992,13.158452464179993
652.3167260783329,1759.8811259270715,649.7757027973456,15.618436071654383,15.519036071654384
891.2528899261089,1759.4096111712836,1522.9236339912322,14.693649424594561,14.594249424594562
488.39923523500664,1762.2933364117378,4740.028034334577,13.460892465105909,13.36149246510591
506.6145332153439,1760.818369896842,39960.609717950734,11.14626447562213,11.046864475622131
67.95450145596628,1762.5801047777068,2738.423910031439,14.056593045501685,13.957193045501686
170.11149690281457,1763.4594012351617,29732.017521170288,11.467283790613154,11.367883790613154
222.8422629001575,1760.4793194711244,8422.626952979992,12.83672582637479,12.737325826374791
151.09630899954712,1762.2043664561536,21024.601635622552,11.843525301423423,11.744125301423423
844.157360592011,1768.515464053675,46846.4866853164,10.973652175888892,10.874252175888893
48.47438004207956,1766.268110323346,4812.405099570552,13.444439294938878,13.345039294938879
720.2865454569636,1766.3875853626362,5747.434988878286,13.25165957196381,13.15225957196381
102.46027231655877,1767.17848174411,26883.57485435731,11.576627193998059,11.47722719399806
498.54394246566187,1769.3258447591943,5346.674649244585,13.33013534669326,13.23073534669326
97.62107809917283,1774.127138158912,23486.941036668635,11.723278597015408,11.623878597015409
125.19881215153609,1774.0139599706629,11620.595944818218,12.487273738853414,12.387873738853415
321.8938693436848,1770.951969688703,1115.6530712810431,15.031521827410128,14.932121827410128
331.2678833801408,1772.1789030535977,12160.160288353429,12.43799649177182,12.33859649177182
20.130136380503863,1773.9424209967556,9552.588391995496,12.700042078288245,12.600642078288246
302.797354800389,1774.0134737009653,1946.3827252627311,14.427274137156932,14.327874137156932
349.45429301095345,1772.0094221457114,15971.929647553148,12.141951269354706,12.042551269354707
940.5591894388108,1772.8639774827889,122.02034015043495,17.43426416246681,17.33486416246681
967.4518572220028,1772.4748264782695,745.3485680440807,15.46944618716841,15.37004618716841
1052.119296147128,1772.0585795499228,689.7109520400513,15.55367693506525,15.45427693506525
235.03944834622396,1774.1203294691047,17252.72518185831,12.058200479496554,11.958800479496555
564.0087801464224,1772.793404531724,3073.8118990866515,13.931151522097956,13.831751522097957
574.6197450723968,1775.4067240606237,2621.87151653244,14.103816227024835,14.004416227024835
601.2626242819033,1774.1365071815767,10094.862545433052,12.640093716166607,12.540693716166608
1045.897634847762,1773.5320506510927,962.1665087931653,15.19221915112983,15.09281915112983
617.4432845956756,1775.746056564972,427.011408920579,16.074246044042667,15.974846044042668
6.5843927744675845,1776.8597960883853,9006.51152791495,12.763953217689277,12.664553217689278
364.4194617481929,1777.1332683476785,8664.514668950564,12.80598413748272,12.706584137482722
272.02476257569805,1777.5330227273294,230.92117687992916,16.741685335279495,16.642285335279496
246.73132506432253,1780.4551223093088,10801.346514728317,12.566649993841544,12.467249993841545
536.8071122163032,1781.8329076241932,49065.96881503952,10.923393794578034,10.823993794578035
808.5101390426386,1779.563610115557,4748.437742112861,13.458967870168792,13.359567870168792
1051.7568767227208,1778.400411349804,760.5298805184234,15.447554036382456,15.348154036382457
342.22052462306453,1782.383943173747,14785.675478133651,12.225741816021682,12.126341816021682
870.7171155810191,1783.7837196338435,14361.919491320396,12.257313521089952,12.157913521089952
23.909268063496516,1780.9159690471865,8821.57075668668,12.786479936038386,12.687079936038387
745.3624339083347,1780.7438896775961,1417.7678654184667,14.77133191932895,14.671931919328951
912.0992819760415,1781.2410497943567,-1422.3076190265715,,
17.497750243485275,1788.571691485432,9800.756880949513,12.672195700382275,12.572795700382276
361.2385192083994,1791.7735852044516,10796.869019996633,12.567100158643226,12.467700158643227
370.8590421688596,1787.0171451426004,8192.022188348697,12.86686694093445,12.767466940934451
567.060960267766,1788.2879264704518,3956.319929789039,13.657116231304357,13.557716231304358
663.0349880740678,1788.5926576607505,1901.328104527639,14.452702071316033,14.353302071316033
740.1168944838711,1787.5835739204583,3260.015702630691,13.867295510882666,13.767895510882667
722.6789810236525,1790.2853029727141,2878.5882131311287,14.002395883849022,13.902995883849023
760.4820574430031,1788.3071958530322,999.1738445612817,15.151242098368407,15.051842098368407
794.0993191381896,1789.8311249305355,3322.5942796660756,13.846651458185283,13.747251458185284
547.8955347961938,1791.3517186408205,48595.810491604556,10.933847666316602,10.834447666316603
193.76552200855633,1790.9840437389423,-623.51965035134,,
168.60357307505345,1791.249626515159,255.49419736208614,16.631892137930485,16.532492137930486
496.44807703617437,1792.04615153563,5628.412312788405,13.274379979678068,13.174979979678069
42.81450851021424,1796.0122368953773,13146.129874652139,12.353349944533258,12.25394994453326
397.27531126055726,1796.306873298928,2730.779263029259,14.059628250143248,13.960228250143249
822.6525911226415,1794.2400719634504,3233.2826900920745,13.876235547767198,13.776835547767199
91.04203039921921,1794.7039255257541,4642.182804074893,13.483539144524057,13.384139144524058
437.6351974720001,1794.3945338522674,-228.4374284840561,,
480.7797622322522,1794.8546115726822,26438.52634253711,11.594751629916306,11.495351629916307
693.5714134251349,1795.8317175400941,1538.780334841963,14.682403171980644,14.583003171980645
834.8530354742745,1797.8267616109201,4090.9942375933288,13.62077257134481,13.521372571344811
638.5502259223445,1796.880998071851,-17.36735209545327,,
504.70225719226056,1798.741226079039,2568.770532425405,14.126031464291298,14.026631464291299
529.3723298732764,1797.0376491589504,45824.88230908622,10.99759134514861,10.89819134514861
384.68347583104696,1799.3011469890166,4181.006651905886,13.597142594504286,13.497742594504286
137.28021108441703,1799.5240821125208,1528.3883037809287,14.689760476953595,14.590360476953595
226.1580282134241,1800.2896583084334,1452.4815140373444,14.74506820636141,14.64566820636141
318.59039396054607,1801.2447574901646,424.7301066861392,16.080062123938948,15.980662123938949
475.0136378502107,1805.9084531560882,25501.4688969688,11.633931748950605,11.534531748950606
254.24604157524516,1805.2695531672814,3273.8530250800977,13.862696794548796,13.763296794548797
915.341506043959,1805.492193764947,1462.4940957248032,14.737609437129485,14.638209437129486
514.4731726892945,1805.2212334104192,3392.1027308190887,13.82417224947156,13.724772249471561
644.8356367116245,1805.1578574791067,1251.2561574874437,14.906979171580392,14.807579171580393
927.748654489266,1805.4393333500461,645.0951844443177,15.626285240889308,15.526885240889309
319.15833388681517,1807.3782480176894,989.5243906194407,15.161778481954286,15.062378481954287
593.7008622903094,1806.5413699969229,1641.894153823943,14.611981849509935,14.512581849509935
982.7192829001551,1810.1359852926419,2041.4843693908022,14.375479593019785,14.276079593019785
239.1259381572846,1808.3355974844897,4153.710667397277,13.604254136130686,13.504854136130687
538.2104011911158,1808.7259447937242,4936.322858203223,13.41683584874497,13.31743584874497
612.1975782379756,1807.901123702284,1407.8168801675818,14.778979320203328,14.67957932020333
0.9653797762789967,1810.6825057913986,888.1394444047634,15.279141844393079,15.17974184439308
107.71037783148405,1809.4743075187293,921.0150339335272,15.239677942417686,15.140277942417686
415.0389904389514,1809.4894210955833,2479.313878908474,14.164515961919744,14.065115961919744
313.9660142626413,1810.9972963494813,1149.8184797134616,14.998771530060658,14.899371530060659
56.48980602037408,1811.9065301441333,4154.53251105099,13.60403933610781,13.504639336107811
484.66407434339953,1811.3614357562751,27191.07759665697,11.564278692652083,11.464878692652084
784.5754684389166,1815.3877251049785,33227.26111210279,11.346608379967208,11.247208379967208
959.9359156490243,1812.4899660883395,7365.964812503028,12.98227064106229,12.88287064106229
372.36523280866095,1813.5460815294496,2008.272560680311,14.393288104587825,14.293888104587825
568.7928224256566,1814.0494300506612,1295.3035360282888,14.869415863015913,14.770015863015914
750.937464786358,1814.8747603122154,1251.5291457131152,14.90674232089977,14.807342320899771
759.0122187944676,1813.6948750673705,2728.5135657684923,14.060529447336148,13.961129447336148
836.932258612647,1813.963621637992,4877.710516539091,13.429804685428541,13.330404685428542
107.47879747534621,1815.8807795642927,2481.6277494640467,14.16350314886703,14.06410314886703
518.6866764287148,1814.3417565824618,596.5075654255213,15.711304850418315,15.611904850418316
604.3995826443419,1815.0431953473123,2035.0132210012098,14.378926653070135,14.279526653070135
695.4179997081462,1818.1722271743386,2015.8825177459735,14.389181694376973,14.289781694376973
1022.4706081742771,1820.832656549501,4496.2849281446515,13.518210179428046,13.418810179428046
1059.310804575777,1819.749905608441,1313.1517489754347,14.854557449660081,14.755157449660082
1005.6902964447672,1820.5548616317737,4281.691544279974,13.571306297666025,13.471906297666026
627.5925160638742,1820.1827516045164,2118.2174706674655,14.335418376525654,14.236018376525655
85.54935332233157,1822.4249689850624,1014.8027156269759,15.134390688944185,15.034990688944186
170.67771010808386,1823.162146030883,7591.5094037486415,12.949524404934026,12.850124404934027
158.9265036153101,1824.4518981917047,7051.902106724347,13.02957905359623,12.93017905359623
486.0694171152331,1823.0333197017433,10426.72229086501,12.604975224426145,12.505575224426146
50.07185300631388,1824.4286717876496,4887.785912926752,13.427564302341844,13.328164302341845
329.7177462095087,1823.9105723225473,22.823136802887007,19.254406407153162,19.155006407153163
60.02621799002148,1825.3776528300598,4700.863668805328,13.4699006001111,13.3705006001111
417.0436496343322,1825.15008370493,3396.292155750514,13.822832135651241,13.723432135651242
813.250156046566,1826.1772204212518,1113.2238551811631,15.033888480213445,14.934488480213446
957.4175755119379,1831.7131864227965,11615.31234058029,12.48776750913699,12.388367509136991
264.45666137629934,1826.8393180146495,-1789.8463654199634,,
390.3771174969084,1829.3914527546676,2563.2193316329985,14.12838031617547,14.02898031617547
902.4284404510475,1829.8485930401594,1986.4587281569616,14.40514587495398,14.305745874953981
670.6803389411531,1829.7141897160207,1093.6665453705293,15.053132422018972,14.953732422018973
179.40563358509135,1830.9803342513464,3340.2430387758795,13.840899571823865,13.741499571823866
838.403213327473,1839.0536380786077,100741.5304412817,10.14232338009358,10.042923380093582
628.2747441954765,1834.953993895824,1777.8231692157444,14.525623336321473,14.426223336321474
107.5895095172647,1834.4630512547817,1921.3849226134566,14.44130879475049,14.341908794750491
864.1217992252562,1836.9196823216405,4671.820650728949,13.47662933567327,13.37722933567327
427.9569810828354,1836.109258848187,2239.876871164107,14.27478437757103,14.175384377571032
62.54472042790226,1839.4231471044975,4798.999829199749,13.447467904579508,13.348067904579509
290.18797517641786,1838.8151230383864,245.43688026984523,16.67549518572155,16.576095185721552
713.0085161084997,1841.2446058138503,14311.573781533589,12.2611262561148,12.1617262561148
47.46146641824418,1841.5412083499157,4910.129113150949,13.422612460363279,13.32321246036328
351.96221324336,1841.9487271802386,11404.052512948503,12.507696719606376,12.408296719606376
552.3698455833855,1839.1611530088057,2923.688378331911,13.985517037207524,13.886117037207525
311.10292082346695,1841.5050431858037,4866.078851615492,13.432396885495871,13.332996885495872
581.686679038077,1839.8491031909027,-46.84372517362664,,
1065.2767875668865,1841.1782933441118,2137.765942155185,14.325444356213817,14.226044356213817
326.41440070428786,1843.666653053737,5287.927916321247,13.342130924951316,13.242730924951317
392.56568854124754,1844.1711019552713,9859.8585772695,12.66566802632402,12.566268026324021
944.738503916532,1844.7019037265195,8334.748226877497,12.848113527397658,12.748713527397658
1009.6012435446562,1843.5240730547437,838.3966143881357,15.34172095107856,15.242320951078561
91.34047988752597,1846.5400894785369,-725.3746766225316,,
2.1433553061257484,1849.1463781135346,8374.94744184797,12.842889515163904,12.743489515163905
408.0503114854814,1848.298590108443,8735.54933568076,12.797119188720721,12.697719188720722
1040.552218463656,1847.6997616646001,-928.2364267760391,,
493.88636739560104,1848.1765458379778,114528.06235384951,10.003064957873372,9.903664957873373
510.4173892890038,1854.1293833039012,130049.19745462807,9.865075549594359,9.76567554959436
872.5846716137954,1847.5170259010188,3121.869085380489,13.914308023011397,13.814908023011398
767.1314486902808,1851.8368657050705,3732.6096265580227,13.720313311289374,13.620913311289375
981.8869860759672,1852.7185544679742,1711.6691127089007,14.566795206173564,14.467395206173565
183.28010801645667,1852.7773889926414,1810.1235819218869,14.506074174984096,14.406674174984097
970.6228651244751,1851.6754065672642,2097.561043379092,14.346058219380105,14.246658219380105
1077.4223485548425,1852.904283827146,240815.5855778611,9.196133263213532,9.096733263213533
254.94200992944477,1854.4947544990268,194.1701371292976,16.929888647451527,16.830488647451528
379.5190961853345,1853.6943922446137,2409.1872051876067,14.195668370680018,14.096268370680018
607.7325031685132,1853.1458420898905,-261.9845655891729,,
1074.109319805884,1870.8292139479722,283751.6334650831,9.017998815020194,8.918598815020195
564.057521331433,1854.8406169109164,54251.545651204164,10.8143144509081,10.7149144509081
3.396629894795647,1872.6814338063584,15084.687068622181,12.204003977821989,12.10460397782199
169.18548435419143,1856.4923537294121,4836.767009470954,13.438956821727725,13.339556821727726
462.1359901955886,1857.725017285771,-1640.6870028910575,,
896.4476385237945,1857.6919454224083,1577.640357384696,14.655324722362947,14.555924722362947
304.16517768990013,1861.7093836461017,10580.572252556589,12.589071847653063,12.489671847653064
338.3636066248341,1859.4460632337748,6524.158128484501,13.114033544130393,13.014633544130394
551.3075061486572,1865.3378173719766,57072.72465839493,10.759273224988199,10.6598732249882
681.6665697234415,1860.7600521879303,-158.98959897139105,,
65.87873181064194,1861.8598459698246,831.4853795717004,15.350708197760905,15.251308197760906
396.207624953493,1860.8915686269897,8230.851345511388,12.86173284546681,12.76233284546681
802.7832071561613,1865.0630277501336,5045.623070895215,13.393057731311576,13.293657731311576
21.12173072791405,1868.3817236349998,9453.645281491563,12.711346483946347,12.611946483946348
376.4686531938532,1864.642274148545,988.1997585602741,15.163232882154915,15.063832882154916
266.9808115710149,1866.5588872092417,2093.484931161796,14.348170142766893,14.248770142766894
902.2775729744046,1865.3018359608848,2780.393541292535,14.040079063279315,13.940679063279315
564.698001533984,1867.6098709839482,58136.55560611108,10.7392214964673,10.6398214964673
872.037525572563,1867.1597049913826,3263.6963544719897,13.866070374840412,13.766670374840412
106.44879018263708,1869.8343718226054,-1606.4059625902619,,
524.163480720999,1868.2192810366373,71995.24767242167,10.50708516558462,10.40768516558462
61.40081071707613,1869.7215804941925,1373.9688048491773,14.80540255967942,14.70600255967942
421.6675620823217,1868.0986549455702,-699.6912283773235,,
762.4783606276646,1871.072920723602,6609.95873115842,13.099847870755497,13.000447870755497
311.4611784584512,1870.9501810810823,9882.365510669377,12.663192458938283,12.563792458938284
912.3104661809875,1871.6332820525108,2845.606030496,14.014907809395964,13.915507809395965
258.28681529619985,1871.6722602706643,1536.7615681905907,14.683828513222121,14.584428513222122
961.072091563571,1871.2315197415699,3738.7309746027663,13.718534200675627,13.619134200675628
835.8214530247977,1871.9602198740126,-1081.1499107306117,,
43.138496934750975,1875.1882320527693,366.6607113065479,16.239683799224487,16.140283799224488
120.531019477012,1876.4412678972487,812.2326020451922,15.376143696855957,15.276743696855958
496.50267079781605,1873.661220310737,3997.806849059945,13.645790221549346,13.546390221549347
580.711782365028,1873.611365943286,2020.5108377450042,14.386691780064895,14.287291780064896
997.2617868989671,1875.5516520629353,95.6835102670278,17.69825199186141,17.598851991861412
32.0136909435679,1874.1782701722127,394.94675558426457,16.1589983644527,16.0595983644527
467.92981891111907,1878.3436039447056,1509.452342446983,14.703296226501106,14.603896226501107
510.2153256218306,1879.7481551601147,3389.7199945140437,13.82493517804814,13.72553517804814
913.8814366637552,1878.0897647076224,2837.5302931383667,14.017993474011996,13.918593474011997
71.10721477123333,1880.9012508408387,2543.550759502455,14.136743718509768,14.037343718509769
92.93379664233635,1878.6720750362529,-16.52608129617738,,
286.6084582840865,1888.7720631288569,66244.50554031714,10.597470083773675,10.498070083773676
32.13434263562796,1882.4261645993563,-621.0755393970694,,
352.9796140332773,1883.8510325511793,749.8064133689757,15.46297186381523,15.363571863815231
568.3814863572976,1883.6411005641637,17665.524414632175,12.032528404951359,11.93312840495136
610.5724381811077,1883.1429659698174,1638.3539137927673,14.614325433402712,14.514925433402713
634.8474792014539,1883.4523834751712,1495.5548840087474,14.713338852173177,14.613938852173177
88.24960139602395,1883.7370185663078,595.9780489787219,15.712269080440292,15.612869080440293
402.975969900178,1883.151702216628,-1624.7769594665458,,
957.4744071906299,1887.1998435560267,7965.963624729846,12.897248943410567,12.797848943410568
167.6471391797011,1894.5462413467017,71757.93724377254,10.510669875841398,10.411269875841398
336.62773666036367,1884.8629267221618,1433.5744679524898,14.759294096828139,14.65989409682814
746.1812182261442,1884.0873325700138,2136.3834883264917,14.326146708927485,14.226746708927486
794.4672646031826,1884.567629812788,2976.7479121415213,13.965989596544432,13.866589596544433
946.5825067895062,1886.8187124140022,8220.696265935245,12.863073234738236,12.763673234738237
1025.1372603626853,1890.197980090779,35979.97071925547,11.260192726823647,11.160792726823647
19.30988081631683,1888.340529508345,5914.0432425394165,13.220633501534387,13.121233501534387
13.084495011391004,1888.1529318981748,7533.9967181475095,12.957781174053078,12.85838117405308
824.3653224488824,1889.4404787291705,3237.4274320259406,13.874844634897512,13.775444634897513
661.9666119324501,1891.2248116249614,1647.3918584206435,14.608352452455486,14.508952452455487
555.4158920619659,1894.6847544960767,16823.60325581523,12.085547195745564,11.986147195745565
813.6149683017582,1891.0704629208558,3925.8525411658165,13.665509783148803,13.566109783148804
28.0,1892.0,-585.410293077301,,
466.5129245216763,1893.6959594684681,2596.033658983861,14.11456894319771,14.015168943197711
600.1583496235899,1892.7399047835875,3615.8283704974215,13.754825220769764,13.655425220769764
909.8271314611126,1892.6711023598514,572.3758566062597,15.756141474536651,15.656741474536652
61.31896159822753,1894.566184617837,415.7650556261763,16.103224778799632,16.003824778799633
123.89674947887754,1894.0552661860386,-210.67541043032224,,
690.3081522902189,1895.4476878336059,4492.012473492616,13.519242356900817,13.419842356900817
802.9135946571848,1895.7309723884869,3802.087712869981,13.700289411591005,13.600889411591005
181.42509116386,1896.4814119786984,70704.00916443333,10.526734639493043,10.427334639493044
607.0575098134758,1896.9367616852503,2323.120568180757,14.235165365926818,14.135765365926819
0.7107821586778922,1898.0401020157842,7911.730662474792,12.9046660051752,12.8052660051752
361.6574687244843,1898.5060407220276,3012.807852529786,13.95291615423929,13.85351615423929
522.8970406684762,1898.5688706327069,17547.710697196333,12.03979357643136,11.940393576431362
571.255679368038,1898.2381224664828,16329.94589280746,12.11788287636912,12.01848287636912
843.8498984624629,1901.424757991351,6572.071535400448,13.106089035821906,13.006689035821907
240.126931999295,1900.468434517836,965.6767493531138,15.188265303264789,15.08886530326479
873.0325237507375,1900.0768722004839,2652.3541402041346,14.091265965127757,13.991865965127758
1015.7412654697692,1899.044945365394,35233.86695842826,11.282943965447524,11.183543965447525
368.9408615069688,1902.3969929857753,1097.2984189346957,15.04953285717355,14.95013285717355
1060.815731568239,1903.5071418237867,5919.5861081659095,13.2196163849507,13.1202163849507
1069.5255027191497,1903.6595464592428,14132.401438905792,12.274804827468483,12.175404827468483
156.41919405251394,1904.5673257936614,69245.97008597698,10.549358481277274,10.449958481277275
15.176184640619102,1904.1867905629458,2557.4737384738064,14.130816783678295,14.031416783678296
207.21886146404805,1913.9251466127728,5441.90418729127,13.31096751296982,13.21156751296982
939.3611238750364,1903.203291709378,4578.941547280418,13.498431991883361,13.399031991883362
1023.2796662078905,1902.2632118058746,34861.35776526598,11.294483996220132,11.195083996220133
69.36691379151935,1904.791330482835,4087.7166595517174,13.62164277824635,13.522242778246351
496.5181530195434,1909.5715966124449,41429.2464751119,11.107077154968716,11.007677154968716
879.6137736557056,1906.6222741816844,1987.4754757746284,14.404590294681615,14.305190294681616
1031.0,1906.0,33607.2319061382,11.334262883679525,11.234862883679526
5.4111882631479435,1906.3715583777978,2354.557136649022,14.220571656581832,14.121171656581833
245.323946460575,1905.8421573745366,2334.406798634949,14.229903392334688,14.130503392334688
516.5481410745821,1906.5268158108304,36311.357487283356,11.250238527862575,11.150838527862575
605.9928180565219,1906.0111222917262,382.4603563335256,16.19387867745517,16.09447867745517
52.42211380422218,1908.1700581503085,-269.50092124369166,,
338.62591606943334,1907.376116939573,1207.8046038102268,14.945353039059762,14.845953039059763
67.34097120854561,1908.7885506130488,4246.439783099269,13.5802823159563,13.4808823159563
322.3561412421888,1909.7300877892683,1209.9538360775264,14.943422738777326,14.844022738777326
410.62143519550665,1908.4695427676381,-236.5176422896953,,
1054.244704027913,1910.4257365718568,3810.1027224722966,13.698003029137363,13.598603029137363
27.743155294750746,1912.7235849788094,-629.8496782585416,,
110.51767163567548,1911.1545169555357,-1427.285367692367,,
429.22956510097185,1910.903418224413,-329.6650161238756,,
689.8487120964337,1912.8943078127297,4958.457362949639,13.41197828289161,13.31257828289161
80.35858513090642,1912.680871959261,3708.951417704237,13.72721687904371,13.62781687904371
246.95123135839552,1913.5059972418624,2075.802555946643,14.357379634856208,14.25797963485621
516.6829458997546,1915.8557589233499,28988.324750064232,11.494786945811796,11.395386945811797
529.4571958275566,1912.9567702187996,19102.855009580922,11.947599042250243,11.848199042250243
126.2128969404543,1913.9815380490315,-2373.6006046100756,,
791.1755170468138,1915.9759881355733,1925.3762293447235,14.43905572646455,14.339655726464551
31.749766873426783,1913.274595334724,-75.72650313881263,,
46.814434312774374,1914.7587550519145,-38.47617817212745,,
79.75667910864335,1918.6383120971225,4869.552576250577,13.431622092655845,13.332222092655845
709.6236811657401,1917.3389276944226,2548.904868296145,14.134460673814495,14.035060673814495
1049.9579543883426,1914.1902938938408,-400.089651437133,,
253.6764326698174,1917.3472578793705,1524.6721987337319,14.692403537436407,14.593003537436408
63.41966848140939,1918.1498595439587,3972.2116310264873,13.652763793942503,13.553363793942504
767.9633241090401,1917.8826947026662,-35.74040695147639,,
18.796272706290623,1917.222869504799,1757.490444410069,14.538112309741049,14.43871230974105
189.03101244373283,1918.3607548743084,3620.6256929751103,13.753385668354372,13.653985668354373
95.94546773804248,1918.602354407405,3641.8952428077705,13.747026117300141,13.647626117300142
