x,y,raw_flux,blue_mag,B_mag
4.565982264308486,1.9533526669240453,486.6288319462074,16.141695153132442,16.66404515313244
56.921443880554285,2.2833891041945087,3484.5091929153873,14.004335708024676,14.526685708024676
229.25702916860706,0.9901317179289392,154088.18689806655,9.890266382077419,10.412616382077418
261.4987992862015,0.6387809071253931,3465.864725053434,14.010160724799489,14.532510724799488
425.209521907426,0.5072537190944151,2275.424293190188,14.467033768463132,14.989383768463131
443.5020086074698,0.6001835823519486,2175.6733532370054,14.515705512807806,15.038055512807805
487.2286774907796,0.32712992318455436,626.06859155444,15.868134952684706,16.390484952684705
792.0677228927743,1.758100497599676,3244.6970164076015,14.08175437097639,14.604104370976389
407.3908327583958,5.291165005820614,1862.9568027669875,14.684182782513833,15.206532782513833
149.34110022366943,5.463197093778813,756.5238375408204,15.662633202352513,16.184983202352512
580.2539834092261,4.211724975898371,962.3883452826489,15.40131385715921,15.923663857159209
807.6740584073614,7.4563052160551,1402.8799031017868,14.992138510085692,15.514488510085691
916.5103595948626,4.053430635934558,348.5409254668411,16.50405529451782,17.02640529451782
305.2810221580879,6.112396715769711,436.146194243791,16.260609526508492,16.782959526508492
678.5555783270395,6.707361282471797,1889.4675721207964,14.668841137676509,15.191191137676508
797.8138261264095,8.030019064039733,3951.299398184577,13.867839898769393,14.390189898769393
175.69127585931977,5.905697509754943,195.416411394693,17.13228716036833,17.65463716036833
499.2235352041829,6.291493934353873,245.5393995339003,16.88438677097911,17.40673677097911
1050.1884126553177,9.224534317579042,2797.827878572174,14.242637261264694,14.764987261264693
515.1261209599554,8.254479876232528,703.325866580895,15.741798269630998,16.264148269630997
851.1595749414515,9.432888283344315,842.846899224558,15.545318011048035,16.067668011048035
420.5214472661128,10.574782379327504,1034.6584089111159,15.322697265297322,15.845047265297321
322.5974124792181,13.860568573604596,4724.146846280838,13.673881272474105,14.196231272474105
463.55628339688906,13.444039482463397,4065.747493054524,13.836838737368927,14.359188737368926
946.4753174528743,12.259906458145785,700.402898672513,15.746319907640896,16.268669907640895
995.8512336457326,14.866141752600306,3326.5054555208417,14.054719144502494,14.577069144502493
523.5152244911426,13.71058592545153,1032.27127490721,15.325205138677134,15.847555138677134
833.242921146491,13.69684174194151,1147.610009763873,15.21020392552337,15.73255392552337
1069.8976493995103,16.626971521475795,14177.609174494728,12.480682243958658,13.003032243958657
184.2075084537495,17.204580494341684,5775.886560778921,13.45564310698122,13.97799310698122
263.4474117987229,14.591346642731665,103.96384336054311,17.81748392901007,18.33983392901007
610.123401956458,14.803172281071907,277.3646388740686,16.75206201406654,17.274412014066538
40.17949960189397,15.79360610420511,808.3625320525168,15.590674305644324,16.113024305644323
406.9746811106385,15.52017203431307,1349.4584365671187,15.034290962603173,15.556640962603172
599.2158549645741,17.759835946542154,3451.9634195251247,14.014524282466933,14.536874282466933
661.4992236406937,16.30067435662399,567.4549411276018,15.974861289596994,16.497211289596994
700.8345515876996,18.270228014573874,1418.801278496404,14.97988581671519,15.502235816715189
513.320388970334,19.13100437201335,1134.2201235311795,15.22294637371656,15.74529637371656
942.2752588596625,18.278072639231606,786.5544465090491,15.620367768253132,16.14271776825313
1045.7042871653907,21.8279443953555,5072.2407501134285,13.596690097519321,14.11904009751932
221.95735903207603,19.371351379273207,223.84842160072608,16.98480465349744,17.50715465349744
303.9777820737615,21.432525271299824,1407.677265127293,14.988432003236547,15.510782003236546
376.56820656449906,20.772549459452144,126.27292088658601,17.606414178377896,18.128764178377896
96.42596265970855,24.901399930606047,25987.279747870307,11.822787690724995,12.345137690724995
393.7557103021828,22.610621354791327,353.73969672286523,16.48798024672657,17.010330246726568
541.6536604615051,21.724526222386107,-103.15255231017187,,
809.6648857438964,22.10816373714991,405.06357396757994,16.340881768913775,16.863231768913774
148.44873076679582,24.00946882561778,411.3147154102826,16.324254126249578,16.846604126249577
197.7256077461908,26.83212287497969,8635.70788152838,13.018944886801851,13.54129488680185
236.09789722857167,24.723583112405834,200.2903785935666,17.10553952591868,17.62788952591868
311.5106659241694,27.215372199673222,3280.967072391555,14.069685064953589,14.592035064953588
417.54819039541286,24.255354899935632,316.4231837517744,16.609019004685877,17.131369004685876
725.2771248816086,30.764748922819255,15140.791285233565,12.409318312645812,12.931668312645812
941.8204554601455,25.866380527625864,1650.2400739289237,14.815821921627109,15.338171921627108
1034.7592381680738,25.034811678890094,389.8531273194248,16.382437188610314,16.904787188610314
1017.5529985260384,28.98996987126049,2120.5624419873566,14.543562081583408,15.065912081583408
255.58850096628888,29.821958558048824,-128.54912791714136,,
459.3055934867819,30.08051510038631,864.0028497103178,15.518401807334627,16.040751807334626
978.7508320398616,30.345919241969266,588.3807259933851,15.935543650096543,16.457893650096544
945.0722479204488,33.999948823446424,3102.1225147574137,14.130542380141247,14.652892380141246
1050.923443057316,32.13182213726112,-338.6428318102834,,
21.7533938165736,33.471333672566395,1286.3940455362904,15.086254691719102,15.608604691719101
103.86264078266697,34.90249197294406,2186.738040082976,14.51019784478606,15.032547844786059
540.1403428756665,33.10061412088712,19.367045730715475,19.642031299484188,20.164381299484187
452.244381452267,33.582423766091054,694.5496496166929,15.75543150318681,16.27778150318681
796.1832050985189,35.67210905472869,1682.9988499172111,14.794480196585024,15.316830196585023
1000.2121600413763,34.02114377182267,773.2840282748219,15.638842144147189,16.16119214414719
756.7919757722294,37.614639224631276,2949.2131800621546,14.185424329329368,14.707774329329368
128.05161159049803,36.00259747193936,495.4666730247524,16.122153625825945,16.644503625825944
598.7893679562442,37.43048937443228,-445.33402611352255,,
73.48880101297668,39.34353606349713,1011.0752602958105,15.347731034847595,15.870081034847594
407.4339772689524,39.189983756216186,1370.1743312480307,15.017750176542116,15.540100176542115
896.6997804177211,37.815293339708646,1012.6785536364231,15.346010712959668,15.868360712959667
419.9598846166569,41.783897063473,15317.177946763768,12.396742850115526,12.919092850115526
571.6194102992424,40.234470938324044,322.52075408137193,16.588295578217185,17.110645578217184
891.0291685791607,39.295025241735225,830.3055989996677,15.561594828305779,16.08394482830578
1076.2350927594168,39.02275033680392,336.98990722528004,16.540647509482284,17.062997509482283
163.55898432032038,41.2056106735714,370.11921611546694,16.43883566034968,16.96118566034968
392.03979262324896,41.01705673605119,891.8299061014004,15.483984665497426,16.006334665497427
677.9998348570884,42.11401290626014,1698.7555407718296,14.78436252891829,15.30671252891829
988.1795408060822,42.21528509936477,1952.3747320945304,14.633281798780349,15.155631798780348
499.0929332060254,41.62216581354559,5.839430275066107,20.943763551658943,21.466113551658943
653.0191884525954,43.413034043566206,1181.008182709982,15.179057477913155,15.701407477913154
774.200643046879,46.03536148361522,10002.49882364628,12.859418472144919,13.381768472144918
813.6291918969752,42.11533798296393,392.76565492599684,16.374355983966822,16.89670598396682
587.250894074046,45.05724737181874,1287.2272224062458,15.085551705358561,15.607901705358561
670.374530304951,44.89025717666032,1319.0373203487813,15.05904703586869,15.58139703586869
883.082389495212,48.36118886914118,1365.870379427475,15.021166027278255,15.543516027278255
954.8542165428114,51.081424543225666,8060.570144512692,13.093775340486815,13.616125340486814
377.0940832525801,49.694682937853955,792.3866024147128,15.612346934769985,16.134696934769984
151.24394602190003,50.83980326721574,654.7277700376671,15.819537840199825,16.341887840199824
923.8309706409498,50.479920720925215,380.69332620985836,16.408251586009804,16.930601586009804
7.932495306065692,51.748979510908185,534.334891282632,16.0401559098338,16.5625059098338
297.6789696940012,53.092716821325034,2962.231387597308,14.180642296129403,14.702992296129402
610.9823680823928,51.365330763928725,280.28236281750503,16.740700319590758,17.263050319590757
64.57107473746724,53.577408043616536,2009.6097393371765,14.601910427535149,15.124260427535148
647.6541707248333,52.23497772793812,661.4548171388644,15.808439285547685,16.330789285547684
728.5357171470212,53.44559348919638,1794.7817737105606,14.724660618195724,15.247010618195723
87.88843700731303,54.572886169488825,1080.7079802821365,15.275418848472103,15.797768848472103
548.5340907327995,57.012517261123776,6487.701935801648,13.329462522359503,13.851812522359502
737.8557244941469,53.16258788783724,611.3080098766875,15.894039528777988,16.416389528777987
778.8568155419641,55.58625165834941,3035.1424817588404,14.154242036047679,14.676592036047678
1032.8232838722033,58.53121793600873,31320.22661810042,11.620127505225119,12.142477505225118
48.07164086922139,61.16365885001595,4962.253771022445,13.620492318475051,14.14284231847505
799.5680620922274,60.964747046103305,14859.23327258015,12.429698742906021,12.95204874290602
861.2371141386169,61.838779894050084,12180.84775965156,12.64549595640981,13.16784595640981
222.95276940614815,61.45723461755688,3428.255069397326,14.02200692738997,14.54435692738997
507.4822085529585,65.13907042939226,32978.431074022315,11.564114768230196,12.086464768230195
108.67457210396114,60.318048367785316,1259.727133172505,15.10899853534322,15.63134853534322
826.9058727897435,58.6022167706525,-43.506834522919604,,
384.25973366294375,61.65673981982674,1577.9216293917118,14.864476171303515,15.386826171303515
40.305071974610165,61.514601672064444,3150.269510925081,14.11382046955337,14.63617046955337
280.41238320249596,67.0226947226737,77509.54123989426,10.636301828550376,11.158651828550376
336.55898331566533,63.23575623146094,812.298556481353,15.585400540934792,16.10775054093479
347.09572756102284,60.72911936990791,-205.7540435955146,,
1052.3482856111086,62.018545334512076,533.2394256585055,16.042384114629957,16.564734114629957
737.6599020304302,64.42245280478912,365.5275375550352,16.45238949273249,16.97473949273249
989.5355840717145,66.05635628026822,4622.604594855683,13.69747287796661,14.21982287796661
89.45100772170845,63.2387709797815,786.1434636473475,15.620935224952554,16.143285224952553
361.81390058809393,66.42269910466082,688.791217920456,15.764470741504429,16.286820741504428
549.4956270414792,68.09596989124168,1272.7514641678292,15.097830731283004,15.620180731283003
612.0803335698007,66.63650837479062,229.2642686250534,16.958848809112286,17.481198809112286
262.4517682383683,69.85070040963183,1678.040377815011,14.797683727530412,15.320033727530411
482.3004562673394,68.90668210750044,1568.973683913114,14.870650596303104,15.393000596303104
846.9294042036653,71.36232937317696,4427.325706982236,13.744336061873828,14.266686061873827
15.514175603932738,68.86008586866687,176.21726861773726,17.244568581188027,17.766918581188026
216.9018993385266,68.8187762696543,1590.0931584647192,14.856133322112516,15.378483322112515
632.4858187483233,69.90738943443439,850.0956207196599,15.536020297311651,16.05837029731165
94.78887989952797,70.00125951666644,742.6171574575487,15.68277729717408,16.20512729717408
384.3570106243004,74.3754698511709,8696.892631045295,13.011279473453472,13.533629473453471
198.1158962799511,70.00607753876221,190.68957606074537,17.158872361509985,17.681222361509985
369.23874239642765,71.79421000064023,422.61446087748214,16.29482886080593,16.817178860805928
656.2900202962962,72.59763335644452,1844.408984701066,14.695046671736767,15.217396671736767
936.3284496388258,72.94738607109362,162.65219739769304,17.331539907367127,17.853889907367126
998.7563741361382,73.25888616571746,1839.498275471835,14.69794128204192,15.22029128204192
693.8906676040594,74.15416251592798,903.7828377325197,15.469529519347173,15.991879519347172
869.5013340458553,74.57230794001572,525.1463828880715,16.05898879835766,16.58133879835766
36.05121456862489,74.74107279265732,598.5617772171421,15.916917293734315,16.439267293734314
416.4037716161434,74.99699603596447,340.75140796112305,16.52859559712089,17.05094559712089
4.578067412979538,77.3572341810905,359.4427753518147,16.470615347335034,16.992965347335033
339.0966922959875,77.95272996085077,1158.7292297664776,15.199734838360417,15.722084838360416
367.6302871101673,76.55388331117196,431.41424948807935,16.27245353052155,16.79480353052155
963.46468268663,77.73178681839916,137.4290672916877,17.51449324703082,18.03684324703082
87.55589247217422,77.82095084038185,311.22738249963,16.62699524402285,17.14934524402285
904.5461313269894,80.00332244095702,3284.5946235289452,14.068485300428431,14.59083530042843
770.700092859949,79.10762462708738,263.374934004366,16.808253645103257,17.330603645103256
609.2968676581296,83.45734670897309,6581.615531593694,13.31385847166572,13.836208471665719
475.7650862842127,84.71614995786962,2770.232859852931,14.253399053421694,14.775749053421693
700.8700520473009,86.71469011744601,7694.956116228845,13.144174376021095,13.666524376021094
838.4028490169724,87.08902410388843,6670.113852175851,13.299356627202211,13.82170662720221
994.5668949536864,82.68501003179345,3186.4077689484047,14.101436363886474,14.623786363886474
305.63869631122844,86.07616074353183,1069.8615309315162,15.28637081495879,15.80872081495879
316.99969525612323,83.61762344491935,576.450637241567,15.957784435547683,16.480134435547683
509.41896260181795,84.7510625644118,497.82855921155544,16.116990226074506,16.639340226074506
560.1667763965085,90.45013659294769,78999.69695020161,10.615626181329095,11.137976181329094
275.0206380959538,85.70013762381684,1095.116550113048,15.261038888703936,15.783388888703936
1044.0310209167694,88.19377224354811,1855.034321875244,14.688809871210989,15.211159871210988
490.79877238946426,89.82651611351665,2385.9310996993127,14.415544999404002,14.937894999404001
741.0235000192168,87.877136977444,1998.1900811263495,14.608097747498977,15.130447747498977
527.6577332069734,87.3242997912087,-291.99775889793983,,
642.3374651397103,88.35602148739126,-326.2375463513906,,
851.9308023115469,89.46314705968331,1252.7174218793448,15.115056951293614,15.637406951293613
880.3973187212705,88.47717703289744,666.7299847175082,15.799814777069031,16.32216477706903
970.7807827492254,89.48454964261504,580.8629047840076,15.949505638743261,16.47185563874326
1072.4249516116308,91.20235897070893,10039.983945839274,12.855357198676224,13.377707198676223
39.80424145746814,89.34044096336032,476.1899424816654,16.165239198299574,16.687589198299573
128.01522910702593,92.74146318882266,2366.2825100875816,14.424523260244504,14.946873260244503
137.57780734817158,93.07127716873094,1869.163359957212,14.68057159650336,15.202921596503359
517.5154216007338,92.54279034702957,37.86511063975711,18.914091669216138,19.436441669216137
795.3141076790084,91.98939817441047,244.15447074844636,16.890528041775625,17.412878041775624
206.54063756112785,94.75062094025095,1819.601554321739,14.709748996741586,15.232098996741586
785.6729920541743,95.3821891327719,1452.5204353012532,14.954384116753438,15.476734116753438
1061.1961569187213,104.84420701206383,75303.81716493773,10.667647266510244,11.189997266510243
935.6609126576884,96.83201671035467,-37.23042322914557,,
1008.6514141232177,102.81826661197118,5153.2312393581815,13.579490667431319,14.101840667431318
169.9684869584014,102.18379253785086,13116.089369041165,12.565178826688852,13.087528826688851
64.13607283031331,99.43693482430041,554.0906827644462,16.00073762607778,16.52308762607778
907.1263859900022,100.36833771070555,1167.1140546291008,15.191906497195616,15.714256497195615
380.30615446580833,102.28592041283775,793.751110169514,15.610478880281683,16.132828880281682
493.2067084768249,106.4251504387814,5052.774725723326,13.600864904665777,14.123214904665776
741.6134564800966,106.41839058132636,36733.290291099314,11.447040167303864,11.969390167303864
781.0414803208326,105.97163138315071,4325.900102464167,13.769498529323158,14.291848529323158
472.82859988065076,104.3659632608079,711.8856012166888,15.728664222401695,16.251014222401697
570.1253634694453,103.67710767997745,1725.8942048452882,14.767154318366195,15.289504318366195
579.1797410238505,102.82562527300095,1460.0815457875744,14.948746964888468,15.471096964888467
587.9893373766528,103.47148781003229,793.9938671307862,15.6101468747926,16.1324968747926
793.2975106454761,102.91001512042331,481.2907399652473,16.15367097975573,16.67602097975573
873.3024850593655,102.51460743679611,479.91104974175875,16.156787870863937,16.679137870863936
961.9458548546486,105.75796197457194,1125.7963903614493,15.231040114961061,15.75339011496106
545.5934233315444,103.2787121993192,-337.4499966583623,,
601.1711581708541,104.50378510593937,1080.4052232291858,15.27572305678035,15.79807305678035
26.30295972707608,105.41672247894913,435.8061888396573,16.26145626126822,16.783806261268218
134.04830032618833,105.6257042474544,3357.4398138418574,14.044669154188107,14.567019154188106
304.8442829945683,105.733707202001,1583.7272063158114,14.860488801125413,15.382838801125413
338.70256908130665,111.77128533224088,194966.04936980305,9.634792265600968,10.157142265600967
854.751407813587,105.32098601418551,503.60958420665514,16.104454778124254,16.626804778124253
850.0051577396574,105.51788837952513,963.346470620098,15.40023346805806,15.92258346805806
627.8689956891166,108.27606583504024,5255.960385700732,13.55805953639306,14.08040953639306
76.02318037876186,108.02905825735978,307.56721739664505,16.63983963573319,17.16218963573319
972.5583115216764,108.61719357903786,1237.5923859520522,15.128245672616757,15.650595672616756
983.8776827196119,109.9382364158786,1581.6360689172234,14.861923343524278,15.384273343524278
445.1664928122788,110.39990422131736,795.7243541556803,15.607783118585061,16.13013311858506
584.4471655390068,118.28792932259836,164233.52200020745,9.821035228431237,10.343385228431236
926.868081592981,110.05449574148017,934.1931893830107,15.433598002597302,15.955948002597301
805.4408111796168,111.99235121714082,611.378377144243,15.893914557581923,16.416264557581922
558.097968238109,112.98320779671906,102.43584025707449,17.833559909073294,18.355909909073294
15.342133654060452,113.77599180162453,499.6221657211644,16.11308550060818,16.635435500608178
161.26281953556423,114.68727516030015,1220.2629279681505,15.143556200964483,15.665906200964482
186.05725222333407,116.63295380265932,3091.1681663930226,14.134383163864761,14.65673316386476
384.00624115086237,114.40155224694227,2853.58219657433,14.22121377761672,14.74356377761672
536.4055502632827,114.49721623850253,-325.8354928162555,,
968.1105245617546,118.00996223648914,960.2696371774101,15.403706751838651,15.92605675183865
428.99431045213976,118.33532964047566,752.781016278037,15.668018098416047,16.190368098416048
569.1562573630406,116.23772386871278,512.7771115991926,16.084868165319094,16.607218165319093
326.14868097161263,118.82090855873545,2012.2239057648644,14.60049898400666,15.122848984006659
374.07776296888517,117.88977504997898,309.1567244623376,16.63424300141076,17.15659300141076
495.57447205869187,118.74786700667538,21701.911751781878,12.018444761727201,12.5407947617272
817.1978719999662,118.60570170051042,559.5305318164915,15.990130270605512,16.51248027060551
607.5110653420785,121.36575221552843,1622.623236847508,14.834145517034397,15.356495517034396
716.1126467273864,119.38301387605792,435.05330379497457,16.26333356699113,16.78568356699113
220.6727985489656,121.35046059972542,559.8226196074853,15.989563639249814,16.511913639249816
281.54208993902074,123.25796783824735,7288.845572832477,13.203042872022385,13.725392872022384
387.4063509689141,121.41924628328758,1921.5159659144574,14.650579751141276,15.172929751141275
502.9838378485547,127.16894353876553,185295.77120938897,9.690025974502383,10.212375974502383
74.98301617538877,121.2466806821427,711.9348703307273,15.728589081944062,16.25093908194406
159.9862300172556,123.90470206255704,1455.2152559908077,14.95237164688939,15.474721646889389
725.9535056360036,124.35929251984064,1835.400198090576,14.700362808981582,15.222712808981582
777.0096670153972,123.3998000599366,512.1725772306586,16.086148940237518,16.608498940237517
461.8650465606741,124.51551912220377,3.7698312281764927,21.41888497537687,21.94123497537687
760.8715783967199,124.20289996287941,1994.1868854385582,14.610275104991036,15.132625104991035
804.9562091255043,131.4820099392691,26782.66494802406,11.790055273812184,12.312405273812184
474.5692702930258,127.7494151822382,4381.050226228074,13.755744164223788,14.278094164223788
667.6803254474117,127.77535537014772,1337.1959120366964,15.044202143998792,15.566552143998791
377.8551649469582,127.33431658845774,-113.2217130424103,,
389.17964890579503,128.23042361450854,229.9575099691856,16.955570751176875,17.477920751176875
59.40761348115185,129.47339730250093,2223.3745776117266,14.49215815566576,15.014508155665759
1036.0506720310166,129.04226405574744,512.8290375171682,16.084758224774745,16.607108224774745
315.42361830741146,130.2270403215657,300.17970575554006,16.666236425683977,17.188586425683976
424.5095007123844,129.5665309137056,75.74035187002426,18.161371448560985,18.683721448560984
594.4170020215654,131.03789900814033,679.7484092200006,15.778819244823833,16.301169244823832
254.60880775572252,131.37242287164491,1.3075107782453301,22.56857655061436,23.09092655061436
718.0932695684036,132.03622682666185,63.380318772315235,18.354803696706597,18.877153696706596
728.1976652200957,133.3153729919583,1407.1564564845116,14.988833775320865,15.511183775320864
1067.0392365614919,133.28350099752905,3851.622297802757,13.895580513939375,14.417930513939375
323.1497274659016,131.92679616597258,289.36196311496974,16.706086139227153,17.228436139227153
879.1703716758312,135.54692541536977,827.6192784113334,15.565113248365062,16.08746324836506
19.414259474924627,136.40637961320058,1555.887337667832,14.879744378631468,15.402094378631467
168.20175219405377,135.436234930172,441.7251499260559,16.246809427537976,16.769159427537975
190.0618931989495,136.4052225711673,1889.0503318630008,14.669080921034599,15.191430921034598
425.1630279257572,134.75988083784492,-12.521107167629424,,
659.1999062203979,141.78115654298082,971.0700354453587,15.391563361598699,15.913913361598699
899.4440289946886,137.8195750781671,825.4825891251037,15.56791995042479,16.09026995042479
143.83589411522348,138.07684969598407,-111.83909552174526,,
385.91422613016823,140.18883856849254,453.41626254689515,16.218447012629696,16.740797012629695
603.2118238027979,142.74708689397485,916.0533482523612,15.454887828489785,15.977237828489784
444.43953704204677,147.71772780871913,20641.91658944878,12.072814697566358,12.595164697566357
823.0828884848693,144.5324564613794,362.77106845498975,16.46060813427598,16.98295813427598
1.893816040413069,148.60596644760057,1824.0084344014545,14.707122639035639,15.229472639035638
312.09611570421083,148.4252315105148,2391.594235493644,14.41297099968121,14.93532099968121
888.1118557428277,147.70942443131761,624.1449771600425,15.871476044946665,16.393826044946664
674.6836735318035,148.93266461474616,2027.2631743477077,14.592414416082407,15.114764416082407
328.45481463316275,147.84219309264836,-542.1428096716697,,
85.11101337602537,149.82620467842486,304.9448815356517,16.64913637415204,17.17148637415204
282.8131970738601,149.29136232600885,210.6648578578331,17.050709507975693,17.573059507975692
686.2538211096203,153.95957782942418,8162.873526202113,13.080082075366628,13.602432075366627
833.9023883577646,153.22728404759175,1767.5238764317965,14.74127652174555,15.26362652174555
431.6955966064063,151.92460103742127,-147.96641722267066,,
1072.2584029177515,156.40481122738515,8277.061999638647,13.064999223808712,13.587349223808712
231.31315727253056,154.33320965948568,-168.68302030516867,,
273.6181571284925,154.00865490822602,564.4305160651337,15.980663529714178,16.503013529714178
583.909189376762,155.10249598353494,504.21039340233835,16.10316026047691,16.625510260476908
866.652398777509,154.60199745618866,468.17507098854577,16.183669032055214,16.706019032055213
487.9068612391447,171.73521944869566,1571766.7567653381,7.368719496822008,7.891069496822008
1020.9240116584272,157.838445494585,6571.3403535964335,13.315554840927323,13.837904840927322
980.8446435539403,157.53936756999798,1038.3934380766532,15.318784907017685,15.841134907017684
91.27753973302497,158.4372409674454,317.4562192150406,16.605480145429723,17.127830145429723
129.87312887162682,158.7255179217211,936.5693221477053,15.430839924282855,15.953189924282855
167.53227618706757,158.1992755242036,772.5555496425809,15.639865453027703,16.162215453027702
297.17306046173667,159.87641447189472,1681.4577765720298,14.795474829256994,15.317824829256994
460.44904490422886,158.72018091616326,220.32839792170302,17.002013553160666,17.524363553160665
630.8750721311773,158.81688665605384,1111.9829547655895,15.244444419247081,15.76679441924708
52.66434217051591,163.5737597245114,9696.024342779163,12.893205501681841,13.41555550168184
337.8084700351959,160.23200148826146,1982.148896776355,14.616849056874901,15.1391990568749
606.9112392894008,159.0480356992537,30.538041179308237,19.147586803605986,19.669936803605985
898.3762666451862,160.52230182157345,1187.600368239677,15.173013935618748,15.695363935618747
910.8262539898421,164.80934327608077,44083.81310770463,11.248991863231085,11.771341863231084
77.45230528456284,162.77270497864143,2381.083524418178,14.41775316959739,14.94010316959739
748.729575229974,161.62311751776537,363.3004191229861,16.459024997362,16.981374997362
810.1862007255787,160.9165410767797,-7.405801424259721,,
359.9486040308103,163.06883974810586,1718.2569187953802,14.771969491257268,15.294319491257268
660.2031160721351,162.2714329387799,100.02290485737726,17.85944108673052,18.38179108673052
245.99049335797693,164.4064027417592,1384.7897401294754,15.006230151576093,15.528580151576092
27.321029379674364,163.2778634479694,549.4246367623014,16.009919420259298,16.532269420259297
329.9260623715448,165.48671997121886,2014.1892214749348,14.599439075585824,15.121789075585824
119.19906730894157,166.09633534374143,3950.0860550189595,13.868173351838317,14.390523351838317
595.8709062068291,166.49910339432628,1179.3428959119574,15.18058950633409,15.70293950633409
854.3419987039695,166.667033133865,820.6113960682944,15.574345884968153,16.096695884968153
1027.0266600561615,168.88557781401175,2760.1957078614923,14.257340054066209,14.779690054066208
712.996407692965,168.12934083204888,318.4783798197838,16.60198985654447,17.12433985654447
405.7194108608382,175.16752409965423,19876.248604138553,12.113853694362174,12.636203694362173
681.8059238762289,171.07306537685048,269.1867890251101,16.784555389454354,17.306905389454354
212.94604313990112,173.55470141752255,3037.1617879547466,14.153519926670802,14.675869926670801
522.5634198631653,175.29581626433432,1454.5836102197109,14.952843020152333,15.475193020152332
1032.6521931751715,174.58009356783523,1923.4609242946349,14.649481324820119,15.171831324820118
707.4342190029132,184.6371757624832,127090.80454213342,10.099404422114224,10.621754422114224
250.83655444665507,175.71361441313434,220.67433849169865,17.0003101611063,17.522660161106298
293.27393317623154,176.7074245081531,2295.8661649368287,14.457323325255011,14.97967332525501
573.2364802904708,178.58542913139087,2843.480691359678,14.22506403577379,14.74741403577379
1016.6628137482245,175.19138690356903,87.87198045574702,18.000063708018374,18.522413708018373
56.106934488040444,176.7385784927966,-144.33779452105364,,
261.555811191761,177.40919057769554,566.9432571824568,15.975840758399293,16.498190758399293
367.45825694957284,176.602715685142,-167.1418522027168,,
506.0974898323912,176.251922061176,4220.8935363347255,13.796178749393734,14.318528749393733
972.8643960991369,179.8601591113081,6096.799046397686,13.39693504285727,13.91928504285727
449.7702775327789,183.77631504027892,17457.211115906786,12.25475258454943,12.777102584549429
612.0503632426503,177.15089559267983,415.35553073995584,16.313639750171777,16.835989750171777
946.2951621611,179.18726455819848,1661.9587147679977,14.80813916673809,15.33048916673809
225.52501699174948,177.70145859933038,39.622240406805815,18.86484217278586,19.38719217278586
40.9214799641553,179.3185849830686,364.8693955565062,16.454346151520816,16.976696151520816
766.807401803908,179.45351305268622,453.8896042827082,16.217314154736435,16.739664154736435
857.9845751069229,179.9109834690018,1123.053826580107,15.23368831469002,15.75603831469002
1046.6567208663264,181.55716725361887,3740.952717779345,13.927234196713755,14.449584196713754
900.5238552691276,181.25204755406742,198.6543540056648,17.114444524227157,17.636794524227156
851.9261181254174,190.08335732168442,2899.243927572563,14.203977854055422,14.726327854055421
65.14009154768401,184.87243773482376,281.5142876282413,16.735938641103118,17.258288641103118
283.56244840267635,184.18158208193682,1102.3912293075982,15.253850371324202,15.776200371324201
615.0348643938169,184.93743608714914,218.30420798341356,17.01203447669901,17.53438447669901
751.0073550619063,186.19453861184056,1317.1860997913386,15.06057189715111,15.58292189715111
243.07405181390902,188.1330979506211,-55.977178021820116,,
285.4936560778934,188.7844375801232,1016.1366251607183,15.342309481691505,15.864659481691504
415.17714613149957,188.988288292008,632.3829168478493,15.857239421046076,16.379589421046077
738.7193445959703,193.08538093241023,3423.8151600259694,14.023413968142204,14.545763968142204
299.2663129387371,190.29341039757745,1081.326226313292,15.274797903515985,15.797147903515985
627.7635444927085,190.19779051771607,532.4587825003867,16.043974757618518,16.566324757618517
20.963212806118374,195.3693605318433,4371.270783641805,13.758170469037115,14.280520469037114
131.04797981192527,193.3363509628558,1789.081820753132,14.728114237646523,15.250464237646522
1027.04027207328,194.39196402640533,4158.085478803598,13.812456212114565,14.334806212114565
47.816841705109354,194.0717855952432,2029.1013004706392,14.591430421557472,15.113780421557472
579.2302261698077,195.16165399330208,3903.088616977403,13.881168715197003,14.403518715197002
79.6264948079538,194.43789645268717,588.7856654803309,15.93479667416818,16.45714667416818
916.9462880861557,197.1197823900839,3610.7411827544,13.965698846093218,14.488048846093218
975.3520162705621,194.61953956668228,-330.1639287443634,,
406.4720604126438,196.58561948836805,3784.1289029554327,13.914774939999571,14.43712493999957
172.30976339969612,198.45889290204653,801.788504413101,15.599540181352886,16.121890181352885
952.9635232511579,196.63718068217432,23.95352852722897,19.411266001665126,19.933616001665126
672.7076070146766,199.96581190400286,-284.9485056210159,,
756.560960467376,199.17698371046436,1006.1134320209114,15.353072376969475,15.875422376969475
780.1708968684329,198.04032946561017,81.7435834187009,18.078555564348058,18.600905564348057
897.1352005286235,199.0053377958563,1024.4416861668901,15.333471638854892,15.855821638854891
367.51031768759185,201.58584355561712,17521.121669748667,12.250784980958008,12.773134980958007
561.079375922073,199.29713508704657,271.6025821107256,16.774855008479165,17.297205008479164
694.9572538290442,198.13403154742488,92.28635568151186,17.94684600367234,18.46919600367234
198.18577826839282,200.5986220579721,2043.1382562732433,14.583945355284541,15.10629535528454
420.0422052654099,201.06255041082528,2717.7571225214087,14.274163138115625,14.796513138115625
621.506296815464,200.02375487839146,92.42113525542146,17.945261497399365,18.467611497399364
927.4669519691033,200.73945907824665,1814.6752117727658,14.712692477429872,15.235042477429872
398.92501291561683,206.14290944996344,129409.68547470891,10.07977279040537,10.60212279040537
436.78794665653913,201.99067733352123,215.66062892663138,17.025262576085098,17.547612576085097
313.8500299816939,203.00497781648147,78.76217802031941,18.118895451504592,18.64124545150459
20.260149516913156,206.46483644930032,2037.0180217922816,14.587202566375714,15.109552566375713
837.0162217994714,206.90341697338386,7693.5765700670145,13.144369043472317,13.666719043472316
957.9862187991279,206.50720860999039,202.08196861623867,17.095870834617884,17.618220834617883
968.4473992205268,207.46860803241347,1444.8795378744749,14.960110642798687,15.482460642798687
3.432500901865004,207.29839352301616,1072.9168355769223,15.283274594490994,15.805624594490993
297.0250986972302,208.13413578123493,4471.511722601395,13.733553810471946,14.255903810471946
486.6661569813926,214.82394284573843,293791.665544191,9.189591066318066,9.711941066318065
750.3792338314729,211.63092044540505,16177.828337905901,12.337389187511988,12.859739187511988
137.21624519445768,208.24689525163424,182.05651187168684,17.209174200657884,17.731524200657883
535.1723841230837,209.60262621011523,130.34712578269543,17.5719360965682,18.0942860965682
941.4648779297647,209.209160750953,419.2701427584703,16.30345490372435,16.82580490372435
207.3908225388092,211.08387665660882,1221.5373508871103,15.142422867300047,15.664772867300046
239.74352350008814,210.3488807192946,104.25289021518495,17.81446948505871,18.336819485058708
787.8955562020718,210.56430809202013,807.6290327636078,15.59165993800301,16.11400993800301
197.64090765533817,214.76091670170268,3556.9049554804938,13.982009093329586,14.504359093329585
374.20393530604855,214.82417992931525,5171.770716645076,13.575591587619728,14.097941587619728
626.7760530035592,213.84807379275222,2036.1792330385633,14.587649735159326,15.109999735159326
693.3011534552004,213.85170405864852,649.5815694282423,15.828105509146749,16.350455509146748
637.887003021331,213.9704472752998,310.2255338539829,16.630495893098434,17.152845893098434
155.6639608080641,214.64118666106998,138.9305309141158,17.50269550622033,18.02504550622033
285.5694656918714,214.68478640481044,2486.5094586641617,14.370714455522231,14.89306445552223
329.2636665672856,217.43677657930374,634.2483071166362,15.85404145280284,16.37639145280284
727.5815142537426,215.9284823533505,3733.7084934669106,13.929338725294173,14.451688725294172
805.6901502795873,215.98298963698147,435.8522496931256,16.26134151463337,16.783691514633368
1009.5436893558021,215.22633723152333,383.86200975697056,16.399251912644477,16.921601912644476
1.6524855983241808,216.51596565274687,1077.290354369752,15.278857816176618,15.801207816176618
408.262574460659,217.45865248690606,4073.757805135453,13.834701730677049,14.357051730677048
659.2076327333564,216.06172512405882,260.79808961435157,16.818928730087336,17.341278730087335
206.73046688400495,218.73891535693605,1075.3061490359096,15.280859421377938,15.803209421377938
278.125375760915,223.41078040245597,127060.23068329733,10.099665645882903,10.622015645882902
991.2001055584083,218.44948895182114,664.43992115233,15.803550449526536,16.325900449526536
234.1501344934562,219.11421788062447,1128.9946019739787,15.22796008095463,15.750310080954629
943.5943846014349,224.95435882563058,26294.813195015704,11.810014520026161,12.332364520026161
1053.327683401456,224.47966756730102,6982.732181910964,13.249626281378623,13.771976281378622
567.028961900153,223.45741001827406,1831.2466689923094,14.70282262527255,15.225172625272549
173.55299998519877,226.15003432463885,6085.828118653259,13.398890538418367,13.921240538418367
885.4320404940346,225.22012643675103,3666.7127794447915,13.94899751412397,14.47134751412397
1028.2144413081394,224.0816079283583,794.3522511617878,15.609656917950339,16.13200691795034
330.14565613768906,223.33019653670632,900.9824457347208,15.472898920839476,15.995248920839476
311.1997209083374,225.27840885316803,1011.4668003442514,15.347310663652564,15.869660663652564
674.2700852394183,227.50754089026475,2510.8419931889835,14.360141285825078,14.882491285825077
725.4752185279517,226.64999969411133,-315.69732578165133,,
1077.5961243712834,228.256617266499,1157.8676168044049,15.20054247515914,15.722892475159139
345.61582128788876,229.82780005304488,-425.12316446522766,,
413.8462110899035,229.59616535096788,-364.8407209505538,,
219.4721308672014,231.7024113063998,993.7584687772809,15.366487637774146,15.888837637774145
79.68378965637403,232.9853291042508,490.399948956527,16.133313703816818,16.655663703816817
563.6995514791637,233.1451750440611,725.5581617823866,15.708009164989821,16.23035916498982
613.3215477650043,232.6383850812021,247.58266179953108,16.875389175098963,17.397739175098963
518.3521136569094,234.53089467756416,-438.98826708540713,,
533.2086198324289,235.57958895070274,534.6451563836997,16.039525652864093,16.561875652864092
791.2425600395836,236.44679008024255,728.9228423638799,15.70298584460139,16.22533584460139
802.2283114829228,235.38059967108262,304.08958541718994,16.652185878317958,17.174535878317958
280.70604356718763,239.05085226209377,1342.301520377083,15.04006453933895,15.562414539338949
323.9989138224918,236.64465640812745,751.9645958036156,15.669196260820705,16.191546260820704
639.1083196769566,237.41857267889648,-138.14911230307538,,
907.1933330855495,238.32653974894876,2118.376592906944,14.544681822006924,15.067031822006923
654.1446685377956,239.46425872319872,9397.467757093065,12.927162633795877,13.449512633795877
1020.0424084710128,238.88698703787904,1058.3129540999612,15.298154464416104,15.820504464416103
121.81890685810953,238.72708708455662,578.8290119708213,15.953314018013836,16.475664018013838
601.3553238964323,241.55844505525096,3597.2982551117984,13.96974862697672,14.49209862697672
743.192673234833,239.31738234043482,442.4819454355244,16.244950857324763,16.767300857324763
960.3394857154216,240.95570708513438,1052.79191346229,15.303833393460867,15.826183393460866
1012.81899510948,241.4220865345232,1140.9253836324815,15.216546638218679,15.738896638218678
18.80224778728824,240.67814990235055,791.3003450353137,15.613836356844658,16.136186356844657
224.7176503212744,240.96812807418348,704.6226679090003,15.739798218470085,16.262148218470085
574.1277204962232,242.12752339302054,1033.5597542871653,15.323850769540902,15.846200769540902
112.21757738095813,242.65864065585356,658.2256912912998,15.813752671351576,16.336102671351576
315.9900317468853,242.16230578778178,176.20414613733618,17.24464943638852,17.76699943638852
788.9264598317254,243.63610451477857,360.97819522937766,16.465987321381355,16.988337321381355
921.9233592449146,243.30913351802872,449.8159732735982,16.227102560912833,16.749452560912832
477.1299382357589,248.924154086785,4907.676721708931,13.632499876663816,14.154849876663816
512.5722489137058,245.2840951272122,283.9873037441167,16.72644243352504,17.24879243352504
773.4902038545944,245.92185619960603,134.0259308224141,17.54171766427611,18.06406766427611
537.1286197032623,247.17651173786584,2005.476474528535,14.604145815067467,15.126495815067466
940.8440925066877,248.42463153691855,6806.072204094991,13.277448364290745,13.799798364290744
991.5591718471605,245.0173489193971,-317.93231848844374,,
2.3072601734836153,247.70791258067928,2133.154170736963,14.537134133057009,15.059484133057008
425.94223466479264,246.64077441409376,-114.38648883774056,,
841.1701505746748,249.1235897509493,964.7098770659277,15.398697932036455,15.921047932036455
1050.5166642422735,247.6342860065502,1365.7191477984957,15.021286248602447,15.543636248602446
14.769630874272769,252.38328689350342,1037.0992612241425,15.32013893235029,15.842488932350289
418.3524846597646,252.45346923458402,384.50863527245303,16.39742450056579,16.91977450056579
530.7137424131137,255.5085922374348,10672.498304573688,12.789024508372828,13.311374508372827
71.42421038660532,252.615062050587,1064.008151612746,15.29232735657761,15.81467735657761
185.09440896901665,252.75996576931075,493.2210392417462,16.127085759731074,16.649435759731073
1032.342634599922,252.75656273581743,561.297482888233,15.98670700795552,16.50905700795552
488.2610373072866,254.0339421957449,1149.6943537489633,15.208233748315072,15.730583748315071
506.90585803771205,256.13268185898045,621.5365417386015,15.876023077027014,16.398373077027014
1045.1626201757647,256.0264372562516,3505.841225940437,13.997709135368218,14.520059135368218
572.6858066014029,256.1521668243633,1885.188029268426,14.67130306114512,15.193653061145119
659.9336019624348,259.55764346444073,2556.152717816882,14.340722751419335,14.863072751419335
230.2271819590227,259.5577301178319,5489.849641995132,13.510788619590285,14.033138619590284
480.78147975016793,258.15553552416264,2551.3758400033266,14.342753647827015,14.865103647827015
513.1909518528355,258.17043130336225,684.5438682581018,15.771186532941082,16.293536532941083
624.7415200006991,259.22931906003464,1549.9456324216528,14.88389858295348,15.406248582953479
833.8841939233954,258.0997421116408,797.7299843532764,15.605049954017737,16.127399954017736
343.84316135535795,260.6368281219276,1628.6319337087266,14.830132379454655,15.352482379454655
53.46621692805206,264.17612809730196,10162.040746343133,12.842237414704403,13.364587414704403
94.23307738723545,261.8851661943889,685.0444379212117,15.770392883304925,16.292742883304925
139.37722535856463,261.1445388564482,113.32887310091041,17.723838318757398,18.246188318757397
671.0645277961536,264.0595838863218,396.56840955546335,16.363894455677848,16.886244455677847
986.8316336177858,261.19976845144686,244.71197192433618,16.888051702962315,17.410401702962314
906.8609228366504,261.96491428459575,-451.74640254090997,,
65.03669742341233,264.87295752858506,2939.817416058774,14.188888848536472,14.711238848536471
534.6829315965784,264.3890999057243,2705.480677941762,14.279078653017681,14.80142865301768
352.9594121471185,265.43701328996167,1920.4969351443854,14.65115569851848,15.173505698518479
419.12152158145665,265.2154123201882,4569.906580685861,13.70992143910647,14.23227143910647
187.91537694849643,268.5299085129216,6681.220768524703,13.29755018847116,13.81990018847116
323.9826110019328,265.8818705306183,721.7010438332927,15.713796410981823,16.236146410981824
550.1286117558953,266.4375304368177,-592.8975276674214,,
281.9759255550108,266.7301136724869,-102.73006116374683,,
879.3362060911755,266.324054483596,255.8903889918597,16.839554808354983,17.361904808354982
468.66951987631296,269.43703889685804,5671.62255559826,13.475421442088109,13.997771442088109
777.9850452516155,277.3567723449243,529203.4004027196,8.550633179361517,9.072983179361517
814.0750801633791,267.2807784527274,39.06205352748978,18.880302067569023,19.402652067569022
426.7550801744521,272.0511218370957,28822.668013650273,11.71035429593052,12.23270429593052
451.8328391286602,270.49702843075573,6042.061998822333,13.40672680122395,13.92907680122395
439.7443387397753,270.32428984863225,1888.5405208861703,14.669373975661246,15.191723975661246
827.7608418902757,272.232503792592,374.5245554606083,16.425989001567913,16.948339001567913
224.96180222292455,271.3812071472277,843.9488395175576,15.543899443743992,16.06624944374399
924.0923451727832,272.18162795271036,902.6993980563532,15.470831862431233,15.993181862431232
159.75294607815374,273.71598542411,2653.740742163338,14.30004351433967,14.82239351433967
514.0042271874393,274.3955698266344,2417.791877355996,14.401142459026268,14.923492459026267
623.9989531193473,282.5408369320775,448800.09262328147,8.729557399889112,9.251907399889111
651.2999199608856,274.1007021000205,6019.580991637113,13.41077408925992,13.93312408925992
728.5615077767993,275.7368135973801,4470.3320378722365,13.733840289740069,14.256190289740069
216.41889812972863,275.4749598283315,1054.084696626957,15.302500974033723,15.824850974033723
691.3047737387002,276.72626552342166,2989.8111714947554,14.170580343812059,14.692930343812058
976.5616745936186,277.7032398435036,14949.436368679379,12.42312769714415,12.945477697144149
1068.5077111619798,275.9152322283656,843.8462314916661,15.544031456511014,16.066381456511014
133.6485874185255,278.54792209991075,6988.445327250503,13.248738314837524,13.771088314837524
149.67805735869072,279.8579296139083,12654.484867439365,12.604078567564862,13.126428567564862
741.4267354952725,278.7617667818606,490.67485505166,16.13270523745526,16.655055237455258
931.6464351841764,288.77752186745215,370671.0632218218,8.937218035198796,9.459568035198796
530.1161938336173,282.62953614052986,21764.611382861898,12.015312451995705,12.537662451995704
341.76751193314385,281.45280606983675,14.487982134216303,19.95716999018785,20.47951999018785
329.99076082184945,283.3802308290751,212.92400245862257,17.039128191413127,17.561478191413126
887.8219428463716,284.02584455646564,949.6444429161298,15.415787166581092,15.938137166581091
316.01058763150826,287.88031559237237,21632.05017272328,12.021945540702928,12.544295540702928
95.93568783007139,286.56156244966746,1579.97037183359,14.863067387117994,15.385417387117993
520.0251620281397,285.0655692253606,2444.4714720147767,14.389227311496931,14.91157731149693
898.4744878358489,286.4798454249856,-103.97637449970138,,
1055.9949442422508,295.2681274299851,10584.36932181881,12.798027281234791,13.32037728123479
432.24524173167936,288.6033182878734,360.61671777133665,16.46707510398391,16.98942510398391
725.200271568802,291.1947436428059,1674.0606158122794,14.800261796467542,15.322611796467541
833.7317410989231,294.3742901241253,16425.723301344922,12.320878487913095,12.843228487913095
671.076333843847,295.501627266694,57601.00319437222,10.958614626390593,11.480964626390593
482.36820881480116,300.3208204609829,246801.60648863646,9.378819788849803,9.901169788849803
492.8031633870858,292.25851055485697,7108.402153633743,13.230259770131163,13.752609770131162
781.4496261672024,307.6180580876059,401548.4670914335,8.850344813759635,9.372694813759635
325.3730573849146,295.63902196066397,268.3937740113576,16.787758651607383,17.310108651607383
370.3195439740309,296.55130983778986,-3.781367640927641,,
459.8461371739196,295.3791320772228,1185.4654673964787,15.174967475827842,15.697317475827841
817.9372535254231,296.03870065388196,611.5344491050334,15.893637427478026,16.415987427478026
1072.0642582524656,296.621240755279,686.4349049479425,15.768191346814344,16.290541346814344
303.61721885225415,298.3896454968076,158.32949270488476,17.36078519390946,17.88313519390946
413.1948281121458,298.3946697485704,2346.9840652325597,14.433414392130484,14.955764392130483
598.9131797830325,297.4782828575968,695.0463355081607,15.754655349709832,16.27700534970983
241.5981697703549,299.68148849748,110.71855235408282,17.749138747718092,18.27148874771809
256.8043555740604,299.799755874295,443.40532874703746,16.242687474421615,16.765037474421614
647.0238283494338,300.88700660309206,1286.3032013093089,15.08633136834041,15.60868136834041
656.2658492915807,300.2830441917129,502.98115446733266,16.105810461189,16.628160461189
882.1701316625482,302.77402903156633,1320.3057908970468,15.058003424298002,15.580353424298002
579.9633406234261,301.5997040520466,602.8782487711933,15.909115706461987,16.43146570646199
283.6494001775575,305.0267694769051,2898.966947478794,14.20408158512782,14.72643158512782
80.16934673521688,305.500860589177,234.75526616075422,16.933151386126205,17.455501386126205
524.5394700171825,305.74561664291105,-51.491925876066944,,
136.01574910003356,307.19525432957573,1320.664331961154,15.057708622767901,15.5800586227679
981.065618456921,307.2841437860708,2249.4531938895498,14.479497342346447,15.001847342346446
10.483211223288967,306.70042788325327,211.0162902727833,17.048899785219678,17.571249785219678
536.4756973497379,306.79981623761734,1365.4334532848195,15.021513397300039,15.543863397300038
738.6713120005421,320.05188858710284,461008.68378866254,8.700416979449997,9.222766979449997
192.78014986438714,307.4567618966113,567.7832689995417,15.974233267276471,16.49658326727647
258.5393230056016,308.2488216867339,826.02732684017,15.567203707094881,16.089553707094883
320.92169845158236,307.08052958369,240.76809117914723,16.90569242041822,17.42804242041822
150.49981006066963,309.14679098607286,-65.31547059624552,,
939.8560527731203,310.7359000555665,219.2640290084641,17.00727126940791,17.529621269407908
170.3131196077102,311.8274861605394,-131.23918922931784,,
849.581930578244,312.63519255639034,2081.223523224552,14.563892929818552,15.086242929818551
640.284870848886,314.8774726292391,4590.564465003441,13.705024518232712,14.227374518232711
697.3487048393113,314.40093502870855,1738.841762779829,14.759039588711705,15.281389588711704
1018.5616606586333,316.329513066822,870.7313135337228,15.509979337120289,16.032329337120288
161.67235436297435,314.09843396773886,307.655723806676,16.639527246165276,17.161877246165275
453.9727301181508,316.1880999219303,303.77100326251764,16.65332395575752,17.17567395575752
889.5475590728832,315.3002152417093,-459.6638020986294,,
99.46106660770138,316.3921440227494,34.99997957992321,18.999520267159838,19.521870267159837
841.2322342216547,319.36951482950406,3368.1074575951166,14.04122489715208,14.56357489715208
1035.9797099564003,318.37337337193685,727.8712483104567,15.704553333022893,16.226903333022893
251.24767654377015,319.82952023745986,1705.7099261838289,14.77992680260578,15.30227680260578
677.2896305942766,335.52033042978724,486940.35034406924,8.641000334889007,9.163350334889007
973.811942058412,320.6308843929703,651.8081639746181,15.824390255200626,16.346740255200626
20.026323514816575,320.85971846377396,1228.291620609527,15.136436021817659,15.658786021817658
59.56921652974858,321.50322096090264,690.7564050342588,15.761377443083514,16.283727443083514
409.5694408093984,320.8305469179447,-20.26855478561032,,
433.97993319401394,321.6641203789022,1400.623865317514,14.993885939468893,15.516235939468892
631.0857631094658,322.5688377934479,4370.344452674909,13.758400575497976,14.280750575497976
992.5286874379922,321.31796991888507,709.2131572814586,15.732747784559145,16.255097784559144
722.2280314141817,321.18587990470996,1587.88036266785,14.857645300033468,15.379995300033467
460.3650905836751,323.4282241460378,2738.5573718453225,14.265885135379028,14.788235135379027
531.9918089146277,324.3026541539265,1195.0198880936355,15.166251911880478,15.688601911880477
236.79627087593272,326.548164583131,2395.0738311194164,14.411392480526882,14.933742480526881
310.3210859311372,330.8775667785093,52197.9171221906,11.065556810851099,11.587906810851099
325.4009295026807,325.7283545757735,1124.1148195811368,15.232663061332396,15.755013061332395
1009.5564131318046,327.0674808515505,757.3260829764927,15.661482458167978,16.183832458167977
37.099122428587144,327.0848398351604,1288.8234317994522,15.084206186358342,15.606556186358342
345.54539693203094,326.9329169930586,707.5721891166369,15.735262857641505,16.257612857641504
518.0878221660739,328.43960902288904,2831.8717509456883,14.229505791458065,14.751855791458064
941.2065318532589,326.4041525569411,359.5455959785838,16.47030481080262,16.99265481080262
483.89613328671874,329.16318389712484,3544.323320321424,13.985856413981882,14.508206413981881
606.0548599570702,327.7096575560437,-928.2199546530459,,
624.828189334008,330.07158792364925,4876.651219667163,13.639385505179332,14.161735505179331
146.7767215924256,332.77196903890314,3872.2969707376774,13.889768103489061,14.41211810348906
334.01403632858955,331.49060130363085,499.13566861618756,16.11414322960714,16.63649322960714
434.51339010604494,329.20229374862436,1416.5428083206907,14.98161548569409,15.50396548569409
1033.8079743468877,330.52256867266374,2346.5039336917225,14.433636528076658,14.955986528076657
407.84949167843644,329.5714798596483,1576.9154501798878,14.865168723855826,15.387518723855825
502.80042122047814,331.07797597772617,5334.544120992017,13.541946465968095,14.064296465968095
90.77063780979134,329.61271085856015,223.76272383614375,16.9852203945609,17.5075703945609
96.87803813132102,330.401212759637,766.9357590532759,15.647792275575119,16.17014227557512
127.05270196909999,332.6075064948741,6486.19177039643,13.329715282448364,13.852065282448363
354.8108789597157,331.7949841775004,1308.105659987314,15.068082682594174,15.590432682594173
229.10489060197756,331.01040414960556,3473.8303491345914,14.007668231926477,14.530018231926476
417.6091109765988,338.70614308103524,110918.7371829497,10.24717745342595,10.76952745342595
222.80490571347278,337.167706849391,6580.926932915938,13.31397207228926,13.83632207228926
912.875509462818,333.95891938063556,-352.0766702862994,,
772.244768158259,335.9814150337541,237.59844692908183,16.920080750741676,17.442430750741675
999.7734185619152,335.68317138498446,28.756148986807247,19.21286293197556,19.73521293197556
899.0216256915359,336.38227364988563,354.7644102161227,16.484839631720966,17.007189631720966
20.043962547330498,339.25576637509425,1326.2365095789376,15.053137296316022,15.575487296316021
264.8121363646212,343.5876165366455,7882.8693905198,13.117978917344834,13.640328917344833
697.145498151721,338.0429257131945,1522.4756394846047,14.903313863606956,15.425663863606955
524.7590680727151,342.49364918040743,11522.213617993919,12.705849937983796,13.228199937983796
962.0847456686807,344.1981018183563,39912.707636618,11.356911767408835,11.879261767408835
986.3843079622675,339.75167021942053,1515.0370619667926,14.908631602073783,15.430981602073782
890.141219674083,339.78838463954247,41.07109231021822,18.825849111262798,19.348199111262797
315.748563374384,345.0995151379643,10579.260714953858,12.798551444577964,13.320901444577963
1078.2658013750115,342.2872449740402,116.90193965763345,17.69013545180248,18.21248545180248
56.579745313510784,344.5424560767483,6804.259610796706,13.277737556091042,13.800087556091041
178.08624076123752,343.65660732726184,1016.1116943775077,15.342336120418363,15.864686120418362
655.6288117210418,342.9370991227112,466.5314090641607,16.187487525105674,16.709837525105673
766.0671468133537,346.004820599083,3411.8850438708787,14.027203769274958,14.549553769274958
95.1689309574858,345.43655947676217,884.636990429195,15.492777006808964,16.015127006808964
286.07870931165974,346.3817487624252,6143.6013579301725,13.388632175294642,13.910982175294642
485.00464760856613,346.72399160028186,7530.566407367832,13.167620637965081,13.68997063796508
722.1259317959151,347.94431880159516,9460.395217157218,12.919916544951775,13.442266544951774
739.5180449067267,345.76354479265996,382.3581320116241,16.403513916534315,16.925863916534315
663.6787970813637,347.73374244114314,2683.2186803208183,14.288049572606845,14.810399572606844
974.9460431791412,348.74053129561094,1337.2695476271617,15.044142357228125,15.566492357228125
117.85583899316563,346.9220116603008,22.10406905422832,19.49850917291225,20.02085917291225
200.3101467308028,350.60606080569045,2498.808427100599,14.365357339803793,14.887707339803793
942.1908655534597,347.86979954496326,-27.8678454772092,,
1053.3793166132107,347.5762694053817,298.39933497521065,16.672695117294648,17.195045117294647
405.31406044342367,347.89589196483143,693.1908732077555,15.757557654565305,16.279907654565307
512.741478681503,353.54876152748966,13171.84902807352,12.560572883807012,13.082922883807012
554.7633965226632,351.62559815931036,12391.231880897463,12.626903534236169,13.149253534236168
709.0564774659146,348.2396079073455,-453.86593523752265,,
26.214471931750424,351.2186680606703,3364.725145740328,14.042315760080598,14.564665760080597
248.07904587920288,349.4876821348327,33.7098942328104,19.04029626985019,19.56264626985019
476.1214803876732,350.6439451643371,3603.745943996444,13.967804328084421,14.49015432808442
921.5111965107919,349.4289352143978,2211.522363625332,14.49796140595021,15.02031140595021
214.2314583633578,355.2505113525527,3208.536230481783,14.093922375417645,14.616272375417644
432.3384012935825,352.05489817983994,-302.2309449469733,,
489.6600935486729,354.9881611784224,12884.321494978965,12.584535862132391,13.10688586213239
502.7683590738421,353.05662482888977,2548.8295049500725,14.343837780013656,14.866187780013655
127.76665093226256,355.6485827119511,5751.8626503285595,13.460168477309702,13.982518477309702
3.119169392862534,353.90650768006424,61.00226022930028,18.39632492808407,18.91867492808407
928.3324239228734,354.7761568986831,5593.575994725625,13.490465887550624,14.012815887550623
373.82944880653287,356.21241827973506,5310.860740094421,13.546777460533562,14.069127460533561
614.0845883935058,354.00679853544483,94.95552338387793,17.915889164834702,18.4382391648347
680.3043910395216,356.7869283952822,1715.0667043796766,14.773987205093242,15.296337205093241
67.03844217588016,355.0228458204433,490.08367389125493,16.134014156721765,16.656364156721764
664.5573406456441,358.2788119224416,5558.811334024202,13.497234908732702,14.019584908732702
62.09536392378047,355.95750209200213,547.6913822360113,16.013349975869247,16.535699975869246
81.48875153297841,356.9852464008511,-5.98365216988897,,
415.84733347487594,358.15591626360174,1075.1303429561606,15.281036947221585,15.803386947221584
530.6091696613673,369.2844806682335,1049922.8119264052,7.806796314972036,8.329146314972036
578.6776369509766,358.33075938105077,1124.4529572500355,15.2323365171954,15.754686517195399
227.7254451906047,357.6413952943051,-205.0212225555848,,
746.067994053487,358.75278533103483,-215.45082676977353,,
480.8051015093584,358.06853548652833,3713.533040431971,13.935221513786463,14.457571513786462
1072.7082622264277,358.47928091626267,322.45419847694035,16.58851965460753,17.11086965460753
1035.37989839483,359.4286728434414,9.208056831265829,20.44926976694608,20.97161976694608
464.14440437688785,360.5799140852685,264.40675732876315,16.804008369505805,17.326358369505805
718.0753233589238,360.7273693350641,-16.787811505653906,,
913.9125455982922,363.91250501511036,37332.40455571201,11.429474835958034,11.951824835958034
1003.654824350054,364.1914184974824,1127.1512592629745,15.229734243165357,15.752084243165356
317.4713973185676,363.76933864475194,569.5427335524131,15.970873956250923,16.493223956250922
597.4563742575556,363.0236099065503,-267.74276363742104,,
894.3296241270832,363.2030833432098,120.77759262452271,17.654723822409178,18.177073822409177
13.683745247363973,365.4641917310706,1541.376355766114,14.889918012686412,15.412268012686411
489.95380487571015,364.4471145141948,1779.3994415844886,14.734006119731177,15.256356119731176
623.0266927706753,366.16524763586966,1446.5129804993294,14.958883906564434,15.481233906564434
793.0888838107364,364.64969945772333,418.1366311621918,16.306394204834774,16.828744204834774
202.50027497787787,367.1770484780493,2355.4885538869194,14.429487249093283,14.951837249093282
702.8342396599189,376.6688232153149,177348.03681397083,9.737623781249443,10.259973781249442
58.795379949775864,367.6054375623865,1468.7727835674286,14.942303203499879,15.464653203499878
808.2929224378242,370.6882245007641,58250.17529628426,10.94644665295227,11.46879665295227
240.97721584299066,372.16449854683833,16569.20881770648,12.3114353163697,12.833785316369699
468.82741859983906,368.4118309990853,892.5067612267791,15.483160957546225,16.005510957546225
332.5227924063296,368.37981745727956,1599.8837944160211,14.849468646188413,15.371818646188412
608.7858170403296,372.5235276492448,948.5724505301473,15.417013476464266,15.939363476464266
730.1363086475363,371.10633735721075,2068.4747455152137,14.570564187427188,15.092914187427187
66.32850925791833,375.46849633894203,1867.716348738172,14.681412443771775,15.203762443771774
335.87814734787526,374.5996682114911,2448.432165308094,14.38746955399239,14.909819553992389
662.2831683661282,371.44913567571933,1400.9693920626692,14.993618126931981,15.51596812693198
101.4848752941505,373.99441616768866,175.47782432669047,17.249134141739233,17.771484141739233
255.30701840914477,373.61556588025854,521.5679805450845,16.066412439899068,16.588762439899067
906.2194636955475,373.43652446052124,1819.3239589893676,14.709914647454749,15.232264647454748
155.03785502582798,373.5243111996823,888.9313154764125,15.4875192298462,16.0098692298462
303.74165688756045,376.0883924519229,15459.374152444505,12.386709973997906,12.909059973997906
291.7325254308675,377.62152001836046,3419.772880969399,14.024696584572524,14.547046584572524
742.0114473670319,374.6941171395607,-170.7938152885074,,
588.8688006794205,377.5664903602576,5241.753189894967,13.56099832418926,14.08334832418926
797.121159920226,376.6993642922235,920.2684461468725,15.449903416234488,15.972253416234487
823.4885669707659,376.2288947460662,1808.0462235250836,14.71666592153974,15.239015921539739
948.0461188497583,377.4097262285053,1433.6248428104504,14.968600949261923,15.490950949261922
112.59220924608033,376.6749459580775,400.55808958572607,16.35302597688394,16.87537597688394
493.1524624778589,377.28353139211714,2057.832736592577,14.576164565027351,15.098514565027351
8.913868179088537,379.21231405906394,693.3158627150212,15.757361902709068,16.279711902709067
619.3181404860269,378.1709140786454,-188.84785843346896,,
322.8700419809181,379.9783768458333,661.6552235987978,15.808110380854679,16.330460380854678
575.3553705860994,380.7681409148758,-651.58818223107,,
654.0696266034071,381.99787834721354,-332.6169921291005,,
767.5501356454937,382.1062505687989,-472.41557463497287,,
324.0000666782394,385.23598770041883,866.4468736976467,15.515334896973853,16.037684896973854
740.9735962055704,387.1375408280754,1144.3432325282665,15.213298980565511,15.73564898056551
870.9063139259833,396.2629778099774,25160.7480517824,11.857880872251728,12.380230872251728
879.5076817078939,386.72287828816206,3093.917267832169,14.133418003660806,14.655768003660805
429.39590550925965,386.3166755312714,209.88185895430377,17.054752489200826,17.577102489200826
628.4919310192073,390.1729399246921,3661.4961651348463,13.950543285545635,14.472893285545634
811.0862795185183,391.49079517802784,3802.9647828927646,13.90938398539721,14.431733985397209
176.43627807690376,389.1572801505437,260.11011408901356,16.821796645642696,17.344146645642695
397.9443323554307,392.1159203654388,7512.1247336921315,13.170282768381705,13.692632768381705
443.773065113628,390.3673928497442,3364.2497789873573,14.04246916320689,14.56481916320689
456.46814623596356,388.62016463404524,-248.48859827532635,,
1056.2125666765098,389.16224656474,866.2148809740552,15.51562564373971,16.03797564373971
331.4733819468316,391.4277708503537,158.12358216625216,17.362198133621785,17.884548133621784
139.13075062552974,392.45057523618175,3118.6225430636914,14.124782709890425,14.647132709890425
211.55183876974488,392.94811248047705,1381.7242851333403,15.008636267579924,15.530986267579923
426.49846685782984,392.0647829416656,1757.9438734185628,14.747177231922395,15.269527231922394
434.4522544735155,394.52161709146674,1640.1248556735493,14.822497468875657,15.344847468875656
777.1843746171253,393.2773864858153,-278.3114484290021,,
937.7698047594262,394.7081034138866,1716.9197721562684,14.772814739534773,15.295164739534773
989.1398804287132,394.0846283722582,607.0710372126479,15.901590960617067,16.423940960617067
1020.4460404392692,399.27553331339277,15560.357701399098,12.379640803765744,12.901990803765743
82.21448799599546,396.1821771381869,3610.2713750457438,13.965840124684053,14.488190124684053
186.49544120918932,395.456914910627,757.5136871983734,15.661213533756413,16.183563533756413
504.9885715236871,397.7015493362123,959.158259027363,15.404964067762752,15.927314067762751
565.3891502575142,397.249465489088,2003.4384745921393,14.605249720006803,15.127599720006803
733.7521988461522,400.8301922393575,75183.92952063809,10.669377193182996,11.191727193182995
471.7890471130205,397.2559836474627,-405.2536935622803,,
779.2514655645733,397.05833762994365,-91.90301306933608,,
373.2514432408419,400.3494093761052,899.9514494639711,15.474142042647994,15.996492042647994
424.6149062421091,398.5279491899495,1516.6299204903858,14.907490695544624,15.429840695544623
1074.8319318653748,400.78577332788444,2251.352946982107,14.478580781725693,15.000930781725692
164.20585552487717,400.671554911992,296.5779345541645,16.67934265379524,17.201692653795238
411.5652991337944,401.7477545545512,12916.92153358347,12.581792191140593,13.104142191140593
651.3289657407186,400.89191309883813,3033.366451711421,14.154877546417495,14.677227546417495
462.297964099353,401.55467529875216,372.0340321692391,16.433233071577078,16.955583071577077
574.3639886000332,401.8332245905941,3571.9449599659533,13.977427849002435,14.499777849002434
904.0290501587382,401.8827888132032,366.76601876334723,16.448717016968597,16.971067016968597
266.354037791862,402.77661077506855,-132.80377547470954,,
772.0624224131844,404.24645428226574,327.35460226266554,16.572143617017826,17.094493617017825
825.3860404721388,405.84996265411274,1096.1795272221157,15.259985527786982,15.782335527786982
95.07593701111031,407.81081436800434,2300.7443854987846,14.45501881735327,14.97736881735327
329.88419405324606,405.22825270718056,894.3930882027975,15.480868658676426,16.003218658676428
606.3222571321735,407.7207358643378,2793.4703722055306,14.244329570696376,14.766679570696375
753.3861433150674,404.79908183888426,47.14446481454317,18.67611296964209,19.19846296964209
762.0440534685687,406.2016806138383,757.1474173987898,15.66173863126986,16.18408863126986
843.44863125959,407.0903452254767,3513.7537093459123,13.995261451870658,14.517611451870657
105.19911176174753,407.37648003384425,807.2297821080844,15.592196803388784,16.114546803388784
933.0738328960417,406.0981613643797,781.2539459547721,15.627709184856531,16.15005918485653
140.54703018745593,409.04948955029295,1312.701188968515,15.064275048078372,15.586625048078371
119.88100416278905,411.8603417149328,17037.962031131854,12.281145629358445,12.803495629358444
190.996831867277,408.91998610825243,850.2977747585765,15.535762138275503,16.058112138275504
301.4208864293293,408.2122829361795,413.2283806327209,16.31921439125857,16.84156439125857
427.4214536310937,409.29079101440453,1578.5049250828208,14.864074891409182,15.386424891409181
553.2302085474948,420.78487501826123,58934.051149343155,10.933774005355955,11.456124005355955
585.0680517548434,411.7993595434681,-596.0955852994233,,
32.82345499806191,415.78391015968225,704.6598977147223,15.739740853468966,16.262090853468965
177.90064004455272,415.5910831237048,4413.231091023509,13.747798071825045,14.270148071825044
271.38496751189,413.8715476741943,1451.3181750163499,14.955283159550657,15.477633159550656
621.7448832200225,416.2434081038944,10932.413826824002,12.762899587666588,13.285249587666588
746.3735436947145,414.13787327819625,1.965554230409424,22.12597716789368,22.64832716789368
768.3118343535365,413.980799250519,843.1819805052158,15.54488645274306,16.06723645274306
830.5265887222873,412.8694038248982,721.0973995644242,15.71470492107725,16.23705492107725
522.8290889191085,416.18695097270376,5792.695235876288,13.452488044369339,13.974838044369339
261.0858000169724,417.9368450101341,7531.003895385946,13.167557563986605,13.689907563986605
698.6942883512078,415.1069221715808,-969.515289529083,,
908.1414955584258,418.6737305262994,6202.150461030833,13.378334000099915,13.900684000099915
965.5221070725063,416.3754184815402,1054.241172104693,15.302339811953264,15.824689811953263
303.4276315083411,418.1389366610028,1487.0063416140283,14.928907692945488,15.451257692945488
595.4830045367964,417.52905386294714,377.53334766515775,16.417301446939877,16.939651446939877
855.9573149448906,418.28132421463863,1241.3562353121313,15.124948669504471,15.64729866950447
148.19958601414106,419.3941088566691,182.8378834703913,17.20452428143949,17.72687428143949
433.7953641859088,423.046228034313,3404.5644943423467,14.029535830466946,14.551885830466945
17.450991756489884,422.24547599554717,1153.9105339965379,15.204259399522538,15.726609399522538
86.68092060476924,422.90703193735027,489.5309861432467,16.135239277549555,16.657589277549555
534.995670131055,420.9120559275761,809.1664952288194,15.589595014967047,16.11194501496705
934.8024943740974,422.40132156212024,491.8235295884451,16.13016648905667,16.65251648905667
1011.3076820305388,421.8060555269788,387.6305405620067,16.38864477748701,16.91099477748701
840.8744098812695,423.2032889673408,163.83043844887004,17.32370326075553,17.84605326075553
314.8128776314247,424.0462990251981,445.44484802924535,16.237704893849312,16.76005489384931
321.3872003748566,424.4090026321767,2687.523507699368,14.286309065325941,14.80865906532594
327.12676859239104,424.9311533939772,5498.941228111146,13.508992049508318,14.031342049508318
657.8052704381763,432.95605512730276,175841.24712501158,9.74688785645283,10.269237856452829
771.0345444230115,426.71890314341067,6255.604210798681,13.36901658631125,13.89136658631125
67.04547465215306,427.4663216526127,1109.3053700120101,15.247061956181758,15.769411956181758
91.42501556188387,426.50028655717,369.4896112449682,16.440684164430287,16.963034164430287
606.9912454803128,428.5805978631546,1818.9960496293497,14.710110354849466,15.232460354849465
200.74391027738204,428.20535323951395,399.7975473959474,16.355089430681428,16.877439430681427
326.3014066471545,432.42997416036394,7590.715670782851,13.158982934219129,13.681332934219128
862.5536165001328,429.9605006156259,1388.4884009698887,15.003334104255778,15.525684104255777
11.728221397160054,431.3321266427306,3611.5790208806548,13.965446940565402,14.487796940565401
27.773278721131508,430.66228464860126,647.2498567883713,15.832009837048018,16.35435983704802
537.4505639336274,431.3257256559413,1888.9550277328342,14.66913569869358,15.19148569869358
742.9149123387502,430.6316658428966,-297.1827638665668,,
953.7113258301749,430.18753278979943,319.5529944173634,16.598332515776832,17.12068251577683
445.2787248741026,431.79037039110847,909.1161019006656,15.463141369875675,15.985491369875675
920.9078222076323,438.3672091698924,6288.680458304872,13.363290925006705,13.885640925006705
153.5116480063248,435.2708991245169,524.7411647623028,16.05982690718713,16.58217690718713
378.933564261298,434.15237194691133,-202.01868408396123,,
473.8731378943777,435.3977097556727,382.37438437223284,16.4034677676497,16.9258177676497
41.0826497259759,438.1045620660493,1065.856107316551,15.290443299499824,15.812793299499823
108.3004105975742,435.6822718700895,18.685240683043084,19.68094300375078,20.20329300375078
280.36927362291107,435.7986242353203,477.20085915117363,16.162936702329304,16.685286702329304
603.5803811211341,457.72038907172254,2442782.066505758,6.889977937092375,7.412327937092376
399.21318380873237,436.14558839977593,319.8817711693391,16.59721601453677,17.11956601453677
407.355230319059,437.1581254741866,0.4970247745673788,23.618744652077353,24.141094652077353
485.2783586362156,437.2527782842883,431.2755396748622,16.272802676342806,16.795152676342806
885.802349022253,438.5712560958076,135.4253661100407,17.530439698743248,18.052789698743247
6.0147865005844325,438.45348460845275,1867.1629468863475,14.681734193623988,15.204084193623988
630.7227575095343,441.7795493097057,4088.6981517733257,13.830727119737093,14.353077119737092
210.34853152586928,442.0970532966408,2543.0588099870893,14.346298735456054,14.868648735456054
930.6878484142333,442.05170088899814,1060.199291223852,15.296220970705544,15.818570970705544
1048.591353235282,440.4306902339123,633.3782036889493,15.855531959562734,16.377881959562735
56.940133424549515,441.7911133268626,1017.9107011437643,15.340415544428296,15.862765544428296
463.23824033210934,445.1164448962901,24038.505486687252,11.90742108615903,12.429771086159029
779.9847632374106,443.33575237617487,1163.9978838154116,15.194809267699377,15.717159267699376
166.8980677587196,442.69541378928903,109.72108759649443,17.75896448497516,18.28131448497516
318.9682675479971,451.9641748107694,37489.79901646834,11.42490696416658,11.947256964166579
12.954587979914901,444.7494666654779,2551.7645701871415,14.342588236569892,14.864938236569891
429.18070796519504,443.3823317777704,370.11269380669887,16.43885479356097,16.96120479356097
155.03495189666714,445.5782251970614,2097.8338829890663,14.555262005575283,15.077612005575283
358.490271404251,447.42145660378554,4088.739217368751,13.83071621499965,14.35306621499965
501.0936938240061,446.40023609995046,1902.2212106443524,14.661537194709936,15.183887194709936
666.7891941706561,447.1188548884906,1094.5098807984555,15.26164052818611,15.78399052818611
899.2693990914271,447.5997881994974,771.6193946114056,15.641181906890552,16.16353190689055
973.5295730764202,447.2687919491224,1466.9783090788405,14.943630513685203,15.465980513685203
518.4960602798336,448.1066678535175,824.058608380481,15.569794493280348,16.092144493280347
391.62584852632807,450.9554235804429,922.3735405344474,15.447422654152774,15.969772654152774
154.35842099773114,451.8395387247842,2074.4713698140595,14.567421131025707,15.089771131025707
1064.1687018016926,452.99592943256465,1531.4126816052258,14.896959146686342,15.419309146686341
404.40049456206117,452.8387861310394,3538.5011918462305,13.98764137902998,14.50999137902998
494.79558618206886,451.3343450675176,632.0747793054376,15.857768590338939,16.380118590338938
864.5288134865199,453.1309040337148,1754.5198261391542,14.749294044276144,15.271644044276144
466.6610566196882,453.3873935471111,7267.808571724921,13.206181045041605,13.728531045041604
703.7803262529832,463.8851031087403,874158.9221763255,8.005713758106076,8.528063758106075
534.3748927820344,454.8709180198934,2321.386716529678,14.44532100711777,14.967671007117769
102.63200924722578,455.81887849782913,634.0431911960286,15.854392636711921,16.37674263671192
296.69551471650476,457.2382249691639,2247.040830635723,14.480662334609626,15.003012334609625
411.5065462903812,456.5617149179879,2200.111944167124,14.503577797644734,15.025927797644734
992.3210357384656,456.2885235778004,-20.647344584678137,,
1077.558575747152,459.33023202828923,3581.195465806188,13.974619679693797,14.496969679693796
524.3000956366668,460.01742716872104,1668.6995114908948,14.803744397568535,15.326094397568534
508.70561226435126,459.85426299818056,983.770866779243,15.37745485135377,15.89980485135377
971.1422443720503,460.1528914529638,1308.8116235316616,15.06749688631948,15.58984688631948
23.385559818788586,464.2748644258764,4887.188266675528,13.637042070942092,14.159392070942092
63.88742722473912,463.87882599520594,707.7080680541618,15.735054377827502,16.257404377827502
568.1788423202586,463.4029718442735,2218.6412475396123,14.494472037459865,15.016822037459864
1045.4106117075178,461.445939288155,257.17586469360174,16.834114222777036,17.356464222777035
174.4797624273841,463.2124673622035,815.0166461578707,15.581773547087238,16.104123547087237
505.0191537763825,466.0714658920791,2466.3238381684796,14.379564493074641,14.90191449307464
1058.9926425151675,467.0200772128019,2912.3117564494432,14.199095086131166,14.721445086131165
343.48871704300484,466.63882416682213,5559.429733600334,13.497114130849686,14.019464130849686
382.9347621853505,465.99875506054997,450.6920990973734,16.224989882845584,16.747339882845584
532.0879763774415,465.10367659496126,468.4306469359169,16.183076492290184,16.705426492290183
997.1377069859534,465.46014112659327,251.0097497474132,16.860463267780577,17.382813267780577
255.88421008426192,466.5869913767752,574.0047269573697,15.962401072460242,16.48475107246024
297.63795497065735,467.21679958091823,763.4542800752788,15.652732159129677,16.175082159129676
372.77752242461463,470.49748426349515,1426.4251880021634,14.974067246924292,15.496417246924292
662.4119375929165,474.3090349148938,3444.150690958014,14.016984382678876,14.539334382678875
147.6183792717992,471.0144902777173,934.2126960837496,15.433575331793925,15.955925331793924
132.77835593116953,471.7849598259089,278.4186235192043,16.747944039533188,17.270294039533187
445.629123070951,472.77306673676685,1178.1000772561472,15.181734283409023,15.704084283409022
676.046783802015,488.5866763384692,727274.219157973,8.205444262784917,8.727794262784917
784.092520453875,472.3027087141171,-89.4230464841265,,
263.7150645882845,474.9514065032689,702.6298186851882,15.742873302749432,16.265223302749433
504.60254013342194,476.5464408385609,4021.8723893262772,13.84861902789399,14.37096902789399
310.51843814831904,477.69895940523617,6268.4847087256185,13.366783317615194,13.889133317615194
809.4560178290536,483.4630305513286,97012.49725815209,10.392620534158763,10.914970534158762
30.871769829606222,476.66689802584733,783.0197319259366,15.625257978779011,16.14760797877901
227.19918656077502,476.761287010119,591.2936561964267,15.930181695545276,16.452531695545275
848.5905340210376,475.99891592574966,28.173259620268098,19.235097001169542,19.757447001169542
16.024892615671213,477.22609836472753,541.2729300294425,16.02614897499365,16.54849897499365
461.62676658520434,477.3332723733959,397.8048263242107,16.36051462495492,16.88286462495492
294.11918996967046,478.78130419789613,383.58562766973495,16.40003392834639,16.922383928346388
447.8519426720208,478.4677624037953,1396.0048817060633,14.997472402135104,15.519822402135103
1061.1998611901813,478.3443734854482,819.3771102453496,15.575980175760876,16.098330175760875
937.2287984937564,481.90453041876066,1830.0323312634619,14.703542838337583,15.225892838337582
199.80027966431425,481.23804315591417,510.3915611227931,16.089931031848984,16.612281031848983
755.7137572955854,482.04246940263266,-128.68791924732935,,
1067.413613375835,482.91887206669287,1069.7926188267463,15.286440751838196,15.808790751838195
765.3977098242918,482.8631826937356,190.4509941572987,17.16023163451552,17.68258163451552
1019.2102483796336,483.8656932043816,1679.984023722282,14.796426865331647,15.318776865331646
337.27253249493583,486.16480489825534,2322.3604806238554,14.444865663231656,14.967215663231656
471.72818855281633,483.0328252918738,334.5393986674185,16.548571564762874,17.070921564762873
841.1362108751547,486.3801612670389,2021.801612927783,14.595343397897153,15.117693397897153
926.2418100317299,483.74664928253605,965.0368781887514,15.398329969804646,15.920679969804645
235.0034081301546,485.06935440051285,15.63390126904231,19.874521332132566,20.396871332132566
489.258062302121,485.6176285119266,-189.86275149814938,,
1053.5980280415693,487.64250014765105,2757.6925944674044,14.258325112434228,14.780675112434228
26.255184786330844,487.84031180617234,78.9191705154767,18.116733464766494,18.639083464766493
81.50881171235572,487.0345321986208,776.2646944471153,15.634665158781607,16.157015158781608
982.9086052508271,487.00415215707113,329.041402295367,16.56656337617405,17.088913376174048
178.0898829079672,487.7020083926266,1121.97735720699,15.234729513466872,15.757079513466872
92.1840590511657,489.61048678440847,862.0452591507619,15.520864575139296,16.043214575139295
568.2777748923987,488.0893784412454,-115.03101465179998,,
373.0962135055714,490.22080880534594,690.8786391128632,15.761185331620354,16.283535331620353
539.8020609554613,491.1376533734835,4260.889478123696,13.785939071288077,14.308289071288076
626.5855046384427,493.2458734540954,2813.9324982615203,14.236405556598664,14.758755556598663
85.33246019915799,491.9836103639799,1210.8016082010759,15.15200727178342,15.67435727178342
328.7947948864486,491.8197966705309,1511.5683420535336,14.911120275647091,15.43347027564709
109.41370583057171,493.53123715226695,1826.7627046045613,14.705484403533774,15.227834403533773
713.6285588626776,493.9049261819024,1799.7295316868463,14.721671636994358,15.244021636994358
1014.6976621811223,495.4346826861356,2030.7647819989959,14.590540686681656,15.112890686681656
205.3084310670191,494.78647048978524,293.4805653585881,16.690741377021137,17.213091377021136
311.9344614150552,501.4888566122436,19065.275980123617,12.159082003829958,12.681432003829958
325.8843537544623,497.15725370209844,1978.2254815321935,14.619000265302958,15.141350265302957
744.8076226294215,497.1767047652512,3160.1488325325286,14.110420902257774,14.632770902257773
161.08844959171606,496.140451490777,183.91272584914958,17.19816029132448,17.72051029132448
412.68656474969,497.90070568127317,1747.7141075996967,14.753513764865126,15.275863764865125
350.37752545541434,499.50550509974454,1176.2847328450125,15.18340859385599,15.70575859385599
566.2654739897487,499.3325050805525,698.3252844705768,15.74954532719659,16.27189532719659
492.823108838465,497.86170617655,-239.3385484232358,,
525.5066907941997,498.07634771153323,-252.18128684740407,,
1030.4381084617694,498.7360800981479,89.0602534681926,17.98547992755274,18.507829927552738
5.236118297266077,499.74249668267913,721.9635800510098,15.713401519986972,16.235751519986973
228.91674068345435,499.0657186914565,496.5813409009443,16.119713752429146,16.642063752429145
461.2364170227877,499.8921698393254,393.8436741648634,16.371380058799033,16.893730058799033
725.0374582572115,499.41415309080287,-30.062538621240066,,
122.42109897485174,502.1647540563242,2760.4236307931974,14.257250403190536,14.779600403190535
331.33137920691973,502.2195764529626,1740.210676067502,14.758185172849668,15.280535172849667
928.1977446962145,502.46513606528964,526.6855602513858,16.055811215108513,16.578161215108512
955.402318526488,501.8073401604275,511.726173395807,16.087095668292132,16.609445668292132
245.1349478111872,504.15830867740414,880.5051918370725,15.497859941838986,16.020209941838985
943.7260716778834,503.937264464489,1345.9683255768705,15.037102644991776,15.559452644991776
511.01123691616664,504.6901208866014,1128.3561089021127,15.228574283311186,15.750924283311186
576.0997764291913,502.50849325536916,-359.4528440939579,,
1059.9383243427249,508.76793749942954,74480.11505298063,10.679588897460507,11.201938897460506
295.6342901503747,504.54636094949177,191.07259458378604,17.156693742206826,17.679043742206826
379.90795651713137,505.98572653516135,171.9120470886533,17.271423965012406,17.793773965012406
167.91440998319646,509.65300035301124,1995.3367409310185,14.609649245921183,15.131999245921183
653.6413153708094,508.59872095662536,8550.561329437925,13.02970317873514,13.55205317873514
214.06278490321037,508.2330813855992,995.7563720618889,15.364307008995358,15.886657008995357
636.6083327391124,507.0333969901527,-650.1668006034013,,
58.05262663301097,510.01719210454604,602.7830022575635,15.909287251476563,16.431637251476563
203.66811755358245,508.1076273500021,606.0729178258907,15.90337754924886,16.42572754924886
695.1893133931577,508.59304551371787,-150.1951006330771,,
1015.0419438963111,512.6734247005551,30378.288676588287,11.653281482653304,12.175631482653303
1041.3957325339277,509.2227729651907,390.4533973642947,16.380766729557898,16.903116729557897
90.83382027606281,508.8485539912562,346.45845327077666,16.510561839111954,17.032911839111954
97.5443365018516,509.3944139244218,467.35197233857167,16.185579544939543,16.707929544939542
153.94418178020504,510.4180458370522,2992.53889923542,14.169590233592835,14.691940233592835
263.3502187836171,511.99715854866827,95.243300246606,17.912603655584764,18.434953655584764
859.7201767761619,517.4289581552969,54858.18314332723,11.011586194482412,11.533936194482411
996.1867689347426,515.8761235040138,8068.582261657195,13.09269666677142,13.61504666677142
206.33799228688864,513.9249456815787,461.7305564963205,16.19871820376212,16.72106820376212
431.695135126567,520.7510105246744,12476.764754062024,12.619434777933883,13.141784777933882
898.0319353243111,515.2428931784814,181.98840540724393,17.209580445335817,17.731930445335816
478.8381031552572,515.871653270785,2413.5968965372676,14.403027897731743,14.925377897731742
313.6319591926064,516.9534616397275,5049.079824932265,13.60165915243892,14.12400915243892
362.56262525616086,515.3981417640293,-186.29515001400546,,
108.74569889080763,518.2338737785393,870.982653371824,15.509665980542797,16.0320159805428
589.8497213768496,517.6512269127209,625.1646459319159,15.869703719611367,16.39205371961137
786.0777197292311,523.4484090432862,23806.521110045047,11.917949905073522,12.440299905073521
145.16122209095974,523.7971917555469,8357.607414845534,13.05448482707705,13.57683482707705
483.58764331509144,523.0153047484581,2625.076829660239,14.3118346978864,14.8341846978864
1048.6485220397365,520.6621509539235,724.3839185001336,15.709767743819691,16.232117743819693
264.11419135179784,522.8688583591905,2219.2565281982606,14.494170979380018,15.016520979380017
308.26763486536714,525.9778304327112,20377.341558096374,12.086820932055776,12.609170932055775
388.85223312416747,522.6924912188191,29.809359336382734,19.173808138925178,19.696158138925178
173.86249509640191,523.0089132599397,-186.18602919949663,,
234.7955093835656,524.990541436122,689.9915109251752,15.762580375642589,16.28493037564259
798.6900771861459,524.1005410006272,557.6020130214783,15.99387891219149,16.51622891219149
206.19060647076023,525.5841499961675,485.6689708692239,16.143838850790416,16.666188850790416
223.39743289098544,523.9488050398069,-313.00367623579666,,
298.878999043716,524.5305592103401,4132.035759153552,13.819279566327097,14.341629566327097
751.8130740295771,534.0452220613332,575722.3196929421,8.459157078138656,8.981507078138655
359.8274731955218,526.7486268431318,3183.1872672754926,14.102534272165364,14.624884272165364
687.2039103101531,526.9332737530701,54.702556659184836,18.51467068299902,19.03702068299902
846.9634918224941,528.7927184877055,5418.845228973323,13.524922877000208,14.047272877000207
340.4721363200382,533.3464183235468,168368.06104435073,9.794040468297727,10.316390468297726
399.0484635265578,531.9159281891399,4478.197387579548,13.731931663923815,14.254281663923814
892.7734969161014,529.5827014242344,2027.1997085686685,14.592448406821038,15.114798406821038
589.2559899533084,533.6204275589747,63693.63858592335,10.849449596436974,11.371799596436974
903.8137204312429,529.2188790179581,430.71314163247735,16.274219437411684,16.796569437411684
17.255154747065635,530.7228717262682,121.41620025470864,17.64899815105025,18.17134815105025
126.65716726163376,530.8669239683119,944.6383531637066,15.4215258087239,15.943875808723899
1071.3196282675049,531.1173987865274,1401.9577939700507,14.992852396173419,15.515202396173418
625.0193558436001,533.5596737140821,2642.9835879156144,14.30445357880847,14.82680357880847
1012.8161451378553,535.1650806929472,14145.416102448446,12.483150426546771,13.00550042654677
250.13527532300117,534.5360095460661,2621.834561875373,14.31317653414203,14.83552653414203
36.045689562584336,535.4462854462674,-77.51606465939426,,
1030.740749038708,535.3579915846192,-63.49819931541619,,
81.95153814929022,538.0203397677284,1831.4413410000648,14.702707211430859,15.225057211430858
226.41762986156994,536.4653479374625,-537.2265344275963,,
835.1134794771923,537.715601442754,3622.2274066913087,13.962250464004054,14.484600464004053
120.4554574280684,537.5153351390778,528.7408746317622,16.051582531835002,16.573932531835002
367.52447377521185,542.0938527700793,24695.77686393364,11.878133013408071,12.40048301340807
641.132953188751,536.6715786228564,65.14799010129514,18.32493719029391,18.84728719029391
330.76493972205,538.7322748617538,10228.92705031238,12.835114541184467,13.357464541184466
789.1682044306199,539.3156044350236,820.3836811503327,15.57464721229791,16.09699721229791
872.9874337036946,545.0123194339234,151352.27434227636,9.909717366074798,10.432067366074797
271.22221758028684,540.3005050224434,1571.8448906331264,14.868665525289511,15.391015525289511
449.91320255970135,540.5762722071328,1099.1792670304676,15.257018424505041,15.77936842450504
1057.1362121751781,541.9350244855387,12625.10959452738,12.606601852637997,13.128951852637996
699.3199125838325,541.9373753348294,1133.632238035318,15.223509275069596,15.745859275069595
6.138938203671775,543.0637589852292,904.5303623447855,15.468631871106059,15.990981871106058
165.17585711539425,541.9824290559814,264.80302656080835,16.80238238319349,17.32473238319349
264.80016604646306,544.3645211577917,1914.55292755442,14.654521302430064,15.176871302430063
641.3318515948259,545.6943928125141,1768.0351864585036,14.740962484954284,15.263312484954284
582.1709602809761,544.5667404123085,1044.4577352335054,15.312462568034467,15.834812568034467
622.8550920813851,545.6174523266855,1327.8589314576448,15.051809896882467,15.574159896882467
893.9233655009842,546.4666002929476,711.3186385716765,15.729529273089135,16.251879273089134
220.64713261137746,546.2594980700892,372.63559005488,16.431478915644625,16.953828915644625
331.9148437086027,547.2625593916845,1003.4762766293361,15.355921970314306,15.878271970314305
823.1485858468969,548.2381425496172,3474.058611510171,14.007596891487145,14.529946891487144
397.8127578157336,548.369627102102,279.0671940759097,16.745417780280583,17.267767780280582
973.1372740189709,547.6281306294394,709.4633650585378,15.732364808396749,16.25471480839675
51.85095823719017,547.2885213612435,-184.9640949204183,,
179.33939950640556,550.1097743427455,3.2287091992507584,21.587117416840776,22.109467416840776
252.93334451858817,548.6534749984941,683.1743909862523,15.77336079879225,16.29571079879225
268.8646219452154,551.1199149024645,2819.6851642530714,14.234188196356648,14.756538196356647
300.44240771086794,549.389949309386,587.5356523079496,15.937104181560942,16.459454181560943
357.73831988736475,550.1314844296771,1291.7708208128606,15.081726068959334,15.604076068959333
464.4820373661598,551.5167712246647,9620.863051040773,12.90165466285368,13.42400466285368
9.098111678609804,555.9608353271824,2919.7847210532764,14.196312665538823,14.718662665538822
435.986541034636,553.5302112636172,1000.3884664634043,15.359268054380735,15.881618054380734
594.1662111877533,553.0162232814216,600.5123701050225,15.913384849653198,16.435734849653198
347.68774760588474,553.7431786130664,502.0571275185091,16.107806902146866,16.630156902146865
683.239857995585,558.6445530792122,101344.60504944564,10.345188158252064,10.867538158252064
1077.448038991046,554.952524370516,1792.4115935941052,14.726095383749303,15.248445383749303
748.9805512419566,560.3665150134858,5937.891614086209,13.425609079484012,13.947959079484011
829.7270425590908,554.4334293519815,1486.2112645319507,14.929488372941718,15.451838372941717
85.63977659290435,558.2516797228222,7593.256891267958,13.158619512183236,13.680969512183236
326.102007592484,556.1605857113781,-156.275764260715,,
257.6984856447216,556.8321132407498,4021.6444213891955,13.848680571382667,14.371030571382667
290.90790875622156,556.657023992426,689.4856043750998,15.763376736924954,16.285726736924953
97.62647389627514,558.1057689919074,1093.8610147419035,15.262284383751652,15.784634383751651
24.38607323875276,560.7778175063982,416.42712985111734,16.310842205450555,16.833192205450555
236.79056666813136,560.7400608405944,5561.132718609066,13.496781595062483,14.019131595062483
265.3417335394642,560.1098487337216,7514.7612534921955,13.169901775934793,13.692251775934793
392.66708207235155,559.6947900246781,5205.349777760768,13.568564950578224,14.090914950578224
441.1355360040875,559.2259548915748,590.367020731584,15.931884522589728,16.45423452258973
605.8193405617349,560.2044304850341,1564.0393357884482,14.874070566026681,15.39642056602668
110.49320410756371,561.2083733446722,953.4625736021022,15.411430618844927,15.933780618844926
1049.4534544207413,560.1396076862134,-489.0938491334134,,
455.19816160220626,562.2482299397025,906.5699191982404,15.466186482878655,15.988536482878654
126.38559549942083,564.3117271782556,2156.174056085601,14.525480204240111,15.04783020424011
422.49662110427664,562.6258617435955,-302.7530426027579,,
3.5943335738201885,564.7163978836675,965.1689006473287,15.398181445160368,15.920531445160368
710.7659311182032,565.7641751164351,9584.361322961659,12.905781799788976,13.428131799788975
532.9149435801779,564.8964027381506,464.3950559284791,16.192470775887863,16.714820775887862
770.6255448900552,566.0819950425541,264.2430501544742,16.804680810162246,17.327030810162245
212.81700507738253,568.3169754537083,5562.6683291513455,13.496481829188284,14.018831829188283
38.948276010750895,568.040974324918,-108.53913197217175,,
568.955446810698,572.7813295053412,21924.429778765894,12.007368977476364,12.529718977476364
673.6776007288051,568.3004944116774,1774.3185729035422,14.737110748075269,15.259460748075268
391.43674711426587,570.6421758825392,422.2391787979011,16.295793424011816,16.818143424011815
488.3133456092685,590.8908458568866,1067934.808433645,7.78832788907324,8.31067788907324
636.9517626371396,574.1625259188232,18409.0875596524,12.197109086146366,12.719459086146365
928.339680924288,573.5438265359683,2369.006381949456,14.423274167869709,14.945624167869708
257.12690549071095,571.6256332343545,1507.5279998303713,14.914026276617815,15.436376276617814
323.59412816011843,573.5759882762226,18059.450977633176,12.217928386423866,12.740278386423865
506.9722590910053,571.4372599419856,719.3316748056924,15.717366783841012,16.23971678384101
918.0953164829673,572.7455946060322,875.4200650121883,15.504148503055063,16.026498503055063
249.92909584598027,573.5106471641858,1031.867514336471,15.325629894490628,15.847979894490628
541.6888890214772,578.4572827333076,60216.79439561993,10.910395663608899,11.432745663608898
590.5387702244444,578.5248208431535,129069.9559008746,10.082626840407716,10.604976840407716
744.2333826838636,578.1484746314749,4384.036653092787,13.755004303469413,14.277354303469412
221.2346343387393,574.7966872610707,2773.3767811520215,14.252167556340787,14.774517556340786
798.6407465158403,578.2110304660328,8372.925730811276,13.052496647173562,13.574846647173562
109.16389102745364,576.5225231940077,1191.985100787438,15.169012677143028,15.691362677143028
899.0518225780813,577.8270576390966,465.5184953835815,16.18984739335523,16.71219739335523
458.39529115733916,578.4364320982684,930.1610802526926,15.438294335007162,15.960644335007162
786.0997487904921,581.3052016807767,568.4243439789655,15.973008071491765,16.495358071491765
854.5361825183704,580.5871483764654,-240.99659840899557,,
95.32218303477644,583.4282459683744,3371.2059385919238,14.040226536328875,14.562576536328875
266.9289212962019,581.850921051026,647.259049294704,15.831994417089312,16.35434441708931
842.7822341836574,581.6603328135267,887.1320243899497,15.489719102001601,16.0120691020016
336.20189594418156,582.5151454683463,105.65648919596386,17.799949305465358,18.322299305465357
808.7970911563648,581.9363215073513,520.8598138369837,16.067887616129816,16.590237616129816
297.80837507120674,582.8970539294429,-348.7662361255645,,
187.26239306066245,584.0007211147756,486.79841060229785,16.14131686561328,16.66366686561328
550.3799512271008,585.2773303199386,3851.432156096905,13.895634114426132,14.417984114426131
390.3323737712552,587.2389841620568,1829.052176126916,14.704124508392665,15.226474508392664
462.53208135221075,588.0577297465483,1046.174573138642,15.310679343425468,15.833029343425467
717.4129867258852,589.3286138620309,12127.014492467806,12.650305003141499,13.172655003141498
700.0107106829213,593.5194700949215,50698.588654750114,11.097200070509738,11.619550070509737
799.7282248029979,592.7208100459778,11692.157437773174,12.689953108066701,13.2123031080667
31.702607569848848,593.0916319286237,614.432322461009,15.888504609929958,16.41085460992996
183.04787122455548,593.4182984257826,919.7691492584707,15.450492648458134,15.972842648458133
832.0815418335213,591.2202005390675,834.4098458916433,15.556241194462523,16.078591194462522
532.5269586291358,594.6319335570511,979.9748012951736,15.381652473207193,15.904002473207193
1006.803645860279,593.7020146362777,1718.2300240262148,14.771986485719978,15.294336485719978
1038.8626718262553,594.6926984310638,1316.301420023788,15.061301370051325,15.583651370051324
59.95257974259509,597.155113537078,1016.6037827286924,15.341810441192447,15.864160441192446
215.44293009502866,594.9346367679743,-44.967726268944645,,
199.36762792180664,595.0712286078815,144.65495331255693,17.45885647092521,17.98120647092521
302.5078743032953,596.1770319619902,181.9665066696765,17.209711100268365,17.732061100268364
331.85734543680394,596.5349728031036,1721.1025393005548,14.770172881190716,15.292522881190715
747.2476509791625,597.459025989727,5066.226635395637,13.597978209934402,14.120328209934401
779.2751421995052,595.9193041618772,166.46220791735493,17.306400617784337,17.828750617784337
141.1719362575621,596.0997301856465,-506.6349441454165,,
172.32573848348724,598.1167652047593,10.846872403450021,20.271428416110744,20.793778416110744
727.137741034882,598.9551609604872,823.2864259091525,15.570812357188338,16.093162357188337
978.3681141149044,599.5988215075672,3145.0393875950926,14.115624522588018,14.637974522588017
15.862292909801752,601.8981458253548,10421.479144446195,12.81486633520701,13.337216335207009
41.796115459155565,602.1767172102377,3391.700898155182,14.033645878552313,14.555995878552313
759.3133352581666,603.3442826620698,7707.893256436117,13.142350515451888,13.664700515451887
1013.7607570955302,599.7460254619186,987.3421043706833,15.373520600757056,15.895870600757055
153.02210329217826,602.0139971926883,823.6237041690665,15.570367651413203,16.092717651413203
538.780320151114,602.3577196549687,1992.4517446644306,14.61122021461976,15.133570214619759
523.519608678791,603.4476225108302,1241.3995450378907,15.124910789872771,15.647260789872771
333.8834844995345,605.1714226339326,4425.965104724675,13.744669780752911,14.26701978075291
479.25302119100644,603.8976704250603,6541.214184239948,13.320543820037194,13.842893820037194
959.5812972311755,605.7521028203895,2311.0850740870105,14.450149912769593,14.972499912769592
645.3325721668886,604.9395115285373,-155.62545509423825,,
786.7683936467239,606.4234892525408,5098.28386549181,13.591129712756315,14.113479712756314
855.025470426151,606.4440762149413,4701.877133132421,13.679011554101876,14.201361554101876
984.2974909470424,606.0626263146045,2017.8805382908927,14.597451115223638,15.119801115223638
1000.1399860441426,603.842889573641,4.975868884474664,21.117517424449765,21.639867424449765
112.52511294626004,608.1031301939943,7179.000626316763,13.21952976652792,13.74187976652792
659.4962111959752,606.2445433015987,3.248526941986867,21.580473562129562,22.10282356212956
420.6041198182327,609.3572233145564,1484.8454332899962,14.930486625539544,15.452836625539543
407.3730377397991,608.4630559724467,77.87157491904514,18.131242349074157,18.653592349074156
173.39398736977543,612.1164032285992,1470.4265094052093,14.941081435238988,15.463431435238988
242.76398474729962,611.7339632426113,2386.814922538923,14.415142883531061,14.93749288353106
606.9966679704972,611.5383562453155,2305.679804512776,14.452692255604482,14.975042255604482
631.513507158212,610.7858510726503,129.86291180354817,17.57597690344651,18.09832690344651
837.9568393620251,611.9245310724035,2108.0681530312413,14.549978126231531,15.07232812623153
1007.1760097667827,611.2754703817964,1129.3253336478965,15.2276420681263,15.7499920681263
270.91293591687366,616.0034519762096,17199.407798316694,12.270906010214405,12.793256010214405
376.77662643558295,612.2745508214676,1044.1084732196603,15.312825694101889,15.835175694101888
507.0934707549968,616.2325503221666,11460.929591129538,12.711640133331164,13.233990133331163
231.4053850401957,612.065960885582,-101.40293461740735,,
696.9045289417492,617.2655021591731,19868.938770943623,12.11425306601767,12.636603066017669
1052.7278697472582,612.9132189325418,-82.58894582098232,,
383.81003088014273,613.1069253911384,1613.1376298129273,14.840511189225701,15.3628611892257
905.5131994780565,614.197513580729,1294.6783012892788,15.079285071283737,15.601635071283736
123.40397853543412,615.904551303407,493.77827959851015,16.125859789088896,16.648209789088895
251.1864267983634,616.6557469731995,1307.281790163327,15.068766715336967,15.591116715336966
991.931391449719,619.1111696622934,4701.677026058843,13.679057762905689,14.201407762905689
359.46557696264966,616.9689003432702,748.1531623903215,15.674713454562237,16.197063454562237
1078.3142903902472,618.358405094801,31.94092087856356,19.098821162109726,19.621171162109725
380.8494776650825,621.8352926110779,3386.6755524884484,14.035255762798544,14.557605762798543
176.15204376123324,621.218263201527,711.6495709907169,15.729024264877788,16.25137426487779
628.3196311288108,623.6087779617104,661.37029419365,15.808578033476024,16.330928033476024
38.20897055880684,623.4428508365454,-68.77982177339163,,
512.1771679270072,623.2862540833161,3496.177496072316,14.000706061960155,14.523056061960155
585.8045132588894,624.612123630417,410.571869320425,16.32621676958487,16.84856676958487
639.709370737968,624.6949817561604,494.36466868338914,16.124571182141146,16.646921182141146
822.6349106027571,626.1012406438605,1318.6783748504192,15.059342534072854,15.581692534072854
894.7221377541384,625.2834681007241,295.4306368402898,16.68355091794967,17.20590091794967
977.6367707058325,624.5363744664849,344.4594401024802,16.51684451625091,17.03919451625091
155.29175656224467,627.1343182221734,2843.6297440455173,14.225007123955635,14.747357123955634
925.2000236324279,632.9878634136282,158255.4092763437,9.86129333603187,10.38364333603187
339.3048595951843,627.8826686370604,1492.331202391982,14.925026695775887,15.447376695775887
725.5149391751727,629.1686238339136,28550.402292979445,11.720659164320525,12.243009164320524
970.778982701857,626.6358521140095,436.56708212730246,16.259562279351666,16.781912279351666
541.7066759235931,628.5137823314247,585.9116541607877,15.940109403356315,16.462459403356316
939.7801385272071,630.7584033497151,1376.3022246013388,15.012905214950255,15.535255214950254
217.95927297958718,631.0041226164125,228.65343691568125,16.961745410345294,17.484095410345294
282.0292641058947,632.5329059366649,405.47603978203034,16.33977675418277,16.862126754182768
132.88921772175485,633.5844312793305,881.0619375957292,15.49717364491956,16.01952364491956
180.9890284434375,634.7872911970003,1427.8697533914315,14.97296825953204,15.49531825953204
173.24190459639,637.1001822018475,2045.3841782100912,14.582752514083717,15.105102514083717
995.3638291197764,636.858232428633,3522.379992102885,13.992599230658936,14.514949230658935
945.5375124794961,637.2937449135038,1523.4568841086607,14.902614325555692,15.424964325555692
525.0495305101347,639.3535755050905,6689.863570901258,13.296146591796507,13.818496591796507
322.5300612363105,638.8015168812962,447.6925844340279,16.232239992576435,16.754589992576435
330.3778202272268,638.6080246157172,459.14596858555376,16.20481280593976,16.72716280593976
386.67056333021355,639.8211717799555,2483.5770356251132,14.371995655853159,14.894345655853158
74.97798599964214,642.5493964687226,3782.7412667618805,13.915173151370313,14.437523151370312
213.48290456732167,640.372307793975,463.1813133996143,16.195312169874455,16.717662169874455
785.3738457810792,639.8395035377769,318.07185327129014,16.603376646239788,17.125726646239787
53.787243433150934,641.738019126315,-118.32774098856231,,
400.13955931978364,643.2195213678019,2172.924572154031,14.517078116846825,15.039428116846825
534.6080211353622,642.1792521119802,1647.7438116031728,14.817465521471917,15.339815521471916
639.8746406891765,642.629687642386,342.5444728669663,16.52289733372134,17.04524733372134
837.5495866773318,649.6543459333958,117309.17981762947,10.186359748647778,10.708709748647777
286.9722605698206,645.0130734871024,3365.0447476613613,14.04221263519445,14.564562635194449
96.29508288663516,646.5426458373283,1757.264617325839,14.747596833174097,15.269946833174096
158.26843861062122,644.7160167544458,291.6755598473533,16.697439644251798,17.219789644251797
174.40394110722497,646.5246553883369,1434.0511056581963,14.968278172896486,15.490628172896486
732.5281649592457,647.9798624852722,786.3796437177352,15.620609087608067,16.142959087608066
927.649627572229,647.991132959441,3662.3382813470344,13.950293603204807,14.472643603204807
991.3483081162121,647.6280484641483,556.142673520526,15.996724193802514,16.519074193802513
70.03266275179236,649.4272657172962,2072.073403892692,14.568676903651319,15.091026903651318
262.379046151046,651.3430684967876,2527.5859566221134,14.352924910234542,14.875274910234541
779.261223625369,649.7223334901423,-138.87451670016065,,
91.58197665773115,650.556135036516,876.4319082671489,15.502894293230977,16.025244293230976
759.4499162625032,649.960770515914,-198.89487347191152,,
103.79360030512781,654.892146514269,722.4399910559307,15.712685298142203,16.235035298142204
119.34811617290781,654.3498191089421,402.13468365664903,16.348760914281417,16.871110914281417
507.7205068046871,652.3535387732326,1885.1387472669428,14.67133144449565,15.193681444495649
676.6192608103144,651.9837851296658,1149.4927442965336,15.208424158814914,15.730774158814913
900.9462190518624,651.7415826834839,330.6611995094021,16.561231652427544,17.083581652427544
514.9061172527663,654.5042541770847,1639.5790194627282,14.822858863784461,15.34520886378446
646.914755095584,653.1982516209953,1041.8397481309428,15.315187438188847,15.837537438188846
657.6685197245356,657.0678723515894,2434.6012799817163,14.393620129559519,14.915970129559518
61.39298404424353,655.6881657102805,-161.53276114674975,,
463.572245734381,656.3155552596598,1097.9847474638518,15.258198976580342,15.780548976580342
715.5105889024402,656.2625899180712,652.5184503857978,15.823207754222565,16.345557754222565
586.2999860322658,658.251939931419,6353.1042325455155,13.352224792909848,13.874574792909847
687.2022711341529,658.3311026400607,4925.068006435619,13.628659165308594,14.151009165308594
701.0206809546561,657.3947364770073,686.9800360200347,15.767329453507761,16.289679453507762
415.24489816648855,657.9442418006926,148.52391914751672,17.43019874315633,17.952548743156328
85.01975206613983,661.9172681415135,4164.348095276557,13.810822182677356,14.333172182677355
204.45346923014287,658.9963505479944,324.9762271156367,16.58006076375255,17.102410763752548
491.82001555483936,660.8339073845311,2885.2619815676276,14.209226611613554,14.731576611613553
308.0358083998219,659.4703906020003,840.2827106218285,15.548626175243339,16.070976175243338
627.8641392608656,660.6931282659134,360.3492857054123,16.46788058076979,16.99023058076979
1075.9739729888422,659.0507255522157,-286.88696020548065,,
296.440064239883,664.2330381614709,2741.507808518323,14.264716026574732,14.787066026574731
783.4975504417889,663.6823462747608,1246.198978666926,15.120721267110646,15.643071267110646
611.8694601218451,666.2941567621081,2986.9714047356983,14.171612082134834,14.693962082134833
140.9599951146344,667.47567332132,591.2237721164174,15.930310024606776,16.452660024606775
376.1866783577733,666.1290122778947,619.3696433959105,15.879814954934007,16.40216495493401
525.1414031536093,665.2696798382303,-43.44165680110579,,
909.0123537529985,670.4230788731096,62240.015845586415,10.874515508213472,11.396865508213471
1004.6606712436844,665.850280396444,951.6817797830745,15.413460357832626,15.935810357832626
597.9337417854656,667.6454609065299,149.71570900619275,17.421521316257962,17.94387131625796
687.0368853596896,670.8402220653771,64227.24907412639,10.840391441864552,11.362741441864552
832.9242141528326,666.9559423635341,376.6768413758479,16.41976744461848,16.94211744461848
974.5245022981754,667.7524349968397,277.3020675303294,16.75230697549214,17.27465697549214
946.3019467183999,672.0817643426719,6346.517873932829,13.353350975812695,13.875700975812695
23.752390920388688,673.8948977822173,1322.4594270753955,15.056233852583937,15.578583852583936
781.7683744310466,672.5231985007491,4045.3975089245123,13.8422867378398,14.364636737839799
55.636480586728666,672.5732078380234,8003.830529380825,13.10144503347046,13.62379503347046
716.9541506066745,671.978035752475,2686.9709608727335,14.286532312405317,14.808882312405316
884.1160325413771,671.9308558009842,854.1257922931678,15.530885153119476,16.053235153119477
794.4839129337984,672.0551751946374,1275.5199512695913,15.095471604352344,15.617821604352343
152.84377848587906,673.7360999422287,857.6997119852697,15.52635158397841,16.04870158397841
229.37315179409168,676.3071755181654,1442.1487596099441,14.962164592679102,15.484514592679101
633.8888358317919,676.8169277770078,-220.18996970653575,,
1059.765629909324,681.2727762931954,3626.2541589896064,13.961044144813478,14.483394144813477
523.0465691126652,679.5688407736536,1591.3447821459883,14.855279033428616,15.377629033428615
958.8016177003772,678.406637999985,226.12026527571606,16.973841028867966,17.496191028867965
422.8920148631646,680.5540867817148,735.710712678904,15.69292204496427,16.21527204496427
617.7811068431639,680.6523169226018,373.4749092969266,16.429036168427885,16.951386168427884
1042.4357428356843,680.6672947085378,657.3194869995605,15.815248475494691,16.33759847549469
412.7079240193329,679.8429595948826,104.10735089577386,17.815986255563068,18.338336255563068
741.0648879104562,680.0207923442784,-157.440033857305,,
833.942954267893,681.9626416274284,471.8366125327789,16.175210651386543,16.697560651386542
13.674962029739296,682.6261963145558,797.3674084331291,15.60554354370328,16.12789354370328
712.8151886703585,680.995486875724,893.0208823849312,15.48253570822851,16.00488570822851
683.0357621842396,684.3929954289072,2624.660444717699,14.312006929060859,14.834356929060858
523.9956156220027,686.2080199012537,2101.313921577691,14.553462400069352,15.075812400069351
704.6392398318183,686.7851121014712,1299.7692428873536,15.075024105039859,15.597374105039858
388.85812339557236,687.3661772879473,1606.676410945448,14.844868700919797,15.367218700919796
992.0298531930889,685.6366660911302,1111.0695509770264,15.245336629949303,15.767686629949303
181.94086728149847,687.3612714571207,438.00770696870916,16.255985364073556,16.778335364073556
940.3448285810636,686.9199258023419,458.8232856495558,16.205576118129322,16.72792611812932
209.23385598042825,688.0809696792595,293.5781131535844,16.690380557302177,17.212730557302176
351.41081174051607,687.4128085542244,531.4247840713501,16.046085232709647,16.568435232709646
269.63614133255226,690.566057771686,1062.6677152268849,15.293696028249418,15.816046028249417
42.062500789843526,693.4545074628799,884.88449069916,15.492473286273885,16.014823286273884
192.72141866749695,691.7277517376383,1772.293334737179,14.73835073412209,15.26070073412209
975.5178699817927,692.1643129845081,1441.3509975436723,14.962765362058802,15.485115362058801
996.3247837980482,691.7381758432088,1567.0861506802576,14.871957563340825,15.394307563340824
69.55308280497675,691.6543245499977,54.74159645677327,18.51389609756418,19.03624609756418
275.1886186687342,692.1605569641367,1267.3024982564252,15.102489017076389,15.624839017076388
784.230041188756,690.9595613895624,601.2940220256188,15.911972529141453,16.434322529141454
868.0355881674294,692.27459634651,913.5186268298228,15.457896226755224,15.980246226755224
163.48464875995515,693.3995851257707,1407.8140490521796,14.98832650743278,15.510676507432779
732.1846217071312,693.6919730609997,474.2872538593865,16.169586110968282,16.691936110968282
526.1363910340516,693.0973855328704,1288.8448606702261,15.084188134306498,15.606538134306497
500.37820421881565,695.2028350034913,507.81890483643,16.09541758322482,16.61776758322482
624.0269000497117,697.1836662844054,2818.9607628907634,14.234467167159327,14.756817167159326
294.07217882390916,695.9100386326602,1132.843446479725,15.224265003084103,15.746615003084102
706.5385900481521,695.3242351383324,419.5270953099557,16.302789706739627,16.825139706739627
1038.746019457391,696.7796696408691,134.49122658699872,17.537954858442394,18.060304858442393
167.83683920056487,698.1248072070733,849.2722850137286,15.537072365497156,16.059422365497156
301.34337574237793,698.6879854792923,1687.5888306672753,14.791523138746879,15.313873138746878
433.470923310295,698.776186732368,434.26670376455115,16.265298413899856,16.787648413899856
