x,y,raw_flux,green_mag,V_mag
239.40679808373358,2.9406144299334014,20268.429654167325,12.17098115750598,12.220131157505978
632.0650576165172,1.2675086313018795,32936.64450402819,11.643833031586741,11.69298303158674
764.9867258475023,2.2474478403133715,1010.7094672889741,15.426465578084574,15.475615578084573
792.719632563153,1.9966076749846675,75850.18059025123,10.738139864627996,10.787289864627995
933.546817567662,3.448361881679689,7009.481372869055,13.323816697499115,13.372966697499114
949.2643953676854,1.2014395264266602,554.0531110105028,16.07915291798465,16.12830291798465
1031.2651453380827,9.483925514578033,7523.491987954923,13.246982755417056,13.296132755417055
270.9142394771953,5.4609782658270145,792.2110517843612,15.690929170546932,15.740079170546931
701.2670482137827,6.413905909750036,11140.937545263876,12.820727063359113,12.869877063359112
1070.0203275438066,3.475574107976759,-1159.8702670450307,,
77.89523784446575,9.394762410233575,9670.818607718877,12.974373318819257,13.023523318819256
571.7941407328389,10.616284177510378,23929.7381583689,11.990686546084106,12.039836546084105
137.66057597806068,6.612677898848319,1170.65914038741,15.266955261439772,15.316105261439771
418.3161078206513,5.062248564038876,605.0851795885048,15.983490122834741,16.032640122834742
169.07251971963044,9.73573714939794,9767.147568417633,12.963612039017042,13.01276203901704
355.0984127658801,20.965460755811016,232542.55414615467,9.521775316803346,9.570925316803345
475.3073426355399,10.822252084029984,14778.8261385166,12.513931562382584,12.563081562382584
949.0668326260874,6.7165794004498505,736.2515159480324,15.770465907416483,15.819615907416482
985.9423611454221,13.246202838877712,67317.14746971597,10.867717150738283,10.916867150738282
1009.4245269827597,11.903015716918427,2136.088114154556,14.613983503748878,14.663133503748877
68.55712465679916,12.31023877805644,3725.5028452518054,14.01006916391069,14.059219163910688
621.1381540705574,13.549798614044324,3868.6665508538877,13.969128166177192,14.018278166177192
584.1952929044432,17.57020251299447,44484.12995382522,11.317518660430807,11.366668660430806
771.1547021150215,14.057331909641572,1142.662137403142,15.293236819730879,15.342386819730878
913.3473920036399,15.08876616721819,1334.3950998418372,15.124820316239502,15.173970316239501
141.86052354931888,17.594509016426283,435.87594738738665,16.339624151608884,16.388774151608885
9.732898872206187,20.009197981938087,1589.3571763688262,14.934977644420757,14.984127644420756
531.4977800009308,21.343193670156843,1808.1690304578433,14.794933846042092,14.844083846042091
855.4822728261427,23.14655072429366,1251.7427525703706,15.194243698524105,15.243393698524104
1055.0076726370983,20.232712490678086,2864.5228606655596,14.295400681100976,14.344550681100975
41.43773334267504,21.020271503907896,311.4176893848859,16.704673217299487,16.753823217299487
89.61040344862772,26.934930006109028,4131.673529794318,13.897716417967011,13.94686641796701
772.8723494631331,21.687015464742817,1009.9997514847383,15.427228245140551,15.47637824514055
55.3007748851521,22.523232390082793,35.362736372357546,19.066666753958614,19.115816753958615
508.25359722691627,22.542336433351082,270.57201414584046,16.85732422605141,16.90647422605141
1045.5968431066992,28.527684052723494,50457.210846223694,11.180723312231173,11.229873312231172
217.0383642919236,25.379001316354532,3516.1260192256223,14.072870332567469,14.122020332567468
1018.9429465538834,25.192895293695663,530.1496533514305,16.127035208017773,16.176185208017774
491.71871625467406,32.23132288822218,17438.321209813017,12.334269729935764,12.383419729935763
841.318174782266,31.482898140645464,31658.551048638546,11.686803827064193,11.735953827064192
1061.4699510667488,26.562820751210662,192.9371458886638,17.22449178810863,17.27364178810863
10.537897380509317,28.20587261200033,117.70368773248157,17.761056237989294,17.810206237989295
896.3896491664616,29.267758512137927,2315.428866712444,14.526452803979094,14.575602803979093
44.41126876786567,29.806988027660687,305.9831031569739,16.723787800558817,16.772937800558818
645.6592723780989,37.470082508029485,17986.046655624068,12.300692123360564,12.349842123360563
339.49213948029325,32.96725114654515,3946.333006859404,13.947547087665445,13.996697087665444
401.0715381479818,34.17309352377556,9514.491565481243,12.992067448809564,13.041217448809563
1003.8062318131335,33.98991061146523,3564.232376646416,14.058116385169928,14.107266385169927
1062.0448744215398,31.675657137268324,664.842092975463,15.881235142394802,15.930385142394801
204.4356093196127,35.49662371648958,4071.777350740822,13.913571356750296,13.962721356750295
317.8264981676662,38.649460912748694,34800.596369272294,11.58406469642607,11.63321469642607
673.6159979523318,37.09140600150342,2608.104608018406,14.39721889631717,14.44636889631717
288.1613834922289,39.039134331341,82963.62665468529,10.640812091310577,10.689962091310576
477.65269841650667,34.988767288756165,595.1667599744509,16.001434742706518,16.05058474270652
705.6017340586329,38.36679190157038,8406.989467980293,13.126430154080017,13.175580154080016
125.07696773866745,36.15505920043806,1317.001647521619,15.139065616824421,15.18821561682442
59.284379293010865,37.2693637277162,651.1079011713591,15.903898998628971,15.95304899862897
142.52005999201523,36.29292180974651,1601.5033849431145,14.926711760128773,14.975861760128772
151.73152801519768,39.27681898151178,3718.761338034851,14.012035644487089,14.061185644487088
730.797174726707,36.75339344904087,753.316421786674,15.745587825294859,15.794737825294858
767.2660849444796,42.28731180130255,7571.204811930643,13.24011892586983,13.289268925869829
444.48936223331714,39.53892195013136,1308.8046325503717,15.145844353628219,15.194994353628218
598.5295083042782,40.003845965602416,414.9905937393573,16.39293577990366,16.44208577990366
687.9956904000567,42.907258395057255,12537.539689672114,12.692500610291017,12.741650610291016
1037.6124367155628,39.2100260171418,2332.8860982388264,14.518297574585604,14.567447574585604
848.3993305187264,43.2328268192179,3737.726660802553,14.006512566606325,14.055662566606324
865.5554286475507,42.270524389374074,1991.7841911004307,14.689925709872435,14.739075709872434
920.1730681778373,42.784702386401364,3857.201983353676,13.972350458942934,14.021500458942933
1076.4440931358224,40.92046393750873,346.0089903114506,16.59031295454033,16.63946295454033
86.26648596329186,42.088537088245566,820.7031751954628,15.652566128306063,15.701716128306062
120.98884017657079,44.50046357351155,3257.634951983413,14.155775372446126,14.204925372446125
875.5593198687019,44.440983525515115,2117.2239721935225,14.623614405869173,14.672764405869172
346.49633379985136,47.903473573918795,16612.352838724313,12.386953545570101,12.4361035455701
433.23802434456377,46.329807796320715,824.8467623633907,15.647098227257779,15.696248227257778
789.5252065745688,49.177090616979264,2077.8172612585004,14.64401303793176,14.69316303793176
968.2283694051463,49.00695867894319,4799.541449842189,13.735032045734803,13.784182045734802
415.96664124598885,48.83921599881277,404.7357947933893,16.420102374819503,16.469252374819504
994.995760070207,48.90589196671917,728.1304334378638,15.782508453695826,15.831658453695825
540.6521365967327,54.86330025828677,7445.107456556573,13.258353986489798,13.307503986489797
818.1108244347544,49.63620974021674,737.1454191777829,15.769148484804788,15.818298484804787
575.1049740222268,54.341589771054956,11558.115207198662,12.780813864832828,12.829963864832827
448.278259061741,54.6710455591689,2059.7783218323634,14.65348020470986,14.702630204709859
590.466092799765,60.30487516767873,10932.610155389159,12.841221757629244,12.890371757629243
316.69492700933637,56.193211124267165,4865.454384755956,13.720222899302978,13.769372899302978
718.2100936499514,54.21326691613244,3299.04185052473,14.142061850215056,14.191211850215055
212.29359646816067,56.359493804199936,1253.6758392035022,15.192568271856562,15.241718271856561
522.8097274280711,56.095293423646865,3548.613027620027,14.062884805971343,14.112034805971343
880.0711498958923,59.06728470488855,29369.04038417644,11.768307021340961,11.81745702134096
301.1997857044664,57.25072659480316,1987.3212963228025,14.692361196182219,14.741511196182218
654.0058454651386,64.51678048161912,31321.301639221674,11.69843190741535,11.747581907415348
683.1226265648004,55.02242804433944,3244.1246760378754,14.16028757150664,14.209437571506639
129.28880492238704,57.12912473843275,116.23795026269528,17.77466155489981,17.823811554899812
257.4194773731568,58.87738225389478,1513.126228038288,14.988343514308962,15.037493514308961
687.3219298970547,60.892783949775,4616.992647763085,13.777133455026124,13.826283455026124
411.1478115728492,60.17195976273667,1450.5675961800314,15.03418648331592,15.08333648331592
473.1216271220537,61.9055816826828,1824.612500307001,14.785104797790336,14.834254797790335
377.6360138175899,60.70901913969996,562.0742373626628,16.06354721272452,16.11269721272452
559.6730140651728,61.386113554489505,151.49668024092034,17.487023621915917,17.536173621915918
34.997159283429724,63.915817966474975,-195.22355845375748,,
772.7509536973157,67.73620575158066,18568.366236104768,12.266097178926216,12.315247178926215
495.40935729188556,64.36031988730166,913.3805496084337,15.536402014719311,15.58555201471931
750.3149579422682,65.4460647403736,375.65796021216033,16.501049922455472,16.550199922455473
536.8588906358486,68.19364901618034,2589.3087903326405,14.405071798197254,14.454221798197253
112.42403539210963,69.2016928479292,3129.580285457758,14.199316169165218,14.248466169165217
402.2218006824605,70.1536619441436,1024.3213078862998,15.41194089498282,15.461090894982819
163.24225929691386,72.89623947121504,1139.1141491947353,15.296613296539002,15.345763296539001
238.4785204117173,71.73689507299886,838.967716583859,15.628668288620503,15.677818288620502
602.8206723504521,72.36025727017801,502.5038480748876,16.185182932830763,16.234332932830764
323.03467945347273,80.7967425871272,106688.55818514881,10.367736797425732,10.41688679742573
1061.1251680533069,73.51041461290667,-494.3339214529711,,
22.63018106602619,75.47726187040703,3261.0595658145676,14.154634583425956,14.203784583425955
47.92471704811866,75.28987462317569,925.746256357244,15.52180150126316,15.57095150126316
486.2999007384919,75.63694324592495,2533.8663258633023,14.428572162588742,14.47772216258874
833.4589218828156,75.37249500454898,1928.3672283162596,14.725057056832728,14.774207056832728
186.5892152628144,76.46811253582781,1452.3376087750025,15.032862453173898,15.082012453173897
276.3088597016349,78.26242663404508,5772.778127927083,13.534569247293767,13.583719247293766
531.5601062700837,78.45963047703309,3024.7317601939167,14.236314246159669,14.285464246159668
776.4442522756676,76.21925118105649,5753.058485650748,13.53828443972152,13.58743443972152
821.4198980312536,78.39987642080177,2858.1302138984584,14.297826384995957,14.346976384995957
560.6607787577843,79.88555251137133,4824.52395531273,13.729395244558155,13.778545244558154
132.66999950769429,80.5449606481747,5953.865557660529,13.501033853056049,13.550183853056048
684.0052150256034,78.88536188097875,723.3105355805892,15.789719434996265,15.838869434996264
713.9000671946914,87.72286728986023,234487.37338223067,9.512732757697975,9.561882757697974
1011.2610126936172,84.5340475299173,4461.750964000087,13.814268097072176,13.863418097072175
1026.2052214454716,82.60056164685777,830.5131146061561,15.639665175516862,15.688815175516861
760.926994195628,95.19198672340796,25992.402789127733,11.900915341452311,11.95006534145231
884.0481533765764,81.54232407729097,316.57361167304015,16.68684463504434,16.735994635044342
629.9016906394675,84.15068007865719,1077.109996790687,15.357381270822128,15.406531270822127
787.4106065120852,83.4793874883008,523.7597881577866,16.140201031803365,16.189351031803366
536.1899249090998,85.44849153504117,1814.5235007363408,14.791124919140415,14.840274919140414
1070.1165379892689,85.30575360253209,-75.7824163728717,,
255.87278559347573,86.53419047945074,1116.613885449131,15.318273852101294,15.367423852101293
523.6865220325265,86.78305435037579,1069.121006150061,15.365464255764408,15.414614255764407
810.1614440631686,86.4783808990817,1585.8004498919413,14.937410070634579,14.986560070634578
99.26919939304481,87.60971789021092,1075.9524130158748,15.358548752758306,15.407698752758305
690.9711835965718,90.48903999052942,17865.16638192674,12.308013749371359,12.357163749371358
461.1062399618504,87.75300039387399,823.8734764020796,15.648380108687611,15.69753010868761
184.78608844255135,96.96505644521952,5893.222864192172,13.512149249612555,13.561299249612555
229.09856413416597,90.0651394582182,838.6582061465926,15.62906891034046,15.678218910340458
605.9998191176084,91.5661608947032,1327.5722692825882,15.130385982043379,15.179535982043378
1057.9570684786393,91.66033820217692,502.94243063326877,16.18423572162178,16.23338572162178
97.85846971942411,94.41728930436999,1520.5181562037096,14.983052386609591,15.03220238660959
840.3941764863724,94.89057451735687,2004.6407446562548,14.682940029399123,14.732090029399123
474.20854542304784,94.91744207065557,1159.6947644885731,15.277172171151202,15.326322171151201
857.2773879246618,94.25828401417301,202.69114977545763,17.170944446826496,17.220094446826497
10.727090106432419,97.13522122085269,728.1142099817516,15.782532645226759,15.831682645226758
257.7358794185731,97.42250920377977,1356.9430813329873,15.106627334899034,15.155777334899033
455.0454128236844,97.19987646354996,1116.0108565578046,15.31886036384546,15.368010363845459
33.51704129542821,98.46525722644263,552.0655030497834,16.083054886940033,16.132204886940034
139.0357498098801,98.16982463175651,1045.0828429826374,15.390154617371511,15.43930461737151
248.4268930100727,99.53314678045577,2056.5516716159,14.655182347970097,14.704332347970096
63.809453206290385,100.45600338641611,871.8117009059868,15.586974678579102,15.636124678579101
704.1879334059103,99.53814781875003,3474.4199687973887,14.085825631409215,14.134975631409214
527.9655988957766,102.26252792937139,2712.374681120296,14.354657208028843,14.403807208028843
471.36026931786546,101.58768087654408,988.2206959784064,15.450896550111636,15.500046550111636
158.9927715483159,103.92550788978494,1814.1737814283763,14.791334196953256,14.840484196953255
556.7232897732644,104.05386867957704,2553.880855503033,14.420029831072274,14.469179831072273
1011.3794052805545,104.88972686422164,1870.6550101990838,14.758047158797748,14.807197158797747
48.01875757774693,105.79277226826552,3963.48450933817,13.942838499545608,13.991988499545608
354.5091055047924,105.06167141868296,1902.9556276677652,14.739459758181647,14.788609758181646
823.0440870069957,104.56070239773419,2058.3298221037276,14.654243996532635,14.703393996532634
286.18300549838415,105.82555327769113,817.2995692642801,15.657078237357476,15.706228237357475
241.07567342819576,110.65702086491166,10742.636634674667,12.860254197083202,12.909404197083202
566.1184941441231,110.8634899179484,17314.30297842822,12.342018880315276,12.391168880315275
183.21223482944572,109.51065985635397,1293.010489524282,15.159026292194515,15.208176292194514
1023.9200449919033,109.51649187725519,4290.760366774908,13.856695761335981,13.90584576133598
1075.6648759149368,109.12748459106024,-596.2709301112634,,
850.8419653564777,113.96021776166967,1968.837747090603,14.702506594481578,14.751656594481577
1020.3937925680642,121.29376084970252,78895.15149427268,10.695405626349038,10.744555626349037
287.61342204814224,121.08673948608244,70683.69789192663,10.814733257443534,10.863883257443533
627.5735024412146,115.09309485440676,613.7146966362737,15.968115103782111,16.017265103782112
949.7056173325809,114.75667748714199,1379.5105237064924,15.088718867751432,15.13786886775143
125.23218623666321,115.29439322119018,2.67320477597427,21.870450841528623,21.919600841528624
378.6194085056832,118.07202774135664,852.6331475907574,15.61112588097237,15.66027588097237
428.8975030920794,117.11246640302944,1151.06767448606,15.285279268029246,15.334429268029245
742.3179751967965,116.40485181761206,234.5980275758713,17.01222052147733,17.061370521477333
1000.2556641247363,117.64695302940827,892.2852154075358,15.56177216978359,15.610922169783588
673.8778692405565,118.5945006665406,452.95687713466043,16.2978892678666,16.347039267866602
169.96861036508685,122.06457084204337,2777.125973369661,14.329042461812008,14.378192461812008
219.59524688970507,121.63541638486558,2913.684513718648,14.27692509822733,14.32607509822733
753.7118875625198,123.80148836791227,2364.47655124399,14.503693883871698,14.552843883871697
1044.8600544674982,123.62824558041457,537.4085905724955,16.11226990137748,16.16141990137748
593.9825271889204,125.72276869195997,699.4370162156288,15.826159880714902,15.875309880714902
11.036521565604847,128.16566169581859,4300.325538533966,13.854278079173499,13.903428079173498
224.28748500920332,127.62342964263131,4053.393480999914,13.918484500716136,13.967634500716136
486.06804748965334,127.49929781671314,1305.8532000303524,15.148295518338186,15.197445518338185
671.3486706856177,127.3963841034382,1352.5027368614833,15.110186030952704,15.159336030952703
691.8657777452586,127.44129410727884,1554.3234364205373,14.959177923843988,15.008327923843988
169.58249400403437,131.1552548912896,4997.185898473586,13.691217648015868,13.740367648015868
903.6334906750363,131.74172717390752,1206.1693893371444,15.234510656019605,15.283660656019604
182.1539033049677,129.99088022698876,1751.6449840606438,14.82941618795609,14.878566187956089
393.75287455099794,131.54377270503264,5217.253713810814,13.644426520262677,13.693576520262676
528.5777555088252,130.4084350679182,438.4761131040494,16.333166564312712,16.382316564312713
1071.876034633089,149.92595539279787,168526.9125661081,9.871358251124645,9.920508251124645
984.8713811915324,132.07393244281283,599.5334572557645,15.993497852132522,16.04264785213252
592.849592185877,137.7751049564715,5969.058289515346,13.498266862649464,13.547416862649463
97.49277160503262,141.30442883374567,5260.912222641942,13.635378773112553,13.684528773112552
1000.6413565357834,137.14069354671446,950.4930627199543,15.4931590337813,15.542309033781299
257.09428268871994,140.85756944316495,8672.34843635892,13.092689616032558,13.141839616032557
667.0524763977611,139.14524468872952,216.55408320658967,17.099115470134972,17.148265470134973
764.0375019365293,139.6678417898017,1271.5032687766832,15.177237709956415,15.226387709956414
58.662650834844065,140.03815801475633,765.3418536871754,15.72839275264197,15.777542752641969
796.7205899149259,140.01486813822285,856.5766485638879,15.60611583552685,15.65526583552685
809.1914627022054,144.00181515632923,3133.881563343561,14.19782496383047,14.24697496383047
1027.2214348712848,143.60165231396414,12744.13719314314,12.674755317237246,12.723905317237245
23.28423248500646,141.21703416051957,1395.445309256425,15.076249362075394,15.125399362075393
565.5715659445187,142.2853773312038,559.358009957507,16.068806758645856,16.117956758645857
827.9575783809034,144.40996688897584,4775.0103980879285,13.740595608339715,13.789745608339715
1040.3641325252297,149.60435797114468,74827.36281930731,10.7528803138954,10.802030313895399
447.6908860818509,144.12389033177772,1013.4740132720391,15.423499869137109,15.472649869137108
510.6971741028964,172.4189771570335,4820375.811034124,6.230329166281066,6.279479166281066
17.766653387056245,148.19686002293156,2244.8581837223633,14.560059137040595,14.609209137040594
474.9956493539089,151.45244663155717,15218.895515846532,12.482073573866538,12.531223573866537
71.0361711686822,151.97450654717946,5098.705820776373,13.669381524270978,13.718531524270977
369.5441703050959,158.05187344244757,109285.20383825374,10.341627995824458,10.390777995824457
454.6892286496414,150.72080161158937,2371.467454772992,14.500488490155558,14.549638490155557
354.54540327802664,151.03679927582417,1020.6647384993153,15.41582363443397,15.464973634433969
951.3284179817286,152.5048906723465,3105.769287367597,14.20760843507976,14.256758435079758
571.205743265308,157.18097929940654,44774.44296443611,11.310455933624478,11.359605933624477
773.3764254080628,162.19358272676112,8644.58431474636,13.09617112610027,13.145321126100269
678.8606200383242,159.07603313543822,9165.944045936472,13.032588408097233,13.081738408097232
703.8116569650699,156.8063578795753,413.2101982351949,16.397603833482215,16.446753833482216
106.63191572174522,156.82184747784925,1492.6836351284412,15.003111983684974,15.052261983684973
825.0453736354868,158.57674034899867,2195.661990513793,14.5841177029574,14.633267702957399
867.0754462388078,163.34931487548397,5826.76321491489,13.524462987928846,13.573612987928845
249.43457323326714,162.24720097975447,4343.241601950836,13.843496441000724,13.892646441000723
1040.915951010482,162.48308380049488,3243.735458505722,14.160417841752276,14.209567841752275
267.45211239622677,163.30908191744163,1356.59466040067,15.106906154107605,15.156056154107604
322.1785034296775,165.311135849856,2242.6901897000707,14.561108204187713,14.610258204187712
464.1442235348517,177.21060603283087,78578.15117487063,10.699776896688473,10.748926896688472
727.839844876389,166.02640870289468,2598.011036750077,14.401428933220068,14.450578933220067
757.8495092622076,165.62768017837277,4160.521485348152,13.890161989716917,13.939311989716916
296.34775877668073,165.3840656205461,120.45520511662588,17.735967483707302,17.785117483707303
340.0389734190999,168.1410629586409,3586.7658910711857,14.051273834663832,14.10042383466383
636.758696703948,167.29769616962835,2949.221019547098,14.263763111134196,14.312913111134195
671.0836031442279,167.91797472774886,2147.076378119238,14.6084126776884,14.657562677688398
739.8918160272755,165.90230133450575,1453.7951691317667,15.03177335896961,15.08092335896961
447.46473509610246,170.34779480318232,10495.18559192798,12.885556105332187,12.934706105332186
166.96870334193727,168.57950798240327,2408.002586917771,14.483889039574846,14.533039039574845
1017.509959179275,170.1243041677835,1763.3131251487796,14.82220781200279,14.871357812002788
1001.553978350026,181.10669046234526,28761.810207575138,11.790990872075902,11.840140872075901
26.37548411710042,172.3271059323361,3850.6679171711753,13.974191246088939,14.023341246088938
1034.7243073400696,172.46604971033508,756.9248656068511,15.740399481436803,15.789549481436802
630.0665820067093,175.3274108174143,10080.056910572119,12.92937395224287,12.978523952242869
128.95215341716045,179.06113889753595,39002.10892074555,11.460311185400872,11.509461185400871
409.4717218250763,174.3339726615328,161.49189496296972,17.41765458589007,17.46680458589007
169.22806882538103,180.83978843842814,66907.52128662867,10.874344060116867,10.923494060116866
887.5445968002178,177.8578013859803,2791.8649811114624,14.323295384173505,14.372445384173504
817.5077567535324,178.41628441151957,2720.787186752524,14.351294978277936,14.400444978277935
833.0277529680286,178.0857735308266,1278.1884428828155,15.17154419637449,15.22069419637449
154.632831163407,180.70025696433558,3346.186472078589,14.126656064650668,14.175806064650667
721.7576664884908,180.31643656379728,2162.648152642957,14.600566740981488,14.649716740981487
237.26749174993085,182.9818107130531,12241.321217383327,12.718460677062335,12.767610677062335
782.0972172857377,180.17052045712603,275.31044083945176,16.838474707855603,16.887624707855604
253.38778576800394,182.45321289066456,1183.2052592157993,15.255381183987105,15.304531183987104
639.1676783787788,187.13098480304515,64285.62504678766,10.917746735221684,10.966896735221683
36.13675265104662,182.25584512012256,670.2474451059143,15.872443494483388,15.921593494483387
430.8808152644006,187.02662797631692,49768.83404243796,11.19563774633433,11.24478774633433
912.8420971291495,183.1800501608524,1071.4739351625412,15.363077385464342,15.412227385464341
981.8300089884953,186.42399429826781,4325.7757417908115,13.847871410303409,13.897021410303408
614.1745402999187,188.31871313716638,23676.295252427415,12.002247044568284,12.051397044568283
27.763302450447956,187.56902664166597,1793.2764902219178,14.803913275099603,14.853063275099602
93.06432493510626,186.5544459377616,946.9988848188755,15.497157743495169,15.546307743495168
381.07162586896845,186.29276201255993,195.60062645129526,17.209605809018257,17.258755809018258
967.4039262351515,189.24878450447682,8085.486708282084,13.168765993658992,13.217915993658991
74.91868021401393,188.84697609442296,1270.416463701139,15.178166129272618,15.227316129272618
324.349443552509,187.8614556700622,1375.1437017539943,15.0921612022712,15.141311202271199
578.5913846435793,192.9099739316314,31904.8146987182,11.678390845924106,11.727540845924105
733.6168479055307,190.7133009569716,1309.0233386515374,15.145662938244625,15.194812938244624
18.439455943446127,193.29630904353513,3137.7885829416773,14.196472216291081,14.24562221629108
304.80421266589826,196.01717643504458,3552.3109264492095,14.06175398327016,14.110903983270159
321.0389564220784,191.99872765429717,1252.265314932575,15.193790533143776,15.242940533143775
624.4034136403025,194.03626502433463,2464.729173934537,14.458608398269002,14.507758398269
2.531836757465256,196.8273269979432,2520.471274530836,14.4343270319289,14.4834770319289
918.8037130438299,193.7596818710656,417.2816401724651,16.38695822054032,16.43610822054032
234.69355615465759,197.59090887430474,4824.294174422537,13.729446956887756,13.778596956887755
631.2100200152014,195.7585813382252,5923.0263265985495,13.506672254965869,13.555822254965868
488.6635244117765,201.51985265155426,12352.683904642992,12.708628091667928,12.757778091667927
561.4196361764979,196.2539097773657,903.5137948384763,15.548194443069498,15.597344443069497
136.40256675064128,202.4735487812258,5507.547126157029,13.585635857584384,13.634785857584383
437.05335874583216,199.69386707033465,1432.7168356951393,15.047630501782841,15.09678050178284
745.972254957949,201.6639652032505,1278.4922393309841,15.171286172127271,15.22043617212727
185.42581724300797,200.31723184729628,339.50784617504104,16.61090687377608,16.66005687377608
602.4668763296085,205.59667565669872,6913.978398618194,13.338711366597106,13.387861366597106
880.6033033413561,201.86474735882592,1010.3395529075868,15.426863024595772,15.47601302459577
860.1115486476657,205.47670690243677,14660.707203906322,12.522644111624803,12.571794111624802
983.5690013608668,204.54017441951692,6875.993303269704,13.344692799838697,13.393842799838696
416.07643374271294,203.56349324005924,1631.2452303174407,14.906733275376498,14.955883275376497
1073.4916037094922,203.5771852429646,600.6130146726946,15.99154456573586,16.04069456573586
352.86041724461234,204.84513249069417,1845.8233672714973,14.772556063313342,14.821706063313341
807.10722910039,204.84112583747185,1607.0185808488689,14.92297916684584,14.97212916684584
401.5325012606902,205.7147566558246,73.16448875662746,18.277280556765895,18.326430556765896
469.95965077970527,206.09584712267826,241.47402043934898,16.980855379973683,17.030005379973684
515.5351324382395,208.84924434462255,1876.4916870080401,14.754664800452,14.803814800451999
202.09930238508963,207.16327081563884,942.8128359363982,15.501967695946995,15.551117695946994
454.1847053618819,213.16934176632168,9278.542790174546,13.019331975099687,13.068481975099687
731.1868580775397,209.94362243772707,4878.584030899192,13.717296937767777,13.766446937767777
1049.70344777107,209.3733461009117,460.6529909410738,16.27959667417739,16.328746674177392
52.55718642953186,209.91081976640507,920.8188375147529,15.527595924377753,15.576745924377752
122.74408535713397,208.28879175426422,1362.3259612547947,15.102328830294088,15.151478830294087
91.8325633739918,213.07474743732286,4638.813351292943,13.77201416628352,13.82116416628352
381.2415025126347,212.46088953499859,780.5763259741873,15.706992973775204,15.756142973775203
817.7038202609092,212.60322590303971,1701.6677844003084,14.86084447002675,14.90999447002675
60.62901895605513,214.92507399647076,691.6246786630174,15.838355208836818,15.887505208836817
502.41630280942763,214.71754330103403,2050.0071310213866,14.658642983029356,14.707792983029355
15.965029999999347,215.19290987843567,1269.0837658483326,15.17930569084839,15.228455690848389
907.5739060803388,215.78583908432492,1200.378663531134,15.239735744117233,15.288885744117232
925.6422726030901,219.98708621214027,33859.25210674198,11.613838009814542,11.66298800981454
124.48141463877651,216.8066028350998,2576.5980623515393,14.410414722799384,14.459564722799383
418.48058246578336,219.28661696670972,11502.066108929994,12.786091763929583,12.835241763929583
805.4985950370587,216.83460267260523,1221.6671055958773,15.220649211711837,15.269799211711836
24.920748332553345,219.43370000240353,1380.0093676195409,15.08832632634992,15.137476326349919
212.19847846271512,221.48673974413322,4281.618722323306,13.859011435435654,13.908161435435654
386.60078697937723,220.77572936368048,900.2250471623574,15.552153681839513,15.601303681839513
52.28450921082121,221.85138667043918,838.5301004138122,15.629234770109267,15.678384770109266
149.82240923904928,222.572822765322,804.5129620597857,15.674198798177855,15.723348798177854
547.69826857065,223.75962825800255,3449.5988948070535,14.093609912371447,14.142759912371446
632.795724862927,223.0877041205047,2107.70707882815,14.62850577712952,14.67765577712952
201.2134209020232,226.51283125618954,2886.706753858697,14.287024741668848,14.336174741668847
309.48376414984085,225.07940436104786,1046.499721081475,15.388683620135845,15.437833620135844
573.172516015604,227.12548382054837,6528.442343732357,13.401007480016204,13.450157480016204
971.6932890925107,229.7151538912949,50446.54349413967,11.180952876145525,11.230102876145525
39.26142963708032,226.39050151836886,1538.8161320479767,14.97006458607689,15.01921458607689
351.8129439408037,227.71940498817807,2730.718801795604,14.347338960995234,14.396488960995233
910.4559763573415,227.9312252005478,1506.4891279660358,14.993116407938265,15.042266407938264
945.2672150971466,228.1044449027941,1820.5945775505909,14.787498300204922,14.83664830020492
864.9796361191724,228.81968097975997,2181.7316072232716,14.591028103955146,14.640178103955146
1074.5904727452307,232.73745056991217,7171.292752807965,13.299037782411151,13.34818778241115
366.556183169128,239.07771922302365,333389.9272278559,9.130650226771861,9.17980022677186
655.1534236623281,230.84304967495862,1418.3476934387095,15.058574645568598,15.107724645568597
613.4826740711811,230.35293364717464,2826.2339462665464,14.310011141305578,14.359161141305577
412.7527869354872,232.27046516720299,6012.702344942834,13.490357150192125,13.539507150192124
674.5953450955287,230.86353095456934,564.3441805481804,16.059171284923174,16.108321284923175
1056.148110270975,233.23324062879988,1619.409209004662,14.914639900882712,14.96378990088271
1005.7113065223859,232.82452485664962,1799.983160728254,14.799860306961968,14.849010306961967
776.946363048182,233.15593086810168,400.36796955789976,16.431883098574545,16.481033098574546
382.6036044652997,236.49283006018123,6261.1360101148575,13.446398567374176,13.495548567374176
472.50881920997585,233.5874887696952,931.8699347398947,15.5146431620515,15.5637931620515
73.8937304788573,235.2549092547704,1227.3705570455577,15.21559216010293,15.264742160102928
261.38627134884564,234.57056457320044,933.0837511487173,15.513229845874212,15.562379845874212
902.1183852350721,236.41124867589465,2500.54542606248,14.442944541073155,14.492094541073154
274.85329198701106,239.20997325205593,5671.4284706303315,13.553800264871244,13.602950264871243
174.8182894765184,242.87124742307338,70405.07636160105,10.819021477789128,10.868171477789128
909.8254822255788,241.39622330827916,5047.545500388836,13.680330806147026,13.729480806147025
561.5599921799732,239.40544678225194,-71.95109036708067,,
636.3715790031717,249.8995355593176,9580.08070647943,12.984608493030253,13.033758493030252
1040.9088397282162,243.5235403627102,2326.7727823679784,14.521146475052538,14.570296475052537
458.253355952288,245.2212823216269,1017.5726006516609,15.419117901026352,15.468267901026351
809.1275431362687,246.15538735673275,3951.9753250887616,13.945995851637422,13.995145851637421
44.604053912015274,249.27292960967063,16721.532993680354,12.379841187198533,12.428991187198532
715.6778373675061,246.34569602038886,327.4039771375242,16.65032153570374,16.69947153570374
338.16472288284285,251.2122525117164,17584.489891278754,12.325206976494627,12.374356976494626
479.5117759037225,250.34825335947056,3243.4340516725333,14.160518732691191,14.20966873269119
829.8778492786487,249.79480888673586,1586.8816338690417,14.93667007803375,14.985820078033749
1006.6175953405293,252.33519151378712,6196.6594107754645,13.457637346142818,13.506787346142817
267.8992362765949,253.47515603895238,8710.68605789081,13.087900508445665,13.137050508445665
198.38589440324594,253.89201131805584,10835.275143212677,12.850931552549792,12.900081552549791
88.76301774296152,254.95942370156345,10694.46468266409,12.86513378594295,12.91428378594295
602.0032432963361,256.2329598148398,6555.632819318003,13.396494860530602,13.445644860530601
1072.9068633561455,254.83537073860248,1349.8225386449367,15.112339723715145,15.161489723715144
17.46684443398037,256.4032053775963,649.6230392047366,15.906377865005547,15.955527865005546
63.73860262248165,256.78683145353426,881.6000140648298,15.574852441355768,15.624002441355767
143.71792996128517,256.1479634293591,897.5471131061834,15.555388276493355,15.604538276493354
308.46015355900914,256.6933953090796,876.3314027932561,15.58136047583178,15.630510475831779
779.9564055334948,258.7950293652555,1769.677903558237,14.818295841791572,14.867445841791572
523.8084588634061,260.28357837473806,6034.533405925396,13.486422172952167,13.535572172952167
360.1594329451915,263.101739749718,4669.05865586055,13.764958087784215,13.814108087784215
704.4020884744673,259.2182955395836,1177.7746355984946,15.260375919509531,15.30952591950953
940.5727069237987,259.910638023177,366.1857121813057,16.52877792491548,16.577927924915482
386.3429448670114,262.50183045471823,2098.7209837851506,14.633144650503453,14.682294650503453
206.4742962489925,262.30534335679783,1352.3617624236647,15.110299205606196,15.159449205606196
797.3222191706287,263.4156542114356,744.7768989765447,15.757965918676812,15.80711591867681
128.28403649631215,267.2471894131547,2789.4194725310845,14.324246841637011,14.37339684163701
338.4356306917345,264.6676894092631,2493.5048252979987,14.446005879999632,14.495155879999631
683.6503191548832,264.14970261932035,3801.587521946068,13.988118928769483,14.037268928769482
49.89748823411187,263.33059493591855,877.9900004612368,15.579307488197404,15.628457488197403
101.25388969240163,264.425935663175,573.8894015221158,16.040960901559195,16.090110901559196
218.88655839823002,266.0463846572229,2220.461692421607,14.571923199716531,14.62107319971653
11.96005463104342,268.4816412901704,4724.844486798191,13.752062615591013,13.801212615591012
609.7451500963593,265.80065386305205,539.0680860927379,16.10892235872404,16.15807235872404
629.4359527180792,271.3128109774186,5605.667560925701,13.566463065586134,13.615613065586134
445.3479464245419,269.5835418612264,738.614558872808,15.76698675294134,15.81613675294134
544.0216553247375,273.120513098732,4379.1791372281505,13.834549634806308,13.883699634806307
584.3213254774972,273.49458813165137,2538.10610672173,14.42675697738747,14.475906977387469
194.87272788885434,273.7212416820196,2175.9045126699925,14.593931830251691,14.64308183025169
672.2021585898699,275.1558687847475,5052.658548876274,13.679231536804222,13.728381536804221
983.6370395929077,276.67708611513535,2171.8674706573993,14.595948110751076,14.645098110751075
252.29100249817324,274.99016198502494,456.9923858108488,16.28825900214004,16.337409002140042
423.1870490468608,278.9756460158807,11671.158385850202,12.770246505491722,12.81939650549172
487.0914326254923,276.15319085659337,960.5428030865309,15.481739606500472,15.530889606500471
526.9324653056793,277.6300299945082,3724.0383402166035,14.010496053599509,14.059646053599508
1004.9154889279038,276.2042484158307,650.8697613900529,15.90429617439116,15.953446174391159
105.51503758896177,277.168835296055,2041.3623558582792,14.663231157905509,14.712381157905508
610.8187014830046,277.2733841887801,1110.5512620460975,15.324184887473274,15.373334887473273
647.2221034870216,277.8745499360572,2165.240125660258,14.599266245634965,14.648416245634964
313.8795668770239,278.9294485911456,1211.5427924595288,15.229684516694437,15.278834516694436
688.2285796616802,287.4709696881204,368563.9894630972,9.021749161890188,9.070899161890187
777.4663392176632,282.18818226690513,5366.5019359250255,13.613803186534206,13.662953186534205
219.2565118649543,283.9701831702344,3295.152888107119,14.143342488095081,14.19249248809508
339.7014697324711,280.5736872827078,1252.24762786262,15.19380586825495,15.242955868254949
136.84340790514696,295.5600045088622,516838.9384586863,8.654643347924571,8.70379334792457
743.2192346328652,281.7143909965972,127.78959874773167,17.67179264624543,17.72094264624543
1052.416869896931,285.2589148271946,9455.816605198912,12.998783811165657,13.047933811165656
11.518705499980591,283.77323983007176,2251.5294045588944,14.556837354591991,14.60598735459199
497.05752949187615,284.1954595540317,2006.2690243246802,14.682058492597536,14.731208492597535
377.148742199168,286.03542209444316,3238.0055590011693,14.16233743741198,14.211487437411979
647.3290865305711,284.40615322632834,1748.1235228414187,14.831601120600713,14.880751120600712
511.8387345561139,286.52590653940644,1466.409794623643,15.022393030554946,15.071543030554945
881.1767496745497,287.7928781419708,2111.9079325271555,14.626343958837339,14.675493958837338
1039.2175203632528,287.55700764608144,-16.2417236661189,,
632.6229442632238,289.6500975758378,1807.0556418853334,14.795602599124358,14.844752599124357
669.5220224777139,290.28197805115093,5413.553639435388,13.604325301740754,13.653475301740754
762.0936394532905,292.54576039890145,16380.766385852216,12.402195870753669,12.451345870753668
953.3470962904478,291.0088215560337,1147.9622521479978,15.288212393409664,15.337362393409663
180.46672724587307,291.30218923746975,694.2899945648886,15.834179145771337,15.883329145771336
789.5447858457683,292.8810044852277,2466.715109313149,14.457733927451294,14.506883927451293
530.0862792904109,292.0824443980134,481.32314518396504,16.231939547656935,16.281089547656936
558.8804928714915,297.1748195606994,131242.4026520422,10.142845981428644,10.191995981428644
0.8740538141583104,299.77948310648503,9361.250263147998,13.009696772939794,13.058846772939793
284.55993132776007,294.02072353999455,272.2749452161836,16.850512214118588,16.89966221411859
848.6914729020168,297.06857365431483,9123.561617814314,13.037620388717343,13.086770388717342
1021.8962775334721,294.43698865248723,415.33852351203893,16.392025875709834,16.441175875709835
269.49761452333826,294.5303026585533,511.2766770028886,16.16639145771795,16.21554145771795
583.8798986002396,298.1412199918921,1104.7217816186053,15.329899119931262,15.379049119931262
877.1988179798793,298.8759422649343,613.8304890046803,15.967910272272107,16.017060272272108
450.4306381172388,301.07112561056243,2351.3683451823445,14.509729744196484,14.558879744196483
610.9536899239528,300.3867936875757,788.4848082672872,15.696048086956615,15.745198086956615
973.8131541751803,301.5337488166772,2828.3316579117545,14.309205575769955,14.358355575769954
540.5656293695818,303.7507608688713,1186.7848122880173,15.252101462802312,15.30125146280231
824.8227461109352,303.89785859027535,1170.4093876167615,15.267186921148248,15.316336921148247
474.3025080629962,305.51173869282593,1189.6324987158514,15.24949936280911,15.298649362809108
342.3967844222859,306.6163638848716,1467.4039885808102,15.021657174433916,15.070807174433915
356.85962609935723,308.7822488467227,5481.871555085758,13.59070927386285,13.639859273862848
651.7388951139546,306.59706389336566,1783.3525588847476,14.809938389277907,14.859088389277906
408.774616362381,309.9423825651905,6657.817331468532,13.379701724004004,13.428851724004003
435.32284670820474,307.75192288608037,2969.6952729884733,14.256251693235463,14.305401693235462
630.4062272081426,307.5834610686944,236.38436832193548,17.003984527354884,17.053134527354885
230.94540160427934,311.49337395551146,14531.352759583377,12.532266298126915,12.581416298126914
110.16561321647393,310.7521120641422,1060.82250565204,15.373924600347252,15.42307460034725
836.3728746041415,311.82715619009053,6020.14259057693,13.489014467704315,13.538164467704314
476.6414836478924,314.74412149819585,2541.785282064803,14.425184260860139,14.474334260860138
551.842584394064,315.7483801462423,8568.05128796512,13.105826268700145,13.154976268700144
657.4979930306214,318.25796445706976,7632.9475129856855,13.231300722396936,13.280450722396935
699.5568719924707,313.39578314070747,598.3192710947565,15.995698934610555,16.044848934610556
738.1230878373244,316.7220171581656,45828.99263634729,11.285180634558508,11.334330634558507
887.7159414133075,313.48644212310364,1883.4712775677306,14.750633908158328,14.799783908158327
1015.6635522818275,313.2370980376129,1055.652738351983,15.379228715958348,15.428378715958347
326.91236695602464,315.3669297680967,1695.4805503064176,14.864799382105387,14.913949382105386
588.4091744060361,314.9103750896902,741.1806321753917,15.763221256880634,15.812371256880633
938.9549126404535,314.75579570409013,534.7918943790683,16.11756937190443,16.16671937190443
965.0907648205715,315.65861062697104,1201.3873976775606,15.238823732522233,15.287973732522232
780.9821988671106,317.28243914469874,796.0086095247739,15.685736999858467,15.734886999858466
289.1160907529413,318.4497179883146,1718.8427043190154,14.849941074673012,14.899091074673011
410.13812260626145,317.81593612475433,4632.503620291134,13.773491993968545,13.822641993968544
141.52235357617806,318.0188355573114,865.0727165942077,15.59539987474333,15.64454987474333
808.7476340258639,319.5387961125724,2256.3117034147654,14.554533672260085,14.603683672260084
198.94274668891788,321.6109611393296,948.5840933571025,15.495341818027306,15.544491818027305
426.7036301685364,322.83886794836604,9006.159449644412,13.051682333281141,13.10083233328114
93.86000426671909,322.55912526955683,681.4572284316058,15.854434905963632,15.903584905963632
527.4442660687795,325.4543124171581,5032.079992780558,13.683662571741566,13.732812571741565
261.8227093253591,324.18490903075786,2297.8575064144125,14.53472367760669,14.58387367760669
478.67877284522945,323.93901112878603,2377.7621202661385,14.497610402197605,14.546760402197604
54.238221708357564,324.2318446892956,1702.5308210297471,14.86029395565124,14.90944395565124
406.0959021284412,325.93637251300976,2177.668851863634,14.593051814281138,14.642201814281137
415.01985719333896,325.15703031833687,2334.843717052111,14.517386871597461,14.56653687159746
545.0107672741418,324.4518064007267,1106.7192993370659,15.327937703988436,15.377087703988435
4.220300866226734,328.62937977025996,2344.6952372691585,14.512815409289823,14.561965409289822
439.18815701677147,325.3506043063919,358.43073058940126,16.55201831877956,16.60116831877956
747.3927400866542,331.55197916739263,11083.072895459012,12.826380938244338,12.875530938244337
919.4571727190781,329.52024488397285,652.2438453145367,15.902006438161791,15.95115643816179
656.730543346149,333.60821976511284,1399.1424801833946,15.0733765557977,15.1225265557977
948.1088000205456,332.55829433969103,1073.788325383624,15.36073471783245,15.40988471783245
772.602806603835,332.8159900676434,631.6251176380829,15.93688293211611,15.986032932116109
142.59811394557386,335.10117133929134,2301.171656341512,14.533158872053447,14.582308872053446
455.4918001938826,336.2117302941893,589.4763383528064,16.011865469568793,16.061015469568794
86.00419277324649,337.36974866159017,1125.796543726231,15.309381634916775,15.358531634916774
152.88644937585943,338.45963335789367,4525.32010697215,13.798908149298217,13.848058149298216
1057.62205467994,336.53392513126647,83.98844137049996,18.127482607839955,18.176632607839956
934.5116218781393,339.60464870162633,897.4190383808332,15.555543215756526,15.604693215756525
51.93055746201605,340.91400485016356,651.0669057141902,15.903967361573576,15.953117361573575
200.39344700620185,340.92354258899275,1188.9548124192997,15.2501180397558,15.299268039755798
313.6176926844738,339.83425212902745,953.6188828745841,15.489594307276676,15.538744307276675
261.86612060247296,341.88993609650373,1337.6162564333317,15.122202566866125,15.171352566866124
343.89904385581286,345.8374545781998,11934.560692613219,12.746015318958829,12.795165318958828
554.9803282360456,343.38466185852405,733.182358008343,15.77500139662503,15.824151396625028
379.7766001444539,345.58691355722056,865.5153632914345,15.594844459435478,15.643994459435477
726.2911160591017,348.091170516803,2360.482324882777,14.50552953041046,14.554679530410459
35.55495342084633,350.15399651723226,561.717006546851,16.064237480503962,16.113387480503963
87.12702658732603,355.4189794353007,23226.204330175842,12.023085806494008,12.072235806494007
126.37870724617247,348.9529694519543,999.9638174951433,15.438070697812838,15.487220697812837
453.1969534651451,349.67927371989464,3565.36842783661,14.057770376479702,14.106920376479701
739.009569864286,349.02252860801417,412.13867698414475,16.400422980887612,16.449572980887613
307.6828798260186,349.7830734127781,428.55343940036914,16.358018950126322,16.407168950126323
901.2610302751718,351.11330283506527,799.5247606171272,15.680951617372706,15.730101617372705
1002.1290839203181,351.0261740462106,1450.0384269008773,15.034582633807663,15.083732633807662
1038.104199976664,355.22886033557575,1611.9564647857474,14.919648141600598,14.968798141600598
250.13592507271613,352.1062980886038,1076.3013839899,15.358196665634793,15.407346665634792
432.3399210517516,352.3365124487939,1174.5117945288139,15.263387956569613,15.312537956569612
99.08204439722208,354.9268537332105,6855.5289166812145,13.347928994853532,13.397078994853532
370.188469515314,354.88723911126897,4400.766428496307,13.829210615162788,13.878360615162787
476.72588455153044,352.33605108331665,435.28471969603044,16.341097857740415,16.390247857740416
348.4453251829236,354.49804556538425,3113.834958243582,14.204792437325247,14.253942437325247
210.4666805116355,358.03964681685807,11102.950693669845,12.824435384470213,12.873585384470212
383.9621031579186,356.8885294865349,997.438679659587,15.440815898176371,15.48996589817637
585.4127503515516,356.6639439782688,482.3413388766364,16.22964520105549,16.27879520105549
704.8650445588613,362.56441387904465,35406.665787238926,11.565318833505394,11.614468833505393
801.8020793951785,358.26520935963697,1849.026845093489,14.77067337117478,14.81982337117478
1015.2415273025753,361.94379997354815,7079.288725926074,13.313057349409693,13.362207349409692
183.95016953174044,358.4683083844444,1627.9327100048117,14.908940288639766,14.958090288639765
51.560323306322225,358.84178156450633,635.5896971745119,15.930089290606851,15.97923929060685
999.5513735203547,360.7816794890075,2707.08978583427,14.356774761895739,14.405924761895738
141.1239562708864,360.48875279615663,560.1991798979712,16.067175240687067,16.11632524068707
693.4801713053025,364.31347359412774,4319.483000293993,13.849451989596805,13.898601989596804
674.8507035598445,365.03652505320395,30552.756920153974,11.725405400452832,11.774555400452831
531.816030609111,363.8891702320251,1023.7635419486437,15.412532263731352,15.461682263731351
633.8947162159448,364.20384510446763,3809.384487909315,13.98589438998941,14.035044389989409
490.02658464283786,365.5414248231322,1504.9940620571788,14.994194446377584,15.043344446377583
10.99172395782197,371.97023702466817,129440.55138115482,10.157855526828596,10.207005526828596
383.735563104782,366.3058586470802,1581.162278491302,14.940590300176833,14.989740300176832
979.2453618342075,370.66104434468974,2065.253239505766,14.650598132299919,14.699748132299918
563.3973654185667,374.0799917143794,5556.8559945222505,13.57595855688532,13.62510855688532
958.6437607516564,371.06206425358505,359.1296083407452,16.54990338272164,16.599053382721642
780.2721409306226,372.1678868474812,2829.7288447598676,14.308669357970258,14.357819357970257
196.31308838811853,373.1450274367509,1670.729833505883,14.880765843224339,14.929915843224338
271.22439930288533,371.9323829207795,437.5154848581856,16.33554784122533,16.384697841225332
419.0547070119701,377.92033394931116,12651.466195995268,12.682679263898017,12.731829263898016
75.16714028775779,379.1660620616235,12615.822730385722,12.685742467620276,12.734892467620275
342.0836823314865,375.0593870769919,850.1886833921294,15.614243112683312,15.66339311268331
167.92022887826278,377.47951909228357,2069.247613938508,14.648500254737424,14.697650254737423
433.52365060375433,376.5780485477604,533.0106346614027,16.121191726987643,16.170341726987644
784.0744216047345,381.00832769724934,2643.745267727652,14.382482394101874,14.431632394101873
259.5025528697039,378.4504968809967,1276.6310244394922,15.172867926540917,15.222017926540916
721.3445614406793,382.5792926135426,5821.844077975214,13.525379987747755,13.574529987747754
1020.8425381719616,379.60962013053455,695.0945855734947,15.832921648461799,15.882071648461798
406.622445973268,381.62592003794936,8659.974812102686,13.09423984030761,13.14338984030761
586.3414422335951,380.7785297034653,4216.998520055273,13.875522790945698,13.924672790945698
633.3753590156704,380.73000797894787,1660.499702569594,14.887434407088763,14.936584407088763
996.6359694142384,381.60890265462245,3958.287846389584,13.944262980245934,13.993412980245933
932.6889352318377,383.1243810707073,6178.7117559653125,13.460786574075817,13.509936574075816
255.67273114730372,382.4187186181812,3292.2081075829838,14.144313212196945,14.193463212196944
666.9744551926792,381.84163164742665,651.4095885438312,15.903396045062122,15.952546045062121
285.909514072975,382.7054053056931,1167.0367495532387,15.27032008236555,15.31947008236555
854.2853100673066,384.6890954963913,1437.223245585954,15.044220830323148,15.093370830323147
426.22101270110846,388.7702417881895,48340.162350515864,11.227261150814556,11.276411150814555
984.3180644557314,387.1244483255991,13721.22743190995,12.59454900518196,12.64369900518196
599.3980152161805,388.01076134069075,2249.2300324977214,14.557946728130897,14.607096728130896
798.912559076953,390.2562244863892,29975.686809143815,11.746108556121634,11.795258556121633
1030.2411327892976,385.31167774629967,595.8817771904866,16.000131151547116,16.049281151547117
85.13446781289838,386.7019231385556,526.9062231756159,16.133698092543064,16.182848092543065
134.88026640940936,386.3804479646455,512.1385864740342,16.164562666272886,16.213712666272887
257.3219814924879,388.6048432817545,3313.3078544946256,14.13737693736838,14.186526937368379
264.91518009762126,389.01648783444057,2634.319209888725,14.386360415368067,14.435510415368066
566.1418031224438,393.46180805391117,2222.869513348317,14.57074648860069,14.61989648860069
895.5410764251071,389.65344815276165,504.0704967461561,16.181803215148154,16.230953215148155
7.719187400090323,389.36736103389035,853.9788408792241,15.609413636787435,15.658563636787434
675.0117941035297,392.1158474727278,2094.686722827312,14.63523371259288,14.68438371259288
540.0597870678718,394.85334117422934,4121.553217502384,13.900379132879017,13.949529132879016
865.7471930849545,393.32506332146966,6393.630230741321,13.423662623267541,13.47281262326754
1066.1187455228885,392.3027583653003,1159.661369239869,15.277203437096142,15.326353437096142
272.43551778081815,397.60358013456073,18143.05393603752,12.291255433318709,12.340405433318708
116.02543147044729,394.21524988460897,1251.6763477075583,15.194301298279363,15.243451298279362
21.611218494427245,395.0367436455652,556.0602689031263,16.075226748988136,16.124376748988137
744.3679267357281,394.03479576969033,718.6631572975313,15.79671795980284,15.84586795980284
228.27093254324654,398.76639912074495,11988.009942743805,12.741163676262723,12.790313676262722
1013.320100240738,395.8892593695215,742.7750848969868,15.760888093305896,15.810038093305895
40.943200220923536,400.5503611691297,20132.449680869286,12.178289856725765,12.227439856725764
312.2017112656226,399.6315530281154,9248.321561535693,13.022874108357152,13.072024108357152
176.18347903174924,397.50226986658816,455.5851776830638,16.291607447431865,16.340757447431866
236.8638417820123,397.3933186614376,4701.387615512578,13.757466265044751,13.80661626504475
599.8937700704239,398.6383739801492,237.38852018463007,16.99938212949133,17.04853212949133
129.46080363135016,401.01174073926893,447.70060332256446,16.310562213345918,16.35971221334592
649.1432506326677,401.46449368157624,439.7598458070285,16.329992483243988,16.37914248324399
347.07606919473966,403.89099838223734,3721.176403331022,14.011330766566829,14.060480766566828
586.7350207240845,404.2000547594052,4664.47367165983,13.766024797272266,13.815174797272265
437.6771541007231,402.84600274013917,457.81962488003063,16.28629539947257,16.335445399472572
780.9039040557075,403.9896924517356,865.0240778276693,15.595460922044232,15.644610922044231
887.3072849748554,403.7009969226256,1325.1128952752913,15.132399211658047,15.181549211658046
451.38665696136223,405.64728627658405,973.0978949466677,15.467640079770264,15.516790079770264
1032.3074238190693,407.72305309637426,22210.691225853032,12.07162622601437,12.12077622601437
288.5177058436993,406.9690779885069,3176.0946736805445,14.183297813729435,14.232447813729435
374.3826741892132,407.09805438986234,3003.6884459079592,14.243894202501759,14.293044202501758
101.32159018976614,407.0591891746122,1827.9655055665235,14.783111422031212,14.83226142203121
878.512767586924,408.3690447178777,2036.4841697238587,14.665828816151325,14.714978816151325
421.3647217252917,418.2484339226888,74408.63855936563,10.758973016428762,10.80812301642876
676.5803007463222,410.7100555689939,7981.134164503293,13.182869883823608,13.232019883823607
35.681613060289095,413.3016061880385,9405.328281727125,13.00459651574645,13.053746515746449
125.4960749169969,411.56129721728865,325.91777829684406,16.6552612844839,16.7044112844839
916.8187337838199,412.4660764165532,2182.2844670945397,14.590753008734879,14.639903008734878
858.4195786092108,415.381136913392,14102.722235074252,12.564774031950114,12.613924031950113
1003.2455141639437,416.5404390538801,8552.656411263146,13.107778849142695,13.156928849142695
802.0425891899648,414.7812864154054,2762.2206186198396,14.334885505602944,14.384035505602943
444.72879496393244,414.9460669133102,1332.049110743043,15.12673082008402,15.17588082008402
163.7045377722027,415.61124465587255,671.8064400184771,15.869921005632921,15.91907100563292
389.74591147744286,417.06906616977005,2580.9993693462684,14.408561666380884,14.457711666380883
256.45072729821766,417.1510189298783,625.4765079065154,15.947503905463192,15.99665390546319
706.5447312403624,419.1988515807041,1458.5252037947034,15.028246566761801,15.0773965667618
319.99191313236986,423.53954232538985,31470.29154418235,11.693279496739416,11.742429496739415
724.5870112576779,422.2224862479836,4697.1272143730575,13.758450606116618,13.807600606116617
277.0375945726766,421.45228493549587,2037.0470359805736,14.66552876970691,14.714678769706909
908.833129643906,423.2062289652525,1854.3270613424584,14.76756557173187,14.81671557173187
77.35768047306999,424.7668437998858,1035.4050077385957,15.400255759653778,15.449405759653777
564.8706978666489,425.2417152830529,3509.0471210793485,14.075058412051058,14.124208412051058
245.72442398973928,425.04132917008815,1752.6534946639788,14.828791254599642,14.87794125459964
383.3179405144686,426.3677444007188,9179.27802318502,13.03101010238395,13.08016010238395
775.7983561591071,429.027927541405,36514.500969697416,11.531867988260345,11.581017988260344
768.3480031818484,424.3822747942531,13036.205292090215,12.650153434827924,12.699303434827923
1073.5619905461947,427.34115877366673,5310.052859560352,13.625284301597405,13.674434301597405
16.003829183913357,428.9830489421563,970.6526590482198,15.470371790934712,15.51952179093471
254.14350774855276,427.65999000506474,1753.9734295407125,14.82797388726502,14.87712388726502
798.5928418423276,427.3016729102293,594.2501953120191,16.003108079597443,16.052258079597443
92.00320222948943,428.3399946144335,724.9113004206199,15.78731923772437,15.83646923772437
170.2483978225993,428.4312206666582,201.86535088433521,17.175376959950192,17.224526959950193
615.6424070646286,428.704010921264,563.5221515408368,16.06075393135436,16.10990393135436
39.030040527436675,433.73729034213477,63993.55397825146,10.922690837356628,10.971840837356627
409.49450978160354,431.71685999853884,1423.5400873010576,15.054607158662762,15.103757158662761
878.9355298822593,433.69276708453,2431.1782356889726,14.473489414414075,14.522639414414074
79.8399545337993,432.1412899219824,1260.7702950081703,15.186441492797561,15.23559149279756
491.530012630845,432.67643003557396,1788.2824069274573,14.806941152463782,14.856091152463781
576.6105367057347,436.5741614924826,8743.477572257621,13.083820911508296,13.132970911508295
754.9880074824058,433.7581667577293,6580.675630709475,13.392355201350277,13.441505201350276
937.5822484401954,433.5957001107169,1510.111429570818,14.990508925898723,15.039658925898722
120.69304041308918,433.9181191241493,1402.9102550932207,15.07045668777025,15.119606687770249
261.81952281577907,436.5748239654927,5031.950583045836,13.683690493921093,13.732840493921092
549.9188680270346,436.8276203258682,2432.5638866944737,14.472870774911126,14.522020774911125
1036.3825162731014,435.1413978429297,891.9418487757748,15.562190060079836,15.611340060079835
232.6166337076668,438.4190023964357,1577.8599399800785,14.94286028724251,14.99201028724251
335.0015953921767,436.63538160797845,319.70380098030694,16.676161913298827,16.725311913298828
436.49344485060504,438.90213491908565,756.4737903795099,15.74104669850411,15.79019669850411
466.3817648584329,438.8578136242659,1955.550876151303,14.70985861454604,14.759008614546039
394.6646316832417,442.81438651608374,2696.1904413889733,14.36115500072301,14.410305000723008
176.68156461683014,443.5378542325517,2137.290059485009,14.613372747788231,14.66252274778823
985.9890063679939,443.7546901378103,2173.1399911755225,14.595312152516499,14.644462152516498
792.0257676284475,443.17013520256796,374.9880456802122,16.502987854979793,16.552137854979794
163.31903596910354,445.59185955123183,3426.137265745895,14.101019515754823,14.150169515754822
417.63039477345666,446.73057696028957,5210.222081309883,13.645890824623969,13.695040824623968
925.6269839676061,445.7369056455961,2406.160552908369,14.484719905938912,14.53386990593891
1051.4164984680435,465.9076802394637,3064479.883141392,6.722139475546703,6.771289475546703
469.2382599418937,448.0508225581995,4425.136964806984,13.823214619133564,13.872364619133563
600.1889542082639,448.2948160519813,5064.225101630151,13.676748908557293,13.725898908557292
1031.643159955378,446.57340734877886,1670.3503147789074,14.881012504307428,14.930162504307427
234.47839635823195,449.5435375107996,6175.795866450819,13.461299081246558,13.510449081246557
380.22978227763974,458.9182356429899,118587.34833410424,10.252935517063438,10.302085517063437
269.2475299560717,450.5274666495261,2677.9258870997846,14.368535028617902,14.417685028617901
697.2846471601559,454.84562634750813,10838.494979813735,12.850608960478635,12.899758960478634
516.1332523726019,456.6595628720286,23588.024001688264,12.006302509904817,12.055452509904816
548.1048021172105,456.57724935096667,27300.621440155308,11.847600080104927,11.896750080104926
1021.4977864434532,453.2258433362397,1007.7916998478202,15.42960446946197,15.478754469461968
785.5172857785221,457.9465256897877,12404.450951710493,12.704087546935611,12.75323754693561
841.0080805114717,455.83282029887863,1026.9606465470204,15.409146908407006,15.458296908407005
999.6488184941551,455.4866894004522,865.9902367724096,15.594248922991493,15.643398922991492
17.752879732938318,459.0963713454185,20913.696789733076,12.136954394310067,12.186104394310066
76.92825825681469,457.27901679752995,3124.4595414920555,14.2010941490039,14.2502441490039
157.1395515166572,459.16548759275986,5012.658389597894,13.68786114082411,13.737011140824109
497.6708454024629,460.97903922371023,8793.536409525112,13.077622497153058,13.126772497153057
212.29068227704795,457.50594171278874,669.2116839344034,15.8741226254149,15.9232726254149
646.2095443439862,458.3646865740111,1123.7254838337108,15.311380837694356,15.360530837694355
656.0848375305065,456.9833970205981,1633.0868585112378,14.905508202336478,14.954658202336477
810.3654419719657,458.3574331032429,465.403268995665,16.26845783882471,16.31760783882471
871.0646134415047,461.0571653499459,5088.709853750306,13.671512189619577,13.720662189619576
599.8410688649951,459.23549413601233,1224.8736085696637,15.217803219129294,15.266953219129293
612.6071148232874,459.88081863041083,5577.636462685457,13.571905901064863,13.621055901064862
662.95102413094,463.1021659366759,2741.4886030344833,14.343065300530474,14.392215300530474
39.05471659998972,462.5535990610714,943.9482434030018,15.500660955887588,15.549810955887587
351.7059592090321,467.96628785534625,8685.912866283368,13.090992741511908,13.140142741511907
565.0685017849362,463.41226704308315,877.3574972084014,15.580089933510212,15.629239933510211
105.68242826660611,464.32254125085734,1376.585133767146,15.091023724590755,15.140173724590754
240.72017496424385,463.9518217928732,2351.764839173161,14.509546679900856,14.558696679900855
249.08451573886953,466.35289231301056,2234.083790978363,14.565282768388066,14.614432768388065
325.7620616901263,465.12383314197695,1829.6723117886795,14.782098122444456,14.831248122444455
395.53125419741366,467.3369049952057,4089.9555688549763,13.908734937236275,13.957884937236274
614.6343164816197,468.9433086497737,17603.944427097875,12.324006440213497,12.373156440213496
845.7724228980508,467.3226074898012,3688.3474691639385,14.020951842425262,14.070101842425261
1076.6611706805604,465.5048630673165,2145.2341482420698,14.609344658627645,14.658494658627644
294.8265979975422,466.5777629151466,781.9362756093424,15.705103008949475,15.754253008949474
69.35159238644357,469.2655865291038,3730.519804878206,14.008608037575144,14.057758037575143
769.3114847442084,470.2890703740414,4371.516229030116,13.836451174888047,13.885601174888047
913.772302732412,469.6539988051015,2886.7754358378697,14.286998909594214,14.336148909594213
542.2771516844296,471.0742429560256,12295.870776674063,12.713633186690773,12.762783186690772
379.99034825788584,472.0324456046682,3307.841509065453,14.139169680640798,14.188319680640797
875.6084401243901,470.83427797995785,1069.3241940752705,15.36525792970339,15.414407929703389
1.1894197644410818,477.3089501001697,7130.443978087298,13.305239982196198,13.354389982196198
463.7315992212841,473.6872072099564,1532.746766238829,14.974355391112457,15.023505391112456
787.7007595756467,472.1632998068847,792.032088347724,15.69117447012045,15.740324470120449
806.7628047488333,475.90592283508016,6464.3168261721,13.411724828114478,13.460874828114477
839.2770068816392,472.04844120664524,1765.1943364774615,14.821050099024093,14.870200099024093
567.1528376235702,475.9358269464147,6627.178194900704,13.384709791755185,13.433859791755184
522.0149516938925,474.50830411813234,38.84654908335949,18.964650301233707,19.013800301233708
48.22151984573687,475.4181473010682,-45.821568234047845,,
442.29505913635757,477.6449318363822,1159.964009369181,15.276920126394078,15.326070126394077
602.0927665777178,476.1628725727912,1514.6497294149294,14.98725088343702,15.03640088343702
139.7420621303324,476.51208748086924,276.83671715335123,16.832472186066695,16.881622186066696
70.44344550682696,477.8124315077926,2035.0458149737885,14.666595935095934,14.715745935095933
290.26936256912643,480.56615881421453,1083.906277209275,15.350552083902286,15.399702083902286
921.9049724989228,478.61171615683503,366.1092220216107,16.52900474100313,16.578154741003132
215.3422473113458,480.5792788125936,521.2985592982708,16.14531510075095,16.19446510075095
377.61508901993653,480.7334342417164,833.8341605445657,15.635332204084179,15.684482204084178
973.1539076188761,482.0297835868401,2199.653848391946,14.58214555534705,14.63129555534705
194.81859239151208,481.7427660023909,1017.8421892102649,15.418830291776743,15.467980291776742
33.23948094271938,483.425301328358,1892.2796031043058,14.74556814212146,14.794718142121459
203.84231648547737,482.4040900213208,1134.9740538344247,15.300566578899826,15.349716578899825
109.18736014314563,484.54255301053485,3567.3430061803106,14.057169238673557,14.106319238673557
603.7938579250998,483.85618324775896,966.1783098888565,15.475388203409409,15.524538203409408
980.6793026873805,485.01072597375037,2032.4776418929482,14.66796697026957,14.717116970269569
1031.0710594760835,485.2561329233109,2073.528144475503,14.646256576148708,14.695406576148708
589.5087700093026,486.2325878890479,1870.4875839233177,14.758144338076416,14.807294338076415
717.6543737093675,485.3050304202996,549.7579381873405,16.087602639847177,16.136752639847177
943.2649371529498,486.55109282092405,1866.9606880397596,14.760193479313543,14.809343479313542
1069.1322327599364,485.35768731185436,1890.6103713876714,14.74652632247496,14.795676322474959
158.1123897102271,488.0627627626615,3037.6279302879466,14.231694968977472,14.28084496897747
868.9670249695125,485.68706125273013,370.7764582514806,16.51525103333968,16.56440103333968
453.8235637980419,490.08064900801526,1817.1521035557885,14.789553209517445,14.838703209517444
266.428571349939,489.64575659805155,780.5911817986041,15.70697231038535,15.756122310385349
397.32950496452463,490.1478308987598,480.8868647962882,16.23292412574254,16.28207412574254
482.1286565180502,489.8552169494254,98.09856323420748,17.9588747957303,18.0080247957303
561.4270940924615,489.3633753267686,319.24094440411926,16.677734945189027,16.726884945189028
189.45873617150565,494.17833426812456,3942.6579066501663,13.948558671956942,13.997708671956941
789.9370162523666,492.37216385711804,1190.3379708258926,15.248855693785854,15.298005693785854
410.27190893611026,495.14322041142043,2635.305956430995,14.385953803351246,14.435103803351245
1038.3919403268083,492.91386548188257,1519.9724228256284,14.983442141142742,15.032592141142741
98.96096310460007,497.69793906515287,22994.329892728158,12.033979518042306,12.083129518042306
604.1965607924586,496.5596766870337,4354.711108875861,13.840633039335753,13.889783039335752
148.32758074744464,497.9889044069992,4474.097684339765,13.811267757576488,13.860417757576487
218.78427299029127,495.12777619502526,1185.4087803213795,15.253361063112594,15.302511063112593
626.9247046328422,500.355886557226,31114.647139961005,11.705619212019947,11.754769212019946
657.7985088808899,496.0817195386888,1927.8593105024454,14.725343069470801,14.7744930694708
686.3376594934872,497.29662388573155,3588.3886858438646,14.050782715748205,14.099932715748205
753.9251366542732,496.1091185314815,664.1150543103242,15.882423099856581,15.93157309985658
922.0539725742219,497.4227482797274,7159.415159886348,13.300837544947917,13.349987544947917
87.07048297865335,497.58952215420135,2603.4634585904305,14.399152696368656,14.448302696368655
373.54588984818224,498.28425184713217,2652.543644456105,14.37887506636612,14.42802506636612
640.9653594292772,508.11069553060406,81747.39828097221,10.656846563556094,10.705996563556093
897.6949290563767,501.0562158535885,3829.159479378697,13.980272776172711,14.02942277617271
80.17669717255458,500.6579729979492,2541.4830513524485,14.425313367885563,14.474463367885562
307.85142555269033,499.01989943055645,4952.50367869561,13.700969395440286,13.750119395440285
1044.2012713152387,502.6095186942205,5037.9239151975435,13.682402401653016,13.731552401653015
10.664772702701153,500.7178769611486,1935.0884266216165,14.721279373663467,14.770429373663466
32.35406004819685,508.0761431661585,19141.715955870823,12.233079243844305,12.282229243844304
791.1346084162606,505.01496834755045,4392.22546305112,13.831319849070479,13.880469849070478
862.9377051379137,501.2092817724119,448.2587253659599,16.309209532776237,16.358359532776237
1007.1739032849644,501.25210051884454,938.7144520089405,15.50669765216617,15.55584765216617
211.55303235511514,502.28768165719487,2931.4139304583073,14.270338544087402,14.3194885440874
338.7985591812701,502.8837383298231,14.593817679527774,20.02760912166582,20.07675912166582
250.30909434316948,503.85831716884866,2372.2033663454463,14.500151617773703,14.549301617773702
557.4678878703653,502.7750893640328,1442.8529653899695,15.039976221534305,15.089126221534304
672.1428576001194,503.17274815922224,1295.1423776970646,15.157237627601706,15.206387627601705
1029.043723303627,504.03758321001436,1911.8346582080048,14.734405586598575,14.783555586598574
296.7386314668757,518.1609176384053,741451.960688101,8.26282386754178,8.311973867541779
783.805031776872,504.26799949125495,3031.8045561768167,14.233778409253162,14.282928409253161
522.7563798257518,506.2163733310961,1675.20860226282,14.877859176296772,14.927009176296771
734.0123509563056,507.3821433781044,9780.151497556562,12.962167456959396,13.011317456959395
815.7634406248092,505.2873560802706,1655.936085470064,14.890422486915254,14.939572486915253
416.6565922342944,507.4477745479711,7020.18018741064,13.322160764104341,13.37131076410434
842.8893176026977,508.4256264277618,1284.8807494362727,15.165874356439886,15.215024356439885
8.8150616991508,508.9845453179238,2922.263537344609,14.273732964513922,14.322882964513921
233.98140897512855,510.56160691794685,30823.045672667962,11.715842537921395,11.764992537921394
367.5799632315796,508.0800649255225,1212.622884071266,15.228717012982731,15.27786701298273
431.4715280916934,507.06362040785336,342.69160296410087,16.600772755041582,16.649922755041583
941.035642518529,511.30397047585785,32176.07440474243,11.669198768629052,11.71834876862905
1051.313156522291,512.6008023495103,11431.094353389108,12.79281188875775,12.84196188875775
803.1460223303569,513.508060021283,17847.140678304266,12.309109795094095,12.358259795094094
472.1076001287914,515.2220944665194,30285.6380297321,11.734939593924029,11.784089593924028
866.5465032534671,512.63612505465,540.3982661204527,16.10624654517418,16.15539654517418
83.74281265500343,516.281591914614,11716.598230623706,12.766027567566535,12.815177567566534
101.13166152012373,514.9522293512755,4210.590196051728,13.877173975159323,13.926323975159322
141.64918511219796,514.2858145187603,1018.2016407332928,15.418446931133204,15.467596931133203
569.6040508794223,513.25199280859,35.61217941027135,19.059035030852122,19.108185030852123
1036.7860519525113,517.9366493873208,45985.362682395484,11.28148237225746,11.33063237225746
154.7814583390126,516.107584958473,1898.1597955574337,14.742199486254762,14.791349486254761
790.5207060148629,516.8970039415481,2285.5699962249287,14.540545096896969,14.589695096896968
737.4851041005029,518.8553618980571,2902.6581539643694,14.281041682485725,14.330191682485724
397.90928316504744,520.1708691452378,2317.851496886522,14.525317393503563,14.574467393503562
280.19158031237976,519.5155582709452,2278.3932298289064,14.543959708779596,14.593109708779595
215.68572205909868,520.0388237711102,-133.28097985878435,,
831.7064179150644,521.266692176628,732.2643180648079,15.7763617318058,15.825511731805799
550.7125342098285,525.4431871723696,8088.13352472597,13.168410631727063,13.217560631727062
779.6461196957503,522.9473339502289,2355.028165071574,14.508041148792792,14.557191148792791
354.9518100675102,524.54006218067,1294.6696812216628,15.157633968086058,15.206783968086057
638.0026397004627,524.4823500741121,2334.3609821720675,14.517611373529672,14.56676137352967
889.3395748274468,527.0409423125661,884.9013417343532,15.57079427843872,15.61994427843872
793.6490791171157,526.9161950392502,398.9435947587342,16.43575267082803,16.48490267082803
199.58122804866716,530.0033001525102,1053.6377612238764,15.381303095268049,15.430453095268048
779.5106150339411,531.2301985852174,1441.2648529101361,15.041171922611364,15.090321922611363
429.33821565096855,532.9642656972464,2589.9018141159977,14.40482316285729,14.45397316285729
447.6489113718247,531.3453045885104,666.6795242503365,15.878238620371596,15.927388620371595
636.3480980152799,532.6978105198381,3816.8039960343267,13.983781766848395,14.032931766848394
1008.5545792356406,533.1022784488003,1765.3494718611296,14.820954682503615,14.870104682503614
583.0790004590903,535.0183373181442,2503.150714947977,14.441813914175462,14.490963914175461
742.6442407238794,532.4548200956162,-262.7300087038751,,
1045.2944244727444,533.8688971494914,1267.60945314839,15.180567739285078,15.229717739285077
68.96970666029515,535.6801137750517,3582.642639014829,14.052522686508087,14.101672686508087
356.6351654866556,533.9535221173704,617.4166923585556,15.961585495430088,16.010735495430087
656.4336422776879,535.3072019286129,1485.5378832939873,15.008322083952415,15.057472083952414
931.1823716520144,536.7962637563402,7984.735287304981,13.182380105364416,13.231530105364415
60.00096117430864,535.1169887826821,1451.990985835702,15.033121611918595,15.082271611918594
90.0315514421535,537.8556328696591,2568.0376656440185,14.414027939245273,14.463177939245272
204.36268295977814,536.7981340644596,1965.5142522916026,14.704340919162476,14.753490919162475
987.6240556976593,538.4617313056793,1486.1370728155555,15.007884242145689,15.057034242145688
297.7667486709051,539.0220373724743,1075.4050554884375,15.359101228026605,15.408251228026604
674.902597340069,541.7471464782791,1553.7211871887332,14.959598692451024,15.008748692451023
105.43304638534038,543.7973832576689,2162.8229882456,14.600478970036965,14.649628970036964
249.05897564290916,543.0382980019473,403.4229130637828,16.42363000984097,16.47278000984097
757.8672101560949,545.2104434128632,4888.296292307419,13.715137608080546,13.764287608080545
1041.5404097365015,545.3530269423005,2598.769392189727,14.40111205473193,14.45026205473193
65.58234251682111,545.9431296750215,3761.7496352538647,13.999556693611922,14.048706693611921
210.89289847641325,546.1077002451597,2708.561918224821,14.356184492225042,14.405334492225041
607.6255998783896,544.082468461017,198.55520553423474,17.193328218759774,17.242478218759775
732.2418388729395,544.2493684868031,518.3689297682732,16.151434005688493,16.200584005688494
651.6219948908445,545.018157335478,578.6387565604692,16.032012615365065,16.081162615365066
747.5233064490844,545.5957696536709,1362.4142278505087,15.102258486531365,15.151408486531365
289.9972623984911,546.7230098886071,681.5867238896074,15.854228606075374,15.903378606075373
180.6923829447371,548.4697598346655,1185.1999331092438,15.253552366703762,15.30270236670376
679.175048285411,551.1967219146851,3271.539952639478,14.151150841572171,14.20030084157217
931.4220358624286,552.8878639320375,4845.442258342313,13.724697855991028,13.773847855991027
544.4866241274098,552.6838047666324,7690.879373232591,13.223091413037949,13.272241413037948
915.0344883080188,551.1850315601239,466.023670514891,16.267011472047127,16.316161472047128
100.9193068503926,552.6914616136158,1899.497638766663,14.741434517379208,14.790584517379207
342.71728945418135,551.9829068546015,1806.824760998925,14.795741328528628,14.844891328528627
722.9625081938159,554.0221495026099,9811.492489570956,12.958693723078534,13.007843723078533
65.3072215776877,555.6732767562443,4653.232188300345,13.768644603388461,13.81779460338846
173.52615355964735,554.9745109880248,2793.2889582000334,14.322741750905701,14.3718917509057
412.8662008503038,553.9332134318097,321.3069271292657,16.670731190681217,16.719881190681217
826.8281093668606,552.9607416576699,376.2724950415023,16.49927522944445,16.54842522944445
197.3152524852995,554.7966180215534,126.38410082340295,17.683800305091893,17.732950305091894
879.9434864960219,556.0175126553236,5721.9338208392,13.544174336188112,13.593324336188111
1031.5775776276948,559.526605674673,23322.603365617233,12.01858884609099,12.06773884609099
283.4350139657156,557.6568684336244,991.1131524063035,15.447723313921621,15.49687331392162
859.1606870804819,565.0338314849342,19965.685358674687,12.187320855599578,12.236470855599578
153.11754734331407,558.2095260600685,228.35758868870636,17.04149279123513,17.09064279123513
133.68790944397352,559.0228808888264,137.26069049863779,17.594165964181176,17.643315964181177
295.00077333927555,565.042803015907,6937.379952650145,13.335042709994624,13.384192709994624
935.9229020476779,560.4438072495155,3880.9149820230455,13.965696090215667,14.014846090215666
85.19140410306164,563.1542718437986,16091.078594927058,12.421568522192018,12.470718522192017
758.42241315196,563.6537935334895,9167.573233088136,13.032395442671927,13.081545442671926
1001.1529707708523,562.1113565614239,1956.0061440528998,14.709605875882993,14.758755875882992
321.799041755503,562.12604760995,975.9393624133479,15.46447432572706,15.51362432572706
462.4423921162618,562.0332594230388,1202.384392696256,15.237923086583905,15.287073086583904
26.083120956073607,562.9191437961772,398.58732364744526,16.436722705872537,16.485872705872538
314.0136735573176,562.6723864471967,734.3340375553862,15.77329726515367,15.822447265153668
223.96035347155183,568.0896223914672,6292.2988800496605,13.441008054589501,13.4901580545895
349.79382819618667,565.9511633176185,2079.8782665309272,14.642936620377466,14.692086620377465
942.9645409927499,566.1233919650937,3267.238710093161,14.152579247601016,14.201729247601016
505.58900388027314,565.0811774952415,1296.8583949224137,15.15580001822949,15.20495001822949
552.274107355091,566.5625757651235,3513.2642187115753,14.07375438096865,14.122904380968649
678.7941291343523,566.6681578166038,5743.167176643361,13.540152766817265,13.589302766817264
103.52616352275805,565.993238913194,1340.3339297312427,15.119998883376832,15.169148883376831
583.9608450465491,567.040360177465,4399.252300414784,13.829584237934196,13.878734237934195
795.5687032619328,567.8247449623049,2994.2861294823742,14.247298166151595,14.296448166151594
974.5211210028647,567.0236152902313,2289.213183837729,14.538815816460083,14.587965816460082
453.75498059676545,567.9224148856064,3970.527798101829,13.940910810168841,13.99006081016884
492.0948090680524,568.0671492471712,2408.1563391984673,14.483819716938141,14.53296971693814
404.4825651685612,569.2245026438712,452.83003543454026,16.298193349599472,16.347343349599473
513.4942600367023,571.6059758432452,1443.9712026936077,15.039135082125664,15.088285082125664
55.56088607165962,572.498299024219,1275.7333239167738,15.173631662329157,15.222781662329156
152.95787572971355,571.9111443752282,57.63430756938274,18.536328712890157,18.585478712890158
322.8474106137431,573.6102186996159,1040.5488991281095,15.394875177236777,15.444025177236776
989.7259628475073,576.2720007305903,33371.46922983133,11.62959309356495,11.678743093564949
50.42729432176694,573.4772206446158,1397.41586531447,15.07471723836639,15.123867238366389
590.3090870291184,576.344920450789,4085.4705995649247,13.909926188658188,13.959076188658187
127.2267788665652,576.3566759918984,2014.2200600268507,14.677764120246149,14.726914120246148
759.9464750962535,576.2839929136359,1410.8799329994745,15.064306271140987,15.113456271140986
702.7648969452606,576.9740355192216,1965.8232390647136,14.7041702504637,14.7533202504637
263.8082409017149,579.5193061537389,7813.324932047672,13.205941698318977,13.255091698318976
506.32635901793196,578.0833588372838,1497.9688314002562,14.999274469978753,15.048424469978752
82.41375227333967,579.4718985784459,1227.5670300432128,15.21541837332449,15.264568373324488
294.1083451767262,579.599386256275,1840.7151187542993,14.775564963900528,14.824714963900528
746.1312992772279,578.8876434305442,1160.6747578946834,15.276255063445348,15.325405063445347
892.3076466533735,584.4818270343319,11698.381424692428,12.76771696896823,12.81686696896823
137.74694148421912,581.8297427276747,726.5063273215392,15.78493290987781,15.834082909877809
229.59757595498908,598.2007465895365,661675.4332336913,8.386418886435731,8.43556888643573
363.2487824589327,582.2055806454972,955.0036873819379,15.488018791323537,15.537168791323536
1014.7645565566984,583.2806844862059,446.26702064472454,16.314044428827415,16.363194428827416
17.079396938735286,584.5526075269936,936.8936975897927,15.508805618709438,15.557955618709437
26.460310026333776,583.5153521650001,737.1224099802268,15.769182375415891,15.81833237541589
413.49082564395593,584.4829413238517,797.2523752841639,15.68404185787935,15.73319185787935
703.7440737288833,584.0602983322453,2304.8045577239427,14.531446152233006,14.580596152233005
802.2376417079771,583.7446057577595,305.5159069503118,16.725446844732602,16.774596844732603
571.8189542456711,588.1733800875991,6183.78183197385,13.459896015006512,13.509046015006511
773.0592074699354,587.275821256713,2170.5246106510067,14.596619626241175,14.645769626241174
946.5086802640731,586.9332248993713,6973.273498435243,13.329439664990069,13.378589664990068
544.1142004393844,588.9897318719344,20328.82060542837,12.167750953974014,12.216900953974013
846.6687960351661,589.86068345876,21528.136218493826,12.105515330579543,12.154665330579542
592.7594617375634,589.839026522623,8752.569199177917,13.08269252982014,13.131842529820139
465.7722766008261,588.3854223367538,377.61854950524037,16.49539811317297,16.544548113172972
39.272493233713455,589.8565149648726,853.6354488693942,15.609850308165464,15.659000308165464
150.69087708205896,591.6491589497664,1977.135152509819,14.697940518141918,14.747090518141917
262.68339101603567,595.9024072534578,121221.37179040514,10.229083426559102,10.278233426559101
318.2159355082245,594.0015304331914,27098.014950565263,11.855687717326207,11.904837717326206
363.65297123424295,590.1358393982949,1064.5783343229984,15.370087353899562,15.419237353899561
421.48709377817255,589.8650596768794,3684.0156931861134,14.022227733600914,14.071377733600913
925.1579348958978,590.7956855689664,2253.251262828082,14.55600735460247,14.605157354602468
182.6835239239066,592.1360562396288,1836.5641431863576,14.77801616004442,14.827166160044419
106.42205509420782,593.4512559189697,1898.9642587376939,14.741739435542286,14.790889435542285
602.0312708989632,592.8070237355324,2761.543115732601,14.335151841910058,14.384301841910057
400.1429696520574,595.5595100120132,7912.485290438596,13.192249123299288,13.241399123299287
443.7152777874354,598.4374712128156,9978.012087931791,12.940421348115269,12.989571348115268
496.50650771859785,594.4483263929466,1057.0447361713507,15.37779799275604,15.42694799275604
961.5816138188486,595.1418534653506,1200.8047016046053,15.239350463282339,15.288500463282338
425.4774510667197,598.2402553812595,13066.507933465455,12.647632571242859,12.696782571242858
985.2966375776654,597.7944981388404,2890.3729589752656,14.285646698657029,14.334796698657028
356.6749577444686,597.3240823158709,698.4970845182611,15.82761991810448,15.876769918104479
487.79621905024015,599.0616462696964,1877.2965946087822,14.754199181577711,14.80334918157771
791.9622555379358,601.4809306304469,4556.902289335179,13.791357121469701,13.8405071214697
56.88653350847809,602.1653667143298,4933.306465360527,13.705186173922616,13.754336173922615
4.646696166518279,601.5087947818197,804.7310676814869,15.673904492072607,15.723054492072606
406.9753755833579,604.498726945572,3541.1071417557696,14.065183744400974,14.114333744400973
580.2078604907572,604.1927482300988,1487.648150181758,15.006780846020646,15.055930846020646
149.3638877252697,605.4460768074565,1365.5969941877663,15.099725031988616,15.148875031988615
807.7590131161132,605.6222003341888,2802.0183590048746,14.31935397123533,14.368503971235329
916.2752812155898,604.095698972236,608.3302099492508,15.97768295180681,16.02683295180681
305.42616365779105,606.1483138365451,1078.0948997838611,15.356388933700027,15.405538933700026
678.5433792056945,606.6419727774243,3498.8354491428427,14.078222617406608,14.127372617406607
797.9845203568515,607.9834049279458,7892.372642144472,13.19501245623241,13.24416245623241
176.04395662663677,605.5792556728379,307.62197658353455,16.717988016612495,16.767138016612495
498.97182092989016,606.3300895344087,276.04826521062773,16.83556885690256,16.884718856902563
1050.2110089216667,609.2687321611407,6247.076496397975,13.448839352495867,13.497989352495866
851.072622965255,609.1904834188683,1695.5523518686284,14.864753403456454,14.913903403456453
408.03498602330853,610.2102778890334,3636.4323551654747,14.036342629331083,14.085492629331082
420.5128397154088,610.9532324348535,901.0463856813305,15.551163540085245,15.600313540085244
806.8444972845027,611.3345680470644,2992.6918161926733,14.247876422399397,14.297026422399396
322.6793216868774,613.8566035969667,6415.089605202687,13.420024595130156,13.469174595130156
463.5497955630013,613.3866524357267,8763.667310323268,13.081316706574,13.130466706574
946.5581327696352,611.9938196653544,1462.823555652864,15.025051549675345,15.074201549675344
996.0710558659767,614.6490617089639,7796.584128205335,13.208270488797716,13.257420488797715
833.3969174768351,613.6961716315285,2678.1617880725,14.368439389322017,14.417589389322016
1069.9301112398455,616.5776745905262,20231.658108853157,12.172952719111308,12.222102719111307
523.8672616090114,613.6963616479388,1428.275900263317,15.051001141766118,15.100151141766117
184.08991442512018,617.2619401287092,7973.694881906751,13.183882379666006,13.233032379666005
263.27716279729447,614.6433148002845,698.0931120720303,15.828248030093096,15.877398030093095
610.1655468326305,614.6974458910611,880.7346426132902,15.5759187146512,15.6250687146512
39.96777499122891,615.8317780246941,915.3831561592488,15.534024120518591,15.58317412051859
407.1018625941793,615.6654182733038,1635.0571094611118,14.904199096575617,14.953349096575616
599.2603814938464,617.7733718618887,8269.019696827096,13.14439634639282,13.19354634639282
661.9097985767805,616.4911610030182,758.7688536545418,15.737757673864675,15.786907673864674
700.7913668939005,618.4512680472945,2734.319331593312,14.345908330127571,14.39505833012757
513.6688974691199,619.258668675713,1792.933596434178,14.80412089941155,14.85327089941155
942.5279813622003,618.706203001591,1968.4004485317953,14.702747774138967,14.751897774138966
1046.0199702508708,621.7161451075526,5908.656534381177,13.509309548666138,13.558459548666137
303.42231114980143,621.3345345226287,1707.4769033024443,14.857144317999202,14.906294317999201
377.0605729684661,620.5513385211553,312.6222797001628,16.70048159815198,16.749631598151982
96.4192662850792,624.8787085681182,34196.154766210144,11.603088227547776,11.652238227547775
809.4181958059047,622.0921720348092,501.5450878691428,16.187256459222127,16.236406459222128
393.64091923087153,622.799364628171,687.5164636507445,15.844823656237915,15.893973656237915
541.5842610687741,621.7844756910962,490.70708068779277,16.210975600684407,16.260125600684407
148.47017972051964,624.1121787357175,497.0098250975334,16.197118977114958,16.24626897711496
197.75229818112453,626.8681466944365,16394.474291211038,12.40128767482895,12.45043767482895
236.02873609362013,624.8713118561368,1269.933672978846,15.17857881519749,15.227728815197489
311.4754604083843,627.1376297339598,4355.587050142478,13.840414667672178,13.889564667672177
941.8986089808952,625.993348426217,3025.9997562470207,14.235859190687862,14.28500919068786
1034.8583339639779,625.0144555110787,510.9259068037048,16.167136601441484,16.216286601441485
725.3082234494744,630.7808007568271,29167.05395531808,11.775799999872197,11.824949999872196
1017.6148923642102,629.0688388215646,2663.011059294261,14.374598987355174,14.423748987355173
255.66570742835353,629.7429759328264,604.8001253794491,15.984001731132729,16.03315173113273
459.45281156899756,630.1112071476015,1757.3077009640194,14.825911881886164,14.875061881886163
978.4226931105317,630.2020251475817,569.6137375005625,16.04908027561853,16.09823027561853
945.2959088320158,633.9048466585642,4797.455368873354,13.735504054575147,13.784654054575146
1050.7971409687261,632.3088617130852,721.560228382707,15.792349944064854,15.841499944064854
21.717359950073487,633.6232461105801,1685.91074611161,14.870944965220147,14.920094965220146
103.94880363644015,634.730866968025,3071.5091049567272,14.219651894825967,14.268801894825966
540.271822015137,632.9622598154355,945.9280023412027,15.498386207213422,15.54753620721342
452.3561352574918,633.8111516514208,1640.0157945185165,14.900911335865164,14.950061335865163
796.2613139151638,635.5298330420342,4599.367070869687,13.781286233536765,13.830436233536764
999.9699387096133,634.3183504206751,1257.3059729656936,15.189428965645323,15.238578965645322
756.8877792253576,637.5790455428153,5229.339781888308,13.641914258721139,13.691064258721138
128.11727001981754,635.9552650822342,1142.684616013886,15.293215461185195,15.342365461185194
598.7799485245409,637.6692466439961,356.16915838439814,16.558890637285607,16.608040637285608
407.46100172339686,639.1712133931552,2613.0230272119784,14.395173320058042,14.444323320058041
896.9423709988864,637.8245442477854,1338.0433022307461,15.12185599131934,15.171005991319339
73.58969372328897,639.6496444212038,2068.6080999404803,14.648835860207818,14.697985860207817
420.14128503144235,641.9270246620624,20355.93721518982,12.166303655727447,12.215453655727446
571.4212660726399,640.0281674927921,1978.6771036904593,14.69709409156798,14.746244091567979
1077.4318180829155,639.999844855458,309.9212844578773,16.709902904204135,16.759052904204136
163.97866937474595,640.9034838897667,393.98636922565476,16.449328420525344,16.498478420525345
392.07151180422056,640.9907674480809,1518.5847187425939,14.98443384911399,15.03358384911399
678.1917100382693,641.9279440683293,3409.17347447881,14.106408660700236,14.155558660700235
890.7483549849035,639.5982359269792,1562.8374716117735,14.953246873432409,15.002396873432408
988.4213588286312,642.1389639050801,2771.970300018816,14.331059980540047,14.380209980540046
499.74925238724734,641.6753683952097,525.0502759703434,16.137529184736106,16.186679184736107
653.2101794990425,643.3364987969916,1933.3174130145146,14.722273506030339,14.771423506030338
774.2471481021421,645.9705249195871,22844.584447601104,12.041073256276363,12.090223256276362
814.1676621441651,641.8730830586,679.890250733109,15.856934378283103,15.906084378283103
587.3807033151146,645.1320178533938,2167.111320642847,14.598328360382453,14.647478360382452
670.4118085819922,644.8507670927374,2109.3058124383087,14.627682538932136,14.676832538932135
883.1620980051072,648.172666686396,2462.6446725944634,14.45952702907693,14.50867702907693
955.4118474506479,651.1112350762004,13568.513396664059,12.606700743001106,12.655850743001105
151.32582086458166,650.7588417242954,777.8989672351006,15.710723425183115,15.759873425183114
924.393692227932,650.6392911503493,496.6013033922501,16.198011774746004,16.247161774746004
8.26730015792145,651.6110279924734,970.3929839896854,15.470662292721949,15.519812292721948
296.96668804215653,653.193341556059,5002.116090774378,13.690146995540942,13.739296995540942
611.0119608687181,651.3757053208135,473.0632787666382,16.25073331863027,16.299883318630272
64.88442912247494,653.5576217884403,3075.23743049306,14.218334782271869,14.267484782271868
647.6324774089526,652.2765109046,910.6356171082344,15.539669830980213,15.588819830980212
728.753669109134,653.4666910979699,2423.3019136415382,14.477012599285825,14.526162599285824
88.1166002458347,654.7441705407138,1564.4263286724763,14.95214362158441,15.00129362158441
548.4727315763208,657.0048963679925,9740.073829581543,12.9666257903583,13.0157757903583
738.0534369739831,653.2518644399214,1398.938935072374,15.073534518532824,15.122684518532823
779.0595213117898,655.4589936470408,4726.042913776571,13.751787260375993,13.800937260375992
1032.878484415651,658.4898405431991,61003.61751749477,10.974642438800716,11.023792438800715
799.6483128656056,660.9184539507536,28426.37372357762,11.803727758848972,11.85287775884897
861.288883063399,661.8039049931069,15017.2120916208,12.496558126316636,12.545708126316635
48.075750491399276,661.2500360693919,9533.3258946951,12.989920313598194,13.039070313598193
222.96692085573076,661.3493726843507,7290.248936686951,13.281175516897338,13.330325516897338
508.5759530604197,665.9159642846951,46789.761126578116,11.262654342406629,11.311804342406628
108.68678003335984,660.3693248579183,1672.1130632173968,14.87986731301553,14.92901731301553
826.7272801483693,659.0195104425069,589.0099625073267,16.012724811194616,16.061874811194617
384.0847785475609,661.7847941913673,1783.917780553446,14.809594326969103,14.858744326969102
39.995698242838735,661.6801564049106,5432.956717513972,13.600440799512466,13.649590799512465
280.44386328028395,667.0002426009582,85757.65421196478,10.604849180057055,10.653999180057054
1052.7652360286897,662.053512777233,538.2520616466321,16.110567157545276,16.159717157545277
336.6238871645708,663.3381474495792,1596.8254334503968,14.929887809378204,14.979037809378204
736.736781287223,662.0514199765973,1297.046741835994,15.155642344719698,15.204792344719698
989.6196102609264,666.064798157428,8218.81284683269,13.151008684686381,13.20015868468638
549.6818810461051,667.8367143290907,3014.5874641862883,14.239961690315699,14.289111690315698
361.87534901322107,666.3816031796139,1022.7919068056241,15.413563205289758,15.462713205289758
612.1877626053296,666.580572754783,405.6327621823016,16.417698850255384,16.466848850255385
738.9537467002375,667.4439465856101,1108.7095769895495,15.325986915038044,15.375136915038043
262.5194540648429,670.0244112242365,1980.9921371620064,14.69582453303226,14.74497453303226
482.26706916525626,668.8933922158993,2043.9747711347063,14.661842584994181,14.71099258499418
846.946923848536,671.455930499362,5534.372191340269,13.580360506275472,13.629510506275471
15.35838045182117,668.8203154073808,630.8710736036145,15.938179875443515,15.987329875443514
217.1001029538021,668.7284659873618,3273.86630567778,14.150379061876485,14.199529061876484
632.4423187469467,669.9554128395678,1236.3119753054589,15.20771122250372,15.25686122250372
94.84829246934845,670.0057498703782,842.0747428441707,15.62465480910086,15.67380480910086
198.44922096576425,670.2990878643191,558.9914493894089,16.069518500563284,16.118668500563285
384.39978593081736,674.3688061782821,13272.209138847289,12.630673371118231,12.67982337111823
368.80898115492585,671.8061699872716,1216.2217590397509,15.225499490017349,15.274649490017348
656.3124068554129,672.5516821443364,2683.080597899917,14.366447115506379,14.415597115506378
936.016556899489,672.9773598574801,361.4085399370948,16.543035386075417,16.592185386075418
998.7855270692976,673.0791998291146,2325.283149562273,14.521841801311677,14.570991801311676
694.0766017903383,674.0077116814177,1354.2850523600687,15.108756199805622,15.157906199805621
869.8435144523568,674.4501403531034,576.2407175691974,16.03652155600092,16.08567155600092
35.879344910291685,674.6473665050381,454.1328634712821,16.295074085200213,16.344224085200214
416.4014015291973,674.9078267220812,705.3964363245594,15.816948259262848,15.866098259262847
5.027139024890662,677.0514288672089,912.0795454404181,15.537949621890512,15.587099621890511
339.0549004210624,677.7936341057426,2070.8205463794766,14.647675249102331,14.69682524910233
367.8370443151751,676.4980218736848,572.8349279429727,16.042957685677422,16.092107685677423
87.26486170941341,677.4726873490113,586.6639221006212,16.017057959054185,16.066207959054186
904.606362854268,679.8788409948847,4932.212100225704,13.70542705165146,13.75457705165146
963.0651685400719,678.1214963402316,604.8929359917685,15.983835130454596,16.032985130454595
770.7238347465425,679.2899234550038,496.01290886283016,16.199298964290968,16.24844896429097
609.373365696771,683.4496409440666,9914.575777231714,12.947346071350209,12.996496071350208
475.6510710817281,684.7995378284616,5298.368460839567,13.627676020302548,13.676826020302547
700.9072245878967,686.695033675657,14687.521894834375,12.52066009488816,12.56981009488816
838.543899716948,687.0273173478358,10483.320390606314,12.886784265243676,12.935934265243676
994.6675593433708,682.5358996627324,4630.829923645329,13.773884335031358,13.823034335031357
306.03353309199946,686.023768056895,1519.9139628541582,14.98348390066893,15.032633900668928
317.1302585487758,683.7071534648845,1531.1089033691942,14.97551620766333,15.02466620766333
509.4194977619973,684.7838729015986,1983.9940669079988,14.694180489767353,14.743330489767352
560.1422680951856,690.4511978737752,92816.43125809425,10.518969247410187,10.568119247410186
275.20947222090473,685.4610048829439,2059.985220674801,14.653371151089754,14.702521151089753
1044.2568618374407,688.2103770787918,3248.1841628822804,14.158929801097539,14.208079801097538
741.052926962711,688.1421750339923,2879.044831568507,14.289910343381639,14.339060343381638
490.9144046483458,689.8209084107663,5172.565673720723,13.653766378914433,13.702916378914432
527.6196465415645,687.2821957794944,31.397189143197437,19.19580448925728,19.24495448925728
642.2726056200294,688.4775755793536,715.0228760858789,15.802231570884693,15.851381570884692
851.9355203599702,689.516875072614,1800.0211848577478,14.799837371337404,14.848987371337403
880.3306353616091,688.5153483335354,936.5887765905636,15.509159039438952,15.558309039438951
970.9258671797608,689.517491853061,767.4512311912774,15.725404444573424,15.774554444573424
1072.493039780498,691.2032764244449,17414.605324947992,12.335747321711265,12.384897321711264
39.53066184985969,689.3177468256035,922.8524180374511,15.525200776232396,15.574350776232395
127.97778460819245,692.8447789014358,5924.390582556523,13.506422205169523,13.555572205169522
137.65699824405027,692.9275350914762,2815.8698003898226,14.31399998715875,14.36314998715875
517.6451959259394,692.4769678912961,381.17891117480383,16.485209249515172,16.534359249515173
795.1009726772195,692.1756711336116,689.9715981022132,15.840953377782295,15.890103377782294
206.6873780330007,694.6244006044733,2881.4532091533047,14.289002483376336,14.338152483376335
785.5804279971096,695.5007770368288,3069.8310887845178,14.220245212537801,14.2693952125378
935.8347321871065,696.6850228298565,553.0886067625366,16.081044631447824,16.130194631447825
1061.1820297161323,704.8481409973455,95062.7184832358,10.493005838596803,10.542155838596802
1009.3898324198981,702.4810053973495,9407.528272819502,13.004342581955683,13.053492581955682
169.83116851192165,702.2103978437726,18228.360713451933,12.286162377275627,12.335312377275626
64.56251143196678,699.5348833164329,513.3448770131035,16.162008331732256,16.211158331732257
907.2264796739024,700.4795329393505,2248.98164338723,14.558066635805249,14.607216635805248
380.185029360432,702.0442040940238,1106.2653569454965,15.328383131113215,15.377533131113214
493.5822370132561,706.7110223938673,7418.866423239722,13.262187533258885,13.311337533258884
472.94414846417726,704.3673106196633,1437.8637953966925,15.043737041052033,15.092887041052032
569.6469663104115,703.6703901398942,2331.5270130097533,14.518930283586768,14.568080283586767
588.6893902164411,703.0640473384927,1582.3073980997256,14.939804265854361,14.98895426585436
741.6180144534053,706.3971590891321,48838.903003454645,11.216116661288293,11.265266661288292
781.1703138173988,706.02023437722,6223.539842240204,13.452937726979902,13.502087726979902
793.3363268937584,702.4770261331626,658.5421005367982,15.89157255096613,15.940722550966129
545.9007570154434,703.6235597746735,507.03342399794155,16.175439939264106,16.224589939264106
579.0635807824356,703.0116689227355,2119.9857693631025,14.622199048223578,14.671349048223577
601.2752559332503,704.7632760819884,2235.7351889714964,14.56448050651606,14.61363050651606
26.02858018893273,705.2950210638011,800.4716777307344,15.679666486620487,15.728816486620486
133.9861833677086,705.6130120325487,5002.954887198897,13.689964945528372,13.739114945528371
962.0640168899791,705.6159135260547,1430.2337694318276,15.04951384242592,15.09866384242592
304.8151631380351,705.8012235288693,1569.3803729814183,14.948710870136157,14.997860870136156
338.73233849372923,711.7656326565522,223751.56022069254,9.563616231606627,9.612766231606626
627.9082709626753,708.3065039813374,8324.77771045484,13.137099798115354,13.186249798115353
972.9447832877742,708.2845582277531,2039.666338912118,14.664133590721383,14.713283590721382
75.8487879790481,708.0645902944418,597.9130457152386,15.996436339231028,16.04558633923103
983.805961480343,709.8402350384748,3038.952234822813,14.231221727330585,14.280371727330584
445.14823756441666,710.2726821100053,1573.777679972256,14.945672958304957,14.994822958304956
927.1514175836883,709.8964268949106,1619.595939074762,14.914514714543955,14.963664714543954
584.481019949407,718.2552816505305,292061.7676188104,9.274344639140732,9.323494639140732
805.7146677330649,712.0052756323962,617.6148160352833,15.961237147960041,16.010387147960042
558.1894149599176,713.162090383148,738.7669694132054,15.766762738170456,15.815912738170455
15.411646982774775,713.7642625083881,226.047219783584,17.05253348770445,17.101683487704452
160.93461436906435,714.8443810786172,2237.3147270160657,14.563713709031001,14.612863709031
383.9800814925681,714.4120537736133,5538.053426982411,13.579638559504284,13.628788559504283
186.16812723683057,716.5832470875973,6839.226148788044,13.350514001100985,13.399664001100984
968.5601427937363,717.4675607477235,2143.5876689288616,14.610178287239306,14.659328287239305
569.2741677595033,716.3388487002142,1173.025963692265,15.264762350266293,15.313912350266293
429.11322614275883,718.4425721874259,1244.4441822816839,15.200592858097744,15.249742858097743
326.0964591292791,718.7970568383763,1803.4133302628343,14.797793223649656,14.846943223649655
373.7999921928864,717.8829828065877,271.54715421106533,16.853418272979876,16.902568272979877
816.9371833987564,718.8912893268244,-241.72428693995212,,
715.9080349293649,719.4963269095576,345.41017136489336,16.592193606998247,16.641343606998248
220.67403237759726,721.2303091886724,519.2832901068014,16.14952054304336,16.19867054304336
281.64998616562514,723.2266293420425,17767.658307363232,12.313955928358844,12.363105928358843
387.93370772748057,721.4082804288378,4167.358158027824,13.888379345146204,13.937529345146203
501.68228253092724,727.264368672002,224272.01566675038,9.561093696609152,9.610243696609151
607.5173924796994,721.3578803606695,3454.0412212914207,14.092212621874832,14.141362621874832
74.60918215913135,721.3510245612121,595.0101675550321,16.001720444867605,16.050870444867606
159.85687207058513,723.9081376463388,2971.8395516330465,14.255468016583789,14.304618016583788
726.0970413749848,724.3968175662343,3610.23093619879,14.044193954005896,14.093343954005896
777.108629687989,723.2141098325781,397.90289553817314,16.4385886636528,16.487738663652802
461.8464305366654,724.1057986097017,300.30590707060014,16.74412172511487,16.79327172511487
523.2814367431964,727.3445319176873,19012.055437417228,12.240458732477585,12.289608732477584
760.7415347295263,724.2149591949506,2436.320588255545,14.47119532431224,14.52034532431224
805.0081086742556,731.4678336092597,38674.12131274097,11.469480274479508,11.518630274479507
474.5884338575672,727.6701643492527,5988.421857428775,13.494750445334812,13.543900445334812
667.7699105803948,727.7814489383807,2019.5024626299555,14.674920444707901,14.7240704447079
377.62954051647864,727.5411021475,-143.39288708638992,,
389.6187749009802,727.4863220969912,1456.1906407321326,15.029985823908337,15.079135823908336
59.20661395774224,729.5231183522727,3112.048203871658,14.205415624080718,14.254565624080717
1036.0726923886486,729.2638288492826,406.79243177858103,16.414599251348942,16.463749251348943
314.59660775210705,730.8302257126728,1115.010780911904,15.319833746076041,15.36898374607604
424.3647567447452,729.7143069909972,584.0933955106375,16.021825673467397,16.070975673467398
594.7573008966696,730.883417281255,1500.8246010250637,14.997206562681185,15.046356562681185
254.70168199382593,731.435244721205,388.8679519139463,16.463526030538638,16.51267603053864
717.8393411254059,731.8331675189906,741.4898583339249,15.762768374000999,15.811918374000998
728.1000733464668,733.4759826088061,3045.521727382429,14.228877156958546,14.278027156958546
1067.1361299725604,733.4510416291163,4713.592533910489,13.754651319289529,13.803801319289528
879.3861213491556,735.5754886991652,1571.5923083723033,14.947181675853297,14.996331675853297
19.3918490954563,736.617294559608,3697.4341716854187,14.018280285813685,14.067430285813684
168.14060778512368,735.3167393949012,878.1124114854997,15.579156123356475,15.628306123356474
190.13436164335872,736.4508591581252,4012.739035533562,13.929429120583354,13.978579120583353
659.4217763184778,741.4440001237638,3879.555885816617,13.96607638156584,14.015226381565839
899.4944193212505,737.9763512039015,196.40189209680847,17.205167244002013,17.254317244002014
385.9431340933694,740.1025756391774,1099.272774463286,15.335267732468274,15.384417732468274
603.203600722441,742.6274554868301,1313.6249855970796,15.141852911737374,15.191002911737373
444.485767337849,747.7203022610881,24775.64052740414,11.952969184531007,12.002119184531006
823.4128749165842,744.1005058039284,529.8341363998575,16.12768157297348,16.17683157297348
2.0928420540667187,748.5921008863825,3721.582284258847,14.011212348212265,14.060362348212264
311.9704952095582,748.2875040335216,4685.578211983998,13.761123433576381,13.81027343357638
888.8983640622314,747.3513399238626,1195.2370954803605,15.244396253743997,15.293546253743996
674.7632233574141,748.9334417184265,2788.225855784399,14.324711536991407,14.373861536991406
328.9720090412787,747.6842525777541,273.2698197611299,16.846552236571707,16.895702236571708
84.97591065477054,749.8640535347013,1223.2198833274965,15.219270082749656,15.268420082749655
282.7487253074407,749.2671674309537,840.7209652589514,15.626401718303772,15.67555171830377
686.3169035681419,753.9204851213888,14724.639990709215,12.517919699122999,12.567069699122998
833.9903973481627,753.1712093819473,2885.514602210905,14.287473221428762,14.336623221428761
1072.3614119172778,756.5199064656749,11914.164320528715,12.747872448428426,12.797022448428425
231.82828592879218,753.5738335576103,650.5060816673067,15.904903009463915,15.954053009463914
273.6819164478905,754.2671091287446,743.3318058712333,15.76007462268717,15.80922462268717
583.7970880604059,755.3887479002751,1794.1594714023795,14.803378807214816,14.852528807214815
866.5832874948491,754.4602025070653,157.17307678293486,17.447086025204698,17.4962360252047
1020.9708842056758,757.8593318211163,8307.620253458681,13.139339821338758,13.188489821338758
487.92485975163055,771.7517214891838,1665610.8616867643,7.384097551766223,7.433247551766223
981.0439623703807,757.264959580635,1762.1194576663747,14.822943045493245,14.872093045493244
91.26377243066172,757.7767107497698,499.64358475528013,16.19138062345407,16.24053062345407
129.8292924225581,758.4664512818505,745.5542823702415,15.756833239735878,15.805983239735877
167.42781225972792,758.4510098857481,864.1062407448925,15.596613558180131,15.64576355818013
297.21287517793803,759.9740340365998,2445.7902966458646,14.466983368301985,14.516133368301984
460.21751339500986,758.7688504144337,551.2688764435052,16.084622728048735,16.133772728048736
630.9497602154454,758.9639799357997,1234.3552962088597,15.209430950453266,15.258580950453265
53.37445035897265,763.8053742374675,17698.356415696406,12.318199070374948,12.367349070374948
337.54830028790747,760.0282610486807,3129.4848180298704,14.199349289908053,14.248499289908052
607.1406117168418,759.0899101690203,363.2282239456919,16.537582444517025,16.586732444517025
898.3184050379106,760.2739043559595,2271.2250685269564,14.547380979829853,14.596530979829852
910.8950070392577,764.7850136080722,89231.16643268004,10.561739987110235,10.610889987110234
77.5038282108588,762.6592887986997,4366.172933552178,13.837779079776475,13.886929079776474
749.1306606298295,761.2774428177581,605.4509230795437,15.98283404828879,16.03198404828879
359.8218544376087,763.0507258127185,3443.1002222928037,14.095657251447895,14.144807251447894
660.1838297344999,762.0482859206749,290.5073761793821,16.780138502701874,16.829288502701875
246.01758524959016,764.492342938051,1630.0459224175756,14.907531813136698,14.956681813136697
27.86925988119745,763.3960134719006,279.86022339757596,16.82067847126974,16.86982847126974
330.0018725346542,765.3161403671112,3478.3474029736362,14.084599024016075,14.133749024016074
119.24725168843457,766.1152293945079,5375.8244475618,13.61191871745684,13.661068717456839
595.934095310839,766.4906303228502,1376.0935921303658,15.091411481107235,15.140561481107234
853.6488316835472,766.7302661784775,231.2974597775214,17.02760425454366,17.076754254543662
1027.2668253993559,768.5060059324356,4044.249387861567,13.92093659137035,13.970086591370348
405.72902443827246,775.1549388393859,27136.761866514214,11.8541363534562,11.903286353456199
682.1301070687651,771.0616121287504,534.4849292719285,16.118192752365324,16.167342752365325
212.88153068285538,773.5725536866328,3595.0262150213784,14.048776258404839,14.097926258404838
522.5320100102231,775.8920272443734,2654.6145961178654,14.378027717480077,14.427177717480076
1032.787590061393,774.4472648494888,3259.718532314993,14.155081158549631,14.20423115854963
707.4897452660082,784.5105528052211,153977.42917310132,9.96938875165386,10.018538751653859
250.9710722589214,775.9236897340361,557.8044945392511,16.071826389209328,16.12097638920933
293.461432278906,776.7116638422973,3871.880691077022,13.968226496437595,14.017376496437594
573.1752295079186,778.4942600383707,4173.377265501154,13.886812297708119,13.935962297708118
1016.1974773302292,775.4153730489091,-163.85698548399546,,
56.30673952484171,777.0992510761641,1249.9197844042628,15.195826056543337,15.244976056543337
261.67565494615985,777.2216897100515,1175.7751219435677,15.26222074550687,15.311370745506869
367.4724003485343,776.7057783351758,-137.97960416734077,,
505.9810049665718,776.3699835453282,3338.672991253616,14.129096702822736,14.178246702822735
972.9263513939399,779.7338937021201,10147.997162728892,12.922080569632527,12.971230569632526
449.855820125808,783.6334198422777,25139.785438331543,11.937127495514314,11.986277495514313
611.4396749050521,777.5494937564945,922.0716923697241,15.526119689015044,15.575269689015043
946.3282949932985,779.2253122814336,3385.4901434798608,14.113977528122115,14.163127528122114
41.03537479471821,779.3883306161977,202.2236938738294,17.17345131477644,17.22260131477644
766.992694883328,779.5381941038798,841.1001141820086,15.625912182615625,15.675062182615624
1046.7178415853411,781.4868610162271,8166.5149390617935,13.157939510295767,13.207089510295766
857.8698344611779,779.8889815562368,1563.385424201722,14.952866265912526,15.002016265912525
900.7602893198042,780.8544653607189,888.7132467346671,15.566127278440662,15.615277278440661
851.9703754544637,790.1079841650745,4591.513488957928,13.783141751131295,13.832291751131294
65.1577926785249,785.0089373360297,711.2257195696526,15.808012779094893,15.857162779094892
283.45741728916363,784.2271535744449,1083.622610904636,15.350836266300467,15.399986266300466
751.300705264677,786.1528512421705,2211.276102724701,14.576423981142959,14.625573981142958
285.2438892063027,788.8346304062396,1241.1246664335924,15.203492894991253,15.252642894991252
414.86960835864096,788.9715032123529,1253.2383271281951,15.192947241915753,15.242097241915753
738.7370386260731,793.256864324904,6589.824568918333,13.39084677951426,13.439996779514258
299.486875619597,790.2895590939131,1723.7000419608985,14.84687718194895,14.896027181948948
627.8863897308348,790.3618230462224,959.5587413975663,15.482852497118198,15.532002497118198
20.896007822948103,794.6855262291735,6673.50904276878,13.377145779237058,13.426295779237057
130.942540186658,793.1504084200855,3756.1306812073176,14.001179678474783,14.050329678474782
1026.9626417054199,794.3793119030979,7253.734050037245,13.28662734089699,13.335777340896989
47.764528573396795,793.8225465955845,2795.6456450538435,14.32182610576982,14.370976105769818
579.2307135591338,795.1339836237169,6260.614194799136,13.446489058523023,13.495639058523022
79.29671951152977,794.9318428141241,458.8101892628124,16.283948777061653,16.333098777061654
975.4668794650102,794.5847567032782,181.21071973161298,17.292571699202476,17.341721699202477
406.4476810259341,796.4329283245446,3855.497095321594,13.972830461772748,14.021980461772747
917.0194500332117,797.0770667870049,8152.088049871853,13.159859257961308,13.209009257961307
952.9511910857462,796.52657892444,158.23700891769062,17.439761249798227,17.488911249798228
172.33780951715931,798.4317320975431,1267.483828947277,15.180675344590504,15.229825344590504
673.1428921628888,799.5927117847912,895.8062514703638,15.557496190233632,15.606646190233631
757.1113217332654,798.8028132906629,1408.6708014388992,15.06600763056531,15.115157630565308
780.4547183723773,798.0344196001871,368.6734953723627,16.52142662123363,16.57057662123363
897.0175667822667,798.7771095338741,3081.9596776146727,14.215964031474387,14.265114031474386
367.6337792819159,801.5751739415772,25843.837941939724,11.907138889793385,11.956288889793385
561.3488138597163,798.9611308365795,958.6897476759596,15.483836204927872,15.532986204927871
694.5470463882853,797.9157378140919,557.3753868703341,16.07266194545033,16.121811945450332
198.17198556238372,800.4702229678393,3037.5272314039603,14.231730962271874,14.280880962271873
420.0227783667314,801.0627041840199,3661.164444079561,14.028983322452268,14.078133322452267
927.403993497886,800.6942836255027,2678.459302795195,14.368318782506366,14.417468782506365
398.88275252898245,806.1457446980753,141746.9095454552,10.059247415174227,10.108397415174226
621.2321386993651,799.989218853873,549.0772361279423,16.08894781514254,16.13809781514254
437.0429559545771,802.119459748345,1000.0214637814158,15.43800810869213,15.48715810869213
313.7296980315799,803.2850016230659,-98.08509731993968,,
19.99490066331409,806.5537773072035,3317.96799314317,14.135850931755254,14.185000931755253
837.1073857662512,806.8606494041686,11597.94795067266,12.777078523977417,12.826228523977417
958.2093441122653,806.3986555277638,980.4216902364374,15.459499135581897,15.508649135581896
968.7558639887177,807.4332271888353,2250.2768720329595,14.557441520947707,14.606591520947706
3.726598687961329,807.1934155649076,689.6180891507374,15.841509800433567,15.890659800433566
297.0049754431191,808.1498806806613,7425.457867512631,13.26122331689997,13.31037331689997
486.69458282576073,814.818811783481,340966.9730032538,9.106250627260755,9.155400627260754
750.4263311781842,811.607378684277,23853.497888281498,11.994151229457877,12.043301229457876
136.98328922851647,808.1756865671565,716.5386777733604,15.799932317482776,15.849082317482775
535.438743786385,809.4639033108459,624.6583311883703,15.948925070898845,15.998075070898844
941.1406233149994,809.1830095589075,948.3521428452234,15.49560733783225,15.54475733783225
207.33323694908614,811.1993702383996,2931.1879407130373,14.27042224932745,14.319572249327448
240.33908153560424,810.3188235472039,201.66815039205576,17.17643812453965,17.22558812453965
787.8691557507595,810.705070936447,259.63240030376807,16.902134191402517,16.951284191402518
197.82885610761915,814.7168173704223,8738.539181512017,13.084434317826787,13.133584317826786
375.4312640412026,814.8397901353687,7159.581928838461,13.30081225447708,13.349962254477079
627.0108547325497,813.780452648347,2833.0218822837423,14.307406589877976,14.356556589877975
693.2931483262888,813.750978702367,1336.2923210087342,15.123277730581773,15.172427730581772
367.94248588795125,814.3776409974029,5624.503784217553,13.562820879169074,13.611970879169073
637.9238004542759,813.7205029251263,759.7464129119189,15.73635976678001,15.78550976678001
155.73339369434044,814.3648211852196,910.1981135115191,15.540191584829362,15.589341584829361
727.585608582009,815.9550558340596,5597.99327653838,13.567950481142347,13.617100481142346
805.6246723304773,815.599775320398,1296.3971536639715,15.156186240357867,15.205336240357866
1009.3040465245044,815.2652589784949,527.7751016761862,16.13190916723113,16.18105916723113
329.4236147385819,817.1579126355842,1718.3353145186595,14.8502616233773,14.899411623377299
1.8739545365998225,816.4543435250002,1056.446978458688,15.378412149133492,15.427562149133491
408.5267835780669,817.4518669730588,6077.001413661654,13.47880806900905,13.527958069009049
207.0763794953559,819.0481280033047,2478.4483023619387,14.452581751340961,14.50173175134096
278.7341536129734,823.3782457463668,135084.1258699701,10.111520620426896,10.160670620426895
990.9718731759787,818.5201670184128,1278.377581469782,15.171383547590143,15.220533547590142
234.13936212557306,818.9199436562585,1117.5860389513582,15.317328992772426,15.366478992772425
943.6670812611368,824.9861913381807,48974.21703472834,11.213112658626288,11.262262658626288
1053.013433024097,824.6250950514328,12938.417305413113,12.658328526399366,12.707478526399365
567.1186271965336,823.4567520069551,3126.848158915717,14.200264431873762,14.249414431873761
173.59450584022713,826.0964577977791,8441.794216584503,13.121944509286296,13.171094509286295
885.4048392415632,825.2218624024226,8072.041909283787,13.170572892319397,13.219722892319396
1028.381671377738,824.1473152848777,1208.8003899099954,15.232144933904653,15.281294933904652
329.8603578720366,823.2668492860025,1952.0983451520053,14.711777179221167,14.760927179221166
311.35932887221793,825.2153760611742,724.9160816619976,15.787312076641705,15.836462076641704
674.2473369480978,827.651474657753,3838.7371387933135,13.977560476435503,14.026710476435502
725.9773057827533,826.6486614612662,382.5823317082478,16.48121913817393,16.53036913817393
1077.5083008200495,828.0509843220824,1838.4710461421698,14.776889425927749,14.826039425927748
345.6946812191786,829.4538258568111,406.2610006184633,16.41601857782874,16.46516857782874
219.49366933709646,831.6447742590964,724.9223061964167,15.787302753944177,15.836452753944176
79.64870474644519,833.0537550626558,296.9372498575616,16.75636970767134,16.80551970767134
563.8227424934984,833.2389327387351,1653.9732438118474,14.891710213127872,14.940860213127872
613.2270041657091,832.3386315748301,259.5458533994002,16.902496175394266,16.951646175394266
518.3697458564174,834.4204373373284,195.62994524843927,17.20944307899713,17.25859307899713
533.3244973469407,835.5159834606085,1229.8934564912188,15.213362685193822,15.26251268519382
790.9941977348707,836.1663985249613,1474.0279647854254,15.01676710520485,15.06591710520485
802.8224340201155,835.1175562884611,752.2404979851682,15.747139635935,15.796289635934999
323.9480830993619,836.6250821789209,778.0954542678364,15.710449217148186,15.759599217148185
639.0800657897119,837.2780153221654,662.2067838472581,15.885547348738339,15.934697348738338
907.3702954897176,838.2417196775302,3143.6455788444855,14.19444747029138,14.243597470291379
280.80092762157796,838.8497517770643,2340.370968772887,14.514819656825402,14.563969656825401
654.1763876301834,839.4571306058647,14236.636916669891,12.554512889516147,12.603662889516146
1020.5521233133619,838.8750004258537,2203.2046933127917,14.580394292304018,14.629544292304017
121.33727940541715,839.0599455415484,1006.8030404358292,15.430670116445436,15.479820116445435
601.3921878169526,841.5396016903165,4777.45988633368,13.74003878941212,13.789188789412119
743.663040848504,839.2423704970724,1297.1833642303245,15.155527986413784,15.204677986413783
960.4474947152534,840.7352367391738,2350.071382933297,14.510328777253228,14.559478777253227
1012.7985966084951,841.3081318787825,1441.3953570652502,15.041073615439615,15.090223615439614
18.870023090149854,840.5318303556693,675.3018697905779,15.864286531931857,15.913436531931856
224.9259833335031,841.324506988816,1587.0236491997725,14.93657291622673,14.98572291622673
574.269440553641,841.9386249371851,2663.193542510842,14.374524589674316,14.423674589674315
112.39022902873351,842.5839112007696,1555.828999687014,14.958126756926461,15.00727675692646
316.31941761507716,842.3727913569473,517.1436295677181,16.15400346445236,16.20315346445236
789.0823753058235,843.7435110304841,1650.915863159542,14.893719061053151,14.94286906105315
922.3774922349462,843.3187258563128,343.06142325332155,16.5996016998633,16.6487516998633
476.68633989497573,849.5627645207265,10261.742776489013,12.90997860165295,12.95912860165295
512.7060763915521,845.1893709735235,185.20513246982347,17.26889886786102,17.31804886786102
773.2852157735575,845.9135785829836,858.0124979467591,15.604297377703107,15.653447377703106
537.331662232432,847.0760389136714,3616.2383001535945,14.042388808552419,14.091538808552418
940.9263304530516,848.385911819625,12655.780991404325,12.682309035591283,12.731459035591282
991.5662018980084,844.9981922109293,295.01912084465187,16.763406001245162,16.812556001245163
2.2814533906192844,847.6859884228822,4526.306754774514,13.798671453892855,13.847821453892854
426.24873264211044,846.7845811509902,539.0289716048352,16.109001142012357,16.158151142012358
841.5847886406495,848.6399156315017,1572.4906970501822,14.946561200415225,14.995711200415224
1050.547767621714,847.5710329417939,1712.64114668807,14.853865477799364,14.903015477799363
14.985976288360177,852.5115693519127,1090.071932684712,15.344393518656359,15.393543518656358
418.6249179311239,852.1863765171864,1329.7730259889806,15.128587614488708,15.177737614488708
530.6773839161131,855.4930125541053,17804.379399158304,12.311714311877305,12.360864311877304
71.43010756823827,852.7284795922882,1626.227397106225,14.910078229037893,14.959228229037892
184.37654778027039,852.7517484736053,655.9310994243027,15.895885856352619,15.945035856352618
1031.9561436913675,852.620137145507,784.1014623464924,15.702100752909894,15.751250752909893
488.3104107975224,853.9656694552426,2356.3220058365346,14.507444814516603,14.556594814516602
506.9955307487247,855.9232851749928,1243.603333716794,15.201326718491089,15.250476718491088
1045.2558629523087,856.1109868230211,4883.0289600585365,13.716308162479534,13.765458162479533
572.8800313385916,856.1553873970685,3218.0706819602974,14.169042465580873,14.218192465580872
230.20952217876481,859.5998035035594,8088.342443097702,13.168382587270349,13.217532587270348
480.7008510777516,858.1902939674861,5458.4457472848735,13.595358917163566,13.644508917163565
513.5998244278779,857.7091784504713,934.9055809017377,15.511112031692964,15.560262031692963
659.5212545067155,859.7761536450107,5141.603190218952,13.660285021522022,13.70943502152202
834.0172891911512,858.0360191395997,1378.3297567155146,15.089648581889646,15.138798581889645
343.81344497949544,860.7068847229784,2786.7491487137477,14.325286719612542,14.374436719612541
624.6934287021098,859.2842226838909,2507.766863334034,14.439813513742305,14.488963513742304
53.170971232311146,864.3966647119711,21953.956703617623,12.084249403997923,12.133399403997922
93.99692865498791,861.8587297609782,2040.4112555270704,14.663737136032154,14.712887136032153
670.8604402484319,864.4551010189803,1749.8495210051515,14.830529655026616,14.879679655026615
986.8258152005208,861.157063696959,545.5239395798261,16.095996878026227,16.145146878026228
907.1752929876354,862.4099173631593,106.367184193794,17.87101225612421,17.92016225612421
65.00303919924502,864.8772797635839,5077.665851262874,13.673871118388453,13.723021118388452
534.8804786093214,864.3183596714197,4770.60825580622,13.741597023913892,13.790747023913891
353.05883031818007,865.4604237593262,2453.2392758437254,14.463681639861035,14.512831639861034
418.89913859195036,865.2579390463086,5947.837477800479,13.502133679709324,13.551283679709323
187.9898721222557,868.5706266456557,10723.062190915974,12.862234350474935,12.911384350474934
324.0025028518483,865.7863496981718,600.1701188058689,15.99234548987603,16.04149548987603
550.085653476408,866.419749708109,581.2783396912805,16.02707106234025,16.076221062340252
281.9830448863917,866.7368265871776,312.15479753250924,16.70210637738194,16.751256377381942
879.5209810964112,866.1484620259702,347.3926004388248,16.58598000341252,16.63513000341252
468.7244385376083,869.4785118289492,8832.260501545623,13.072851737957034,13.122001737957033
778.0192592708887,877.3397378113162,647283.9562182878,8.410294305963959,8.459444305963958
814.8650942189892,867.2059333939817,709.0988352325458,15.811264482441707,15.860414482441707
426.81065996566593,872.0332101622929,40124.52578893029,11.429506630594528,11.478656630594527
451.6846654673025,870.6187011957702,11229.058896965867,12.812173013106705,12.861323013106704
439.8197868572851,870.2407882219842,3356.700304313246,14.123249992595266,14.172399992595265
827.9730369771415,871.9661739195683,1537.8040582839303,14.970778905751839,15.019928905751838
225.22417155776088,871.6210889704437,1550.2655641843285,14.962016161890453,15.011166161890452
924.5330667708945,872.0470253709389,893.5513488397318,15.560232625611132,15.609382625611131
159.76582191888235,873.6363634545836,5179.6648883925745,13.652277255279365,13.701427255279365
514.0765665127777,874.3409852025823,4537.720681837531,13.795937013714285,13.845087013714284
651.3327569254556,874.1565217082939,9028.294714455518,13.049017093706148,13.098167093706147
623.7797937030687,882.7880607939259,490341.6158952253,8.711784527655295,8.760934527655294
728.5957096014771,875.7609007999112,7496.007922708749,13.250956320206328,13.300106320206327
216.45566844249635,875.2761971543656,1552.1407173577632,14.960703682638524,15.009853682638523
691.2824214880312,876.7759832043977,4963.454310374538,13.698571341288527,13.747721341288527
1068.5839148122345,875.8507305335363,1864.574722530158,14.76158193162879,14.810731931628789
133.71260783635543,878.4666843428691,11708.331028793997,12.766793930667301,12.8159439306673
149.64863819147007,879.8338145741491,23126.015001837943,12.027779404862327,12.076929404862327
976.6360336851458,877.703680808564,18377.461489661386,12.277317609072092,12.326467609072091
741.6216965115648,878.5309892086077,630.0052518793966,15.939670987809741,15.98882098780974
931.6740059660177,888.7663555603467,407205.2740276357,8.913497926831962,8.962647926831961
530.1386484987831,882.5794605044367,30915.073918595663,11.71260568933804,11.76175568933804
762.6526910046176,880.341197032802,2730.710577615433,14.34734223094145,14.39649223094145
341.7278643526319,881.4841424276276,-96.03768760276623,,
330.02265678007035,883.4118725242611,747.8344683183121,15.753517716754875,15.802667716754874
887.7860257683677,884.1570273478898,1084.2516853762752,15.350206147709468,15.399356147709467
316.05643660837836,887.8529803845021,38206.057280089924,11.482700856294754,11.531850856294753
95.77394617741689,886.5816392724795,2715.8639966902974,14.353261367871163,14.402411367871162
519.7809200504958,885.0827290235032,2924.722534283573,14.272819734303104,14.321969734303103
898.3054855606329,886.2817724338456,304.4630816503714,16.72919481540673,16.77834481540673
1056.230432679156,894.4658579254681,17797.165620145897,12.31215430745333,12.361304307453329
432.20776094485905,888.5677210693904,-33.039897674244685,,
725.255321244233,891.2722324176559,2741.353627049915,14.343118757590553,14.392268757590552
833.7207052214502,894.3377040280573,31923.323466880207,11.677761166261194,11.726911166261193
671.1108746734354,895.4962752736719,78759.16562860552,10.697278645965637,10.746428645965636
482.5975370246733,900.3604878717402,291672.10298914294,9.275794180036979,9.324944180036978
769.677565092133,897.4439511654912,8321.051199419646,13.137585926867228,13.186735926867227
325.19248349269515,895.4267414512401,685.0584095782605,15.848712407525486,15.897862407525485
370.50803385373246,896.3107741193238,884.781702535917,15.570941080556613,15.620091080556612
459.881921364713,895.1573822693125,1668.638613503354,14.882125689316014,14.931275689316013
818.2142651460558,895.9123199051827,1729.0934533198806,14.8434852462596,14.8926352462596
1071.9405637148757,896.8727619273155,1740.0330268881135,14.836637683609167,14.885787683609166
413.19365457463306,898.4582149858644,4137.432621011765,13.896204076792948,13.945354076792947
599.0643416471827,897.316078831933,1923.9320897775683,14.727557066418967,14.776707066418966
303.53526830695097,898.0401745779754,954.04535852144,15.489108854912569,15.538258854912568
781.6214512264191,907.7439318796977,439482.51506803767,8.83067740937448,8.87982740937448
241.5521245130937,899.6273848670264,916.5822455508714,15.532602810978652,15.581752810978651
256.5741133769382,899.7376795867021,844.4980491257048,15.62153478583452,15.670684785834519
647.2359102629986,901.0077089512833,4095.9933359036195,13.907133308996071,13.95628330899607
656.3971314153633,900.1028455337073,1350.7037237437826,15.1116311695254,15.1607811695254
580.0813121774553,901.6545731606053,1243.7074073224917,15.201235860135624,15.250385860135623
882.1737810492692,902.8319433814794,2458.45869574698,14.461374122044322,14.510524122044322
283.5627735361412,904.9928021162331,7078.462759186972,13.313184033649705,13.362334033649704
80.24303715603624,905.4575290562254,337.0716758804464,16.618725761681404,16.667875761681405
136.08904703952945,907.0897400671507,2401.3211978736526,14.486905775804248,14.536055775804247
524.7794340441607,905.4305684803543,194.1400383038781,17.217743635010308,17.26689363501031
981.0858533592914,907.0736255797275,3596.692919115139,14.048273012664604,14.097423012664603
10.733682250301845,906.6118223472854,35.46363112158994,19.063573410050466,19.112723410050467
536.6162958470354,906.7892757301867,2319.8655577809886,14.524374369622027,14.573524369622026
193.0208321726934,907.3737783059232,1086.6613242100798,15.347795886971133,15.396945886971132
258.44453987509854,908.1135627576881,983.2674771446982,15.456352226089608,15.505502226089607
320.7428839568162,907.1786169217518,232.7770810334991,17.02068086759085,17.069830867590852
738.7289872455575,919.9859076099985,524038.91652978794,8.639622562322405,8.688772562322404
149.71652528331353,908.9592911747499,1035.7478026963709,15.39989636087066,15.449046360870659
939.646359438103,910.8802881951157,400.99951059730586,16.43017180598979,16.47932180598979
170.363517110399,911.8971034627427,693.0515139498318,15.836117621037303,15.885267621037302
849.6886328814196,912.7152081487177,4228.584186735816,13.872543959028805,13.921693959028804
640.2116174146629,914.8547196790765,6698.692009728999,13.373056386445528,13.422206386445527
697.5551123672751,914.4706723583098,2049.63248251555,14.658841424593163,14.707991424593162
1018.4643710315006,916.1366994274282,1747.1676592869553,14.832194957073659,14.881344957073658
161.92626824464554,913.9478045282729,732.1347035230258,15.776553929695812,15.82570392969581
454.09603840092933,915.831542249804,1342.456535088016,15.118280828988787,15.167430828988786
889.2907338213269,915.596346100939,-111.72133485630387,,
99.36210807101087,916.9912308012944,448.78052039146013,16.30794641788528,16.35709641788528
841.7287145371832,919.5009398604141,6058.210104263715,13.482170584977599,13.531320584977598
1035.8450305413219,918.2452107641063,1226.9318524595865,15.215980309057525,15.265130309057524
252.37294991414126,920.0830157428844,2991.0860200811762,14.248459154935688,14.297609154935687
677.3405671706103,935.484888404973,571661.6361782982,8.5451837924808,8.5943337924808
973.7063434921266,920.7905704521389,1223.8934720486673,15.218672366523265,15.267822366523264
19.990052080328294,920.8102105683079,2020.7786859580535,14.674234531095557,14.723384531095556
59.52565873326409,921.4571244773343,1644.1770555124199,14.898159954114673,14.947309954114672
434.00487157145676,921.7416690826609,3838.1036352325373,13.977739669354461,14.02688966935446
631.096322392489,922.6148122467763,6510.900036330591,13.403928843563046,13.453078843563045
994.7504770187463,920.270876619817,824.6506834685842,15.647356354309288,15.696506354309287
410.0848260390522,921.0309663619006,498.3249635955758,16.194249803187198,16.2433998031872
721.9294283606562,921.2908656627461,1158.3919351738978,15.278392599278163,15.327542599278162
989.6304169455664,922.0305622652432,450.52261316557474,16.303739926231295,16.352889926231295
460.4222520452179,923.4672806818047,4585.355662121725,13.78459884427103,13.83374884427103
532.1142550971997,924.1697629133367,2889.5549496824124,14.285954018168638,14.335104018168638
236.87666953977498,926.3923425341818,3043.4436926586227,14.229618234454094,14.278768234454093
310.38456434317595,930.8578592289196,70275.4280672008,10.821022663206223,10.870172663206223
325.4129896883341,925.6219834440197,1310.22621552071,15.14466570065307,15.193815700653069
1009.4330910348415,927.0233524056789,2338.0022699651026,14.51591909124087,14.565069091240868
37.20068615306037,926.9323648296972,1450.0939555012685,15.03454105680089,15.08369105680089
345.512419583158,926.8153596132908,698.6048689156491,15.827452392144766,15.876602392144765
518.057231701752,928.3784237979341,6225.735710837807,13.452554711269169,13.501704711269168
941.4556071938002,926.362539132837,419.82189264259785,16.380368706976174,16.429518706976175
484.02896457854405,929.0423205634717,7124.766665156231,13.306104797831008,13.355254797831007
606.4626508896517,927.8104714479872,-664.0267904107834,,
624.8323022979703,930.1415447207659,6856.155835865535,13.347829711815942,13.396979711815941
1033.6593985989384,930.6175628188283,2901.202358773623,14.281586357732479,14.330736357732478
333.73549623384156,932.0088608708387,1426.1663113971472,15.052605978898091,15.10175597889809
407.84377498577106,929.5129679480543,1689.3469663056976,14.868734271827785,14.917884271827784
434.54972036075225,929.5858557991968,2322.620499796254,14.523085775277535,14.572235775277534
502.8129726507214,931.1036432760212,7370.634966816011,13.2692691545677,13.3184191545677
90.04372803394344,929.7023019644138,951.9694888305467,15.49147383939739,15.540623839397389
97.1102697957572,930.1196864026934,1224.406864260538,15.218217023270174,15.267367023270173
127.08143004967616,932.5890253209914,12751.758787375486,12.674106189938573,12.723256189938573
146.86773355892956,932.7386159958639,7917.196692083211,13.19160282610931,13.24075282610931
354.7344195273802,931.9064310860068,2510.3340220084415,14.438702632385791,14.48785263238579
229.20835093533205,931.0885934562334,6117.209060151912,13.471648104728803,13.520798104728803
417.660938927549,938.7034964355606,153538.57057255512,9.972487679808834,10.021637679808833
222.88557929248023,937.1846354143705,11716.910659638452,12.765998616247778,12.815148616247777
772.3310917849745,935.9644039100621,255.6229576995091,16.91903177352652,16.96818177352652
999.7947741217638,935.7408551736543,463.9792707398856,16.271784967548548,16.32093496754855
899.172557357733,936.538139805917,728.8857621683815,15.78138274510706,15.830532745107059
20.24634185218048,939.2844654358231,2936.4815329764706,14.268463227484558,14.317613227484557
264.93276914456493,943.6289763396505,10011.996180163322,12.93672972434264,12.98587972434264
697.3893995025525,938.0223445316885,2111.224634261704,14.626695300719316,14.675845300719315
524.4485635554529,942.6032942349526,17670.152489612243,12.319930668969544,12.369080668969543
962.1597005850087,944.1367925805283,54259.59415026403,11.101840059918421,11.15099005991842
986.3773936080385,939.7410419651017,2824.2320227483333,14.310780479956847,14.359930479956846
315.7826753982117,945.0656930740996,24576.250599346014,11.961742345466355,12.010892345466354
1078.2346318441853,942.2962826833286,742.3995698556012,15.761437133492176,15.810587133492175
56.6913395794215,944.5631563937252,9015.087837649105,13.050606505981794,13.099756505981793
178.2437937152896,943.6048139532849,2722.9383842684083,14.350436877288939,14.399586877288938
655.6576984029753,943.0636094280778,1286.843670021074,15.16421693596067,15.21336693596067
766.1681690984781,945.9231033519093,8250.510511813423,13.146829357555438,13.195979357555437
95.30734300118728,945.3977236931048,1501.4223262375149,14.996774238539999,15.045924238539998
286.15949229895836,946.3600447806288,9416.606128330404,13.003295398914618,13.052445398914617
485.03527880391084,946.7008575537985,10019.926856472794,12.935870034253822,12.985020034253822
722.2055222695095,947.9358517809509,12232.621506048366,12.71923256674696,12.76838256674696
739.6289310175032,945.7499739085735,307.62873165547717,16.717964175189557,16.76711417518956
663.4713985950083,947.7134903287234,3907.0377179799984,13.958412402792948,14.007562402792948
974.8956116886322,948.8951224281093,3197.541800510055,14.175990835971604,14.225140835971603
118.33607797236016,947.5241041076097,136.06671614140248,17.603651653514877,17.652801653514878
200.23349233463662,950.9398240738057,4473.13236125253,13.811502039298055,13.860652039298055
942.6578028814246,947.7016700002965,317.82796825466363,16.682551133350174,16.731701133350175
1053.4294744541241,947.3973859467259,377.21339285151475,16.496563652851698,16.5457136528517
405.1832347293258,947.8479860805836,1045.5642155191658,15.389654634748432,15.438804634748431
512.7202302574253,953.564232156274,26708.644066448258,11.87140181120701,11.920551811207009
554.7511596953457,951.6038724848352,25717.85010789553,11.912444760496406,11.961594760496405
709.2911606135198,948.3407268848032,101.12554812437818,17.92587919093293,17.97502919093293
26.028721904916775,951.2577425341872,5085.466753984163,13.672204363755482,13.72135436375548
247.87359404782546,950.1483910507087,185.35453625677025,17.26802336454484,17.317173364544843
476.05310002909545,950.6314981371487,5575.903489783046,13.572243291964107,13.621393291964106
921.2606711718981,949.5322453526969,3617.844093244106,14.04190679365971,14.091056793659709
214.2735140416545,955.2327008390746,6445.687254824412,13.414858338220927,13.464008338220927
432.27954760561136,952.1437917980759,587.4966280500896,16.015517966676292,16.064667966676293
489.71548217055135,954.9706222448003,19740.642069249385,12.199628227200563,12.248778227200562
502.9723144579478,952.9359756639085,5561.230966813007,13.575104081457564,13.624254081457563
127.84951874120011,955.6593969044925,8253.116523420016,13.146486470362365,13.195636470362365
3.16947047192837,954.0246324948305,275.37891772820757,16.838204690516285,16.887354690516286
928.5218298520733,954.8271194358149,10393.202534112213,12.896157936098016,12.945307936098015
373.8412851855155,956.1453609911333,8112.50165326408,13.165144416661018,13.214294416661017
679.8786535645808,956.4806707789793,2778.889473839157,14.328353228173503,14.377503228173502
664.475832776629,958.2838245032362,8834.290085373004,13.072602272998855,13.121752272998854
61.98118561100031,955.9422836169118,789.6404341968766,15.694457965841483,15.743607965841482
81.69238857395851,957.0312997844259,393.5955603939577,16.450405934664715,16.499555934664716
415.70171941065917,958.1229773325434,1697.9254462106953,14.863234869953182,14.912384869953181
530.7829545061412,969.6141924436683,1107356.2904125263,7.827312969860099,7.876462969860099
578.6856348644358,958.3449707408691,1918.0528596440781,14.730879983129284,14.780029983129284
227.91084275124305,957.6222464681791,62.92996591926976,18.440887671075558,18.49003767107556
746.2070667312937,958.587129964624,-318.22635757357267,,
480.8530698652781,958.1774419967984,6136.685912355702,13.468196672927295,13.517346672927294
1035.341292229922,959.2409502302165,-51.507343063582425,,
464.1310240895297,960.5385454025585,276.3668095186246,16.83431670017416,16.88346670017416
718.1150191710491,960.6401449325307,385.82306426254405,16.472060947602618,16.52121094760262
913.9767831478365,963.8925713870964,45140.84175484703,11.301607279354066,11.350757279354065
1003.8535355946593,964.3417148902961,2818.962924914847,14.312808002308916,14.361958002308915
317.6191419353373,963.8437616953528,472.92704771366664,16.251046030046666,16.300196030046667
597.465472563543,962.9706086775994,189.80554317869937,17.24225918335689,17.29140918335689
894.5924032054903,963.2054463940644,396.26742666343824,16.443060475881452,16.492210475881453
13.446167199449208,965.4372709888085,2265.034187465946,14.550344508808745,14.599494508808744
490.0123849230639,964.541162709877,3022.748183087486,14.23702649045872,14.286176490458718
623.3203051809409,966.0797057030398,3665.886161179646,14.027583976333336,14.076733976333335
792.6669710962836,964.6338829258355,554.0513160500279,16.079156435439373,16.128306435439374
202.5383067425357,967.1864132207959,3980.774721564734,13.938112410303534,13.987262410303533
703.1182728101071,976.7801421781459,219194.9653840671,9.585954975541565,9.635104975541564
58.959975303865455,967.5608966782219,2906.024825138982,14.279783112442825,14.328933112442824
808.350860384914,970.6777645862929,75852.05096572166,10.738113091991313,10.787263091991312
240.94132085260645,972.081578582118,30671.587761139377,11.72119076625848,11.77034076625848
469.1006772075944,968.4983336590682,1499.6811926939693,14.998034049756585,15.047184049756584
730.1749234676438,971.1536523820627,5663.238022626192,13.555369374555124,13.604519374555123
331.95051552808684,968.9738197696776,2957.664662384425,14.260659081204935,14.309809081204934
608.9003469009886,972.6164938782449,1934.6445136490113,14.721528472190768,14.770678472190767
66.38710692711693,975.1690559276905,2873.498042037567,14.29200414857793,14.34115414857793
336.0191879489278,974.536464720812,3724.8112362098104,14.010270740641651,14.05942074064165
662.3482271474722,971.4853959214988,1735.3850603652604,14.839541776535178,14.888691776535177
906.5200508041427,973.5042773122843,2595.8198543811045,14.402345037814241,14.45149503781424
101.37701168286884,974.233917627077,766.2300087565087,15.727133520547213,15.776283520547212
155.14302461365986,973.3852892364097,584.3953889956956,16.02126446094747,16.07041446094747
303.79782792459804,976.0492958143191,27522.022918679817,11.838830532021579,11.887980532021578
292.0168017543323,977.6627076038084,5790.466787421747,13.531247475049353,13.580397475049352
742.1240456212756,974.5288807802301,328.8042524171375,16.645687848386714,16.694837848386715
588.8124745315548,977.525184739649,9197.257945787886,13.028885495309915,13.078035495309914
797.3206088038188,976.5668539251991,2828.1614676856707,14.30927091013388,14.35842091013388
823.4051081059229,976.2124142058904,3943.0665456279194,13.948446146053733,13.997596146053732
948.4257220989537,977.1882552245036,2205.5366355546535,14.579245722149116,14.628395722149115
112.64156576912352,976.674758164313,699.1529575105978,15.82660091465675,15.875750914656749
493.1699849786584,977.3662751702198,3508.2438073925005,14.075306994236488,14.124456994236487
8.957177026403574,979.1591961035148,1685.0588132187518,14.871493753566773,14.920643753566772
619.0938108218519,978.2020961685757,-69.96727649916241,,
323.04775010768657,979.9840018975348,875.2798601830895,15.582664073318266,15.631814073318266
575.3957858878629,981.4975166237892,-147.45664169837818,,
767.7774621823575,982.4782873709225,-8.816977669058247,,
324.3522131709861,985.0841366102186,1136.0578009944174,15.299530341900134,15.348680341900133
741.9551411374888,987.3384020032395,2428.521613983269,14.474676479765755,14.523826479765754
870.7925803287105,996.2242307719483,48229.57523117577,11.229747819925173,11.278897819925172
879.6709172725208,986.6847604898561,4592.338421451309,13.782946700277755,13.832096700277754
628.5981249434334,990.1654326978384,7071.480139851278,13.314255597441345,13.363405597441345
811.2822021730939,991.4914208685182,7665.722776571292,13.226648639037528,13.275798639037527
176.6801080142445,988.9065144812446,589.5283787759938,16.01176962233293,16.060919622332932
397.95899905342424,992.1235182631544,14112.318728233868,12.564035471231565,12.613185471231564
443.84795696080533,990.2742164033216,5517.627607784392,13.583650447433854,13.632800447433853
456.42813048732074,988.2861006503721,298.46097595625463,16.750812525498304,16.799962525498305
1056.0027707974673,988.8805694530581,661.082920100478,15.887391570527168,15.936541570527167
331.1969209089651,991.4468099452831,755.2246342078801,15.742841043682443,15.791991043682442
139.09455496348804,992.3280820571911,4499.328269872575,13.805162211599082,13.854312211599082
211.5032837120199,992.9295323086754,2427.7563899048105,14.47501864777712,14.524168647777119
426.48301410677533,991.9454126049388,2019.939158420764,14.674685691255878,14.723835691255877
434.80790670020855,994.5021078331092,2661.439338043401,14.375239982984045,14.424389982984044
777.0847336857082,993.256589104491,439.6211970197776,16.330334851346052,16.379484851346053
937.8826083271045,994.6397928052129,3388.8166624688683,14.112911227909875,14.162061227909874
988.88456887841,994.0284067625513,541.2583117388202,16.10451996599646,16.15366996599646
1020.3793751784202,999.2330526759924,25974.309680253955,11.901671377122884,11.950821377122884
82.23302913018796,996.2572103953386,7268.7295892969505,13.28438513102477,13.33353513102477
186.4628243304802,995.3769255867276,2656.1588315656363,14.377396309492372,14.426546309492371
505.37219531854294,997.6197274536747,2636.456884741179,14.38547972870375,14.434629728703749
565.332248137202,997.0948513368404,4340.087195959673,13.844285275103283,13.893435275103283
733.6872202582068,1000.7283359123428,99068.14963859375,10.448196283789624,10.497346283789623
472.04696515740096,997.3349258411255,77.45915144057886,18.21534957491817,18.264499574918172
778.9079624768547,997.1665099911879,792.8090713259198,15.690109885682638,15.739259885682637
373.2541425683276,1000.290221462844,1754.3116341687037,14.82776455364264,14.876914553642639
424.4470569067378,998.5450086256623,1584.5875908656112,14.938240785994003,14.987390785994002
1075.0269520070133,1000.8777943265732,3108.1114758829376,14.206789945286731,14.25593994528673
411.6723469053526,1001.7089802007641,17053.523273337898,12.35849611686813,12.40764611686813
651.3798660558659,1000.8773105826973,5220.6031388829215,13.64372971204964,13.692879712049638
164.53442143768586,1000.2680255860503,932.012939072386,15.514476558254975,15.563626558254974
462.1247396846673,1001.6694178801541,1189.173520044816,15.249918337507012,15.299068337507011
574.3880698244693,1001.8171540736769,5842.666146842255,13.521503734462538,13.570653734462537
904.2968372348384,1001.7525892044574,1432.5137605005289,15.047784406387755,15.096934406387755
266.7664349210929,1002.8044883268865,548.6062590047761,16.089879517127457,16.139029517127458
772.4095056173471,1003.9329486879021,1174.6312271845504,15.26327755685595,15.31242755685595
95.1763221872717,1008.060650721456,3748.4082281361434,14.003414206125242,14.052564206125242
329.9558884164012,1005.1610578395191,543.5850092022347,16.09986273393693,16.14901273393693
762.1051022406864,1006.1037042204159,2633.267298212733,14.386794047964042,14.43594404796404
824.6861673904401,1005.9097910932411,1963.8294759975106,14.705271976793469,14.754421976793468
843.5167101794452,1007.0300679983519,5748.221698200684,13.539197638161154,13.588347638161153
105.21421696652261,1007.4147631267372,2477.0666983431447,14.453187160684893,14.502337160684892
606.3491599331462,1007.7340138334017,5695.706480318433,13.549162411218084,13.598312411218084
933.1261113697391,1006.0558748065472,775.8053542329856,15.713649481034981,15.76279948103498
140.6411310633282,1008.8100834446077,2846.3144578812853,14.302324215435007,14.351474215435006
119.98050481936566,1011.8556149241358,28082.2703512706,11.816950872358959,11.866100872358958
190.83216791904619,1009.0295358439191,1513.920766329337,14.987773546938072,15.036923546938072
301.319370250031,1008.1829663833105,808.8974091751123,15.668297801414724,15.717447801414723
427.31695659125927,1009.2016088633098,3917.0415426914647,13.955635968599926,14.004785968599926
553.1973125620144,1020.4658757240818,89759.65170944206,10.555328515594228,10.604478515594227
584.3045060084035,1012.435212543579,-389.53044261668555,,
32.47501073437907,1015.554583380772,2170.9454202165057,14.596409149983707,14.645559149983706
177.99400839342778,1015.4687960872108,8451.727589921524,13.120667685609877,13.169817685609877
271.3919935976056,1013.8730896341842,2820.2785853185705,14.31230138802158,14.36145138802158
621.7916406893049,1016.2224027159406,16308.73861813095,12.406980481699032,12.45613048169903
746.3856763378616,1014.0078001434111,351.9984559742926,16.57167951627483,16.62082951627483
768.2430400908627,1013.9892464066788,2086.069106260104,14.639709683895422,14.688859683895421
830.7304891430181,1012.9169540507368,1055.8310087486198,15.379045380780335,15.428195380780334
522.9095697230642,1016.2516399557404,12250.599850968742,12.7176380262896,12.7667880262896
251.39670694764348,1015.2228839693834,2451.108773430572,14.464624951276356,14.513774951276355
908.2690429343083,1018.5551966783016,8817.634676881024,13.07465115838838,13.12380115838838
965.6168278170902,1016.4155834032177,1800.3148571201175,14.799660248644091,14.84881024864409
261.70710411535975,1018.0103331039725,12296.823072147334,12.713549101418957,12.762699101418956
303.48368932834893,1018.0415863987604,2870.9921990110133,14.292951381336898,14.342101381336898
595.6270795657164,1017.6273128457328,156.5432299961617,17.45144568623539,17.500595686235393
855.9824879810003,1018.1858333628343,939.8206304855975,15.505418976914335,15.554568976914334
434.01069118124985,1022.9903356855344,5231.056406381591,13.641557904842085,13.690707904842084
17.682281483063026,1021.9473351236118,1380.7070588548697,15.087777549486928,15.136927549486927
934.7977921669526,1022.2792883647037,720.9474593810182,15.793272373159615,15.842422373159614
1011.4213656528646,1021.6495030312421,127.93800857518528,17.67053244643685,17.719682446436853
841.0302430427455,1023.0107571379866,302.2132092753813,16.737247805539404,16.786397805539405
314.51705368952844,1024.0982882054789,992.2080435780706,15.446524553873449,15.495674553873448
321.14609379683054,1024.2320664935419,2887.505438612547,14.286724385211526,14.335874385211525
327.23162288485094,1024.6769696376232,6399.534023115832,13.422660531610743,13.471810531610743
657.8340313795437,1032.9415860986883,201869.76798257712,9.675353202772492,9.72450320277249
771.068567792001,1026.664692627851,12934.83696432659,12.658629014766799,12.707779014766798
67.1481793754083,1027.4532966260717,1920.5266856753685,14.729480547308516,14.778630547308515
92.13639889363533,1026.1574028734738,759.5327441217718,15.736665158901985,15.785815158901984
606.7495919238113,1028.6389940002152,3461.0176671765767,14.090021871927476,14.139171871927475
200.98119599785525,1028.2698276743392,395.7929258281714,16.44436134341269,16.493511343412692
862.6278314376633,1029.7969189010998,1793.3362307131827,14.803877105923107,14.853027105923106
11.842909163173484,1031.3041391139457,4961.897265634687,13.69891199216571,13.74806199216571
326.3755920407098,1032.3891284642605,9308.704444387064,13.01580830875963,13.064958308759628
537.3539191795232,1031.4048264792423,2964.226982234446,14.25825277200767,14.30740277200767
742.8374828153754,1030.5729019391138,240.05918738363243,16.98723558332329,17.03638558332329
953.9898664237813,1030.1337711504107,378.9175716764769,16.49166954886862,16.540819548868622
445.196846071908,1031.845381272533,415.78665385810206,16.39085504993877,16.440005049938772
921.0753674311767,1038.1782769559861,9267.815616453914,13.020587950200207,13.069737950200206
153.78416861437975,1035.2769413928509,1255.8673323060284,15.190672003216328,15.239822003216327
379.0477225537549,1034.1023436604667,-317.893140753348,,
473.8189338588707,1035.2452931010646,816.8544621021181,15.657669698093285,15.706819698093284
108.76075643981353,1035.8754235764231,278.6264470385203,16.825475569971164,16.874625569971165
280.3859273722966,1035.8412962172308,846.642278440459,15.618781532768605,15.667931532768604
399.57568905979474,1036.0326614044086,1157.8662149533939,15.27888545754333,15.32803545754333
407.09839372908465,1037.0081423355252,1096.2323440458117,15.338274883273572,15.387424883273571
485.33437718361097,1037.1873249360394,605.8409929277635,15.982134773463885,16.031284773463884
603.7350004870808,1057.872237222506,2453047.801993262,6.963766384226181,7.012916384226181
40.64328698171066,1038.0215093123654,1600.28980755919,14.927534814515411,14.97668481451541
885.9779371458401,1038.4770584736857,468.4748189162441,16.261315782442775,16.310465782442776
6.743273848185947,1039.501239058583,3016.5005061941247,14.239272906119883,14.288422906119882
210.31099577634575,1042.1057009360557,3632.759230961069,14.037439874939611,14.08658987493961
630.740792127738,1041.7791336142104,6142.097470994582,13.467239652132093,13.516389652132093
1048.344335988574,1040.4471223469661,1001.8163688030683,15.436061103938169,15.485211103938168
56.99157770640233,1041.8423347701375,1248.2609531092392,15.197267948582814,15.246417948582813
463.2588147253548,1045.087238811857,34545.31599645884,11.592058488293798,11.641208488293797
780.1541146095936,1043.2541056026384,2571.239634647075,14.412675027573133,14.461825027573132
930.8015725119502,1042.0652403033387,2118.438108945117,14.62299196137781,14.67214196137781
166.7755511007934,1042.5047212236466,-182.8621553232324,,
318.81568757788625,1052.1586943573618,72442.89449464815,10.788041926303324,10.837191926303323
13.00800846934549,1044.7696363589284,3839.046560461423,13.977472964121809,14.026622964121808
429.36127384108937,1043.4202813787117,282.45973095205403,16.810640059685344,16.859790059685345
154.76348625730415,1045.373183500534,2976.352698657417,14.25382042758334,14.30297042758334
358.5151438032071,1047.4188031564825,8061.398186054975,13.172005479203689,13.221155479203688
500.8367256008138,1046.3764899634652,3398.3606053891663,14.109857760824642,14.159007760824641
666.7892903015756,1047.2455800170542,1502.5981385830369,14.995924296195277,15.045074296195276
974.0747086018498,1047.1127660493983,2585.6063446171106,14.406625400503987,14.455775400503986
518.6637661799587,1048.0694833776874,2266.0790544027627,14.549843770989138,14.598993770989138
899.451812410782,1047.2608346937461,923.034315940004,15.52498679437167,15.57413679437167
391.5169425731389,1050.7695590177964,1154.8308961063667,15.281735426475011,15.33088542647501
154.30611113466506,1051.806667653139,2851.140042755178,14.300485038497671,14.34963503849767
1064.3496518246652,1052.5159300556224,2744.067831598617,14.342044305824775,14.391194305824774
404.5377974203168,1052.811521051854,7170.084686115609,13.299220699533908,13.348370699533907
864.466527287606,1053.2127018431058,5166.371993167188,13.655067229009248,13.704217229009247
466.78458221250224,1053.7422937880144,7070.010544173426,13.314481258692368,13.363631258692367
703.8214298851386,1063.9019695747525,961927.8653986902,7.980175148240588,8.029325148240588
534.3694572410527,1054.830847522262,3283.310000667266,14.147251688700312,14.19640168870031
102.97726772267623,1055.8412328551904,821.1906663997938,15.651921401037846,15.701071401037845
296.71821275545176,1057.366805400613,3052.2292634989008,14.226488532774123,14.275638532774122
411.48793696640416,1056.6043246851987,5001.494829328889,13.690281852054305,13.739431852054304
993.157407651402,1056.025620757262,690.0858180524554,15.840773656657484,15.889923656657484
1077.5423300485465,1059.2649688183915,7173.300525997439,13.29873384740029,13.34788384740029
524.4626932024669,1059.99282029351,2826.187215340781,14.31002909377463,14.35917909377463
971.1076506678152,1060.0114053592954,1769.347263989555,14.818498715370872,14.867648715370871
23.47446462216899,1064.2775196503003,6909.183610195808,13.339464577127345,13.388614577127344
568.2817268664918,1063.3545488493603,3484.5439710390665,14.082666539446478,14.131816539446477
174.51861428391206,1063.1318333430604,391.1315602957215,16.45722426128222,16.50637426128222
63.78855333344396,1063.948958310768,1458.9069945316778,15.027962396299586,15.077112396299585
505.08824577725227,1066.1538673349446,4033.6582769568304,13.923783655145819,13.972933655145818
1059.086693980301,1066.8972100360872,5779.767713598635,13.533255450793854,13.582405450793853
343.5267832843246,1066.606972661239,8708.233798839494,13.08820621126478,13.137356211264779
382.8016093079682,1065.9179337759367,667.6117157776972,15.876721538904922,15.925871538904921
997.3809594263462,1065.356523983293,969.4483662065375,15.471719704770397,15.520869704770396
255.98981056342373,1066.5216241479557,868.8411057060803,15.590680513398272,15.639830513398271
297.62106579705807,1067.2383641357835,1021.8046390221444,15.414611737296537,15.463761737296537
372.85080676900066,1070.3249082242007,3326.9615810700425,14.132911948015476,14.182061948015475
662.3870608615632,1074.099957828576,5787.123405928052,13.531874553806556,13.581024553806555
147.6413217867007,1070.7974232700192,1091.6364285297418,15.342836362711504,15.391986362711503
133.10113179511904,1071.5521035035695,501.79430085566287,16.18671710121273,16.23586710121273
445.78338764129165,1072.8076226425515,2698.703267646598,14.360143575183004,14.409293575183003
676.0673840455937,1088.5578383196398,779207.2717235509,8.20889892040793,8.25804892040793
784.4479701255791,1072.0967373498556,176.04615375804255,17.32396505974771,17.37311505974771
263.7367298412856,1074.9986509699063,1181.8647908590601,15.256611925699842,15.30576192569984
504.5559440696552,1076.6070155802204,6219.609286553673,13.453623654105174,13.502773654105173
30.94912763465419,1076.6810045403938,1208.3567526704687,15.23254347896377,15.281693478963769
227.03228148264267,1076.8279772925819,449.3286839421218,16.30662105325453,16.355771053254532
310.499443782312,1077.7063236052786,9768.762143684078,12.963432574343841,13.01258257434384
809.4241478467334,1083.420467687118,125283.75257806541,10.193294529518518,10.242444529518517
848.9660149940775,1076.3642341861146,-39.89070197564186,,
15.714644965770276,1077.2204384869503,-73.33771295465064,,
461.6446857091614,1077.2159565331754,474.1903447454435,16.248149645397625,16.297299645397626
294.0330503044117,1078.7416003522765,610.7841356146296,15.973312041815145,16.022462041815146
447.84289769687393,1078.3008455334436,2564.364178948681,14.415582158226822,14.464732158226822
1061.2952030126046,1078.2361984342865,1556.7824017644098,14.957461628484786,15.006611628484785
937.3072339426819,1081.8959725499428,2814.18173907642,14.314651060892583,14.363801060892582
200.25750935024712,1081.0061926964738,676.6133023692216,15.862180082789664,15.911330082789663
755.4611028281843,1081.8354226769325,1036.1088048494873,15.399518001567053,15.448668001567052
765.2487471674498,1082.8947423595644,1271.222889673015,15.17747715197744,15.22662715197744
1019.2436444838846,1083.7413119040648,2420.375267221979,14.478324646412123,14.527474646412122
1066.5040717761692,1083.7314546312884,1868.1165800700344,14.759521475081213,14.808671475081212
337.3388357066128,1086.3039840083945,3857.950932412216,13.972139663092271,14.02128966309227
841.2487013668663,1086.3247592514142,3918.849332956896,13.9551349959836,14.0042849959836
926.5424107393344,1083.883182423337,1666.1478308951962,14.883747582294074,14.932897582294073
234.9996253450501,1085.5377950278767,22.236101202088065,19.570384807560572,19.619534807560573
488.96931397825887,1085.5565543931511,577.9803046547397,16.033248813477904,16.082398813477905
26.02047261489455,1087.3466704516925,843.382392315582,15.622970087929975,15.672120087929974
81.66473593516923,1087.0589535599147,1423.2663716450495,15.054815942085689,15.103965942085688
982.8732407519399,1086.8788107685032,735.0083479411908,15.772300733293246,15.821450733293245
1053.657635224038,1087.8653175263212,6407.435776078173,13.421320757956957,13.470470757956956
178.09012665345492,1087.8209363960157,1451.6433441388108,15.033381594502838,15.082531594502838
92.32316804340985,1089.2845653003521,1495.0160688892072,15.00141676090852,15.050566760908518
568.7093829199601,1087.9296798233972,-241.64471695702932,,
373.1338874551331,1090.2663930334268,793.1397393978594,15.68965713676636,15.73880713676636
539.883462083722,1091.2341898771451,6883.56598127176,13.343497713377872,13.39264771337787
626.5718166275133,1093.124209077609,5067.055710730923,13.676142214316137,13.725292214316136
85.47399357373348,1092.1813152643242,2053.4311668489804,14.656831038870646,14.705981038870645
329.0734136730609,1091.8235591431196,3306.734305256097,14.139533160116077,14.188683160116076
109.36938759632534,1093.5151015152858,2920.949644440637,14.27422123734419,14.323371237344189
713.6360442069091,1093.9406583149764,2506.1562507077774,14.440511051562707,14.489661051562706
1014.7111443515246,1095.374162841538,2790.4756049061625,14.323835837073513,14.372985837073513
205.0172936605133,1094.9091696514745,903.4717558693023,15.54824496171458,15.59739496171458
312.0704585936407,1101.2823345994266,27128.687605146628,11.85445945104568,11.903609451045678
744.6980157153,1097.2117438649525,5193.05764375077,13.649473554050665,13.698623554050664
161.00855736218585,1096.2533054749515,605.6085274948814,15.982551457998698,16.031701457998697
326.013150667547,1097.2753432362483,3759.794757259673,14.00012106756259,14.04927106756259
412.7446421526148,1097.7435894115843,3081.8940226691598,14.215987161144504,14.265137161144503
350.4319897203305,1099.3654357956405,1982.933104814801,14.694761254139403,14.743911254139402
566.441374060305,1099.086383002479,2270.461613523309,14.547746003136831,14.59689600313683
492.4234397031195,1097.981486071763,360.4615802138407,16.5458839568004,16.5950339568004
525.6566460915989,1097.9780165556444,-209.65819921480056,,
5.030482055006773,1099.8384719027433,463.8670504210961,16.272047600833467,16.321197600833468
229.32162591951112,1099.0048500346757,864.7720637595946,15.595777283947434,15.644927283947434
461.57094454218173,1099.7986134641167,988.3497600706315,15.450754759509199,15.499904759509198
724.8365498953881,1099.4196029531022,855.8218054606135,15.607073043281034,15.656223043281033
122.4635872342121,1102.323293689027,4442.773268205767,13.818896037221812,13.868046037221811
332.48842080905723,1100.5083291283372,2989.2245581657216,14.249135058514344,14.298285058514344
927.9047059264296,1102.479297505009,982.139396421097,15.457598581981078,15.506748581981077
955.0621959125166,1101.6892422857127,598.7279515417342,15.994957578436278,16.04410757843628
943.9188172912269,1103.977980018096,2762.8222532114814,14.33464904899042,14.383799048990419
245.24135138914636,1104.2974470198037,2059.5505188866437,14.653600289274863,14.702750289274862
575.9428332361088,1102.882100299247,526.9314350904708,16.13364614243758,16.18279614243758
295.5265555915687,1104.6248321112846,189.07033329190193,17.246472938012232,17.295622938012233
511.07236913998827,1104.6582161134108,2059.4828701771507,14.6536359523279,14.702785952327899
1059.9834277043867,1108.758768648251,94826.53530322797,10.49570670509253,10.54485670509253
379.96870118550163,1105.6673590589835,505.61220434143297,16.178487541714453,16.227637541714454
168.1143362098388,1109.3190763942373,3134.697932783616,14.19754216870501,14.246692168705009
653.6117705015128,1108.5859393794276,17307.96781281552,12.342416215243832,12.39156621524383
214.00668336051203,1108.2612721970036,1234.9199916267958,15.2089343591873,15.258084359187299
58.14932540323044,1110.003428377542,1174.3981312823273,15.263493033652903,15.312643033652902
695.1299299931721,1108.6447702998528,-338.91484059573986,,
1015.0499231617565,1112.6873100020923,44947.435963805736,11.306269106563327,11.355419106563327
90.76830042523653,1109.1620792559181,565.4775168129416,16.056993056924163,16.106143056924164
97.65895477896588,1109.116847915229,969.427530601584,15.471743039910809,15.520893039910808
153.90583926702308,1110.4916940254757,5442.004218829465,13.598634227136765,13.647784227136764
1041.259676610517,1109.1812137758427,861.2697897225661,15.600183377498283,15.649333377498282
263.2680429346162,1111.757988846566,-177.0475294576098,,
859.735453974348,1117.374314246843,73250.84864638973,10.775999761031102,10.825149761031101
995.7816606127022,1116.142247539438,15271.689933899406,12.478313667815012,12.527463667815011
206.47228503313448,1113.9006556005327,947.464259702546,15.496624321273037,15.545774321273036
431.76408136609496,1120.6364476580131,17599.99134236294,12.324250276997164,12.373400276997163
897.8946845666651,1114.7221876095286,622.293366795134,15.953043483099785,16.002193483099784
478.96301025033415,1115.7530067264402,4346.415910538322,13.842703207917173,13.891853207917173
313.6104268664545,1116.9815976408531,9204.830895492265,13.027991876525011,13.07714187652501
108.77555133868526,1118.2384142353524,1723.2501389821539,14.847160606965144,14.896310606965143
589.8896431635762,1117.7460415446978,811.5022612764428,15.664807076598862,15.713957076598861
786.0937849964937,1123.442122369688,48211.72182957038,11.230149807150838,11.279299807150837
145.2091143906788,1123.8013065884206,13732.840078419958,12.593630505837833,12.642780505837832
483.6700817185319,1122.9405273692062,6533.9256968649925,13.400095933908979,13.449245933908978
1048.489701415996,1120.7561092198923,780.0992045715805,15.707656824763927,15.756806824763926
264.23330174466616,1122.881232557737,4375.02030815591,13.83558122922245,13.88473122922245
388.96956691823317,1122.7874320933495,350.3712180725986,16.576710354962543,16.625860354962544
174.06881869611925,1123.1046160577755,144.12294950239988,17.54119855880382,17.59034855880382
234.9401269274201,1125.407944387769,825.5513057017343,15.646171240888211,15.69532124088821
308.32679405356726,1125.9665733976876,27384.585477692188,11.844265984021996,11.893415984021996
798.9880925685459,1124.097632192126,1266.5642901382441,15.181463314331843,15.230613314331842
206.40984348708074,1125.471560246014,962.8629774630818,15.479120191950184,15.528270191950183
223.48160126941397,1123.8354665644874,269.51649696198376,16.861568029267875,16.910718029267876
299.05187194253335,1124.6870750314133,6403.165455096496,13.422044602557817,13.471194602557816
751.8891319733336,1134.0178084969489,651882.4736563519,8.402608150276636,8.451758150276635
359.80699094168443,1126.7594055370328,4790.697178363491,13.737034612895782,13.78618461289578
687.2106652537647,1127.0298705854293,81.93624266703625,18.154341300637952,18.203491300637953
340.4906978664317,1133.3405063524963,195954.90899164754,9.707641043099116,9.756791043099115
846.9578764558689,1128.7387843951385,8567.249164898421,13.105927917814174,13.155077917814173
399.02681200182417,1131.8811631242208,7859.163950272962,13.199590540698928,13.248740540698927
893.0569644227626,1129.6123040322395,3141.8699740830325,14.195060892821289,14.244210892821288
589.289049599204,1133.5805331163774,89095.43430662353,10.563392789454433,10.612542789454432
16.937900585161167,1130.8573873644907,966.8120607168739,15.47467626375995,15.523826263759949
126.88732550643876,1130.9964732067433,1981.3635118809511,14.695621010171223,14.744771010171222
1071.2538793593828,1131.4660234618054,1225.0618029523312,15.21763641517664,15.26678641517664
624.9773821770682,1133.3683388719555,4306.133702880454,13.85281263674366,13.90196263674366
1012.841516417217,1135.1885190075639,19814.671731517217,12.195564207948934,12.244714207948933
250.21782475779008,1134.5189534058052,4714.173430044209,13.754517523018642,13.80366752301864
36.43979339867502,1134.9686099092412,188.32380628574055,17.25076835423947,17.29991835423947
1029.8992070323936,1135.7629551579635,483.19080340967855,16.227734763078853,16.276884763078854
82.050353074833,1137.9305501295792,3408.1305006424586,14.10674087251526,14.15589087251526
835.0944330069647,1137.7618919317283,7411.456445999938,13.263272510478345,13.312422510478344
120.45794884613629,1137.9540918548387,1165.5213451987547,15.271730833598454,15.320880833598453
367.55589888220914,1142.0656425088735,36241.114484095786,11.540027550941108,11.589177550941107
641.1053416743841,1137.0793647880932,1599.289892780743,14.928213430967356,14.977363430967355
788.8138886114488,1139.2764389595443,1628.1756884385943,14.908778248283157,14.957928248283157
873.0204661628115,1144.9994241522131,179830.5257761451,9.800872877339488,9.850022877339487
271.0631091657629,1140.1421742428213,3062.5030215740335,14.222840097788787,14.271990097788786
449.96698288128675,1140.5351937687878,1548.9352105160945,14.962948281708725,15.012098281708724
1057.1482321792796,1141.9199805915052,17740.166175341947,12.315637203372503,12.364787203372503
699.4286191492105,1141.8968312783177,1562.7005939183184,14.953341969421892,15.002491969421891
6.306386791541211,1143.1061617028638,263.7389733200183,16.885095634349312,16.934245634349313
165.3209107168031,1142.0068323096716,388.4601737487793,16.46466516224745,16.51381516224745
264.92009745608806,1144.1440923078846,3721.1657043360547,14.011333888241705,14.060483888241704
641.2502879498371,1145.944504790905,3884.2339282770545,13.964767968843962,14.01391796884396
581.9243081114048,1144.7346722446362,1263.6454778753314,15.18396829363795,15.233118293637949
622.8331223070705,1145.6934355819603,1957.0238628586753,14.709041109358505,14.758191109358505
220.76786936314156,1146.3383161501279,1146.2677026049114,15.289816272846814,15.338966272846813
332.1246319827202,1147.2147442958442,1680.7477590305764,14.874275060259194,14.923425060259193
823.1748657383573,1148.1681034990593,6207.213533428032,13.455789698091234,13.504939698091233
893.8649298892021,1146.4802351186333,1252.6396500634426,15.193466026455498,15.242616026455497
973.9166903649127,1147.5421210850297,334.14561870396176,16.628191984807863,16.677341984807864
179.01638831451078,1150.046333782752,899.2274894294237,15.55335747536661,15.60250747536661
252.92239684302126,1148.7708413577222,861.8596803703549,15.599440002529324,15.648590002529323
398.0049316556652,1148.4344463752586,726.7216079646921,15.784611228764353,15.833761228764352
300.494610695869,1149.526451189323,96.37766643623733,17.978090395823074,18.027240395823075
357.7183113559052,1150.1769252799675,1688.4923567542864,14.869283664775143,14.918433664775142
464.5453552267903,1151.4781813627608,21047.779713232478,12.13001568804452,12.179165688044518
268.76986002999143,1151.216029516005,4542.762194314357,13.794731405321006,13.843881405321005
435.7450316354668,1153.4858871437787,2210.313208013773,14.576896865254113,14.626046865254112
594.312055460084,1153.0885944797271,910.3082851830357,15.54006017373107,15.58921017373107
9.120929627892103,1155.8587705093614,4032.4426372196704,13.92411091712744,13.973260917127439
348.14458985367855,1153.3512338491919,110.88501018085051,17.825849310728884,17.874999310728885
683.2879167214573,1158.617957058681,142725.06582218537,10.05178078252805,10.10093078252805
1077.334143770399,1154.938139595446,2384.167957929574,14.494689295018748,14.543839295018747
829.9275720371484,1154.3195061230892,2317.189476936287,14.525627543526914,14.574777543526913
85.58397505729788,1158.380385307283,10314.396788481678,12.90442182636444,12.953571826364438
749.1408982263106,1160.2168756362885,8297.267755111538,13.140693649647115,13.189843649647115
257.8091580105874,1156.536241810598,5394.37202399126,13.608179176548605,13.657329176548604
290.99803076434904,1156.7273623291885,667.7736541195748,15.876458210691897,15.925608210691896
97.43868365929055,1158.3547286663145,1731.0063586226634,14.84228475444261,14.89143475444261
24.007569236989358,1159.92511240375,799.2340831902515,15.68134642239407,15.730496422394069
236.87715062388986,1160.7574012183286,9244.223096625192,13.02335536736097,13.07250536736097
265.33042557077283,1160.146113127051,10787.675699516225,12.855711707044247,12.904861707044246
392.66920805424905,1159.6586904883338,10166.351281718897,12.920118632534631,12.96926863253463
441.06125623571984,1159.5148436238517,1596.7003194309427,14.92997288201029,14.979122882010289
605.9184593555211,1160.1514429129475,2574.917595091578,14.411123075187726,14.460273075187725
110.5429173958093,1161.3265224714364,1103.460370431689,15.331139561026598,15.380289561026597
455.3446562759154,1162.415113408137,2150.9376598899926,14.606461853653819,14.655611853653818
126.4739849918322,1164.3674284925116,3689.808081600319,14.020521968098787,14.069671968098787
423.05163148969217,1162.3878770375757,59.31148970255465,18.505184332026303,18.554334332026304
3.8527902442917545,1163.6371556771248,1720.878894846731,14.848655641552787,14.897805641552786
710.8174034237318,1165.7573147974667,13813.401702489811,12.587279808559817,12.636429808559816
533.1829897631301,1164.6728731068424,391.3139394983684,16.45671811559681,16.50586811559681
770.4952245234374,1165.900813113987,922.5026903381699,15.52561230898047,15.57476230898047
212.80229997845854,1168.2404203653336,9252.644695490331,13.022366698844289,13.071516698844288
568.975452186769,1172.727333038302,41644.82512409254,11.389128805633412,11.438278805633411
673.564188645033,1168.2255406666927,1736.8040053540237,14.838654382442597,14.887804382442596
391.2513398806235,1170.5798129905968,798.5957562814874,15.682213917361388,15.731363917361387
636.959545828731,1174.2527032928035,27661.465619183917,11.833343444681732,11.882493444681732
928.333765258461,1173.569451800116,3701.923969081889,14.01696267526128,14.066112675261278
257.03010536271915,1171.8091555001283,1809.337717927084,14.79423232069339,14.843382320693388
323.6321024342135,1173.581239009857,27463.388980184845,11.84114609215955,11.890296092159549
488.2134192465147,1190.7973629399364,1105777.2290929717,7.828862306418415,7.878012306418415
507.16497953197825,1171.580714974034,996.9768933463781,15.441318680179139,15.490468680179138
918.2693803533456,1172.6028447838708,1635.2782443061765,14.904052265084768,14.953202265084768
249.8687203010037,1173.118384578047,933.3170844576211,15.512958373189738,15.562108373189737
541.7328035131958,1178.4745458994919,84411.15149472863,10.622031850600873,10.671181850600872
590.5645164544756,1178.5314608091767,166251.18757769468,9.886119521770446,9.935269521770445
744.0596444134632,1178.3705512302793,8075.00327868399,13.17017464409849,13.219324644098489
221.19428067195423,1174.844612392613,3479.9694952659556,14.084092819890312,14.133242819890311
798.6855990945688,1178.2232878575976,10877.966020921936,12.846662167715257,12.895812167715256
109.34526899736693,1176.9290962793018,1735.5754355795316,14.839422675633239,14.888572675633238
899.2093673236376,1177.8701857903209,264.1622711514789,16.883354437925455,16.932504437925456
458.3811831279527,1178.2798320398108,1399.5658704427735,15.073048054161042,15.122198054161041
786.6665752173893,1181.299529026542,1255.7040837111583,15.190813145856307,15.239963145856306
854.4262445098602,1180.9161708907968,274.40572212241096,16.84204850400453,16.89119850400453
95.40758162061816,1183.3822125130564,8268.034713828776,13.144525684021767,13.193675684021766
266.6707965901739,1181.99086052075,852.9099952662755,15.610773402586336,15.659923402586335
842.8771241272984,1181.652929515376,1458.152729038485,15.028523874945765,15.077673874945765
808.7394504634954,1181.8956453261735,851.4922483678575,15.612579665747004,15.661729665747004
336.5154199936476,1182.7127614110013,710.4778002886933,15.809155131357716,15.858305131357715
187.23073828494663,1183.971193677802,765.8010536569932,15.727741513564268,15.776891513564268
550.4196372298594,1185.244884426852,4468.589886107216,13.812605166863934,13.861755166863933
390.41553180849525,1187.1594831529756,2210.268384498453,14.576918883403712,14.626068883403711
462.4302323778185,1187.7697097722962,1850.8701211117545,14.769591550955326,14.818741550955325
717.4758837082126,1189.319398214107,17947.91807365753,12.302996216311357,12.352146216311356
700.0636084237187,1193.6594408421547,72434.80232540434,10.788163214276903,10.837313214276902
799.8808907324334,1192.758997387518,20753.088465646433,12.145324569009858,12.194474569009857
31.817561974417067,1192.855133874462,266.79155097798554,16.87260123297233,16.92175123297233
183.09444315008636,1193.267450426378,1710.6304439438122,14.855140920287464,14.904290920287464
832.1552057320913,1191.3002764763448,479.0471544621291,16.2370857504407,16.2862357504407
532.4337151180149,1194.6891006431717,3378.8253851621566,14.116117041488229,14.165267041488228
1006.910667587857,1193.7019727715813,3044.1149264879023,14.229378800908117,14.278528800908116
1038.6096795349945,1194.8351914036625,3472.343043646434,14.08647485260594,14.13562485260594
60.23108723448651,1196.8082839031706,1648.5757178860108,14.895259165527726,14.944409165527725
215.35659080075467,1195.1908872274419,808.0095543119994,15.669490172142424,15.718640172142424
199.54962647523598,1195.0197275475462,306.3248166168721,16.722575956969667,16.771725956969668
302.6270639024947,1196.3070957774416,531.5821194807681,16.124105501434258,16.17325550143426
331.5141457003294,1196.3034171664212,2149.8136283423764,14.60702938322832,14.656179383228318
747.373696171782,1197.4035102309326,7371.0447748286915,13.26920878920849,13.318358789208489
779.5835187856155,1195.8554966736517,260.2479160324875,16.899563261122886,16.948713261122887
140.750735610395,1196.33144651902,459.15085919249833,16.28314290911304,16.33229290911304
978.3024614125246,1199.6172401210977,5468.271591653375,13.593406221304798,13.642556221304798
15.852983127862815,1201.9208358041546,15296.988936379428,12.476516530992402,12.525666530992401
727.2587245909981,1198.9405230458278,1635.7951427041849,14.903709126767053,14.952859126767052
41.79380233228245,1202.0791565622712,5860.686163665157,13.518160247978104,13.567310247978103
759.3011367631397,1203.3268088073899,13688.891254543803,12.597110728841661,12.64626072884166
1013.8719308430536,1199.660124404186,1811.5999860129923,14.792875640802068,14.842025640802067
153.00131648056347,1201.9631144922898,1547.3625088845251,14.964051237175068,15.013201237175068
538.80619144417,1202.3137617378911,2655.293116438317,14.377750238427156,14.426900238427155
523.4629279511818,1203.3355398937722,1964.1865858389456,14.705074560551335,14.754224560551334
333.8389042801565,1205.137305266748,6499.578938294462,13.405818355723467,13.454968355723466
478.4902134377313,1204.2322922371177,4504.159422284696,13.803997028113013,13.853147028113012
959.6938024518539,1205.5015021082456,3898.1437636614673,13.960886782769705,14.010036782769705
786.9393191445048,1206.381338984519,8479.924950709375,13.117051390778006,13.166201390778005
855.0350270962109,1206.4314707359856,7607.9168263584,13.234867022382364,13.284017022382363
984.3338595363116,1206.1562110837378,4037.0919304131876,13.922859814858038,13.972009814858037
1000.1118109781215,1204.0616889791797,456.11621545612127,16.290342631987144,16.339492631987145
112.67174329511846,1208.0165768526356,10367.566136696947,12.898839376214461,12.94798937621446
645.5140025477648,1204.838087425514,-82.27296552882041,,
407.2720533600652,1209.0211320808023,363.2339539211213,16.537565317013446,16.586715317013446
420.4750443535059,1209.3771127187601,2351.005244241079,14.509897417747382,14.559047417747381
173.41501007757972,1211.834565739704,2887.0052554563717,14.286912476286874,14.336062476286873
242.791602464025,1211.7999516308962,3918.965906194947,13.955102699283255,14.004252699283255
606.9782675852877,1211.557774626408,3600.4783358246113,14.047130907188723,14.096280907188723
631.4822643324713,1210.7009168121015,631.7148109141281,15.936728764207555,15.985878764207554
838.0942382433298,1211.70139681887,2842.8861182148034,14.303632755325236,14.352782755325235
1007.0790995886272,1211.2296900549886,2054.1188138762814,14.656467511568913,14.705617511568912
271.38002776913805,1215.7425378840217,34638.04003643856,11.589148137790128,11.638298137790127
377.1917679500845,1211.944800216045,2319.1924658693333,14.52468943369711,14.57383943369711
507.21682764994677,1216.0554595599162,24509.15862509236,11.964710405914898,12.013860405914897
231.44063684651894,1212.0824656599557,793.6629625852754,15.688941127929692,15.73809112792969
383.61860292019276,1213.0569195675205,2889.644720475777,14.285920287754028,14.335070287754027
696.9237583503908,1217.2481100029272,45644.02702156959,11.289571527940202,11.338721527940201
905.5568862994328,1214.0970388098676,2342.1936790200457,14.513974400964596,14.563124400964595
123.45381736030677,1216.0075356715313,1139.2949733758555,15.296440959307198,15.345590959307197
251.63121140336543,1216.3477824589568,1855.371969757957,14.766953934551681,14.81610393455168
991.9333310650187,1219.1314175470984,10894.94001115469,12.84496930416812,12.89411930416812
359.5925280679675,1217.235199836733,1433.500546196693,15.047036755549797,15.096186755549796
1078.0058662865667,1218.3916830576354,619.7872752961355,15.957424773449183,16.006574773449184
380.6846785636707,1221.9089550247993,4435.192451442756,13.820750238844477,13.869900238844476
176.5734197671705,1220.938140301755,1209.2954092761447,15.231700401925753,15.280850401925752
628.4670433078879,1223.5244805551154,1379.449529641728,15.088766873857443,15.137916873857442
38.27825095948955,1223.450866913244,118.46624472667034,17.754044857621064,17.803194857621065
512.1671557025905,1223.2062586232378,7310.708446977502,13.278132751274633,13.327282751274632
585.9018302250647,1224.758342872038,902.1452325997749,15.549840266376084,15.598990266376083
639.5751869520295,1224.9217642411934,365.94953858167514,16.529478402692924,16.578628402692924
822.8397462883955,1226.164839044579,2234.678434757052,14.564993817555305,14.614143817555304
155.33471686106182,1227.1555790769166,5231.124202242858,13.641543833507654,13.690693833507654
894.4943324704437,1225.16259782211,463.5174131375144,16.272866277208195,16.322016277208196
339.2617070331394,1227.7960879229665,2225.9490974278897,14.569243340570896,14.618393340570895
725.5484456667588,1229.1700316176966,40473.58719808027,11.4201021677581,11.4692521677581
925.2449135559476,1232.9804437407188,283592.95819191134,9.306292805410612,9.355442805410611
971.2904773528169,1226.4543268150367,333.9874455808639,16.628706056925395,16.677856056925396
541.4902558339342,1228.3646207030802,1965.3532917346192,14.70442983627932,14.75357983627932
940.4842439555013,1230.6495744507547,3235.0279204381472,14.16333632927029,14.21248632927029
218.16045325744074,1230.9576047284722,511.43318297240626,16.166059155849467,16.215209155849468
132.50114809883434,1233.635444096016,1881.8928075515641,14.751544206395804,14.800694206395804
282.08728912101043,1232.5389335502334,1404.4961849412298,15.069230002803797,15.118380002803796
180.95844946750705,1234.9020032723986,2233.153598769645,14.565734924064996,14.614884924064995
173.38314810829596,1236.9267565671512,2440.664147408843,14.469261358580226,14.518411358580225
995.4263778896785,1236.861777950204,5401.165834373069,13.606812632895046,13.655962632895045
945.7828059053137,1237.2665514176574,3675.6647451522786,14.02469168039633,14.07384168039633
525.0545703398383,1239.3425413348693,15503.431700963003,12.461961811564068,12.511111811564067
322.7201273610992,1238.974616044664,1500.0980724962328,14.997732279888037,15.046882279888036
386.6084854143926,1239.650397378199,4298.721284240906,13.854683193141064,13.903833193141063
213.3117788774691,1240.34178323602,989.9787609979728,15.448966719084874,15.498116719084873
785.456825508642,1240.033703917269,1013.9607446005947,15.422978558319581,15.47212855831958
75.07784012817375,1242.7767703678037,6162.299881903394,13.463674339987454,13.512824339987453
53.78024767083531,1241.8486279199776,290.18477310621483,16.781344862638953,16.830494862638954
400.1120603908527,1243.1276006331616,3447.121106279177,14.094390058535934,14.143540058535933
534.5070230504249,1242.4863970892561,3375.6171863036334,14.117148439084064,14.166298439084063
639.9449776514201,1242.8511177601129,1177.8208123257587,15.260333352145377,15.309483352145376
837.5729222161997,1249.6309242852453,277491.10917334363,9.329908730275665,9.379058730275665
287.03427612369796,1245.0086539376593,6638.879291435287,13.382794481580987,13.431944481580986
96.2184597862905,1246.3593522977822,2696.8654511969153,14.36088321322239,14.41003321322239
174.69252560067028,1246.3954805193948,2006.4134407423394,14.68198034131861,14.73113034131861
927.8830077398076,1247.9084503107485,5907.101340147428,13.509595358634943,13.558745358634942
69.7479247850074,1249.3216568462424,3938.02408199217,13.949835493375382,13.99898549337538
732.54523902136,1248.5182995409887,487.7583122511828,16.217519714286574,16.266669714286575
991.0950369434696,1247.5382790868632,687.1742606341372,15.845364202857775,15.894514202857774
262.43808840768014,1251.3237534811933,4026.860026611882,13.925615077890773,13.974765077890773
779.4970873691782,1249.655948532957,321.61463406568276,16.669691908109293,16.718841908109294
91.31415392374055,1250.6122171143256,2063.0046491731036,14.651780895703324,14.700930895703323
759.8934699583018,1249.6352662819006,237.0505819727568,17.00092884776133,17.05007884776133
104.02205186681532,1254.3534788235302,1980.4412620959274,14.696126496966581,14.74527649696658
119.62691803986036,1253.0523282350252,714.5012117391037,15.803023988302476,15.852173988302475
507.77457436114463,1252.4726835993874,3318.155843267059,14.135789463438611,14.18493946343861
676.7584199620742,1251.945235648344,1924.5563844364704,14.727204814191063,14.776354814191063
515.0303258463183,1254.4821626386838,3495.66516591687,14.07920684536023,14.12835684536023
647.072759377079,1253.4628628451458,960.6537581193418,15.481614197264593,15.530764197264592
657.6765771697926,1257.3958981140509,3277.934252491513,14.149030816409292,14.198180816409291
61.64570895843738,1255.5729643842762,467.3679426396524,16.26388411177639,16.313034111776393
463.5521006958734,1256.22754264929,2128.5611698950934,14.61781607418325,14.666966074183248
586.4509811703568,1258.2954660070866,9792.249088674183,12.960825281861194,13.009975281861193
687.2461634087522,1258.2448253557427,9675.29080857964,12.973871343939297,13.023021343939297
701.1436224152555,1257.352699693187,1378.4311660060498,15.089568702827682,15.138718702827681
715.7916161819529,1256.250188729661,38.27524066414458,18.980736587189945,19.029886587189946
84.9304217793864,1262.0227328529334,7486.427809436464,13.252344809692143,13.301494809692143
204.3584185938615,1258.990637672576,1460.7546965243937,15.026588184196138,15.075738184196137
415.221237854668,1258.1496096669136,354.3628336960976,16.564410997687332,16.613560997687333
307.88909727048923,1259.4563705168032,378.52538153390566,16.492793897766944,16.541943897766945
491.9144992610201,1261.0223181967124,4877.23500645264,13.717597206701928,13.766747206701927
627.6649963185238,1260.7410125510985,530.9756606397375,16.12534487759661,16.17449487759661
1075.9841525344575,1259.113387378728,527.8516016726794,16.13175180323922,16.18090180323922
296.5487146696959,1264.2626934619311,3897.615232382949,13.961034002699312,14.010184002699312
783.6832303065815,1264.006789024308,2722.4388919166668,14.35063606162615,14.399786061626148
611.8641156008938,1266.2047607335705,4583.960426323548,13.784929263250447,13.834079263250446
141.5336940187977,1267.7049788062538,1609.7002458522497,14.921168886485898,14.970318886485897
376.19713065320406,1266.3496229062146,1778.3449452869158,14.812991400354058,14.862141400354057
525.1466967323513,1265.3473668349827,442.03749956437656,16.324383628423032,16.373533628423033
909.0722685905323,1270.443280928858,87036.98138384167,10.58877186140607,10.637921861406069
1004.5048038183313,1265.7148745373206,812.6866482988471,15.663223600574584,15.712373600574583
597.9075179265354,1267.536845795932,579.8595043769541,16.02972446244074,16.07887446244074
687.0678792940811,1270.835746433179,78494.87949932052,10.700928094714737,10.750078094714736
833.3748870197005,1266.8277338158894,1199.5669430274154,15.240470189406517,15.289620189406516
974.1751342859307,1268.143173472553,982.2424220999318,15.457484695048732,15.506634695048731
23.886161497776342,1273.6652349300773,3200.1018646695884,14.175121905272011,14.22427190527201
781.5036800909904,1272.6315335966617,6994.304509372442,13.326170072045539,13.375320072045538
946.2975532947238,1272.079160058326,12692.659140966838,12.679149869174354,12.728299869174354
55.71114078005099,1272.6675151247825,18142.71032771102,12.291275996093555,12.340425996093554
717.0538983033014,1272.0241857639307,3986.8982728278497,13.936443525894806,13.985593525894805
794.3857959440564,1272.0250075559336,2485.6939957586633,14.449412254270309,14.498562254270308
883.7368112576357,1272.3165896011105,849.5666105808623,15.615037823552267,15.664187823552266
152.99927769745267,1273.7941586515824,725.9290459826469,15.78579597792819,15.83494597792819
229.429463421645,1276.299479619604,1359.8986753284753,15.104265035611247,15.153415035611246
634.3863756662845,1276.8167963524522,492.7862911076277,16.206384868386465,16.255534868386466
1059.7708036759204,1281.2321219918263,5397.974297716891,13.607454381581501,13.6566043815815
522.8947472210865,1279.8513755018582,3065.2903649317595,14.22185236219902,14.271002362199019
422.8652543115803,1280.4489135877702,1636.0366329852322,14.903548852792301,14.9526988527923
1042.7429213405235,1280.1823703367452,1085.5521536635265,15.348904679211467,15.398054679211466
412.83154144223886,1279.8387202363108,589.1679780444704,16.01243357642487,16.06158357642487
740.9839887832704,1280.038939117118,367.77453455914485,16.524077276124885,16.573227276124886
833.5905903598599,1282.058479830481,2305.17389898906,14.531272178671925,14.580422178671924
14.01346254255121,1282.6306097299318,1351.0419886287207,15.111359296097334,15.160509296097333
712.7621206767207,1281.2302253461958,1971.4959024295167,14.701041715522669,14.750191715522668
683.1174457817766,1284.3748890850568,4283.812644424346,13.858455241449475,13.907605241449474
388.7782014824788,1287.258622764078,3861.152209641724,13.971239106971995,14.020389106971994
523.9383047756321,1286.1269566517208,3864.3882347059325,13.970329534417813,14.019479534417812
704.411906830152,1287.0835636246395,2658.5496970279646,14.376419454654783,14.425569454654783
992.0417962205513,1285.8140397473906,2237.892825462338,14.563433202525252,14.61258320252525
181.87163308003744,1287.33961217269,939.246328724368,15.506082646967158,15.555232646967157
940.1248659840682,1287.0782585986474,1444.2640414870066,15.038914916069675,15.088064916069674
208.80619909339526,1287.9491931029206,556.7495568251627,16.073881712431366,16.123031712431366
351.4720548076428,1287.819057089204,619.1967748562955,15.958459698402294,16.007609698402295
269.7167727656905,1290.6584155696476,1484.0744878165935,15.009392164071798,15.058542164071797
192.77640777866839,1291.582946560605,2242.157341543997,14.561366198482226,14.610516198482225
996.6458089430688,1291.5714643463307,2370.5594481021135,14.500904285236006,14.550054285236005
783.9382042915056,1291.128031901453,337.93344912603845,16.61595346000035,16.66510346000035
868.0446939750652,1292.2295718821601,1644.8872097576898,14.897691103326213,14.946841103326213
975.508479507792,1292.1395558390386,2973.254980810319,14.254951024726491,14.30410102472649
42.587936348247474,1293.4988628199958,1011.3285795929435,15.42580071159972,15.47495071159972
69.67862489505546,1291.9325133549548,-85.38175934734043,,
275.49878322747423,1292.0414587300759,2038.496299842745,14.664756593738176,14.713906593738175
732.3426006641712,1293.371254891111,602.5597793909874,15.988031064114537,16.037181064114538
163.73737544780573,1293.4573892582507,2664.6263865376604,14.373940601966805,14.423090601966804
525.6315187322996,1293.1156605291083,1995.8786848549414,14.687696062176515,14.736846062176514
500.5751157003041,1294.887584387158,1838.6759011883134,14.776768452497128,14.825918452497127
624.0480289105302,1297.3442253891662,6401.738415602939,13.422286601789647,13.471436601789646
1039.1358286275058,1298.6007395859594,897.6885164564117,15.555217238514157,15.604367238514156
167.50759917647167,1297.927098316017,2248.117380092045,14.558483954595287,14.607633954595286
301.02998307669986,1301.05926777473,20827.21541101538,12.141453390298121,12.19060339029812
433.49231654030376,1299.9647772080586,1546.5930747577615,14.96459125947548,15.013741259475479
59.62717437759333,1300.6670891241793,1034.965843233354,15.400716369703533,15.449866369703532
830.3161141308099,1300.5974946788363,667.1078106545391,15.87754134868688,15.926691348686878
865.1523347535804,1300.0090728634373,1266.4752848089688,15.18153961500192,15.23068961500192
900.4236239078989,1301.1844584386622,1188.0812657293277,15.250916043050124,15.300066043050123
476.87365521033445,1303.4334149205836,2025.2451912161287,14.671837388327951,14.72098738832795
495.08314389618687,1302.173979004504,905.2389917772487,15.546123281815579,15.595273281815578
484.88424276730046,1305.232063844911,2903.9020478236876,14.280576504972132,14.32972650497213
135.90954135328272,1306.947398030799,7028.817158824764,13.320825797129253,13.369975797129252
505.64693670607153,1306.105793288165,1075.3311184803615,15.359175877895373,15.408325877895372
627.1249384721426,1307.0577459341023,1468.5241843625108,15.020828654726358,15.069978654726357
885.3416672238675,1306.1188061850473,281.41218536696806,16.814674165457987,16.863824165457988
738.5174221818387,1307.9967460852345,2506.8857208079303,14.44019507092336,14.48934507092336
776.3839257928502,1307.9789874759726,1289.905172823278,15.161636951491756,15.210786951491755
157.24791293921263,1308.6162700747745,199.54183169415512,17.187946526180106,17.237096526180107
708.437549570739,1308.280985632371,345.3953352998246,16.592240242564493,16.641390242564494
49.58521432589552,1309.7669952269807,1278.6891324085777,15.17111897714799,15.22026897714799
62.263888512298294,1313.70753026503,18237.098502694902,12.28564205286364,12.334792052863639
397.42786265864953,1312.579466889858,840.690531253842,15.626441022544613,15.675591022544612
963.6534164411917,1312.6871296620002,1047.9067876454515,15.387224778851225,15.436374778851224
480.15246112024533,1312.6655872343536,1940.1080308721691,14.718466628980078,14.767616628980077
75.80278793858645,1314.8353344483687,11828.443537033196,12.755712409657349,12.804862409657348
125.29312203788122,1314.1737208880822,2359.8110454901844,14.50583833848139,14.554988338481389
329.41839793802995,1314.8511988625905,4480.450429006143,13.809727220644028,13.858877220644027
1043.562958543469,1313.0318366716178,813.4871933090371,15.662154611824333,15.711304611824332
352.6149918892879,1319.6087878209569,21284.96293094512,12.117849167037578,12.166999167037577
715.6913950944925,1315.5831489679024,530.0836966958852,16.127170294372036,16.176320294372037
887.8505704990969,1315.941374829758,678.5927080300221,15.859008441132818,15.908158441132818
10.180184682768111,1319.708304165457,24372.6356764689,11.97077517074741,12.01992517074741
184.0425781720063,1316.0443546194776,566.7852722667037,16.054485020648148,16.10363502064815
624.971387429595,1316.993912019017,2094.6290018547033,14.635263631440662,14.68441363144066
416.4309267902312,1317.866045133555,2949.19071659499,14.263774267022827,14.312924267022826
210.41630708627326,1318.9272689872191,1611.3977097910658,14.92002455728472,14.969174557284719
452.7563037068418,1320.612691162827,8375.820934066094,13.130462952379686,13.179612952379685
578.8574106852167,1318.9270047232305,630.6336309892743,15.938588593770206,15.987738593770205
602.559810651143,1320.628613341559,9897.880626566657,12.949175883206134,12.998325883206133
785.1262548085326,1322.9366299428768,3901.4325727067417,13.959971148609945,14.009121148609944
907.4802385025494,1318.496273171151,475.402301780401,16.24537821208723,16.29452821208723
127.38056564948523,1320.109101254353,1889.732428150897,14.747030623182898,14.796180623182897
863.2705439849286,1321.9527486286454,4521.473274339247,13.799831492086954,13.848981492086953
111.04227244118198,1322.0389488952,1342.105082841591,15.118565109616075,15.167715109616074
760.3673881638707,1323.5141378134729,3081.83502246075,14.21600794682859,14.26515794682859
835.7101175137516,1324.0350756289079,1470.4872936098031,15.019378222078076,15.068528222078076
1015.4733076357868,1323.4286827719125,3426.486204993795,14.100908943219602,14.150058943219602
630.7043687172542,1324.5684532353293,2169.3590160005133,14.597202834663985,14.646352834663984
244.2223206855764,1325.758942129663,2096.007700790144,14.634549227635278,14.683699227635277
446.03186819873275,1326.28377356132,4310.988022785305,13.85158937180776,13.90073937180776
140.06271286981675,1328.0103973730534,366.5257494982932,16.527770186202947,16.576920186202948
293.13776078082384,1327.6012191892326,1176.4433700878026,15.26160384599185,15.310753845991849
812.4455649120713,1329.2725478843502,1754.5827248602036,14.827596789698214,14.876746789698213
281.29338870976096,1329.3579983206469,71.80460907502413,18.297650607147105,18.346800607147106
227.67265657005933,1332.6482144747276,1113.9166984554095,15.320899626451608,15.370049626451607
642.0085845353913,1332.2757761464131,913.3184195409076,15.536475871293256,15.585625871293255
341.8939929755536,1332.8756966946905,1405.2338455110869,15.068659909024511,15.11780990902451
381.7865980297266,1333.6230641013187,1606.4634827643981,14.923354267799613,14.972504267799613
551.5265614734776,1333.867961762737,157.6438363041275,17.443838924965725,17.492988924965726
878.5009864737303,1333.6586399562416,353.12899321067584,16.568197971877254,16.617347971877255
122.86314879838156,1338.031325435205,7472.489756841506,13.254368091475529,13.303518091475528
296.5008349987382,1336.4278792381972,3223.591101314705,14.167181541854202,14.216331541854201
469.482217904206,1336.1620595370223,2375.9514002942196,14.498437530006957,14.547587530006956
410.1133786725527,1335.865378286316,316.18355463287145,16.688183218395512,16.737333218395513
266.6251118924399,1340.6687133078956,2421.6769595689193,14.477740887924448,14.526890887924447
364.22746768641616,1339.469541875315,3827.985629727683,13.980605665534704,14.029755665534703
500.42582913522233,1337.014162825352,1732.1769290425034,14.84155078766819,14.89070078766819
590.4527579452991,1338.2329931096049,557.9467969010361,16.071549440702547,16.12069944070255
456.3422358451685,1338.893497358094,826.0101752511192,15.645567919362984,15.694717919362983
488.99243900284165,1339.1823936792089,1065.8833042955366,15.368757263465808,15.417907263465807
644.6405039187689,1341.362990614064,3098.7230007527414,14.210074523011098,14.259224523011097
419.1736447021855,1341.2707706999638,319.420720229993,16.67712370096112,16.72627370096112
718.7520811358175,1341.8157701995135,1854.1228725732362,14.767685133890467,14.816835133890466
499.5011822819784,1342.40648484301,1893.6649906684756,14.744773536988752,14.793923536988752
126.36262454263276,1344.0097508775546,6414.838384934444,13.420067114299531,13.46921711429953
820.4133087793757,1344.4773636935954,1425.2102226613515,15.05333409051851,15.102484090518509
36.90523697255636,1344.581013886756,589.1045718305006,16.01255042956243,16.061700429562432
185.20534125075062,1347.201926852981,9580.2782252095,12.984586107934323,13.033736107934322
377.9256731849704,1345.0403241041347,661.030111364505,15.887478304951895,15.936628304951894
254.68169326618167,1349.2005436363165,4357.293412667739,13.839989398531,13.889139398530999
579.2906295488729,1346.2428792157066,1075.885275066887,15.358616503316219,15.407766503316218
145.1179912543359,1350.7743858440613,54857.063586667755,11.089950020491054,11.139100020491053
610.4291464094157,1346.9537682050695,688.7901402011438,15.842814108169446,15.891964108169445
832.9325204308847,1347.5230029146308,851.3763048172311,15.612727515222037,15.661877515222036
315.7466754350669,1349.5608723232867,3621.003186742338,14.04095914487798,14.09010914487798
562.2395700596134,1350.2352621330583,3467.4323067967093,14.088011434241647,14.137161434241646
519.2885946559404,1351.218033228235,2220.0187116217844,14.572139825058933,14.621289825058932
379.6673084360184,1351.0865387425688,389.5843839796878,16.461527561484658,16.51067756148466
543.9808309099993,1352.2612590018261,2386.3384618478585,14.493701309827284,14.542851309827283
726.1892886679631,1352.0339669217944,1385.0874024552102,15.08433846413255,15.133488464132549
946.5364898174327,1350.7854550116876,941.0992555136495,15.50394283780874,15.55309283780874
2.1485316611824494,1354.3548428495296,487.99910086574357,16.216983857897855,16.266133857897856
207.25832843822585,1352.1977455493834,907.4729541877002,15.543447186363762,15.592597186363761
497.97605410722866,1352.7819357513397,2466.6165868516546,14.457777293440053,14.506927293440052
508.35941123117317,1355.3438344752171,23669.176303637607,12.002573551000477,12.051723551000476
1010.3200930139188,1353.32589458399,2219.486511717742,14.572400137268373,14.621550137268372
476.1978921431297,1354.3788595858305,185.3157968927689,17.268250308685968,17.31740030868597
88.1499002954817,1357.0770795982146,-150.7933849217488,,
294.7088577392276,1357.6992265319575,5411.516924763875,13.60473385979506,13.653883859795059
729.9767208695915,1355.8464983002102,1857.4603186313684,14.765732550959306,14.814882550959306
1053.0159928611997,1356.7265642773286,1390.724545767789,15.07992861280687,15.12907861280687
181.44259152142163,1361.6827199654836,2210.823900819678,14.57664603490993,14.625796034909929
734.8009137851359,1358.825894885798,1538.1508186074302,14.970534110067728,15.019684110067727
762.6249346440087,1361.5413448386869,4823.7245834446685,13.729575154305861,13.77872515430586
278.91241942104244,1361.6509240193327,4999.022872293683,13.690818602927504,13.739968602927503
388.07236906193714,1360.884537799502,2025.439957489445,14.671732978932107,14.720882978932107
549.0224836707922,1360.6399926113463,1109.8669284715158,15.32485413596417,15.374004135964169
885.2385748023678,1360.5422328600882,731.758468631281,15.777112019398292,15.82626201939829
746.2851133875412,1361.4951538298913,1444.3253731767807,15.03886881049596,15.088018810495958
810.2752326338212,1360.9735729041633,655.7966621481085,15.896108407742961,15.94525840774296
150.03915928828678,1364.2114836071612,1203.7550710315716,15.236686088249318,15.285836088249317
119.63208647461953,1365.107580450718,1544.7424813583505,14.9658911872624,15.0150411872624
1052.4694211402377,1363.500422064154,1217.0896893376287,15.224724954239608,15.273874954239608
52.267688988662,1365.3078590233683,6888.876339186544,13.342660440220378,13.391810440220377
428.15249985570915,1363.8589735227147,576.8805439420263,16.03531668232073,16.08446668232073
215.8920133920836,1368.2040362508335,44231.526961538024,11.323701581571592,11.372851581571592
607.3646782654355,1364.7089698806024,812.1523380293029,15.663937665205001,15.713087665205
229.69507966879965,1366.137094892884,254.60432921463493,16.923366952467113,16.972516952467114
381.311122435787,1369.4186084129342,18066.697024364563,12.295834508522088,12.344984508522087
36.326470947301395,1370.0828723839343,3818.350147023564,13.983342034500225,14.032492034500224
506.73993560251637,1370.468366359196,2212.685826920103,14.575732027336024,14.624882027336023
708.589716193112,1371.3334386645163,2002.5800303117915,14.684056709759062,14.733206709759061
1068.3172852516952,1369.9493503183471,3734.334006564325,14.007498513576989,14.056648513576988
60.16835256814935,1369.1461905966148,3462.7905211213183,14.08946586237225,14.13861586237225
582.0925450070056,1371.9273812474153,8599.423425413617,13.101858078394553,13.151008078394552
339.978761311518,1371.395307133869,452.58306963774703,16.29878565318347,16.34793565318347
7.321119765228651,1373.582520259433,2312.391352894684,14.527878070753292,14.577028070753292
973.4984841814288,1373.240146392205,2542.178296530448,14.425016395757016,14.474166395757015
1054.088610819338,1373.3481886872084,724.9817936506093,15.787213661592775,15.836363661592774
429.2977448392629,1373.9820703969078,791.1265881241873,15.692416461208175,15.741566461208174
101.08671941903793,1378.0509722489185,5013.61736648493,13.687653447368575,13.736803447368574
125.4385138423038,1373.8310096568634,614.3860203913241,15.966928099217313,16.016078099217314
1026.0459492059642,1374.707149436683,2323.7072560138104,14.522577877146073,14.571727877146072
371.3158399554345,1376.3439358145888,1751.59272475123,14.829448580747552,14.878598580747552
689.536628381055,1378.0432144987585,541.1063442350285,16.10482484775879,16.15397484775879
377.2067354800257,1378.8403805438975,2812.488708144664,14.315304443759448,14.364454443759447
863.9821810583446,1378.6474246508526,448.01668077935994,16.30979595202957,16.358945952029572
1074.4310785623254,1378.2300550568166,755.1008624289739,15.74301899671586,15.792168996715858
42.97287697550927,1380.6550504894549,3529.182774039959,14.068846035531179,14.117996035531178
1031.0395636380129,1380.9245323065675,3050.0453100856885,14.227265684756675,14.276415684756675
506.61552341079306,1380.2482592790593,1821.7824327144385,14.786790137705825,14.835940137705824
179.78475639440953,1381.4592535691868,855.534450851218,15.607437656206958,15.656587656206957
8.379834471044733,1383.857072763419,187.64490175728352,17.254689489225036,17.303839489225037
136.46296624209685,1382.9391260993,560.5268524796359,16.066540355826575,16.115690355826576
498.73897067192604,1383.6264147032628,2078.4632399515203,14.643675542683324,14.692825542683323
143.23738778247073,1383.19736665885,679.9144857078031,15.856895677447984,15.906045677447983
233.8274037574231,1384.2826457580254,1840.0167308816717,14.775976982508976,14.825126982508975
490.77105589121925,1382.7232279235602,899.6542257957254,15.552842351856764,15.601992351856763
931.930334744738,1385.335908104762,2299.799837696354,14.53380631497522,14.582956314975219
108.33478282548108,1391.6461783060242,133007.80843525621,10.128338568284528,10.177488568284527
37.013715896099846,1388.1793463065226,5549.482608226874,13.577400175750915,13.626550175750914
610.3892047043524,1387.7410272811385,572.5326061814835,16.0435308496266,16.0926808496266
642.7058279526877,1388.7861858761773,3932.985251586995,13.951225617847616,14.000375617847615
168.597294143791,1397.0504356629951,107224.4887222029,10.362296452265019,10.411446452265018
795.2863805597312,1391.8525698642334,2265.375742159592,14.550180798105625,14.599330798105624
518.1762086372717,1392.2572303546722,2617.7902643933103,14.393194291884427,14.442344291884426
4.004981166275293,1392.9241485099624,473.09918549034444,16.25065091157775,16.29980091157775
65.78987636514162,1392.1811693193,560.6734202242856,16.066256492342777,16.115406492342778
832.6358569526152,1393.2715387403828,1199.3603588036435,15.240657186295888,15.289807186295887
153.05661594891234,1397.9868345826162,4799.309942895067,13.735084417724723,13.784234417724722
405.52742246639355,1395.9945900808973,1343.6763739622115,15.117294710009888,15.166444710009888
912.775534193327,1399.250400661472,1713.7009368577765,14.853193827062025,14.902343827062024
803.3209465295353,1399.7220971373813,8987.844858998986,13.053892494028526,13.103042494028525
1047.8612564426853,1398.5589716816883,897.588039339986,15.555338770367078,15.604488770367077
787.9290602882327,1399.4315609500054,3257.7795183388853,14.15572719103668,14.20487719103668
315.25084871548273,1400.9349270786329,2514.951126322489,14.436707538146361,14.48585753814636
540.2778826014824,1400.7868636243097,2179.5185536919053,14.59212998642446,14.64127998642446
666.2176038902513,1403.5989438922318,21867.319662489506,12.088542528369699,12.137692528369698
492.3429450770802,1402.1153799182764,931.0386364401163,15.51561215294552,15.56476215294552
957.9566802964371,1405.218678317809,3683.432414487932,14.022399648432792,14.071549648432791
191.26421656620724,1404.699750721228,11315.169280933498,12.80387877340879,12.85302877340879
137.18201954058873,1405.5999207594991,1869.4529911231807,14.758745040074967,14.807895040074966
392.27922377882726,1404.3778964928274,957.5178883765086,15.485164171900735,15.534314171900734
238.71532198703707,1406.4870845618989,738.0519815556779,15.7678140359792,15.816964035979199
788.8991962879846,1409.1191025861374,5107.229537720548,13.66756796972413,13.71671796972413
589.3545442103064,1409.5233739957284,9256.427383361923,13.021922916334482,13.071072916334481
634.9343077103094,1407.1801984603883,1569.9203756771246,14.948337347157558,14.997487347157557
858.4395945128986,1408.357426279452,1655.4492276819324,14.890741748542013,14.939891748542012
318.3228507719633,1413.4882665340615,9076.730477650402,13.043207812955888,13.092357812955887
866.027359083585,1409.6360601053364,1819.1868614678247,14.788338135463658,14.837488135463657
305.18449051597,1412.732986981023,1347.633592326773,15.114101842299608,15.163251842299607
359.9488982142054,1411.969514684936,1123.3255554522348,15.311767314654668,15.360917314654667
631.0434084816789,1413.3098366378335,1657.1820007298006,14.889605893401754,14.938755893401753
212.42561830375732,1412.9641713413778,288.8665131939018,16.7862884143438,16.835438414343802
270.5590575327516,1421.2538946811208,148198.67225565165,10.010920630643112,10.06007063064311
503.7285462556796,1414.444255930977,1853.3408809121006,14.768143148709955,14.817293148709954
570.5463424082953,1414.8278517001495,1315.3317427869274,15.140443159865775,15.189593159865774
1018.4166687245446,1416.261369327115,2517.6449430429525,14.435545205790888,14.484695205790887
46.692599538304215,1416.4912603014225,2541.2484497432984,14.425413595670907,14.474563595670906
560.0940804243309,1419.3038774171791,4906.05806329095,13.711199702985919,13.760349702985918
32.58323479014912,1420.2771868882064,1173.1103071858777,15.26468428593062,15.31383428593062
437.27912182215044,1421.1802877500859,2438.7781737159157,14.470100663519949,14.519250663519948
199.28611034439328,1419.219432673059,950.9315810386424,15.492658235366749,15.541808235366748
1034.3637795614475,1419.4866513350378,663.1831079710707,15.883947773176342,15.93309777317634
498.4516201955576,1421.26408647044,2124.840663755286,14.619715489947023,14.668865489947022
79.37595785417973,1424.0972668420504,4299.146820824805,13.854575719876685,13.903725719876684
249.99405263995865,1421.7187229124083,198.31672303150634,17.194633068510747,17.243783068510748
400.30549984373124,1423.8073527184156,8145.444962850326,13.160744378486537,13.209894378486537
448.55719429287603,1422.400735314748,1952.0611630924577,14.711797859681653,14.760947859681652
909.7111207426498,1423.279316226191,2716.967231978816,14.352820410859557,14.401970410859557
990.522454787244,1425.1642072437419,1642.4175780663604,14.899322451325387,14.948472451325387
596.6586883734869,1425.3934958272969,289.35702286669556,16.78444634391577,16.833596343915772
643.2285194865774,1426.1862284766628,778.7127978021356,15.7095881319629,15.758738131962899
42.90964972103714,1425.894792706188,419.0696193488354,16.38231596847107,16.43146596847107
322.378823773631,1428.1165220420787,1343.1024133713001,15.117758588767659,15.166908588767658
536.5760745602811,1427.2474888158965,1281.2872344447405,15.16891516429304,15.218065164293039
694.7423384464257,1429.1385976079348,1800.5235569061363,14.799534393002816,14.848684393002815
240.42304466483344,1429.7483044565229,2121.650896879985,14.621346599291364,14.670496599291363
506.35315879270735,1429.7115779179303,568.6854711208898,16.050851080046485,16.100001080046486
701.2289049572677,1430.0334199501253,1552.6346460855357,14.960358230073323,15.009508230073322
1018.072740701719,1430.558560575398,744.9821269747956,15.75766677839243,15.80681677839243
449.9250835706308,1433.1007979311273,9898.245569382154,12.949135851977442,12.99828585197744
717.0365678488756,1434.942625317702,12683.259498866366,12.679954216977627,12.729104216977627
1.4456316572841743,1433.9041719350741,660.077606642752,15.889043913912783,15.938193913912782
300.31867968323326,1438.5951751706205,50216.54652719156,11.185914306764985,11.235064306764984
14.971775792437734,1435.5203825008416,242.06807574058007,16.978187617734278,17.02733761773428
996.2199848562129,1436.7836693383415,2161.7405218596446,14.601022503721909,14.650172503721908
18.427186506476634,1438.4491297162956,780.6880697114636,15.706837555869361,15.75598755586936
50.23027011889682,1436.2896688368044,735.550721034763,15.771499848591226,15.820649848591225
838.5313973303372,1436.826179865248,1128.6385394489957,15.306644222509071,15.35579422250907
622.7086762813246,1437.7054973011748,2237.8839678575846,14.563437499889758,14.612587499889758
143.63671535475336,1439.5123896627797,1772.4263166015426,14.816610938152303,14.865760938152302
249.72144557432156,1438.5334367935573,372.83021013548563,16.50925367333584,16.558403673335842
674.1623164309523,1440.2640608340275,2614.3361151351514,14.394627856435061,14.44377785643506
272.8902288718996,1442.6645267574352,1198.5445899977426,15.241395922634783,15.290545922634783
328.4270794235991,1441.593026486325,3969.0640658154452,13.941311139853953,13.990461139853952
952.958706108184,1444.5228109357745,27746.97334500031,11.829992370038916,11.879142370038915
659.3682511568355,1443.1601400395375,2178.1388681943145,14.592817500104836,14.641967500104835
884.0805611468553,1442.4108240587354,626.8265735959118,15.945162913434503,15.994312913434502
176.77256701729988,1443.4530092112618,851.2924162590134,15.612834501206764,15.661984501206764
318.49573352701333,1445.435067025177,11147.141408536529,12.820122636288264,12.869272636288263
241.00665283714713,1445.8371323485699,515.0771609506113,16.158350679334294,16.207500679334295
412.0467065339728,1445.0418541388756,373.347842590621,16.507747297249335,16.556897297249336
723.2542676308893,1444.9179431868936,1077.1284207579313,15.357362699462422,15.406512699462422
877.8885725109674,1445.9645588683397,1910.113294871851,14.73538359396284,14.78453359396284
330.00803455864184,1449.141170542616,2526.055347078554,14.431924257639153,14.481074257639152
623.6128799776143,1450.9974713884558,5021.105449453205,13.686033056961971,13.73518305696197
659.897368866815,1449.5490369898232,1757.2834077210687,14.825926891343927,14.875076891343927
871.6523475629912,1451.15650844034,6479.4477207696145,13.409186437138912,13.458336437138911
281.940224926498,1451.8398272649138,380.9741780169402,16.48579256069059,16.53494256069059
103.09557552783673,1453.4258518718839,2626.9090976057146,14.38941880099084,14.43856880099084
462.6872609591712,1453.6543243427209,2819.0525107376757,14.312773498475998,14.361923498475997
711.353189570932,1453.0524383647712,558.535427391361,16.07040459937883,16.11955459937883
362.42531594389345,1454.8791035762881,705.3463816368121,15.817025305462955,15.866175305462955
878.0763403353589,1457.9521304705886,21819.31972404572,12.090928397033338,12.140078397033337
1064.7945720297541,1456.0045026364885,403.08092960155454,16.42455078375172,16.47370078375172
212.20571882535833,1456.7762331062072,1742.777921957535,14.834926288637718,14.884076288637717
132.97348569636293,1457.970657224382,1593.5865357137682,14.932092283144133,14.981242283144132
552.0180130358498,1463.5787148992677,5056.347917452618,13.678439039296732,13.727589039296731
602.3362658243234,1458.3875072327514,667.0589031962586,15.87762094983059,15.926770949830589
911.8728175692193,1459.9838090419655,9152.304280653567,13.034205286465175,13.083355286465174
241.97322839273778,1460.3631519453365,451.55990317405787,16.301242984337353,16.350392984337354
277.581419556823,1461.367241080498,2906.749479486167,14.279512404025976,14.328662404025975
259.80121576959584,1461.752226375075,166.9485179755213,17.381574992154373,17.430724992154374
314.41210592537857,1464.3728165692855,4193.218609306994,13.881662651178416,13.930812651178416
459.47165710299186,1463.9312097939244,18658.385565040484,12.26084625423751,12.30999625423751
22.90803608926145,1466.0106135193369,10225.155302570132,12.913856630152312,12.96300663015231
99.68273055528344,1464.014174132854,504.22798946355323,16.181464038705876,16.230614038705877
90.04194568524416,1465.1062045605138,1552.304403585914,14.960589188706523,15.009739188706522
692.4250336492439,1463.9265957467146,1685.2167115184766,14.871392019509988,14.920542019509988
295.8226348595333,1463.957743540925,118.45415153778166,17.754155696647388,17.80330569664739
948.3367851343309,1465.385394410358,1436.4406031956125,15.044812230879579,15.093962230879578
923.8832138603682,1466.557445538977,477.64113827774355,16.24027710082418,16.28942710082418
33.9259125852948,1467.870242531111,1312.3536520709272,15.14290420204546,15.192054202045458
141.73732980250946,1467.7839971826647,1006.3718682542751,15.431135192036368,15.480285192036368
219.06161882820743,1474.6069226367258,23802.33393694662,11.996482552763275,12.045632552763275
267.7374280984116,1467.6881777755696,397.83813253042734,16.4387653933674,16.487915393367402
126.53399792258901,1470.9318971149976,2529.7071721244115,14.430355782324021,14.47950578232402
858.7969372207552,1470.9019227468511,7703.68201972446,13.221285541514535,13.270435541514534
535.7720072018813,1470.1383695509717,396.1746672489455,16.443314657873756,16.492464657873757
794.8564910309152,1470.261713609207,1260.8948722862074,15.186334216016393,15.235484216016392
645.4431560826486,1470.6210269179062,558.2072298894685,16.071042769539254,16.120192769539255
1051.516920132873,1472.5680086179073,1392.2703446675355,15.078722480514571,15.12787248051457
352.0009452337538,1474.0000979332274,2513.809183309423,14.43720064134398,14.486350641343979
518.0653573766033,1472.6292647675382,699.7227408731221,15.825716440846119,15.874866440846118
625.2545308820337,1472.698420339403,584.1844679985352,16.021656397474665,16.070806397474666
119.6258491865315,1473.9617799260175,2855.1158456952603,14.298972076591324,14.348122076591324
767.474351533909,1473.1260703380974,1458.852723520403,15.028002786192866,15.077152786192865
994.5171712296599,1476.7054349043083,29228.54140032134,11.773513554483861,11.82266355448386
335.22144881444007,1475.6167067942088,2154.7828544347817,14.604522634409289,14.653672634409288
571.2903340246036,1475.0233321290186,1985.3541219856918,14.693436457736988,14.742586457736987
773.4367800143277,1473.8942225466967,1125.544589750537,15.309624650557913,15.358774650557912
806.2486081465347,1474.742980074931,1821.4878538494745,14.786965713446513,14.836115713446512
412.5078812935338,1476.0729542973866,796.3492293710852,15.68527250212334,15.734422502123339
755.9121727299156,1477.05011208073,1203.4096879080216,15.236997653930837,15.286147653930836
42.014635865560024,1479.5357710774358,1575.0403862634748,14.944802176963513,14.993952176963512
365.0774642229742,1477.7840549665887,875.2327316470845,15.58272253523173,15.631872535231729
636.1524452956241,1480.2415936468724,3158.662983874935,14.18927318501468,14.238423185014678
848.6731506519968,1478.9345835058043,698.9774368806745,15.826873520279737,15.876023520279736
871.569772804427,1480.6698670307194,2012.59481281092,14.678640539895703,14.727790539895702
884.749353342064,1479.1364657995068,922.860495835457,15.525191272741703,15.574341272741702
29.70924512103698,1480.7847004114615,-44.14788551834184,,
273.92035639266186,1481.094916275537,625.7309918524618,15.947062248204093,15.996212248204092
806.3180201480354,1481.5772176560479,1671.9623467469482,14.879965180622367,14.929115180622366
825.6061269796947,1482.45353257003,1651.6031390514045,14.89326716337824,14.94241716337824
793.0472442322332,1482.6660142139888,364.9225277740492,16.532529726178286,16.581679726178287
296.62315960749316,1484.8211606567759,-289.49718771330566,,
485.0296439245448,1485.4952467794526,7442.17288068464,13.258782026432467,13.307932026432466
1015.8168614109137,1486.0459351049622,821.52128397359,15.651484363400707,15.700634363400706
55.70343589438513,1489.4814104832994,3745.6897205752575,14.004201914594342,14.05335191459434
136.66258328250873,1488.5842710889515,8194.525169317083,13.1542219286992,13.2033719286992
29.005014853937627,1490.524968731653,603.260879896771,15.986768504409296,16.035918504409295
447.7159841065268,1490.1488353799373,854.1982878044649,15.609134671018527,15.658284671018526
459.7921823757185,1489.9325618610103,1271.6344994483154,15.17712565791325,15.226275657913249
18.61890511046437,1493.3277694423418,1850.0730101617069,14.770059243757059,14.819209243757058
370.05714297190764,1491.8417098972557,421.0839699557004,16.377109640481642,16.426259640481643
418.9516632047492,1493.5629041248146,5768.28669137611,13.535414319320882,13.584564319320881
675.1827389876246,1491.7722955995043,511.0689605658106,16.166832649524075,16.215982649524076
345.5014408103057,1491.603202941505,445.5217878821773,16.31585904316632,16.36500904316632
236.25670976738832,1497.258853868231,36613.748508485085,11.528920927089775,11.578070927089774
753.7113942303915,1501.0003923512083,227699.04752367418,9.544628377587253,9.593778377587252
817.9937436773376,1497.3829899113593,7402.037354837365,13.264653231300432,13.313803231300431
255.5384342399689,1495.4993436332104,2653.747746143353,14.378382316638577,14.427532316638576
962.335040002748,1497.048153020175,6799.576938328444,13.356826681807924,13.405976681807923
125.52460610881883,1496.5029027810385,1825.0497595619768,14.78484463771389,14.83399463771389
458.5421917505601,1495.3586732191814,1464.586135948382,15.023744115681819,15.072894115681818
474.3247009633826,1495.798327615497,1539.91469381513,14.969289754887127,15.018439754887126
612.8609671953938,1496.8556393917702,620.3106248469599,15.95650836259365,16.00565836259365
992.7557614215108,1503.8173502898735,328694.94551857654,9.146048847939756,9.195198847939755
492.7127948643448,1497.201641461144,723.7562052571498,15.789050661808618,15.838200661808617
768.2062067621749,1497.426027764839,2446.708162363384,14.466575985423622,14.515725985423622
923.8793999869174,1502.5897785904365,51014.645774529476,11.168794223871089,11.217944223871088
442.9232146124499,1499.2782232707495,1296.9887662241806,15.15569087622249,15.20484087622249
177.0888882699682,1499.1676504715224,542.9282437514335,16.10117532559263,16.150325325592632
224.826751811841,1502.069993389603,2030.8908270017678,14.668814967431715,14.717964967431714
544.0861927156914,1504.592706123705,29092.33067116608,11.778585124361584,11.827735124361583
1013.699746936795,1500.8644832158905,1289.9339763209216,15.161612707344421,15.21076270734442
118.06350582117399,1502.0598018135256,1222.111850054987,15.220254024442273,15.269404024442272
329.92977392926576,1503.0993543086956,743.3015378090961,15.760118834168171,15.80926883416817
467.6416339477486,1505.242591701285,34824.710870380106,11.583312613914773,11.632462613914772
506.277995387731,1504.073137773345,1024.4332127518296,15.411822287152656,15.460972287152655
621.6935113412599,1504.1225987477578,2256.4170591206675,14.554482976324072,14.603632976324072
658.0170132112279,1505.8863347654399,4140.319227234257,13.89544684389466,13.94459684389466
41.52366864397076,1505.2889679514565,1099.3790212861022,15.335162799051819,15.384312799051818
59.112774494059,1506.1344982953196,702.7830038150853,15.820978287640093,15.870128287640092
968.334470615845,1508.063462772873,6034.6369080329,13.48640355096201,13.535553550962009
364.5598986560354,1507.444162575403,1195.418271727315,15.244231688316594,15.293381688316593
413.69680473083815,1511.4427538608743,13151.91826662208,12.640558659307896,12.689708659307895
266.74881446738584,1511.2264683275428,1536.6147466625912,14.971618920617972,15.020768920617972
715.7164477885807,1511.564390916788,1708.5848134168793,14.85644005779269,14.90559005779269
863.227365762658,1510.8686919999095,1887.0541167893625,14.748570524930425,14.797720524930424
882.4169423003527,1511.356167947262,4737.914266824203,13.749063417840043,13.798213417840042
345.4413897476565,1511.7058351656895,435.34638795958494,16.340944048702468,16.39009404870247
274.27358918449477,1512.5766506623936,1096.860602730566,15.33765281824012,15.386802818240119
367.5269063714894,1512.0598501364161,1061.5706272802768,15.373159178749926,15.422309178749925
963.1761107023053,1513.4092957489258,4095.1175223453265,13.907365488125114,13.956515488125113
183.06604633562995,1514.3744460348703,573.9261120244669,16.04089145151075,16.09004145151075
1042.2372475166933,1518.2443307957778,20171.20010918098,12.176202067845542,12.225352067845542
607.6310727650788,1520.748352489978,37585.38532210623,11.50048389506099,11.549633895060989
861.7965284916436,1519.3989366859662,2638.6079543524183,14.384594244124292,14.433744244124291
883.3099090101585,1518.5899895082673,4826.9456965862955,13.728850379925248,13.778000379925247
135.74770391928115,1523.9574307331552,55156.641810508976,11.084036871277844,11.133186871277843
728.4788143448936,1521.3964309496494,2150.6390332370433,14.606612602922034,14.655762602922033
890.5298347252622,1520.7271493862524,2076.6996909716854,14.644597166755869,14.693747166755868
204.67078927302543,1522.1250822490283,1563.2163633040082,14.952983681272785,15.002133681272785
1021.5962666148658,1523.5172096417841,4394.999996565156,13.830634214770676,13.879784214770675
392.1286106943404,1524.6690365192794,342.878330055989,16.600181316125372,16.649331316125373
411.5453487100095,1527.5378296577599,6737.731447659843,13.366747170219334,13.415897170219333
427.6944154172935,1526.9388211696646,1848.6792098513888,14.770877519456933,14.820027519456932
597.4190474351282,1527.5478888062423,4477.810144370809,13.81036722272456,13.859517222724559
441.80305475923427,1528.7284060240438,1213.5341165645964,15.227901436616301,15.2770514366163
716.4494141132352,1529.2717426560387,3252.0275347178926,14.157645877240691,14.20679587724069
845.4087116548385,1527.3912510588739,676.7601010239314,15.861944545997744,15.911094545997743
43.39933056077525,1533.711007752814,46733.44669250243,11.26396188154567,11.31311188154567
978.8683515436694,1530.714995616752,7850.4148546157885,13.200799893414743,13.249949893414742
681.4045827054407,1528.7035516408025,875.8482023757256,15.581959305083323,15.631109305083323
771.6083756949703,1529.913556210514,1122.7346391963838,15.312338607614036,15.361488607614035
780.8748887610258,1530.358478720253,695.4686214346129,15.83233756241085,15.881487562410848
737.9094002083255,1531.1829737456658,421.16853520853226,16.37689161665527,16.426041616655272
944.2465155604594,1531.3699134604465,575.2871096554755,16.038319804986788,16.08746980498679
7.850410989457178,1534.3708439957509,250.8494530011989,16.939498516575753,16.988648516575754
285.9578850594743,1532.152439881425,236.41097327839122,17.003862335099846,17.053012335099847
371.73899766216397,1533.2181112175665,762.5738570797489,15.732326631190276,15.781476631190275
968.3026288916079,1535.0347703842535,2466.6500547026994,14.457762561920264,14.506912561920263
24.59599470218418,1535.3063356690693,1365.4551105708783,15.099837844321701,15.1489878443217
70.50418773688803,1537.8967640820185,9019.883162286136,13.050029132422978,13.099179132422977
487.2485935132742,1535.978174804228,9808.885426509247,12.958982258068325,13.008132258068324
670.2337914108309,1536.6045497747168,1313.5894286253015,15.141882300653165,15.191032300653164
722.152061289824,1536.3375392154228,1532.2034762349747,14.974740304136407,15.023890304136406
133.28143282905114,1538.1982212138394,1390.5796349826965,15.080041750296159,15.129191750296158
185.2144718257716,1538.323908864423,2431.906768710925,14.473164108694148,14.522314108694147
429.595590696826,1538.4443784491718,1805.7522409965238,14.796386006181454,14.845536006181453
31.439110449543097,1538.2874978362966,2065.3978270837974,14.650522122990122,14.69967212299012
413.5795685525354,1539.2611955853536,2538.7384027046355,14.426486531190806,14.475636531190805
483.63317651680114,1545.2904869306863,80140.96195515216,10.678395034720909,10.727545034720908
31.885122579193652,1542.1916628832485,1141.4942660015931,15.294347076779623,15.343497076779622
993.1853729103351,1541.9160501943002,399.5112403281156,16.43420890548803,16.483358905488032
421.46751831386723,1545.5542013145644,3123.439573631207,14.201448641297597,14.250598641297596
657.2856207998176,1544.9227138881745,2007.4373796574096,14.68142639568116,14.73057639568116
226.73662705661104,1553.7268157132237,397804.92997107084,8.938856009932802,8.988006009932802
382.758685103051,1547.3161840703956,822.7851200926192,15.649815340038476,15.698965340038475
641.3502829227328,1546.0163881218728,999.7521804149585,15.438300512487846,15.487450512487845
772.5018138485167,1547.6692374737866,10464.245229714834,12.888761640456757,12.937911640456756
327.1692275447545,1546.4962124000635,374.26150226956906,16.50509352120187,16.554243521201872
885.0738842773713,1548.5417271423305,1954.500475504894,14.710441961380223,14.759591961380222
734.1684429101704,1550.2784678406347,9453.279696117963,12.99907514333828,13.048225143338279
601.8084675240742,1550.603447169806,2331.6828392474995,14.518857721470374,14.568007721470373
439.51968951566107,1551.5794528331007,1442.0848678249204,15.040554363181077,15.089704363181076
531.7701869690594,1551.5823423136405,2361.3344610211507,14.505137649442261,14.55428764944226
4.687742983788987,1552.3156873133578,218.50787801610005,17.089363663674295,17.138513663674296
941.3823025304359,1556.305485118481,47813.669004877345,11.23915123552075,11.288301235520748
964.4960596882557,1552.0481749554745,767.5683951185417,15.725238701913474,15.774388701913473
257.9403251577974,1552.9587101805143,524.5151163483777,16.138636390121306,16.187786390121307
275.62772823811343,1565.9212968675356,463602.7036262968,8.77266651243084,8.82181651243084
566.9992750541475,1556.9002493270086,12390.797494302975,12.705283264297186,12.754433264297186
914.7984434792212,1555.278518834583,1092.1902609366025,15.342285663417197,15.391435663417196
1053.7577714875947,1552.46599924025,1565.3375262849281,14.951511420363278,15.000661420363278
81.91678194268898,1553.9539184860473,293.6280016223293,16.768537738950087,16.817687738950088
630.7126429687418,1558.0130671965896,25605.010777417527,11.917219005022725,11.966369005022724
892.0906473339484,1554.9669350408349,1218.999744967008,15.223022375552898,15.272172375552897
209.0179248358578,1556.0086410763372,2665.198495268221,14.373707513946847,14.422857513946846
539.981446962255,1557.8877332713898,1327.740101695325,15.130248731353722,15.179398731353722
707.0156989081692,1557.9050266181684,1103.5265037534816,15.33107449191117,15.38022449191117
137.28648885163338,1558.8074837206752,316.0998164849765,16.68847080318288,16.73762080318288
363.34928758884007,1558.7597299375125,384.1499702654373,16.476779402676144,16.525929402676145
91.84452350636931,1561.112460636966,2156.1614393822874,14.603828225232157,14.652978225232156
471.9003649152768,1561.4675652819062,3394.7321503447783,14.11101762880388,14.16016762880388
127.04617948099838,1560.6980854037433,415.007576849501,16.392891348052586,16.442041348052587
446.6867895724672,1561.2897419593146,588.3894357973011,16.0138692459182,16.063019245918202
608.3074875701068,1560.2668479372417,935.3573138009367,15.510587546312358,15.559737546312357
176.0291232602687,1563.8529437440022,7165.080213097541,13.299978770724632,13.349128770724631
1050.733061624642,1562.9835520822166,6841.414629627814,13.350166632444807,13.399316632444807
435.0981338769649,1563.2875684889539,3413.350702502691,14.105079132757165,14.154229132757164
459.19678827551826,1563.9571470853703,2147.4584319008163,14.608219497452463,14.657369497452462
522.8932503531548,1562.824930497168,1002.5642283901514,15.435250900258701,15.4844009002587
581.0417022381145,1571.590748589013,26510.733937345678,11.879477034595668,11.928627034595667
23.102871535598872,1565.9683437925294,680.1917608358459,15.856452994900012,15.905602994900011
36.27220706104795,1563.8187848530397,309.70860877552025,16.71064821910839,16.75979821910839
296.04471000658947,1565.989826224056,2267.8125236067362,14.549013539240578,14.598163539240577
316.4004291669637,1566.1189712934056,5923.376897363448,13.506607994554553,13.555757994554552
40.56972375781997,1565.8368045660982,871.0466889082834,15.587927826902774,15.637077826902773
306.84327548722234,1568.5926203916122,4015.1923874756344,13.92876551423968,13.97791551423968
806.8861583711085,1565.9789172837998,911.9586612081537,15.538093531581952,15.58724353158195
429.721299614618,1567.7907157448262,3335.9451711648053,14.129984152298737,14.179134152298737
496.44476462674925,1568.9547434330213,564.7478788294259,16.05839489143996,16.10754489143996
118.6741348999676,1570.5755142983037,2953.8322234534844,14.262066852658817,14.311216852658816
535.9902035383201,1570.6355383939372,4043.946373603738,13.92101794290044,13.970167942900439
1026.3995936536203,1570.4091484052392,597.8730254826528,15.996509013460146,16.045659013460146
713.5264579678894,1573.465853639074,3055.019234540584,14.225496540133943,14.274646540133942
769.438947231231,1572.7232590990698,832.7044279441643,15.63680422733322,15.68595422733322
292.66584164438717,1575.4563059282675,2629.285107767537,14.388437208480944,14.437587208480943
958.3605835528152,1576.3028833016454,4018.250827281809,13.927938805467537,13.977088805467536
377.5096319456371,1575.7470163631306,2366.1163586451617,14.502941167089887,14.552091167089886
231.6692794117506,1577.39007083219,542.8386925704534,16.10135442288568,16.150504422885682
531.4628125571311,1578.2022979368123,2048.9534972342,14.659201157883057,14.708351157883056
629.9219782280076,1577.574844543074,1072.3557793648542,15.362184170648892,15.41133417064889
22.459527114186233,1577.925109410752,71.1371511673783,18.307790239977145,18.356940239977146
693.4844986167318,1579.5176814475494,712.6227056793599,15.805882272986734,15.855032272986733
467.7199620613497,1583.4596385048171,1558.4228896549475,14.956318116520567,15.005468116520566
893.7152726877189,1582.05510634636,7562.824475675659,13.241321359833336,13.290471359833335
1024.2354609482159,1580.8311514872055,625.6286816443796,15.947239786124854,15.996389786124853
523.940413489415,1582.4190253980057,694.5537848061424,15.83376670684467,15.88291670684467
947.6376309868036,1585.4067258408857,44973.27633720533,11.305645093941568,11.354795093941567
344.70028356433585,1583.5600087842106,1298.3283398671665,15.154570070037478,15.203720070037477
159.08897402958408,1585.44660283091,1731.2842423060938,14.842110471916252,14.891260471916251
801.3700958431702,1584.9657216269934,514.5266405432914,16.15951174729807,16.20866174729807
540.0136408256544,1592.9987814137173,24715.61106113816,11.955603031716024,12.004753031716023
788.0443619611468,1587.2201163841603,1924.4615039349271,14.727258342233103,14.776408342233102
845.7339285553196,1587.7235013419197,1906.311176135892,14.737546927398895,14.786696927398895
862.2621371769555,1586.521813875232,673.9794894471661,15.866414711744266,15.915564711744265
897.6943391234882,1589.5283617494226,14940.816427044983,12.502095588080028,12.551245588080027
16.06572877462328,1586.7443889053836,514.6884536625992,16.159170348567187,16.208320348567188
554.6564062665469,1588.060242070418,1601.8163601807316,14.92649959988578,14.975649599885779
659.257439221457,1587.2452421509593,615.730497314588,15.964554750299062,16.013704750299063
145.98977763988705,1589.1779016849146,1119.0947424489225,15.315864273916159,15.365014273916158
574.4664106198421,1588.7453086067662,1110.9494466393535,15.323795670011389,15.372945670011388
880.7811904552268,1589.7072655363384,449.4996592650151,16.306207995295626,16.355357995295627
183.34079003998883,1592.5794749171578,17653.997695407554,12.320923748552742,12.370073748552741
383.2335249619633,1598.3997957533911,41817.79172956871,11.384628674156419,11.433778674156418
934.2276954368168,1593.208940430116,2916.955121644946,14.275707043937693,14.324857043937692
204.2803197401623,1592.2247408184473,-371.42604148707187,,
742.5012963563947,1592.9644358918201,1012.0321894319185,15.425045596922509,15.474195596922508
953.7339809285838,1593.3657450789938,6412.190138574072,13.420515432783919,13.469665432783918
84.24073569637096,1593.0955967685823,4645.256290582043,13.770507212147226,13.819657212147225
913.6343804093685,1592.6981835106014,554.5165581375882,16.078245115131686,16.127395115131687
530.227381813031,1595.3288629941037,4822.43040800485,13.729866489690789,13.779016489690788
992.5691348184331,1593.9815735989064,368.53930778183167,16.521821872987953,16.570971872987954
20.23362645920876,1595.1682635869045,338.51778792823745,16.614077676746668,16.66322767674667
91.62218972817914,1597.6142513054717,10586.9766424279,12.87610152515602,12.92525152515602
154.32617133502836,1599.1961234125968,35010.70086539502,11.577529400392146,11.626679400392145
833.5512212886666,1596.9262360228772,1745.134888575154,14.833458909996857,14.882608909996856
171.30300323546314,1597.697741631767,3922.118947368902,13.954229511145108,14.003379511145107
269.673295705822,1596.9381785120331,2049.8086756372604,14.6587480951641,14.707898095164099
891.8976272416172,1596.698251275185,4710.782306393389,13.75529882448771,13.804448824487709
1046.714360347173,1596.6454499919168,278.456689340338,16.826137274024372,16.875287274024373
449.9396129470669,1597.4266796307331,-75.26430474758347,,
237.10447602912262,1598.9632472915578,955.7474766739184,15.48717351223226,15.53632351223226
651.3421053576399,1600.7400130839928,3617.4980702751427,14.042010642145897,14.091160642145896
530.1743558203622,1600.1624323064304,1559.0030524925726,14.955913998625594,15.005063998625593
578.2767887030797,1600.9912076305811,1085.0975644895489,15.349359440684555,15.398509440684554
186.51651199018812,1605.4084820082878,3409.891883311158,14.106179889617673,14.155329889617672
271.12913391813805,1602.0528360769945,2379.654418449485,14.496746682681147,14.545896682681146
776.5160481640047,1600.898196331843,1286.8208339211305,15.164236203414099,15.213386203414098
793.5384544901838,1600.9320608530109,1980.445793542369,14.696124012697076,14.745274012697076
59.155959763019005,1602.2488665053115,-54.207976002729936,,
485.7575067020259,1604.0921217600926,1895.8341071136629,14.743530581942021,14.79268058194202
727.8278868393182,1606.5043148342652,15602.247272666938,12.455063521075264,12.504213521075263
171.6979907937475,1605.1585411861045,3681.2559453277636,14.023041378623962,14.07219137862396
211.06822318211542,1606.9510594991746,16604.269696806266,12.387481965338996,12.436631965338995
253.67518689829072,1606.123176433724,2135.333315642152,14.614367222421556,14.663517222421556
988.3273819765053,1605.9306058714742,769.6095855808687,15.722355241811695,15.771505241811694
180.28845259412083,1606.525780688479,3448.0530921227746,14.09409655158462,14.14324655158462
442.499959353063,1608.9280684873493,11380.283047324046,12.797648752825726,12.846798752825725
551.4412216234756,1606.6788457978548,883.305258331151,15.572754372929108,15.621904372929107
616.3334659641913,1609.2812901020286,1649.4695589125677,14.894670649903384,14.943820649903383
795.7809122937716,1607.0312427181898,2910.020339596424,14.278291351198664,14.327441351198663
234.01172779236776,1608.3614271714785,4689.177147669708,13.760289812897309,13.809439812897308
313.18032908046604,1611.48447023273,25574.30282740027,11.918521903977801,11.9676719039778
638.5938142149845,1607.142524539798,1144.8509770077617,15.291159014698442,15.340309014698441
768.41518745775,1607.3966957803957,2328.3341479382766,14.520418143258022,14.56956814325802
926.4743237625584,1611.912889669715,24319.434398670284,11.97314773680762,12.02229773680762
740.2825068158473,1612.282076559565,1146.5195754558915,15.289577726971213,15.338727726971213
997.4719218422442,1610.313360983318,2092.645336845937,14.636292337422184,14.685442337422183
952.4769607275,1611.8405188808538,911.4551990389878,15.538693096091794,15.587843096091794
417.81348624276984,1611.0464743972764,160.52107106320216,17.424201290285403,17.473351290285404
638.8848508912359,1612.0603139599032,816.3246491904927,15.65837413654232,15.70752413654232
896.912620405869,1612.2300642320793,1309.4240762225368,15.145330607497506,15.194480607497505
22.641767051232772,1613.2725787065892,1386.740353253043,15.083043528879134,15.132193528879133
32.564520331020375,1614.6232847282593,2316.2823689445786,14.526052658876079,14.575202658876078
162.6454412948257,1613.78699802203,449.47278674478184,16.306272906001773,16.355422906001774
451.2375584054435,1613.901683890104,2394.199587810628,14.490130533202379,14.539280533202378
761.8443590852735,1613.0399092481637,1757.4399570894557,14.825830171744936,14.874980171744935
477.97927582446965,1618.5717688606442,6380.648887095909,13.425869294893214,13.475019294893213
78.38735665560331,1614.8254532556073,411.78235263907595,16.40136208609864,16.45051208609864
305.33221539127106,1615.1204205519095,10432.754861594341,12.89203390523165,12.941183905231648
326.7587871263358,1615.3326741599367,1076.9550992675988,15.357537420094907,15.406687420094906
52.57675718344147,1616.223114665577,1168.3512460760517,15.269097847242964,15.318247847242963
445.1431074252437,1616.6496260621002,7839.550701192382,13.202303479455011,13.25145347945501
331.4006261136982,1618.6278954431366,1238.657251593449,15.205653538625864,15.254803538625863
134.27753940867186,1619.4387563317387,362.195606457299,16.540673467731523,16.589823467731524
277.38799643914615,1620.72852685202,1758.3200238729628,14.825286607682209,14.874436607682208
1077.7977281586038,1621.6712288856565,1952.2101152887983,14.711715015647059,14.760865015647058
408.21969583096694,1625.179141240691,2114.1944145945513,14.625169109578888,14.674319109578887
204.4228732246752,1625.555051715597,16839.94517178559,12.372179729518196,12.421329729518195
440.42406804291846,1622.3979681205192,1563.0128707773833,14.953125026764319,15.002275026764318
836.3838999377389,1622.6951459518455,544.2351898177392,16.09856486372165,16.14771486372165
873.8391612090932,1622.8640698390648,555.6227600918836,16.076081343631397,16.1252313436314
975.2270657864838,1625.7692875491018,1601.1794606512376,14.926931386204439,14.976081386204438
89.81452694316563,1623.6040881421493,194.02790301536754,17.21837093743791,17.26752093743791
446.9046504254752,1623.4404352709223,1775.1253830841638,14.814958827055555,14.864108827055555
556.4424224915325,1628.2880880842404,9323.550089899803,13.014078141516858,13.063228141516857
545.2199215424516,1627.3328688724876,3079.324470220697,14.216892779501746,14.266042779501745
654.6984245058902,1626.726572793,1237.5004376496024,15.206668009455274,15.255818009455274
727.8581334173658,1627.658655315871,6190.078550839847,13.45879101203693,13.507941012036929
101.7387040350816,1627.5027881481033,227.7889492579329,17.04419978421174,17.093349784211743
357.2014850123569,1630.3902473998248,17948.374989010324,12.302968576156971,12.35211857615697
28.29914697588498,1632.4312639003747,2387.5174882173783,14.49316500891868,14.54231500891868
888.951569377368,1630.2436609872802,2979.150336257975,14.252800363741095,14.301950363741094
917.1150777676082,1631.1883292869534,2142.70867251821,14.61062359393966,14.65977359393966
1042.8839449665309,1632.1264350270335,4757.388758735918,13.744609807349006,13.793759807349005
232.76294431432663,1632.845492495087,4193.728480298983,13.881530639997107,13.930680639997107
471.454790251203,1638.9303808246607,148216.34668218842,10.010791151611443,10.059941151611442
660.0670972677577,1633.473414776174,1138.78808198754,15.296924128996697,15.346074128996696
326.91200842137874,1634.8230561499772,1228.2905267147273,15.21477865661873,15.263928656618729
548.46869459274,1635.1111087298964,2563.9051390087193,14.415776530344463,14.464926530344462
882.901903010203,1635.766681152167,3751.17475595425,14.002613169705961,14.05176316970596
985.2863882721573,1635.6852532073435,3394.98806676378,14.110935782214405,14.160085782214404
129.48570824881145,1635.972549926944,664.2191706114853,15.882252897454524,15.931402897454523
598.8587712731694,1637.6458033885351,13042.069144712408,12.649665166540542,12.698815166540541
756.005701081351,1637.1888296982515,743.6919429527278,15.759548721367828,15.808698721367827
420.7850605961931,1640.0744270349564,8553.660529530953,13.107651386572904,13.156801386572903
635.2901381753518,1638.1784662149164,328.53425118939197,16.64657977887054,16.69572977887054
924.8066443801509,1638.940274550119,686.3519559974729,15.846664223215921,15.89581422321592
1076.954215671912,1639.4266453560658,1061.6543622481847,15.373073541017932,15.422223541017932
1064.1867262528344,1640.851227717019,1703.9030848508362,14.859419189467719,14.908569189467718
33.06552313930228,1643.0078630142557,2218.2817754230073,14.572989634402914,14.622139634402913
119.18383255308137,1640.0053334216566,285.4979791536878,16.799023816154012,16.848173816154013
305.8080858901604,1640.226572102026,751.2355793061463,15.748591041476613,15.797741041476613
354.7094507248669,1639.8955970204597,3092.0035515736663,14.212431452219024,14.261581452219023
514.1754301646367,1643.9987978246343,14277.027640813329,12.551436911626137,12.600586911626136
314.7037405862737,1642.3462790288252,2233.975439276314,14.565335427209144,14.614485427209143
461.3806227921845,1643.1891225445154,10856.37231783423,12.84881959000122,12.89796959000122
500.7090786246405,1642.7378308252746,993.8045561321908,15.444778953815327,15.493928953815326
866.3847495478991,1644.728010780481,883.74959429183,15.57220834386947,15.621358343869469
178.0100826061174,1645.5846586661028,1226.3317688793766,15.21651146476068,15.26566146476068
12.178414348011346,1649.48380560809,1648.8609524563376,14.895071329016165,14.944221329016164
39.48518661078354,1649.4634620818026,777.7141993407199,15.710981341736742,15.760131341736741
62.32732225164467,1649.0881189224417,942.9448508557206,15.501815679196682,15.55096567919668
985.6274965488004,1648.230672357438,886.2248666668925,15.569171583005918,15.618321583005917
319.4562678656837,1650.939037579927,11122.715718880558,12.822504318942826,12.871654318942825
647.3899602926277,1651.3252511242113,2847.925735507092,14.301709762078094,14.350859762078093
259.32082260291304,1651.0489083948007,211.7678406047639,17.123381392096526,17.172531392096527
434.0467268205677,1655.407369049755,32183.062076105845,11.668963005123484,11.718113005123483
773.2869073091528,1652.3099479636023,1349.9624579201536,15.11222718481062,15.16137718481062
961.8469578889274,1653.6144932061286,1085.5644951297256,15.348892335722985,15.398042335722984
342.6489743256351,1652.893323924675,983.547241696867,15.456043350523204,15.505193350523204
363.75211630514156,1652.8938282518543,675.6759098049439,15.863685324714188,15.912835324714187
623.042887728019,1656.699348590721,17544.665175666334,12.327668701180338,12.376818701180337
689.2879130020227,1653.7907519188263,977.2452719552884,15.463022467611701,15.5121724676117
3.1465039928792806,1656.5878196806323,491.25211866275185,16.209770321435446,16.258920321435447
1056.616348724177,1658.4234591002285,2767.33911068243,14.332875459955392,14.382025459955392
216.64304305625453,1664.7304174476708,86841.64543364203,10.59121130328945,10.640361303289449
503.42126554271056,1660.3399735828118,297.93901171511567,16.7527129803293,16.8018629803293
1073.5955972531178,1662.3716180933084,6603.733855652149,13.388557507538009,13.437707507538008
86.3398992720815,1663.210014166667,13927.004433714432,12.578387127813444,12.627537127813444
268.2972225604322,1662.5930497066274,999.8023632465197,15.438246015032632,15.487396015032632
792.9878615364757,1663.620911500615,1088.1926871458859,15.346266904843484,15.395416904843483
388.6192905875384,1665.6871976958014,1920.6460434671608,14.729413072563146,14.778563072563145
769.7334730410603,1662.9528418243394,1325.086449795472,15.132420880077026,15.181570880077025
148.07190404786047,1664.7587686059726,1429.8195901655918,15.049828304690232,15.098978304690231
234.6003258264778,1667.629758590872,8963.371111495002,13.056852967596242,13.106002967596242
518.5922533186705,1665.7420954473778,1430.6034579469517,15.049233236312613,15.098383236312612
428.0600752164661,1674.5769076563624,10197.868942160854,12.916757846609318,12.965907846609317
757.9230852642215,1670.0001419451157,19854.870356421256,12.193363773304032,12.242513773304031
83.85783745563268,1675.323573191782,12374.874085758745,12.706679440733277,12.755829440733276
417.1696978014037,1670.0704887464547,3454.6347709454476,14.09202606272775,14.14117606272775
458.6779912902701,1669.1993559400207,683.8969363184397,15.850554766920792,15.899704766920792
595.0010767816443,1669.9591782319346,2550.3476747145737,14.42153293889355,14.47068293889355
247.2133293310065,1672.105986038906,1088.3978143354148,15.346062259994799,15.395212259994798
623.7677956841864,1673.7542084077159,4358.216595966649,13.839759387083818,13.888909387083817
899.3496192171216,1673.6880745565607,3943.5106907493373,13.948323856136435,13.997473856136434
925.6185272053851,1672.7450813709122,895.0149356541666,15.558455705670614,15.607605705670613
1012.7373642717689,1675.558163247199,20782.487951493225,12.143787568959818,12.192937568959817
288.3116162336255,1675.28860353801,127.46775203317132,17.67453059533478,17.72368059533478
434.6305381707439,1674.6157036448153,6446.07598362549,13.414792861229847,13.463942861229846
19.556573376664044,1679.3603836382856,2619.303036977415,14.39256704622914,14.441717046229138
593.6150880363297,1680.3768241280616,29551.703025218674,11.761575128071522,11.810725128071521
605.0747320231616,1677.259620809343,2967.2562331988283,14.257143785397806,14.306293785397806
135.19735107843908,1680.6026243083622,2954.38154745397,14.261864957134954,14.311014957134953
1043.350541844019,1681.9033025745,6866.36687164063,13.346213902024756,13.395363902024755
379.12544177718735,1678.5600717110544,543.5250390580545,16.09998252264997,16.14913252264997
549.5753110765351,1678.7057816932547,815.5717779827451,15.659375939808942,15.708525939808942
982.6962507650943,1679.136784577594,1418.0878401782957,15.058773579822667,15.107923579822666
9.430749856285324,1679.693812767508,164.34059480818547,17.398669276172587,17.447819276172588
368.30056830063165,1680.9168085148972,601.3136792763602,15.990278703154395,16.039428703154396
969.4385704137422,1686.1170117817903,9254.855951213358,13.022107253719447,13.071257253719446
812.8862532938026,1682.6154636923955,576.1557763749001,16.036681611555714,16.085831611555715
897.7302120959673,1682.015913832144,2447.0506586158444,14.466424012024238,14.515574012024237
1055.1969277377557,1682.027483024908,1169.863238297498,15.267693677577672,15.31684367757767
294.99814656606,1683.1903403614372,-85.53691471781126,,
1014.1305535984619,1684.4196389248007,6301.6127420390085,13.43940213590196,13.488552135901958
384.11794916833554,1684.091728370047,878.9992429412696,15.57806015987757,15.627210159877569
915.3635879644131,1685.1524471239006,657.3609028439932,15.89352173634105,15.94267173634105
776.2735623888219,1684.8332802004236,951.4128407118727,15.492108891035315,15.541258891035314
17.76923596899326,1688.7753897433631,3418.6039022307496,14.103409452383213,14.152559452383212
47.288026047949025,1687.0361064082713,672.1842459186314,15.869310588374429,15.918460588374428
162.86085447318771,1688.4289960356343,5608.16629293573,13.56597920540245,13.615129205402448
887.8433113334639,1685.9389841754357,710.3673913640978,15.809323868905912,15.85847386890591
834.1281407184038,1687.118515971141,883.9787659834793,15.571926830024113,15.621076830024112
554.1907701243958,1688.636913150928,1247.779056019755,15.19768718314765,15.24683718314765
590.3711856821303,1690.0790489754836,4744.857503336223,13.747473476673225,13.796623476673224
401.40968416555216,1693.0471775119825,16637.32652092121,12.385322562261486,12.434472562261485
829.1198543445854,1692.9851161117158,868.6718594775268,15.590892030390803,15.640042030390802
33.23530819059235,1696.1245706788823,840.1799362562232,15.627100646831732,15.67625064683173
279.6665969193357,1694.908628759516,735.8824905615771,15.77101023861075,15.820160238610748
996.3988681436974,1695.0598954727122,1724.9251557214736,14.846105772854305,14.895255772854304
226.72505514907883,1696.2962694931716,592.9930706550422,16.005407366193886,16.054557366193887
114.39770972561143,1697.8432297978577,1892.36969327916,14.745516452172463,14.794666452172462
983.3335662016098,1704.2108385330619,8135.811714655727,13.16202918932909,13.211179189329089
92.54937608508163,1697.6635884747686,1763.1149988969064,14.822329812416484,14.871479812416483
326.4151242919371,1697.7753803150515,1020.5621630619896,15.415932754949706,15.465082754949705
615.6761597867136,1698.975932567682,5219.860869110759,13.643884093917357,13.693034093917356
177.4030260621701,1703.3005528096883,8371.296461754293,13.131049606596022,13.180199606596021
142.02003285469698,1702.181473605637,2347.847250241315,14.511356816160173,14.560506816160173
740.9798025454799,1702.2598092192343,3771.1695102879776,13.99684127758202,14.045991277582019
898.2107708920796,1702.788066862773,11597.680254849767,12.7771035844797,12.8262535844797
912.2985225868366,1700.7680891305881,916.9566575451031,15.532159392338778,15.581309392338778
706.6142275130304,1703.3581620715258,1606.4567716471447,14.923358803550517,14.972508803550516
299.42382244575833,1702.4319705250887,730.9000076832399,15.778386496323392,15.827536496323392
31.397742090686698,1702.8575129750495,815.3563081538725,15.659662823574806,15.708812823574805
84.26304609084463,1703.7043938534503,1691.6329914672306,14.867266046229233,14.916416046229232
853.8019220308461,1704.654952699625,4762.241861309216,13.743502791785899,13.792652791785898
2.943699188747246,1704.2817839605318,588.6396725862319,16.01340759013813,16.06255759013813
681.7157456462016,1706.0086906958024,10292.752923915144,12.906702543138946,12.955852543138946
1037.493586350083,1705.8373102637324,1448.25033347242,15.035922319518503,15.085072319518503
72.76962580567506,1707.4456327659768,259.17565641821363,16.90404589456341,16.95319589456341
328.7265027301131,1705.9319466219895,892.3797276640419,15.561657172983573,15.610807172983572
1052.7642268326483,1707.341518992098,1441.7996789923882,15.04076910121005,15.089919101210048
671.531817713737,1708.3604807166826,2725.917499326748,14.34924964331969,14.398399643319689
972.423664478118,1707.5461766566366,1740.948105071522,14.836066848261812,14.88521684826181
49.42920688086815,1709.6772077249489,1174.7034434961247,15.263210807860967,15.312360807860966
424.76178918620036,1710.5921512978623,5911.283182752866,13.508827000133827,13.557977000133826
560.012089347656,1709.2383931804009,1166.0954963947836,15.271196117308872,15.32034611730887
467.42251745690896,1710.3273582716395,277.41598442318644,16.830202709799657,16.879352709799658
784.3478483411568,1708.946197443134,886.8106587065593,15.56845415164037,15.61760415164037
800.3084341955254,1712.0613311979132,3100.700544264647,14.209381848718209,14.258531848718208
189.70296491221967,1711.908758992018,319.6505570003096,16.676342748593623,16.725492748593624
654.8263831005495,1712.723378147611,1373.5470245235242,15.093422581337856,15.142572581337856
156.74885722810558,1715.2956974217097,1162.8421479696983,15.274229500772773,15.323379500772772
771.459631797317,1715.3449238500907,798.1542084628517,15.682814392671398,15.731964392671397
101.49870845298236,1722.989304191056,8944.249180643972,13.059171687803838,13.108321687803837
353.9378445202449,1716.7859651280628,1685.4014940653271,14.871272976005748,14.920422976005748
838.6181213954799,1717.3189908302732,3897.044565622723,13.961192981687388,14.010342981687387
48.9776866281395,1717.6606752688983,1267.2051289366432,15.1809141073721,15.2300641073721
550.2881956990564,1716.590067241902,657.9972328548761,15.892471244363033,15.941621244363033
824.2476980246704,1718.3653631814739,1047.7797110883253,15.387356450853789,15.436506450853788
496.61349801013137,1718.5683727216967,128.08121858895475,17.66931778521962,17.71846778521962
537.1383191571509,1718.914722082491,1828.403414694067,14.782851353199641,14.83200135319964
28.27631607072241,1721.446984614763,8272.144037779075,13.143986192647613,13.193136192647613
568.7021516801866,1726.247292262657,54042.28637195403,11.106197126258975,11.155347126258974
1007.5101889796176,1720.2151495791104,1089.8472608235243,15.3446173199564,15.3937673199564
148.26789802119242,1721.5438647761273,3023.986796133021,14.236581686097141,14.28573168609714
621.1613894766423,1719.6372550406893,421.8319161513952,16.375182823131553,16.424332823131554
35.01393521833732,1721.9603537198602,7664.14309366985,13.226872400802794,13.276022400802793
389.5304002404417,1722.9093824016534,837.611431817234,15.63042492241583,15.67957492241583
13.028242598370568,1726.5656520774999,5294.606035846745,13.628447286429065,13.677597286429064
20.361809715443464,1725.5513464720052,6447.689319763158,13.414521155110954,13.463671155110953
794.7802311184137,1725.0684935781692,2004.822172104663,14.682841770677943,14.731991770677942
126.17976277925638,1726.4469288334244,244.28379145739783,16.96829478261166,17.017444782611662
612.9339443823675,1726.2613326556675,504.3837260481697,16.181128748431,16.230278748431
754.5254558729936,1726.3407442341602,209.23296828438438,17.136456121902278,17.18560612190228
156.61384864934683,1729.2155133293168,5925.1091412931555,13.50629052615273,13.55544052615273
450.30119686959483,1728.4683142406157,917.9967065343404,15.530928604695488,15.580078604695487
625.4953012204326,1728.5004683972747,2106.9400863360797,14.628900947350882,14.678050947350881
54.128601338197285,1729.8976892698724,43.895173777133635,18.831989480701303,18.881139480701304
204.96216942601492,1734.2271287350263,24411.770679999918,11.969033208407597,12.018183208407596
353.74151409940475,1732.190703198884,1981.3530372868456,14.69562674999435,14.74477674999435
806.907510843302,1735.4174941450397,11611.999173972748,12.775763921782083,12.824913921782082
620.1402119061145,1734.577631042084,2910.6178263502024,14.278068450209382,14.327218450209381
648.742623766151,1733.2951131500731,1204.0496761604718,15.236420399383539,15.285570399383538
271.7065333299497,1735.3040634663816,1517.060947998696,14.985523840097773,15.034673840097772
341.40301678462316,1734.0372917647285,941.5988528958453,15.50336661055705,15.55251661055705
538.3002673452589,1733.518542237674,93.89824336455422,18.0063877433952,18.055537743395202
101.69846087147099,1740.5904981893889,12148.386911295813,12.726734874407413,12.775884874407412
735.907015157556,1737.7246233063267,799.6249177224367,15.6808156148496,15.729965614849599
883.3193911797164,1738.9732740888917,1634.4795607711344,14.904582677243148,14.953732677243147
1027.4653836692273,1738.4536315428734,2314.026384546648,14.527110646264145,14.576260646264144
440.92999375101385,1739.4674533163925,571.0707806995887,16.046306563188462,16.095456563188463
761.9016964889453,1738.8829054319108,1729.5761563355263,14.843182188608662,14.89233218860866
259.9020680985297,1738.6865051724492,1566.2844100817113,14.950854849377325,15.000004849377325
515.9692164403286,1743.1843418152318,29590.74868208434,11.760141528745386,11.809291528745385
335.96936169110427,1740.5934842491467,1550.1869113695336,14.962071248178226,15.011221248178225
790.2608538118516,1741.298668910441,478.2556755622801,16.23888108095832,16.28803108095832
866.0276898543425,1744.3335353095597,14229.43912094002,12.55506195764725,12.60421195764725
705.5546624980437,1743.6783787586896,2870.4207114200726,14.293167524916807,14.342317524916806
1003.3784242588459,1743.6191139969035,1149.7798986191715,15.286494633223043,15.335644633223042
981.7883150474573,1742.8105247364597,413.773821836877,16.396123885550693,16.445273885550694
5.525958220429754,1745.525753608044,299.8791983423108,16.745665559472208,16.79481555947221
259.1710347892427,1745.0284018722907,2002.076522280686,14.684329730376167,14.733479730376166
292.2516187763809,1748.295667893629,3380.856887459976,14.115464444051769,14.164614444051768
335.47091861064274,1746.4848437362728,1393.356145843092,15.077876068613199,15.127026068613198
346.11447792252864,1746.2876626023722,479.6077598116285,16.23581590957335,16.28496590957335
802.810817894947,1749.7318799087634,12140.364845523378,12.727452066270542,12.776602066270542
141.66354671311225,1749.5292821502576,2964.274873570427,14.258235230524633,14.307385230524632
230.49865816870837,1749.1057040588496,2211.1721369053275,14.576475029543326,14.625625029543325
711.7529374043505,1748.7229719909162,6176.305458683157,13.461209496046104,13.510359496046103
399.28950708339823,1753.8706143377651,81016.88080782979,10.666592615933233,10.715742615933232
618.8730940131684,1749.7946985267458,-53.65458873066862,,
118.41608089874696,1755.1515500669598,8352.002457705177,13.133554878806521,13.18270487880652
131.52707557709772,1750.388480092382,1721.2814119497662,14.84840171532342,14.897551715323418
186.29473807943918,1752.212849794984,5408.660712052402,13.605307065471612,13.654457065471611
262.2724081374499,1754.775201301253,3368.517021738032,14.119434546785637,14.168584546785636
543.3178182210293,1752.1328850122484,-64.63103966758146,,
705.9248266107988,1755.3552466070055,9878.285921512648,12.95132743139511,13.00047743139511
893.5733371330339,1751.814123536442,1470.1345429325397,15.019638707243924,15.068788707243923
13.641440088379989,1755.573044703085,627.4555384212229,15.944074019742956,15.993224019742955
435.20642994988924,1753.0667249593232,454.07987512806346,16.295200776580508,16.34435077658051
524.2569342266272,1757.8641493346224,43690.69695732772,11.337058980787859,11.386208980787858
273.8149774277824,1755.1407480866926,290.22022216087555,16.7812122368951,16.830362236895102
759.8431593645621,1756.416923345617,1270.6191555386276,15.177992916535914,15.227142916535913
231.57511211331567,1757.9605913942414,7300.325535606472,13.279675845992958,13.328825845992958
596.991084667731,1758.699034824551,10562.936460527744,12.878569744006072,12.92771974400607
73.49447689848198,1756.938563747453,2148.912120528897,14.607484773845679,14.656634773845678
304.92780955080434,1757.4826723174367,1538.0929305205646,14.970574972363998,15.019724972363997
496.84850379643854,1756.9604931106987,1470.8151312822351,15.019136189685415,15.068286189685415
797.8363824902633,1759.738719990163,4005.43151206443,13.931408136855737,13.980558136855736
298.1410812423682,1759.415301612948,1669.0753567380918,14.881841549962509,14.930991549962508
652.4332192506613,1759.7801688087388,1635.1794611481705,14.904117853733673,14.953267853733673
891.0021500843399,1759.4045436737174,2180.1780234678636,14.591801518511847,14.640951518511846
488.33686566034106,1762.1072316739785,3014.083088030374,14.240143362029166,14.289293362029165
506.61048011598797,1760.988949494427,2646.218990548389,14.381466957894123,14.430616957894122
67.88697016039436,1762.2141344421498,3038.8821486620873,14.2312467675266,14.280396767526598
170.14303195080123,1763.449722618195,35797.63747111453,11.55339549856842,11.60254549856842
222.62401117698158,1760.7263511801468,2762.701977676196,14.334696315999945,14.383846315999945
150.67134281643627,1762.1536239380268,1321.5330571510558,15.135336334566674,15.184486334566673
844.1299012250562,1768.5344747909355,73294.55156283035,10.775352182328911,10.82450218232891
48.309432345861104,1766.2650936091013,4404.0693753671,13.828396033437901,13.8775460334379
720.3129335275366,1766.4913659983745,611.6070826989933,15.971850147184856,16.021000147184857
102.52628782648618,1767.0837182435746,13801.835981726803,12.588189257368068,12.637339257368067
498.5310725499133,1769.2318333209648,1666.953832391029,14.883222482785824,14.932372482785823
97.61452703438071,1774.1056420223206,30794.21301341356,11.716858638442071,11.76600863844207
125.17465540122258,1773.9753411105467,10054.70157185315,12.932108449784224,12.981258449784223
321.1431066054014,1771.0209031282118,239.53061340773183,16.989628845790303,17.038778845790304
330.8745051395739,1772.1655095115796,760.8703530094809,15.734754756621665,15.783904756621665
19.92524972002846,1774.0903354343438,2482.8643953674655,14.450648910732813,14.499798910732812
302.7502366486341,1773.949053819212,1645.3828068315802,14.897364025191319,14.946514025191318
349.1024196938955,1771.900615054024,947.0513527392231,15.49709759058096,15.54624759058096
940.5942031783736,1772.6308963163076,976.4060941199646,15.463955209072024,15.513105209072023
967.4921481464431,1772.471561627991,463.94714028311773,16.27186015713209,16.32101015713209
1052.5647555662424,1771.7594266921783,1879.4797276487338,14.75293729817302,14.802087298173019
234.86309096473602,1773.9648490948755,572.4936703354332,16.043604689080947,16.092754689080948
563.7788618972754,1772.968287250218,280.53535519971945,16.818062407106495,16.867212407106496
574.6111935849257,1775.4223037817071,4386.947017794568,13.832625439050162,13.88177543905016
601.0464874707727,1774.1188044065927,533.6182372328074,16.119954752818618,16.16910475281862
1046.0814695771835,1773.438742155018,1750.7654600350957,14.829961487322231,14.87911148732223
617.488748195768,1775.705806221773,2173.1234309723077,14.59532042629581,14.64447042629581
6.416327253749842,1776.8501643065263,266.32764563590393,16.87449078771283,16.92364078771283
364.40920720646216,1777.2134901482782,2606.2500743455294,14.397991200680469,14.447141200680468
272.3182611094486,1777.7075523291953,860.3179972418629,15.601383892126496,15.650533892126495
246.688379523973,1780.4504151592894,14447.651016914973,12.538538305669936,12.587688305669936
536.828618770832,1781.9452924407726,44061.89318952471,11.327873529019595,11.377023529019594
808.5969850987386,1779.730986672287,2019.0035939958298,14.675188682384235,14.724338682384234
1051.8564176525329,1778.5846110751115,1644.864745889566,14.897705931091497,14.946855931091497
342.2647207326299,1782.0688527550556,18086.200368264614,12.294663067770859,12.343813067770858
870.7329196515873,1783.7303904628473,18953.637183786646,12.243800005014108,12.292950005014108
23.83494904422782,1780.9665267891626,2567.0378270613237,14.414450741583195,14.463600741583194
745.4389217764839,1780.5239011312256,1424.9666333766863,15.053519674585361,15.10266967458536
911.9817940369493,1781.1258034064665,178.7613412370414,17.307347401222998,17.356497401223
17.634459348568377,1788.2570121165152,5572.414360342742,13.572922905575961,13.62207290557596
361.3320638152128,1791.9772563287586,6272.902110803423,13.44436013648133,13.49351013648133
371.10607933981845,1786.8936151230314,912.244055150155,15.537753807783496,15.586903807783495
567.2135780622085,1788.3031238604926,1224.2206113312982,15.218382194616918,15.267532194616917
663.121411613846,1788.5577833092477,2257.7524103161404,14.553840625968775,14.602990625968774
740.0226500466711,1787.7984019284775,1286.3593698274638,15.164625626804137,15.213775626804136
722.7286732742151,1790.4627763757721,3151.133109647716,14.191864540052315,14.241014540052314
760.4054178322527,1788.5522830014506,758.0446554534872,15.738794437133635,15.787944437133634
793.9597743747777,1789.8196221500627,3557.9723873554203,14.060024979205082,14.109174979205081
547.8091573218749,1791.2060165558705,4182.376055653951,13.884473713580581,13.93362371358058
193.84706729572238,1790.9317356383037,2487.867671104718,14.44846322082951,14.497613220829509
168.88224235253364,1791.2748370372492,586.397331909538,16.017551448420214,16.066701448420215
496.5232839472401,1791.8947711449534,702.3483753877988,15.821649956981702,15.8707999569817
42.770851157186854,1796.0281618966517,17170.216796400557,12.351091965620899,12.400241965620898
397.21205473385965,1796.1640388750316,3507.958181690791,14.075395393677098,14.124545393677097
822.6842483105064,1794.138688212997,916.4836834623793,15.532719568839132,15.581869568839132
91.04275197243331,1794.9429560984172,1122.6308398628228,15.312438990999823,15.361588990999822
437.6361885093901,1794.3922195208206,773.7434202090537,15.716538990264867,15.765688990264866
480.75212879735784,1794.8214994927514,3138.3902310255107,14.19626405424583,14.24541405424583
693.4153243905215,1795.8892769841739,2259.734539493089,14.552887853078921,14.60203785307892
834.9057010137232,1797.8320735194484,1702.371636413423,14.860395475447165,14.909545475447164
638.4869711953128,1796.9638584966945,1865.3612545809556,14.761124032972269,14.810274032972268
504.6359560699872,1798.7354491677618,3708.203668376881,14.015122464445671,14.06427246444567
529.1614911737613,1797.2316051814375,699.601698897559,15.825904273848613,15.875054273848612
384.60378344758897,1799.1793204868018,692.8570581960316,15.836422298644115,15.885572298644114
137.09150031103513,1799.7900700779703,1715.6589247505087,14.851954027997241,14.90110402799724
225.91982212960048,1800.4528420143647,1279.0857430866226,15.17078226684567,15.21993226684567
318.58156938720623,1801.2220342276576,1379.9294367627554,15.088389214574091,15.13753921457409
475.03996448524117,1805.8527925731032,32111.775682631065,11.671370608990784,11.720520608990784
254.10753446050094,1805.241162380434,4147.504674271897,13.893564202071289,13.942714202071288
915.5485524028223,1805.5078259223005,1373.979717130454,15.093080608300333,15.142230608300332
514.3180998168813,1805.2386406511835,282.4667053984957,16.8106132512072,16.8597632512072
645.0663741536158,1805.14251532517,1161.0515347458718,15.275902670251252,15.325052670251251
927.9450411843104,1805.3826290525071,350.13486134188327,16.57744302831701,16.62659302831701
319.1653480522823,1807.100519012793,2253.116361590896,14.556072359133626,14.605222359133625
593.8045447903077,1806.5637058082273,734.1096579337785,15.773629068247564,15.822779068247563
982.4274688963083,1810.09837821959,3112.7196436819704,14.205181396385147,14.254331396385146
238.8625688537829,1808.3443280825109,394.08551332113683,16.44905523647474,16.498205236474742
538.2512392436798,1808.7884769722616,1114.6353164429706,15.320199414306401,15.3693494143064
611.8589156246034,1807.7953010854108,1054.8157993077848,15.380089847079597,15.429239847079597
1.4942767661822873,1811.1802782268676,652.9882792809317,15.900767947349655,15.949917947349654
107.89234294577555,1809.7375670307508,1946.93617071191,14.71465212835891,14.76380212835891
414.86007043563416,1809.4672370546782,1325.0352689491133,15.132462816941658,15.181612816941657
313.76187009315106,1811.1587996121784,1659.4072625605197,14.8881489462157,14.9372989462157
56.88686220702565,1811.2203349960832,233.20354064285198,17.018693562773983,17.067843562773984
484.6885254371195,1811.2432740855609,2372.5063623250144,14.500012948087178,14.549162948087178
784.5241785348278,1815.410551820316,46980.77332805548,11.25823100941081,11.30738100941081
959.8622526701326,1812.4565130407525,1535.1238239579566,14.972672883283622,15.02182288328362
372.3680503056463,1813.2587095970418,737.84672202818,15.768116031910589,15.817266031910588
568.8092534268445,1814.050601488662,3856.078477616605,13.972666752605479,14.021816752605478
751.0585728772227,1814.9024061856692,3279.84617615563,14.148397722689772,14.197547722689771
759.0716833962101,1813.5402887763637,2032.8924961550115,14.667745380461858,14.716895380461857
836.7497281127866,1813.8748471970528,1945.9112041251751,14.715223865830456,14.764373865830455
107.4734580186441,1815.479300385012,1816.3007408503233,14.790062012228917,14.839212012228916
519.0286886955173,1814.4339762168136,249.03337972802964,16.947387505951212,16.996537505951213
604.3284343965935,1814.8642991212832,1775.2128447545572,14.814905333390444,14.864055333390443
695.2736691803415,1818.0562659932525,2972.6832755059186,14.255159813019471,14.30430981301947
1022.6149333598037,1820.841977833838,7487.529940171941,13.252184982442186,13.301334982442185
1059.6103340200611,1820.086517788967,1562.3615439783403,14.953577560767123,15.002727560767122
1005.8559525637397,1820.418973510271,1329.6052306432794,15.128724625071243,15.177874625071242
627.669970885685,1819.7812392205121,443.51465452747084,16.320761476743883,16.369911476743884
85.56335063733889,1822.4327276916858,2508.920848742733,14.439314011348696,14.488464011348695
170.67992531931827,1822.8920312813661,1953.9978580223349,14.710721204175996,14.759871204175996
159.0566595257965,1824.3470149692455,5128.50052215834,13.663055402271672,13.712205402271671
486.0075221134613,1822.9781101825768,2414.9466375863094,14.480762565677939,14.529912565677938
50.10030634201405,1824.022231670468,383.3235674467103,16.479117609174985,16.528267609174986
330.1877071765496,1823.5812880129738,892.9647397398446,15.56094563655433,15.610095636554329
60.20259568287073,1825.349238353737,1686.6601150020022,14.870462474573152,14.919612474573151
416.82245120132194,1825.144372822836,1843.2817378914026,14.774052111484917,14.823202111484916
813.1485037752714,1826.2006943751298,1217.2492973147873,15.224582581167848,15.273732581167847
957.4686636868612,1831.6285891069047,12308.500903926699,12.712518507737666,12.761668507737665
264.15442559145373,1826.7141371505709,218.60928599304975,17.088859897988268,17.13800989798827
390.12868321983007,1829.5466852023103,1839.5125123409055,14.77627454683966,14.82542454683966
902.4866098038725,1829.8507836723054,3350.258377896019,14.125335657714665,14.174485657714664
670.9415605500027,1829.7849767805194,946.6106512333017,15.497602945378285,15.546752945378284
178.90091071474038,1831.226228083666,838.7848553517767,15.628904961255342,15.678054961255341
1.3453909109451905,1832.2370511911724,128.86083793584322,17.662729034744444,17.711879034744445
838.6516565743354,1838.892544167187,115098.09775671095,10.28536104734673,10.334511047346728
628.52053788162,1834.7544441547911,2729.32926742609,14.347891581699734,14.397041581699733
107.5366262539198,1834.432356295063,1207.5882043592744,15.233234256915717,15.282384256915716
864.1483906705666,1836.833187762585,2434.2927249724557,14.472099409514811,14.52124940951481
428.1141524008065,1835.9375331814388,452.0856914100726,16.29997950805479,16.34912950805479
62.50848965866146,1839.2317840782541,2285.394589482989,14.540628425239074,14.589778425239073
290.36045440947515,1838.6582772308298,1306.4278805071835,15.147817812156735,15.196967812156734
712.9275897005828,1841.2700105886588,18704.315200393394,12.258176881195864,12.307326881195863
47.708803649367226,1841.4762523215666,2323.3563186804886,14.522741862580311,14.57189186258031
351.88446520528436,1841.8860309388212,11267.4219855585,12.808470013086023,12.857620013086022
552.4821968078915,1839.4912467251945,344.61293826220236,16.594702465661964,16.643852465661965
310.80551481882105,1841.2927900041511,1160.3737555462549,15.276536668200567,15.325686668200566
581.6783126113406,1839.9491857826338,331.51475966637855,16.636774240481756,16.685924240481757
1065.0546313118814,1840.8966244443418,515.1134736381875,16.15827413816165,16.207424138161652
326.3733464700233,1843.538507645023,2040.7392508483686,14.663562618383008,14.712712618383007
392.4870584905967,1844.093794449154,664.667747961837,15.881519898007237,15.930669898007237
944.7978587473763,1844.8607096202443,1690.8513168153115,14.867767862295583,14.916917862295582
1010.0303142803159,1843.6368687625513,1254.3110529257533,15.192018289276573,15.241168289276573
91.43773642726136,1846.4541949076681,3159.727525027597,14.188907328906163,14.238057328906162
2.379301046141912,1846.5620802253848,64.7942086120423,18.4091909379026,18.4583409379026
407.926612024433,1848.3197291015583,10143.099561324037,12.922604691451797,12.971754691451796
1040.4575324086707,1847.7243516367353,1200.6889425206125,15.239455134663771,15.28860513466377
494.2577203809314,1848.1305900197478,1826.1938872246533,14.784164200587771,14.83331420058777
510.4129399768506,1854.1162969389693,190676.0735516948,9.737290911824173,9.786440911824172
872.7354864295421,1847.4385451787064,461.49943930215045,16.27760346815408,16.32675346815408
767.040130183526,1851.6695014584684,523.0914148017335,16.141587431795102,16.190737431795103
981.9334587516515,1852.8744043047968,1761.2509838738524,14.82347829063659,14.87262829063659
182.91113809634456,1852.7045335419853,2361.1646164325275,14.5052157464058,14.554365746405798
970.8403186638379,1851.50384577369,1007.5464084553969,15.429868764317197,15.479018764317196
1077.7997278958096,1852.9635563950396,598.7918239665962,15.99484175804543,16.04399175804543
255.25880813687326,1854.2045612705303,773.1309573686814,15.717398753829702,15.766548753829701
379.4775191268695,1853.7563530707516,289.72281797385267,16.783074660717084,16.832224660717085
607.631942710385,1853.2717431941321,607.2969383771758,15.979528683249827,16.028678683249826
1074.0801338341373,1870.6461439043137,437932.3183020299,8.834513921912489,8.883663921912488
563.9867849168846,1854.968004289533,1872.1790392283147,14.757162965930132,14.80631296593013
3.2670510399299224,1873.0325233590593,4275.509518657265,13.860561718320895,13.909711718320894
169.0203868749044,1856.6718162160555,1222.1386951273182,15.220230175277539,15.269380175277538
461.6963006857255,1857.9176337202043,527.4600287101465,16.13255752725381,16.18170752725381
896.5543192842214,1857.4755070457948,520.402704615702,16.147182549964175,16.196332549964175
304.13450903596186,1861.8748063258813,11184.302392517206,12.81650916075004,12.86565916075004
338.40310205560553,1859.5898364737332,5539.445263717185,13.579365723987134,13.628515723987134
551.3348485599478,1865.3213131218058,78688.79699378586,10.698249147943784,10.747399147943783
681.5751083411274,1860.5974120408212,484.1453632101622,16.2255919703101,16.2747419703101
65.48294499406126,1861.5181514711865,635.0460402053446,15.931018381569821,15.98016838156982
396.32972058188966,1861.153151986759,227.3419938412199,17.04633225110372,17.09548225110372
802.9553812202868,1865.0411950081461,9052.015006929078,13.046168249245108,13.095318249245107
20.752985939764425,1867.9598119013287,-55.58565760187126,,
376.31858258459323,1864.5824946433352,1043.0112919459013,15.392308886818327,15.441458886818326
266.89083209298406,1865.758367689937,1035.4748464718955,15.400182528518606,15.449332528518605
902.3821674869158,1865.4221014226669,765.4015138865927,15.728308120247153,15.777458120247152
564.7390446612657,1867.701502923263,2618.868636612694,14.39274712593397,14.44189712593397
872.1166245087921,1867.4102767496463,1767.2065811372,14.819813111962214,14.868963111962213
106.7490226516176,1868.873340735861,136.7790431042862,17.597982509654877,17.647132509654877
523.8698395126761,1868.5203867734213,1369.0823576465982,15.096957477291264,15.146107477291263
61.353901112220065,1869.761130684467,1561.0108052353708,14.95451663935518,15.00366663935518
421.4919275444539,1868.1657972576952,725.4416349294047,15.786525219401728,15.835675219401727
762.4561830296038,1871.0281345596443,7959.113015660989,13.185869733638778,13.235019733638778
311.73212765694984,1870.5750861010977,1341.494529480798,15.119059147472647,15.168209147472647
912.0784340851693,1871.9379674563306,3090.1534743307266,14.21308128880383,14.262231288803829
258.3051727368806,1871.6590643105562,1105.7300371801937,15.328908644017268,15.378058644017267
960.4075543389752,1871.3252125409654,377.19806284101577,16.49660777823525,16.545757778235252
835.7515576891174,1872.0661866035641,547.7507770922522,16.091573906533228,16.14072390653323
43.86948714819287,1875.7111016901115,721.0320917537224,15.793144925539194,15.842294925539193
120.0020918353493,1875.610574497074,80.49085226555621,18.173665097748554,18.222815097748555
496.7546320513235,1873.8700250159015,383.08755241314554,16.47978631052409,16.52893631052409
580.6404085363704,1873.6655458637179,124.69747112834618,17.698387297317637,17.74753729731764
997.237502158492,1875.8716090067655,1485.4491254369336,15.008386956413052,15.05753695641305
31.672454496219853,1874.9982351632655,529.3001304839971,16.128776409810815,16.177926409810816
467.72731979243935,1878.238122247045,1136.7716772237727,15.298848301033589,15.347998301033588
510.0794522453827,1879.8086116876402,1854.9569448637476,14.767196828141856,14.816346828141855
913.378052695529,1878.3352333022392,2319.8221953773423,14.524394664147895,14.573544664147894
71.0266287774116,1881.332525160948,197.01026759383782,17.201809260200687,17.250959260200688
94.46370946350451,1878.9622109345562,915.0076677959332,15.534469578735385,15.583619578735384
286.6150342563115,1888.697975225736,84116.78975102291,10.625824687860858,10.674974687860857
32.86451651922323,1882.639966126803,207.21011298709672,17.14700404360396,17.19615404360396
352.8424229257388,1883.7945729359883,1691.7479061049207,14.867192293384713,14.916342293384712
568.5186212663556,1883.803562302621,2487.009707881187,14.448837711162602,14.497987711162601
610.8229648232433,1883.2659248014186,1063.4978042124044,15.371189918550307,15.420339918550306
634.8214721981509,1883.3874838254078,2522.8678713277636,14.43329514728611,14.482445147286109
88.52539894034251,1883.5613392857765,732.8633943108331,15.775473838142364,15.824623838142363
402.74771482308813,1883.0345011244756,30.748717804818284,19.218463885493392,19.267613885493393
957.8938822222417,1886.5160081714369,2834.590224451701,14.306805699808368,14.355955699808367
167.63034117475746,1894.521631049456,70426.37719713227,10.818693041379225,10.867843041379224
336.60042545320573,1884.669912134814,708.2933565936796,15.812498491517758,15.861648491517757
745.4966906138794,1884.4272184464105,450.19781444199225,16.304522956654342,16.353672956654343
794.482356929964,1884.6444633024391,547.253373208986,16.092560294468733,16.141710294468734
946.5214829186137,1887.021558786473,6659.460358472157,13.379433817311089,13.428583817311088
1025.144084858433,1890.1424209065117,38050.609084958705,11.487127379908816,11.536277379908816
20.750998789412087,1890.682149058056,1305.5248647824071,15.148568543123584,15.197718543123584
13.782631988323185,1888.2133628551092,1245.3774406327566,15.199778926353975,15.248928926353974
824.1138509579312,1889.4696141088136,2461.0954754204013,14.460210257462315,14.509360257462314
662.101470719899,1891.2629941150299,2114.336062840259,14.625096369117593,14.674246369117592
555.3800928726481,1894.654563031148,15013.157064272164,12.49685134216141,12.546001342161409
813.9543879400654,1890.7527530200316,1802.2224554679658,14.798510420839818,14.847660420839818
27.58051081859075,1890.524279248593,1077.4994784916164,15.35698874085951,15.40613874085951
466.6622366090021,1893.7169991961882,1579.194159961177,14.941942589300712,14.991092589300711
600.5697914261232,1893.1426261412266,1555.5431871866328,14.958326229674606,15.007476229674605
909.4655488186114,1892.2469327804865,1418.9288769610605,15.058129844376332,15.10727984437633
61.475583165149686,1893.785471402967,-234.14249266659027,,
123.38054780037916,1893.6263190115067,1003.7755914504397,15.433939835324963,15.483089835324963
690.5074798854619,1895.3945485070487,3626.55365113459,14.039296145481947,14.088446145481946
802.3140871930523,1895.7855513004538,1539.9469482960635,14.969267013698213,15.018417013698212
181.14230570344543,1896.393271119579,810.3787247859576,15.66631133548185,15.71546133548185
607.1254374895758,1896.85071727506,1465.7449767877733,15.022885376193301,15.0720353761933
1.683663418207231,1899.8386662539738,1438.6023610036277,15.04317949064604,15.092329490646039
361.69959032985827,1898.376146160162,2638.317405940546,14.384713805766266,14.433863805766265
523.0155156521216,1898.5269193659606,4955.5542746430165,13.700300819905816,13.749450819905816
571.2966003230091,1898.1614513557538,3963.2572256581466,13.942900762232718,13.992050762232717
843.9484726473771,1901.3511110624904,9965.585275762896,12.94177438802894,12.990924388028938
239.3141136931522,1900.099013375483,1347.9706576632027,15.113830315764478,15.162980315764477
873.3256238523247,1900.4653329128776,1704.0711179482537,14.859312123153977,14.908462123153976
1016.0207871101308,1898.9355834148273,999.8007118210224,15.438247808401002,15.487397808401
369.2541397952391,1902.4758902649874,2610.807330125338,14.396094354060086,14.445244354060085
1060.5572724173721,1901.7349821724401,1761.9654262841323,14.823037956628466,14.872187956628466
1069.6418659626506,1903.6426978952634,6555.902011672135,13.39645027812454,13.44560027812454
156.75330852771583,1903.9448894760915,994.119399837155,15.444435040044226,15.493585040044225
15.410559625263236,1904.5825305236801,-1162.1668610110867,,
206.8884927687649,1912.2115442468944,3410.0282630456954,14.106136466113519,14.155286466113518
940.0941237604924,1903.5197852505808,-442.4455555495156,,
1021.547977162846,1903.1187271699512,878.9522211364176,15.5781182425687,15.627268242568698
67.45765993562004,1904.3555006194701,1502.4826937489597,14.996007716670842,15.045157716670841
496.5359860484235,1909.561194523553,44683.58505039989,11.31266138712858,11.36181138712858
880.2755018772317,1906.4808092944347,2982.594929640268,14.251545724371182,14.300695724371181
1028.9681185905442,1904.4719622565858,111.27170768733717,17.822069529400245,17.871219529400246
4.964346768163036,1906.216814874974,-577.5298712605595,,
244.8873584066293,1906.0375869143788,519.9961450228856,16.14803110240526,16.19718110240526
516.6153924548495,1906.164942051562,3837.6452615416183,13.977869343453712,14.027019343453711
605.8187010010006,1905.9286350163134,1034.6711166530033,15.401025598159688,15.450175598159687
53.06600887231193,1907.2690757639764,-892.7023222550532,,
191.36599166475767,1907.8918196239742,-520.7185042321443,,
338.6580084947278,1907.3839905203497,447.9459041483764,16.309967487654298,16.3591174876543
67.62242866015903,1909.1190792238606,1236.9996602209972,15.207107461603734,15.256257461603733
322.2459553881052,1909.7337817616597,2016.7705311407278,14.676390195333937,14.725540195333936
410.9100916095252,1908.097650346551,618.1232387497107,15.960343733732996,16.009493733732995
1053.8467861351508,1909.2029117998497,-396.19018770296873,,
28.08269951883473,1911.607770031617,308.00772517547506,16.71662738938538,16.76577738938538
111.00192044338438,1910.7516843228102,-658.6598772170692,,
428.5877853515708,1910.8964956798518,489.91874130443534,16.212721279362945,16.261871279362946
689.7084943270474,1913.0030545349068,2091.9471989426597,14.636654615755404,14.685804615755403
81.58472008653672,1912.6339836502355,4021.6052847642804,13.92703280513703,13.976182805137029
246.75767463294676,1913.3575908143216,745.2274350384442,15.757309325514369,15.806459325514368
516.7467361520398,1915.784292784174,15556.672764073535,12.458239621480654,12.507389621480653
529.5017426487104,1913.036765128052,2554.55389410258,14.419743738593942,14.468893738593941
126.64459902280716,1912.8461661870026,477.2434451054602,16.241181482166205,16.290331482166206
791.4164680489015,1915.9257271955798,2151.443112824498,14.606206744409747,14.655356744409746
31.671866947455445,1913.982824486943,141.4903651261276,17.561214244156652,17.610364244156653
47.172806077227705,1915.2483467976851,-585.6149534999729,,
79.30098277385828,1918.2789935228,4860.345831811059,13.721363482344534,13.770513482344533
709.6533806187757,1917.1312586418296,2344.0086425839027,14.513133390860938,14.562283390860937
1049.9895911431604,1914.79409846083,-108.95648845139397,,
254.34300556833776,1917.4286069829266,1529.2084647328222,14.97686467911219,15.026014679112189
63.55324677484059,1917.8465560666486,-475.04835853683187,,
767.9724529188632,1917.6784121474452,281.9100997926975,16.812754824171794,16.861904824171795
19.075078851914334,1918.029593942769,-243.27312410586433,,
189.30966387363915,1918.391506216032,651.2960574572653,15.903585289365683,15.952735289365682
96.21251777241064,1918.755036651554,1001.0646067419323,15.436876145206657,15.486026145206656
