x,y,raw_flux,green_mag,V_mag
4.64617561752514,1.5091268182817483,345.0957251750567,16.46568152607205,16.51483152607205
56.88300974947605,2.2189458611291806,4795.365447059685,13.608476200855776,13.657626200855775
229.19481832282943,0.9529506424099197,169440.813929697,9.737985402591102,9.787135402591101
261.3100606511762,0.6315179270844277,4734.502394661835,13.622344623604736,13.671494623604735
425.095855213448,0.561906259688695,2939.444905586718,14.139867163575973,14.189017163575972
443.39624819529496,0.677956090894653,2410.4967497698676,14.35526409939941,14.404414099399409
487.32728613368545,0.2918785339030813,531.9347517929734,15.995884564702465,16.045034564702465
791.92325760133,1.7424104788450492,4765.3612639934645,13.615290899315607,13.664440899315606
407.2343628876796,5.591985298989658,3473.5056764081755,13.95861044263984,14.007760442639839
149.37311268079512,5.398407662343293,1492.9651834483248,14.875406275178415,14.924556275178414
580.2312737868316,4.200290118042376,1477.784832859663,14.886502462741817,14.935652462741816
807.2180842147698,8.755225075357657,3622.2632734789813,13.913080443645201,13.9622304436452
916.5632017486167,3.9539011382906364,557.4181371215286,15.945077736068175,15.994227736068174
305.47123158887035,6.133788752754421,1190.1054032691961,15.121566907566919,15.170716907566918
678.5656857300405,6.631560784189234,3570.9185098401613,13.928580626261606,13.977730626261605
797.9562453729554,8.002875962807739,7927.027038389514,13.062754626138783,13.111904626138783
176.04490491706423,5.579648493991489,412.2498569125877,16.27262919103465,16.32177919103465
498.9719924235767,6.330293695489637,237.75815976038825,16.870191898304437,16.919341898304438
1050.1521373306114,9.260788432601874,6287.41715854305,13.314349785117065,13.363499785117064
515.3884475050913,8.100658610828717,585.4145733560555,15.891871650996318,15.941021650996317
851.15088964423,9.235034289485078,1742.291388769602,14.707728499631848,14.756878499631847
420.5127583502004,10.953528800665632,941.0228113272098,15.376530096768265,15.425680096768264
322.6794306912346,13.85716960462126,6455.087872090782,13.285775078416936,13.334925078416935
463.5387754468071,13.390616623390978,8804.145002476713,12.948812508274058,12.997962508274057
946.4869282275619,11.994999771676452,1508.4051839582942,14.864235434272995,14.913385434272994
996.0433518493492,14.683938166367298,7842.487782018263,13.074395848045153,13.123545848045152
523.8234449635328,13.745838615177952,1478.20869809561,14.886191091400207,14.935341091400206
833.4588894457651,13.658170041969012,2719.7329756544673,14.224214807625502,14.273364807625502
1069.940201072989,16.571691621218314,20270.356194343243,12.043377024327022,12.09252702432702
184.10446773887517,17.25680463392631,8013.139283063459,13.051023745874975,13.100173745874974
263.2760306020273,14.643944272069163,738.0484197034093,15.640318338306834,15.689468338306833
610.3833338018437,14.539157425316052,809.4323588798891,15.540079069224609,15.589229069224608
39.923496325890895,16.036807282743986,949.1397635654719,15.367205054353247,15.416355054353247
407.01600645794366,15.806604923736433,1651.5705127287056,14.765787674119803,14.814937674119802
599.2446125580036,17.779239740688855,8309.074001794124,13.011648907792807,13.060798907792806
661.8911294879842,16.505379218313948,801.2718078747508,15.55108081823812,15.600230818238119
700.7477625843763,18.456291171605038,2770.8897790353585,14.203982348279403,14.253132348279403
513.5865392246562,19.317393087472745,1821.4401412582824,14.659493216446391,14.70864321644639
942.5281765186949,18.70592318297835,2008.394233702826,14.553408060474027,14.602558060474026
1045.9588431383186,21.701269602977753,5941.5349282832685,13.37578383863269,13.42493383863269
222.12391180275685,19.242250256255225,807.5088113095156,15.54266230015772,15.59181230015772
303.4220682730529,21.334314455995,1747.1916510671515,14.704679110581452,14.753829110581451
377.0602315942833,20.55104919002051,352.5681510352538,16.442422779761344,16.491572779761345
96.41835662939435,24.88591936279704,34237.134799019,11.474286943102973,11.523436943102972
393.8431345824825,22.689021686680086,751.1273535396742,15.621246530436395,15.670396530436394
541.5430093728502,21.659614222294074,540.3595175180157,15.978823461895882,16.027973461895883
809.417875938114,22.092296909315696,541.4763097458317,15.97658182383011,16.02573182383011
148.40143732766785,24.13753510940697,536.5024616659512,15.986601177465008,16.03575117746501
197.76708734267135,26.91228467428458,16442.39312789025,12.270617905685597,12.319767905685596
235.91185006303505,24.819118685774548,1328.8811873162365,15.001815091846325,15.050965091846324
311.46110508270556,27.180970225197832,4396.97371564268,13.702645801255745,13.751795801255744
417.6663780929166,24.392469579717762,853.270393181037,15.482813783173157,15.531963783173156
725.3220449195447,30.75898151929811,29207.513449745944,11.646794011595137,11.695944011595136
941.8993209603393,25.99338153023225,3066.3184363381733,14.09398733941749,14.143137339417489
1034.5485478483538,25.407724463289764,336.15199069083076,16.49419125625732,16.54334125625732
1017.5648941259705,29.06689332872915,2705.979113837813,14.229719374572536,14.278869374572535
255.5644143623352,29.86301590234018,643.0619874098056,15.789898379011788,15.839048379011787
459.29483758967734,30.213697700520985,1841.9961966576795,14.647308652145947,14.696458652145946
978.4734109653372,30.217749727245714,608.5156605418763,15.84985107608469,15.899001076084689
945.2883089981004,33.91035322539831,4836.424624239065,13.59921941579111,13.648369415791109
1050.7975051697665,32.30872121222175,761.5244308386773,15.606320873204485,15.655470873204484
21.815468315045475,33.7173709488087,1714.5964815970485,14.72512565446285,14.77427565446285
103.94923644277557,34.73111930397246,3111.2462304686915,14.078194516395458,14.127344516395457
540.213834039672,32.938152716055605,981.5152862264393,15.330787805632792,15.37993780563279
452.3886864097871,33.8605047693416,1679.0921357296866,14.747844156103255,14.796994156103255
796.2537720953966,35.55555653662893,4638.3142106979785,13.644630061318624,13.693780061318623
999.9230362816651,34.343762947254724,1302.599899030796,15.023502874543112,15.072652874543111
756.8551528875812,37.562435289550876,5268.960801711935,13.506218055821387,13.555368055821386
128.06162707873207,35.97360583535425,1181.4371920772537,15.129503878761568,15.178653878761567
598.8538520881095,37.567908063136656,385.749439952078,16.344767214459193,16.393917214459194
73.59185336630232,39.60344652370503,2109.6416921083983,14.500008725779901,14.5491587257799
407.4854747595837,39.179520259145875,2660.5054048147194,14.248120111152582,14.297270111152582
896.8871332662244,37.88576231956677,1382.0410930998305,14.959228084023923,15.008378084023922
420.14960699740425,41.93399406247425,20395.900908748583,12.036673241658026,12.085823241658025
571.3527134769444,39.994522864150056,2018.7979899594648,14.547798315850628,14.596948315850627
890.8299445497395,39.49444284218904,1605.8478044135086,14.796269519315198,14.845419519315197
1076.732957213399,39.70743056632253,327.475669875068,16.522582876995436,16.571732876995437
163.81869899967504,41.03222999292342,449.3205926834288,16.17913966729097,16.22828966729097
392.07154507688597,40.991027982373566,1558.5556525728584,14.82872468851776,14.877874688517759
678.1676766475599,41.950994855024305,3455.1777944236646,13.964354475116993,14.013504475116992
988.3979157192429,42.08856584634146,2804.57149608316,14.1908641854214,14.2400141854214
499.7494556728859,41.67518713556687,565.0262835225419,15.930358848690059,15.979508848690058
653.166784460456,43.33179326938445,1975.0768061510653,14.571570502491749,14.620720502491748
774.2427292084353,45.97904779159182,22887.76465343163,11.911522027159467,11.960672027159466
814.1687420836806,41.87328148419242,719.9961989323664,15.667204965800284,15.716354965800283
587.3276459229315,45.16249869792238,2220.161660933858,14.44456897815941,14.493718978159409
670.4115455097348,44.851085603666654,2149.0843733805086,14.479896809244458,14.529046809244457
883.0333314657281,48.38479278304365,2469.1704044144144,14.329152817845417,14.378302817845416
955.4357084375379,51.10839609054915,13613.401060035483,12.475613876687333,12.524763876687333
377.34319956324475,49.4224738047126,184.97859675657878,17.142726773542453,17.191876773542454
151.39236650220573,50.76475261803451,821.6222523622077,15.52384999262942,15.57299999262942
924.1010971545647,50.86051715509056,511.41601684249406,16.038594661464032,16.087744661464033
8.255687575769262,51.71004713758233,1015.7768352128234,15.29353471367554,15.342684713675538
296.92882310708575,53.200380761833785,5044.268913342932,13.553534897361615,13.602684897361614
611.0123436979248,51.37503105982906,513.075637817703,16.03507699073051,16.08422699073051
64.91432890261181,53.560810469348716,3114.638791789,14.077011254255625,14.126161254255624
647.6903265329773,52.35038823180318,953.0204479469305,15.362774927645342,15.411924927645341
728.7837482490302,53.469165288815155,2469.8654147606744,14.328847252982872,14.37799725298287
88.04831446937844,54.672205813104526,1591.5917672734813,14.805951264897857,14.855101264897856
548.4699744407112,57.02506401259385,9783.551974456012,12.834289083703506,12.883439083703506
737.8367981956003,53.35772671498426,1564.3178129364505,14.82471799833748,14.873867998337479
779.0525026898667,55.500676640086844,4723.260259911724,13.624925783422658,13.674075783422657
1032.8790278087263,58.49191167362412,61043.747995670245,10.846427497971229,10.895577497971228
48.09060109352735,61.26283263453311,9572.062722052722,12.858016635689564,12.907166635689563
799.648499998789,60.92299807329664,28466.715521442864,11.674687071705936,11.723837071705935
861.3040421875207,61.80015608818296,15057.51217056413,12.36614741780198,12.415297417801979
222.95175224553142,61.382315097511636,7340.825085819766,13.146168284970704,13.195318284970703
508.57890470161476,65.92703259243034,46792.653476155494,11.135086291290168,11.184236291290167
108.6688742807944,60.416592781200116,1712.8696197755855,14.726219708497737,14.775369708497736
826.8031042436372,59.07818539581286,639.5861424802231,15.795782861017543,15.844932861017542
384.1145973074021,61.80489017658002,1828.1859416879422,14.655479562482453,14.704629562482452
39.99529331423394,61.68036228290101,5472.0004142760245,13.465165170999526,13.514315170999526
280.44314402822,67.00104177964187,85797.6213356202,10.476842356031272,10.52599235603127
336.6612454457796,63.22847525307094,1639.6056628607253,14.773681950951783,14.822831950951782
347.3941843424606,60.77659561460337,-48.33273164572228,,
1052.8378789378805,62.05182644857893,568.2035033796134,15.924270707153411,15.97342070715341
737.4850519272912,63.913053188886266,1133.5794402183778,15.174400573748565,15.223550573748565
989.6511039396337,66.0533234803495,8261.096323761358,13.017936259896738,13.067086259896737
89.23078088251685,63.41254771829993,1114.055121240438,15.193263776479105,15.242413776479104
361.8197838314591,66.42440346531512,1057.4183446791026,15.249913373689811,15.29906337368981
549.6814130949012,67.83688462923769,3054.4815502060583,14.098186709393596,14.147336709393596
612.1098640638963,66.59568911942789,433.8166141805563,16.217265023782783,16.266415023782784
262.48845877146334,69.97579574857097,2020.5969204738115,14.546831258079994,14.595981258079993
482.266844919621,68.89319438119142,2083.937641744666,14.513318676715635,14.562468676715634
846.9169278709551,71.43669742693402,5575.564522382394,13.4448083600087,13.4939583600087
15.358616795700945,68.82076791026954,670.838516595057,15.743985500159955,15.793135500159954
217.20098600773082,68.70295006109986,3395.4232907298374,13.983295666604839,14.032445666604838
632.4679575226098,69.94381788260061,1274.6920906256946,15.047017247351505,15.096167247351504
94.85437865538978,70.0910332946188,874.8158553214384,15.455738860806473,15.504888860806473
384.38718341682124,74.37901492536068,13311.465401798967,12.499965805698046,12.549115805698046
198.32313757329658,70.31627744254641,588.6011530288098,15.885977703686017,15.935127703686016
368.9454356968069,71.75569521344194,1248.1630284946132,15.069852189194103,15.119002189194102
656.2823033935475,72.51839119559911,2723.070465032838,14.222883275614564,14.272033275614563
936.0164554276101,72.9774986115868,401.3815103990254,16.301637067783037,16.35078706778304
998.7844314169505,73.07940249955101,2365.841407981767,14.375566403144832,14.424716403144831
694.0743983510579,73.94461460287424,1370.896443535064,14.96801885058704,15.017168850587039
869.7541563380499,74.49899066440268,621.2155267953148,15.827424719872845,15.876574719872844
35.91837777349757,74.73021244523623,500.3502237304974,16.062345229192225,16.111495229192226
416.35990498854073,74.9849027106286,735.7275840585514,15.643737877451736,15.692887877451735
4.962982558525436,77.11298554242883,949.2404204557106,15.367089917426501,15.4162399174265
339.054451960738,77.79423156645484,2110.838948566171,14.499392727353122,14.548542727353121
367.89531806722977,76.42227575771254,616.3969329946142,15.835879302145727,15.885029302145727
963.2154989293534,77.94397208368648,641.1440111942061,15.793141500080736,15.842291500080735
86.72422728023041,77.73739207630985,538.0545279826466,15.9834647486291,16.0326147486291
904.624386151563,79.87118554170603,4971.6130240014045,13.569287182336396,13.618437182336395
770.7237414160435,79.29055688055061,536.0042639420329,15.987609863624222,16.036759863624223
609.3586563960145,83.45832761486591,9954.62655787069,12.815468044079966,12.864618044079965
475.7038070367687,84.77531896565077,5339.141869003126,13.49185182281235,13.54100182281235
700.8917600480145,86.71132383479006,14727.371843832854,12.390217344389345,12.439367344389344
838.5706336054261,87.00935804226043,10513.26641806334,12.75618629981231,12.805336299812309
994.643344110061,82.5485626511793,4670.496175090105,13.63712292310485,13.686272923104848
306.05782955443243,86.00868329730066,1562.6022848138946,14.825909337496519,14.875059337496518
317.0960092381667,83.74411284087766,1578.5631144533268,14.814875598399752,14.864025598399751
509.41973584640186,84.78425999705959,2023.9587119831504,14.545026352954784,14.594176352954783
560.1377513617499,90.45289781224825,92857.4753313189,10.390988295945572,10.440138295945571
275.15391951343116,85.4864867238907,2099.4884274835995,14.505246762175956,14.554396762175955
1044.2615841097695,88.19692882493138,3287.3015315007806,14.018431619809276,14.067581619809275
490.9196895210781,89.79765030508929,5213.73421822608,13.517658254321198,13.566808254321197
741.0128633933789,88.12218092850686,2915.994528284758,14.148563713190901,14.1977137131909
527.6191440965407,87.28311042897224,71.36972636102894,18.17674539590445,18.225895395904452
642.095942251889,88.47912781775402,761.972830555068,15.605681759721733,15.654831759721732
851.9360472725164,89.49788086909327,1841.054563086618,14.647863825424125,14.697013825424124
880.4893695635535,88.3765436427512,957.1403317660254,15.3580914329307,15.407241432930698
970.9035186759497,89.45683273213896,815.8202942619837,15.531544213527834,15.580694213527833
1072.4948612691505,91.19122718324985,17451.41173445756,12.205954062402075,12.255104062402074
39.52972797363247,89.44476888584617,965.4924348835293,15.348658286943685,15.397808286943684
127.97394464907596,92.81364317533968,5965.866882475544,13.371346578382376,13.420496578382375
137.69318935477466,92.89471506131184,2816.6878504390806,14.186183673758139,14.235333673758138
517.6455325130765,92.47695583138568,421.1317718829498,16.249485456010756,16.298635456010757
795.1749536522767,92.19478080839302,700.4589620034997,15.697073734409507,15.746223734409506
206.71345616642841,94.60506083383522,2919.8654249798583,14.147123386199933,14.196273386199932
785.58001127687,95.50122096844026,3109.948288414052,14.078647555661975,14.127797555661974
1061.1830297814854,104.8470282468174,95102.75710741113,10.36504770579058,10.41419770579058
935.8341546854036,96.68551007317815,593.0198763457281,15.877857350157655,15.927007350157654
1009.3901854399891,102.4913833197639,9447.128407108577,12.87228092896176,12.92143092896176
169.8317508623622,102.21043030619302,18268.438637023566,12.15627689810029,12.205426898100288
64.10935519288468,99.54181976395968,517.7555820268673,16.02521850046215,16.07436850046215
907.2664255940886,100.44453423406127,2288.178365108727,14.411805787478873,14.460955787478872
380.21310676357905,102.11479223882691,1150.778400350699,15.158051220575347,15.207201220575346
493.5752546104956,106.7421811228469,7462.460806817191,13.128325316956236,13.177475316956235
741.6137441327887,106.3892563271484,48879.33963893743,11.087717150116054,11.136867150116053
781.1564763441401,106.01490748250603,6262.791165590208,13.318610649279861,13.36776064927986
472.94354172189367,104.36720926925268,1477.809673216139,14.886484212556068,14.935634212556067
569.668493736572,103.71265990447948,2377.0369358375196,14.370440649701637,14.419590649701636
579.2474430814763,102.98146421934666,2138.1221154860086,14.485449210908353,14.534599210908352
588.4673105841289,103.1763542151074,1684.3443963316713,14.744453234899112,14.79360323489911
793.4238572505305,102.552246088608,658.2074109798602,15.7646235553431,15.813773555343099
873.7610606370889,102.26392913198042,177.11136382623482,17.18991440672009,17.23906440672009
962.1166542946024,105.54978215058611,1472.0397852192414,14.890731605091288,14.939881605091287
545.97744378053,103.674361516467,549.223839724611,15.961157024852016,16.010307024852015
601.2718263054516,104.72914596257506,2271.122256342738,14.419929191800904,14.469079191800903
26.028787321471683,105.29560507713224,840.3785708113896,15.49934305096372,15.54849305096372
133.98609018024453,105.61336371445167,5042.911167035145,13.553827180104742,13.602977180104741
304.85814375423234,105.76326009084421,1609.8529771759959,14.79356493725454,14.84271493725454
338.73385418464227,111.76510833162958,223791.4919064964,9.435921546177056,9.485071546177055
854.9449692278691,105.29811401292831,607.7748277114791,15.851173702764541,15.90032370276454
850.0750580824762,105.56731100325109,924.164567952884,15.396157190354106,15.445307190354105
627.9082868949351,108.30699077641303,8364.768528664314,13.004395655999119,13.053545655999118
75.88557295925378,107.99942895235532,642.7622378461733,15.790404589663444,15.839554589663443
972.9205833772924,108.5005665901427,2113.751815713531,14.49789549081629,14.54704549081629
983.5372125758847,109.92513133156166,3085.1702755808037,14.08733262884964,14.13648262884964
445.1476144468038,110.272828484938,1613.8120424964238,14.790898095203463,14.840048095203462
584.4789391974156,118.25551732967672,292101.8180908783,9.146694824719177,9.195844824719176
927.0529393383866,109.91107965543408,1653.502870132004,14.764518092244113,14.813668092244113
805.7143942652833,112.00492906988697,657.6215440111769,15.765590393804423,15.814740393804422
558.1254184366642,113.12481082720166,779.2657004182662,15.581316572289706,15.630466572289706
15.411882796071408,113.76384421450591,265.9755306301729,16.74842626499064,16.797576264990642
160.9343783367237,114.99354394285176,2353.786498453722,14.381112806565689,14.430262806565688
186.1811468400041,116.57250100661878,6879.459715736524,13.216644645265166,13.265794645265165
384.0138591717202,114.42743371179867,5589.665035413846,13.442066016814824,13.491216016814823
536.3145689160641,114.55699738398675,-779.9833352611477,,
968.5408191664656,117.44723393549968,2185.0625274887348,14.461870801970539,14.511020801970538
429.079850142132,118.4018675496214,1279.3378363322527,15.043067364210678,15.092217364210677
569.1827758306908,116.24377982829358,1173.5024240856928,15.136820497351732,15.18597049735173
326.0971589558001,118.79691184986869,1843.969664748671,14.64614604454695,14.695296044546948
373.7998731607605,117.88301445331483,311.4827323352466,16.576945535768527,16.626095535768528
495.78590525593637,118.48806780902706,20485.023196615293,12.031939324800803,12.081089324800802
816.9375432206307,118.89087055725925,-201.76209815763445,,
607.5744556093423,121.31724589218739,3491.086895336287,13.953128827953975,14.002278827953974
715.9079258514429,119.49539831021447,385.3298561178844,16.345948824202836,16.395098824202837
220.76510745436119,121.24390518733303,555.2533177472845,15.9493025694219,15.998452569421898
281.64606538854264,123.23355569641663,17807.658386527997,12.18401343553877,12.233163435538769
387.96742078236804,121.37048374482866,4226.7927550581735,13.745503089107107,13.794653089107106
503.31785752541833,127.27540512195583,222615.76312430587,9.441640692732394,9.490790692732393
74.60897924289873,121.35105744554536,634.9734655064016,15.803641531925892,15.852791531925892
159.8581694571057,123.88147544066639,3018.3628474203806,14.111101858579914,14.160251858579914
726.0815677276507,124.3721510130773,3636.9922039886706,13.908674549650623,13.957824549650622
777.0018965250861,123.35446399159933,430.4147923376702,16.225812503508365,16.274962503508366
461.81896597633346,124.16459573177768,338.3493886791214,16.487116984608413,16.536266984608414
760.8262185534718,124.28007363242241,2460.179818899611,14.333113345938246,14.382263345938245
805.0064788022792,131.4679717141641,38714.15206737662,11.340856095942119,11.390006095942118
474.5879576269745,127.67018883559939,6028.457235317688,13.360015013830065,13.409165013830064
667.7243240330549,127.80815274637119,2060.480427627552,14.525609241117566,14.574759241117565
377.6290361345575,127.54120068154852,-103.42377468338083,,
389.61825483060124,127.48545187186224,1496.3880636708604,14.872919886786624,14.922069886786623
59.187770882628584,129.5528950327295,3150.910963721707,14.064440146598601,14.1135901465986
1036.0662012152761,129.1988434760559,450.68442507081494,16.175849100450936,16.224999100450937
314.59050906715623,130.81072201479896,1154.119849141926,15.15490319920706,15.20405319920706
424.4631951948807,129.61125830439912,641.5108154433372,15.792520518260957,15.841670518260957
594.739436900451,130.9339149119303,1536.4535974958296,14.84423185337075,14.89338185337075
254.68337562307656,131.44060666029307,429.59932111809303,16.227871509002647,16.277021509002648
717.8398811960799,131.83305148511772,781.7172889034141,15.577906182062241,15.62705618206224
728.3435413532532,133.2721336814733,3152.75810660984,14.063803847343664,14.112953847343663
1067.098622561758,133.436861351269,4750.6211758290065,13.618654474286934,13.667804474286934
323.2734496710924,132.02796070059065,481.5730118059846,16.10387512420586,16.15302512420586
879.3863676640901,135.57538676954218,1611.571762101314,14.792406352249628,14.841556352249627
19.39678465300231,136.59591663304133,3737.501883992899,13.879076924351745,13.928226924351744
168.22963212662918,135.34933491957014,916.5167851530866,15.405179417301804,15.454329417301803
190.15046002103284,136.46470307422808,4051.1012637681074,13.791597726964415,13.840747726964414
425.22984077887605,134.77879584859164,492.2068929990129,16.08016124651083,16.12931124651083
659.3901582652906,141.46560991316278,3921.099896030367,13.82701070808198,13.87616070808198
899.4344400742676,138.03825810953802,245.86855739299097,16.833772992333387,16.882922992333388
144.3898873383558,138.10665716953864,393.43508144946304,16.323347769799014,16.372497769799015
385.91872073801454,140.08492460936523,1138.43052643068,15.169764143438577,15.218914143438576
603.2165615232678,142.58153554896322,1352.6760266836916,14.98254599211646,15.03169599211646
444.47439541997204,147.72461200735464,24814.599273967757,11.823762309342232,11.872912309342231
823.1982360649632,144.31362755960188,570.3258299303911,15.920222872150651,15.96937287215065
2.0927350184667186,148.62128365143695,3749.2646782111997,13.875665223999007,13.924815223999007
311.95666467682594,148.26178243819345,4725.136786293721,13.624494511821995,13.673644511821994
888.8777362994902,147.47196321045044,1247.3399471922444,15.070568396876926,15.119718396876925
674.7724896620912,148.91119546800795,2827.957492517807,14.18184828191901,14.230998281919009
328.97161786323517,147.68469272378027,313.2363286605165,16.570850162221035,16.620000162221036
84.94924921254855,149.81371305302588,1260.7752099530844,15.058936322740308,15.108086322740307
282.74945711069,149.2672228282702,880.6844586975533,15.44847964377076,15.49762964377076
686.316725609309,153.9219485271705,14764.865860554419,12.387456710641832,12.436606710641831
833.9673216234938,153.1623427365411,2927.7689012923915,14.144188491463938,14.193338491463937
431.91481487462596,152.10362201505686,-229.76263818537717,,
1072.3548501410426,156.55103185496785,11963.581626340378,12.615877432266299,12.665027432266298
231.7777510069944,153.59590458587297,689.5549889277067,15.714108212638275,15.763258212638274
273.74086439312634,154.28647537267113,786.4256135489042,15.571386350374887,15.620536350374886
583.7370283431361,155.33907489227983,1829.4722717706252,14.654715896159297,14.703865896159297
866.6288681988074,154.51064172591876,202.4769748832017,17.044591365975286,17.093741365975287
487.922649568521,171.75088595899499,1665649.3433761708,7.256571530119704,7.305721530119704
1020.9476916173326,157.8834156605531,8349.531889604968,13.006375155569426,13.055525155569425
981.0560325767996,157.35726345417896,1806.7021948938866,14.668314044563157,14.717464044563156
91.26382770976686,157.77640556408105,539.6595636194768,15.980230780357157,16.029380780357158
129.8435707822518,158.4697917302567,785.6230802964637,15.572494890443402,15.6216448904434
167.41171296846332,158.3982257370421,902.0447676660108,15.422460245681044,15.471610245681044
297.21196217384926,159.9730822761566,2485.8237283018625,14.321854651885847,14.371004651885846
460.5053031743036,158.64527800544428,622.6526333589682,15.824915902024626,15.874065902024626
630.8605075214875,159.05879259376115,1271.5328850484132,15.049711483459017,15.098861483459016
53.334972868523074,163.8159872222639,17745.333236195867,12.18782007674736,12.23697007674736
337.5100825690313,160.0370927752766,3189.5740822593098,14.051198740748347,14.100348740748347
607.2217080777965,159.0425104800964,395.54733939180556,16.31753430592369,16.36668430592369
898.3376259205993,160.57300111618713,2398.778606791341,14.360555057524728,14.409705057524727
910.8960948139162,164.78777931675663,89271.56654567368,10.43374758527819,10.48289758527819
77.51673023707318,162.67090049785634,4404.983476687621,13.700669765751723,13.749819765751722
749.2822787413777,161.13448793324142,635.3550173124228,15.80298931538844,15.85213931538844
809.9776772617317,160.77375539415596,319.91580029957515,16.547941250093302,16.597091250093303
359.82342988392156,163.07400738004586,3482.9848788211025,13.955651502484535,14.004801502484534
660.3540011842576,162.10001178974036,341.8609756493819,16.475906655624424,16.525056655624425
246.01790939753283,164.49192782920016,1670.019741831344,14.753726462203204,14.802876462203203
27.72855726740253,163.3658072067683,323.76344618257133,16.53496093973345,16.58411093973345
329.99430230588587,165.34775260980024,3503.8584197742503,13.94916410163913,13.99831410163913
119.23420593583143,166.10278307700486,5418.483258787048,13.47583613525845,13.52498613525845
595.9343147294276,166.49066151761582,1416.0738657417883,14.932815705564611,14.98196570556461
854.0231300506906,166.60693638535287,272.72504533014,16.72121791845251,16.77036791845251
1027.2929209838892,168.51259898313322,4093.0070734864103,13.780424237007693,13.829574237007693
712.8743808679981,168.00695389584595,1792.3101109278382,14.676997588041004,14.726147588041004
405.7174641493949,175.15913408242665,27178.529601191847,11.724965582339726,11.774115582339725
682.0167623402798,171.15709332733422,571.5020456173451,15.91798600189202,15.967136001892019
212.90414655221676,173.5694099891989,3634.772957627567,13.909337254273995,13.958487254273994
522.5271042466593,175.96297837322626,2693.607772441672,14.234694583617847,14.283844583617846
1032.8417153142582,174.31522254756078,3348.2034920730157,13.998500862429491,14.04765086242949
707.4960704201283,184.50910570638973,154021.2828846614,9.841578633914914,9.890728633914913
251.03346359213052,175.90172673619102,600.5264348774328,15.86420015100753,15.91335015100753
293.446714043664,176.7016639019591,3911.8942852721407,13.829562700144617,13.878712700144616
573.1674655972437,178.6020611551021,4215.297961339287,13.748459778827412,13.797609778827411
1016.2996594428758,175.55130252141868,-129.48736451654975,,
56.40571607493014,177.05932138789268,1314.4089653746269,15.013704193252112,15.062854193252111
261.6289999105127,177.21845109001777,1217.2558629053012,15.097075787479849,15.146225787479848
367.5362838152212,176.76019489210327,-94.57999553591704,,
506.334323916326,176.36725013792602,3096.3588555313636,14.083402255202474,14.132552255202473
972.926744702966,179.73451975387715,10188.224271804385,12.790284233843883,12.839434233843882
449.8526322112279,183.63374390058584,25181.61043164001,11.807821722581718,11.856971722581717
611.3738074728698,177.58174142406227,958.0011222965312,15.357115430343907,15.406265430343906
946.3640996446362,179.23643998201453,3423.342834583863,13.974404489395226,14.023554489395226
225.6844470929142,177.45859441539102,253.30739041884772,16.801410822933473,16.850560822933474
41.0356770462354,179.388509199918,242.17768394547053,16.85019517116803,16.89934517116803
767.075800804255,179.57854652139864,881.9987060469359,15.446860604998294,15.496010604998293
857.8440344155921,179.83362474773054,1597.4497679559324,14.801962448501524,14.851112448501523
1046.7423267873703,181.50230780271377,8207.023919910154,13.02506622696676,13.07421622696676
900.7601246838909,180.85413270903075,928.7244661844989,15.390813258252834,15.439963258252833
851.9404516189612,190.0534169375061,4636.918761654661,13.644956757060752,13.694106757060752
65.14393766089306,184.91310728024308,749.5793624639807,15.623486422526831,15.67263642252683
283.3705874241742,184.21343246910016,1116.1490059033404,15.191225033004976,15.240375033004975
615.6399656051605,185.5647167428578,862.4217569740567,15.471231214328157,15.520381214328156
751.3000522102801,186.1532597195597,2251.252702067337,14.429469857253702,14.478619857253701
243.88888046132905,187.87253463558233,15.82797820177177,19.811966866264505,19.861116866264506
285.3973709127573,188.74499812908167,1298.762658712116,15.026705991117309,15.075855991117308
414.86945292354613,188.97114921769423,1293.194746548867,15.031370645796475,15.080520645796474
738.726335599566,193.26656650920012,6628.121681610572,13.257054293064337,13.306204293064336
299.50170520221127,190.26482427101615,1763.1321724383588,14.694818299436214,14.743968299436213
627.7574130639586,190.36030091425258,995.5363911008278,15.315387625056282,15.36453762505628
20.88755308981942,194.716697912935,6718.408271468683,13.242364495023129,13.291514495023128
130.91749464160128,193.20442362913704,3797.055748541154,13.861913041185257,13.911063041185256
1026.9536854612513,194.37303947621885,7294.567288719716,13.153031638001913,13.202181638001912
47.78145752162611,193.83175206770582,2836.693051064466,14.178499612966393,14.227649612966392
579.2308397202245,195.13421742584373,6300.604427246155,13.312074939905987,13.361224939905986
79.33215258917552,194.83383569243395,499.0194529003213,16.065236785656964,16.114386785656965
917.0004209791509,197.08547681029015,8188.514995266072,13.02751760331224,13.07666760331224
975.5719880677487,194.52308519478348,230.61316071630364,16.90332025462286,16.95247025462286
406.4117213164337,196.40214758437418,3882.169284906481,13.837844301973421,13.88699430197342
172.4813397275492,198.3165422361717,1328.8019889992993,15.001879801199829,15.051029801199828
953.0688368318322,196.5265547631156,202.52389368069976,17.044339803861185,17.093489803861186
673.1436929440681,199.59216050356625,935.7760597241355,15.38260064924029,15.43175064924029
756.9641322446654,198.93677892710335,1475.1817766987992,14.888416628001771,14.93756662800177
780.0898202663658,198.23120054543438,401.9696785677087,16.300047238582312,16.349197238582313
896.9606042514162,198.75540264802635,3130.8636214253665,14.071370098936008,14.120520098936007
367.6385670698722,201.56308667466647,25885.568014297816,11.777886226808025,11.827036226808024
561.5538226258233,199.18741735585107,999.4588591595357,15.311118170208612,15.360268170208611
694.4875982403081,197.9855633722049,590.1305756774634,15.883160183068812,15.932310183068811
198.14795138075021,200.47408813485828,3077.54080459616,14.09002092528132,14.13917092528132
420.0058679901981,201.05167656775805,3700.915388892863,13.889757584287233,13.938907584287232
621.3371742762546,199.98775145242587,586.1286526368042,15.890548094499234,15.939698094499233
927.4552703783836,200.73278845278585,2692.239080594081,14.235246414505218,14.284396414505217
398.8857495364776,206.15025426281431,141786.25535364612,9.931445143160769,9.980595143160768
437.02169208744607,202.15910134849074,1038.5781663886612,15.26943250408727,15.318582504087269
313.72919218222137,203.2849350991201,-58.13035386617503,,
20.004359024955086,206.58837688574116,3341.577637166787,14.000651585382172,14.049801585382172
837.1170432246378,206.85970521868273,11637.448641924797,12.645886031536689,12.695036031536688
958.2092322190554,206.3985343558479,1020.3601966120332,15.288646702959237,15.337796702959237
968.742671869355,207.36692669699943,2282.6619676618866,14.414426467660071,14.46357646766007
3.5787884442554843,207.07447003299774,699.9438325519448,15.697872497055641,15.74702249705564
296.9812552940141,208.15829668225467,7468.6170179968985,13.127430000245798,13.176580000245798
486.6960158474716,214.8200474975377,341007.28015094565,8.97862134791096,9.027771347910958
750.4117910737137,211.61657781635964,23893.528235895334,11.864829763617903,11.913979763617903
136.98276781524862,208.17583877587182,756.5157336797715,15.613485563184547,15.662635563184546
535.4388795803037,209.4634298214933,664.6507046714587,15.754046801148244,15.803196801148243
941.0801663483095,209.2627372727634,1020.4001278196745,15.288604214130615,15.337754214130614
207.32846646512414,211.21749938132902,2984.1918539780067,14.123463623649663,14.172613623649662
240.33945700633265,210.3187075283408,241.64021969024725,16.852607420224196,16.901757420224197
788.0403742198987,210.69747090962562,315.0812727557905,16.564473997197226,16.613623997197227
197.8213987787412,214.70316931043692,8776.958522841494,12.95217035992479,13.001320359924788
374.31346719669216,214.8029807781599,7544.787897904525,13.116412886921417,13.165562886921416
626.954511918235,213.83098668800284,2863.1439880912835,14.168422501658217,14.217572501658216
693.2881444541483,213.80324683805082,1378.782086534704,14.961791394190943,15.010941394190942
637.9925641704153,213.69649975086838,799.7447690854772,15.553151954572627,15.602301954572626
155.65568695178231,214.30446312295646,952.0048286937417,15.36393259700693,15.413082597006929
285.5121762573291,214.46673293806478,2262.5864191115847,14.424017534980294,14.473167534980293
329.38271095849694,217.09001910908273,1748.887458326397,14.703625816634464,14.752775816634463
727.5848002008224,215.95543098781408,5637.996587271267,13.432718453345435,13.481868453345434
805.6253070662762,215.59933722098117,1336.3264350040436,14.995749075880065,15.044899075880064
1009.3706755333478,215.25807859024567,568.3134576349254,15.924060624382406,15.973210624382405
1.848492965984482,216.5015974548439,1073.7197611481652,15.233303109717527,15.282453109717526
408.37656643159704,217.4631695500906,6163.265011619564,13.336003369537728,13.385153369537727
659.04865823609,216.73564639107704,532.7275748220476,15.994267532138753,16.043417532138754
207.10390046647214,219.075473416805,2481.222581122862,14.323866162628194,14.373016162628193
278.7378546642832,223.38189533479428,135007.7141397825,9.984634014618749,10.033784014618748
990.9894267362998,218.5974899060154,1321.1137055429936,15.008179979836028,15.057329979836027
234.1531827060567,218.99709500807575,1156.4818174435036,15.152683452350772,15.20183345235077
943.654958568896,224.9884102076099,49017.25250884303,11.084658063140095,11.133808063140094
1053.0481355876116,224.59488729893414,12999.585023296164,12.52570675285977,12.57485675285977
567.0953476021907,223.4102961477791,3162.27644422164,14.06053089246211,14.109680892462109
173.58050596551027,226.09221681198142,8484.203215250573,12.989002819295923,13.038152819295922
885.4172616260652,225.21892227245064,8111.60069850947,13.03776406511864,13.08691406511864
1028.3727075346894,224.11171092327297,1252.3318394452788,15.066231919277474,15.115381919277473
330.04440161584205,223.29289019573875,1987.52056562486,14.564751397077579,14.613901397077578
311.35905482726315,225.21576694612818,764.9096156917158,15.601505173779241,15.65065517377924
674.2470352669337,227.65226106815916,3878.6088801580813,13.838840506356,13.887990506356
725.9774522642693,226.648777677206,422.4888970198017,16.245992224465226,16.295142224465227
1077.4126909356207,228.11803892054326,1870.4381274854268,14.630672108286658,14.679822108286658
345.56046054811424,229.42936346085412,428.45114362012885,16.230777209015205,16.279927209015206
413.9980995684145,229.90409839843016,202.20574709300422,17.046046737601777,17.09519673760178
219.4594995644215,231.62424911057184,762.8294782155588,15.604461806850175,15.653611806850174
79.64880257643837,233.05346228452586,336.91282696662597,16.491736610521258,16.54088661052126
563.8071985364306,233.22723695895252,1696.1669800530785,14.736858964042252,14.786008964042251
613.2702523861224,232.43271492060774,314.59405507084057,16.56615419638033,16.615304196380333
518.2998835906494,234.46750870613457,238.9898702184439,16.864581741452394,16.913731741452395
533.3747447647345,235.50902558859772,1272.2532087708494,15.049096587758942,15.098246587758942
791.1044250027145,236.2171344091144,1537.2968978249282,14.84363609797476,14.89278609797476
802.7550321149076,235.2307959070404,796.104052153199,15.558105888792202,15.607255888792201
280.7905966505415,238.7670564737844,2392.1342023184225,14.363566623548989,14.412716623548988
323.92771316844943,236.69808566244743,825.749320866564,15.518409912028318,15.567559912028317
639.0480598544325,237.428815291005,697.5438396751344,15.70160170593677,15.75075170593677
907.3682160883328,238.2419341856549,3183.702464413142,14.053199290962368,14.102349290962367
654.1890795266802,239.45000330451904,14277.356582984878,12.423910959125964,12.473060959125963
1020.4234649036719,238.8028380349225,2260.414528440598,14.425060250001959,14.474210250001958
121.39269758493832,239.10800993970676,1038.1613677440325,15.269868315489909,15.319018315489908
601.3728396402228,241.55020584348713,4816.460261381684,13.603710521346184,13.652860521346183
743.4924375944648,239.19934304297345,1346.4535231421196,14.987552057385617,15.036702057385616
960.4001875236144,240.73449942762667,2387.188503282973,14.36581368939831,14.41496368939831
1012.7986791039115,241.30778695477326,1481.4068951357476,14.883844570672334,14.932994570672333
18.92080302428618,240.4023716892775,738.4421360105996,15.639739300320308,15.688889300320307
224.8808969156642,241.33270379056938,1624.3043678142608,14.783861944617602,14.833011944617601
574.267506643382,241.9183773000091,2702.1986811207303,14.231237280785956,14.280387280785956
112.24198145146632,242.6627746493298,1573.0032183374806,14.8187064470209,14.867856447020898
316.31843615536627,242.37286144636184,556.98179075905,15.945927982117041,15.99507798211704
789.0822322033209,243.74417495130973,1690.8143949453697,14.740290633505463,14.789440633505462
922.3779790747276,243.3188056045184,383.06716908605927,16.35234314445841,16.40149314445841
476.6972564030181,249.5533299852901,10303.299077876345,12.778089708869286,12.827239708869286
512.5690562327993,245.2694370802203,218.56371588551588,16.96158531080103,17.01073531080103
773.2850742021787,245.91325598803581,897.9862845864764,15.427356216200167,15.476506216200166
537.3678026709273,247.0954150542079,3653.4985958998213,13.903758113042239,13.952908113042238
940.9297607090681,248.3977987545698,12695.006360032165,12.551448168014828,12.600598168014827
991.8136918608936,245.15614024364493,335.9610514870425,16.494808145378727,16.543958145378728
2.281935119729493,247.68601355738156,4554.676734985902,13.664386578344073,13.713536578344073
426.24921413054284,246.78517479825814,579.0786282197796,15.903686632657145,15.952836632657144
841.5778841867129,248.6164546657444,1611.9798204185859,14.792131473017985,14.841281473017984
1050.5344649345427,247.62902222904708,1785.594834357132,14.68107317281508,14.730223172815078
14.969130078549858,252.46757627399913,1127.9760903334616,15.179780739926015,15.228930739926014
418.7327006988664,252.2029463483255,1384.201674954787,14.957532048920008,15.006682048920007
530.6822112396171,255.4947866854636,17845.676735351288,12.181697920691885,12.230847920691884
71.43339068966503,252.77143581169994,1669.896631595528,14.753806503273289,14.802956503273288
184.3758285776002,252.751834723014,695.8396857576856,15.7042574894959,15.753407489495899
1032.0456922950164,252.6316374061536,821.3490168474052,15.524211120908584,15.573361120908583
488.3101957351911,253.96596967183143,2396.5498478446098,14.361564308289209,14.410714308289208
506.9352423197501,255.90869910038057,1277.4338251059955,15.044684445889061,15.09383444588906
1045.248072032258,256.13223108096076,4919.766907373805,13.580669157714716,13.629819157714715
572.8694716023092,256.1660017582486,3258.584862627348,14.02795788568638,14.07710788568638
659.5014949030907,259.770296561663,5178.963266116107,13.524923398428452,13.574073398428451
230.21393927945172,259.5905917423338,8127.783990412279,13.03560009251941,13.084750092519409
480.68713646726593,258.21318830452225,5473.555934855556,13.464856573616636,13.514006573616635
513.5995648444293,257.7089291702239,974.9532068605591,15.338071044681133,15.387221044681132
624.7146923407914,259.25473015109577,2541.3267941581616,14.297879186443925,14.347029186443924
834.0173845602591,258.03620424131145,1418.3057447768615,14.931105820011618,14.980255820011617
343.77847409096427,260.8102226278945,2848.45449981399,14.174007258517687,14.223157258517686
53.16677190299537,264.4064927337679,21999.441251895812,11.954501348412075,12.003651348412074
94.0090498735934,261.99661362728364,2086.916985704708,14.511767540345286,14.560917540345285
139.50565023603298,261.23532200070406,170.12407007034108,17.233616064269334,17.282766064269335
670.8822729184791,264.33580048187355,1801.7246450146995,14.67130942719519,14.72045942719519
986.8251264884931,261.15721524825557,585.4313693390006,15.891840500857578,15.940990500857577
907.1748936267597,262.4101322020852,146.3746260573406,17.396865978500212,17.446015978500213
65.02685237899895,264.8426572727449,5083.84358505851,13.54505002467557,13.594200024675569
534.880618287336,264.3185746152332,4810.0308669775195,13.605160816624938,13.654310816624937
353.0589152016902,265.4605199620993,2493.1916725137535,14.318641305880366,14.367791305880365
418.93171231071386,265.2695720882994,6103.3825910809455,13.346603988483597,13.395753988483596
187.97940724524975,268.5749459051409,10762.091384110783,12.7307887863554,12.7799387863554
324.07121847166775,265.8140595147832,644.9739540971934,15.786675032655356,15.835825032655356
550.1216065075387,266.3933578115915,620.1854921128054,15.829226468359545,15.878376468359544
282.0301841368864,266.6568339258254,349.0752933457138,16.453232695849078,16.50238269584908
879.5208416538684,266.1481399423193,387.3572274926489,16.340251315858268,16.38940131585827
468.7287093073389,269.4548690471419,8875.322384433755,12.940070132002601,12.9892201320026
778.0135871435284,277.34132464399966,647326.1906952993,8.282722527863845,8.331872527863844
814.6996569946165,267.1916385316633,753.6324202313378,15.617631542632356,15.666781542632355
426.8095258933561,272.0344317199015,40164.33778816526,11.300928947721093,11.350078947721093
451.68154332891254,270.63163636102274,11269.50235450796,12.68076862840028,12.729918628400279
439.7326832107731,270.32197786582844,3406.794112347481,13.979665754922797,14.028815754922796
827.9910522290869,271.91609763313164,1581.6970644726835,14.812722203474854,14.861872203474853
225.17730121366162,271.6715170183671,1604.578410318962,14.797128113848256,14.846278113848255
924.4985495042001,272.0160872782561,925.5902453815561,15.394483552425488,15.443633552425487
159.7284016212078,273.6503524844845,5238.50864021206,13.512511313585271,13.56166131358527
514.0631450523482,274.3563811179447,4577.737884817647,13.658903170163818,13.708053170163817
623.7778592829665,282.7875057435695,490380.3889674696,8.584197740521539,8.633347740521538
651.2962745605843,274.17903170202453,9069.68217050317,12.916550304190668,12.965700304190667
728.5846285842113,275.76811835163403,7537.038075226927,13.1175287019185,13.1666787019185
216.42464023331172,275.3110129163355,1582.0264548934078,14.812496121072657,14.861646121072656
691.2716914340668,276.78901385114716,5004.5132272326355,13.56212587134356,13.61127587134356
976.6313414271754,277.69450001199897,18417.304784573356,12.147465286932576,12.196615286932575
1068.548385511969,275.8543577486121,1906.1000524166393,14.61016624173629,14.659316241736288
133.7310082563412,278.4801286722898,11750.449731997167,12.635394252632562,12.684544252632561
149.65165959531038,279.8518517604973,23164.993461552785,11.898450020086011,11.94760002008601
741.6076911080345,278.5851094593222,666.1527030262139,15.751595988840046,15.800745988840045
931.6749047604524,288.76570850864,407235.5992793612,8.785916135800072,8.835066135800071
530.1343338512638,282.58112912044606,30955.144565103874,11.583698383546132,11.632848383546131
341.72786083331266,281.48450714646907,-56.04073708633467,,
330.0219697170619,283.41158069995373,787.8420969182264,15.569432517894787,15.618582517894787
887.8046391083261,284.2017590927818,1122.6318784130215,15.184937049113804,15.234087049113803
316.06232366877015,287.85540614937065,38246.03324062203,11.354064479591107,11.403214479591107
95.77360169823017,286.5823758144309,2755.9239686043165,14.209862395147493,14.259012395147492
520.1435299088033,285.0654150619119,3944.0611261453155,13.820671382136972,13.869821382136971
898.3059637822705,286.2814641956357,344.40325858711856,16.46786234523376,16.51701234523376
1056.2402654904179,294.44207928466983,17839.069444676283,12.182099984629627,12.231249984629626
432.2078523242392,288.56834629682487,6.908951980112079,20.71200003952947,20.761150039529472
725.2675935122079,291.2916169125228,2780.023662139837,14.200409243913057,14.249559243913057
833.7094105004353,294.33252255286146,31962.610837803448,11.548924857343076,11.598074857343075
671.1115936368986,295.49495267319463,78799.13129021293,10.569226900733065,10.618376900733065
482.5987919253812,300.35873447917066,291705.8594532249,9.148167592930156,9.197317592930155
492.0508045714721,291.8261409195114,5294.957166722885,13.500874346840515,13.550024346840514
781.4363775242448,307.5866592248625,439506.29482388875,8.703117725898723,8.752267725898722
325.23299942672975,295.4357839062199,703.701959607778,15.69205857394287,15.741208573942869
370.48694621925296,296.3207666861378,921.5793089670029,15.399198686143773,15.448348686143772
459.8858829617967,295.21203586501593,1752.737517603484,14.701238267733132,14.75038826773313
818.1811269256352,295.9587714226537,1765.7866308981675,14.693184914052184,14.742334914052183
1071.9399603780712,296.872839303654,1779.3109866978953,14.684900823988754,14.734050823988753
303.6108315522205,297.96466806040445,1000.096519495374,15.310425685325404,15.359575685325403
413.1929252210228,298.48075178125714,4177.773317889649,13.758168295310812,13.807318295310811
599.0645756895383,297.315609860047,1963.9405419411119,14.577709636384418,14.626859636384417
241.55239889060542,299.6274141120172,956.5569743593876,15.35875336862376,15.407903368623758
256.64259388130824,299.6535617929197,864.5886532698631,15.468506645928379,15.517656645928378
647.2054530530262,301.0545328996743,4132.20192946575,13.770076634589234,13.819226634589233
656.4701501218052,300.16039009140826,1337.8391111978085,14.994520754404492,15.043670754404491
882.2189895382768,302.7948547951576,2495.491997440445,14.317640021213764,14.366790021213763
580.0811511752802,301.655071646047,1283.6661753168291,15.039400230809242,15.088550230809242
283.57508538515646,305.00455998222935,7117.405090343923,13.179726263483717,13.228876263483716
80.2328646305524,305.56259935354353,373.52305750992144,16.379736935234646,16.428886935234647
524.7847254475074,305.372876758891,232.53863830910953,16.894292662448926,16.943442662448927
136.1406683359352,307.0881864084711,2444.7831835159395,14.339929600969832,14.389079600969831
981.0907080920748,307.0957553395878,3637.532221003538,13.908513352576822,13.957663352576821
10.778652700586823,306.55493892252724,70.56460634993559,18.189063167151758,18.23821316715176
536.6160883355024,306.789651734295,2359.887744912433,14.378302112600924,14.427452112600923
738.7291269552513,319.98599338961685,524078.9065162454,8.512038774291215,8.561188774291214
192.99791360663872,307.433774338358,1124.894544148927,15.182750948951393,15.231900948951392
258.4482002060414,308.08284640826946,1031.8504310278245,15.276488600178496,15.325638600178495
320.7424839982691,307.17899151224435,272.71412901277944,16.721261377894145,16.770411377894145
149.58735417867555,309.0489142312783,1077.0898135465002,15.229900678430022,15.279050678430021
939.5883708524422,310.89191992565964,442.61770735542245,16.19545851419042,16.24460851419042
170.36233493344946,311.89724990756565,733.1444249074368,15.647556634003939,15.696706634003938
849.6688874768814,312.7117223633487,4272.998358965477,13.733698659910207,13.782848659910206
640.2013772647626,314.86167478744017,6741.114614171318,13.238701197007739,13.287851197007738
697.4867966591108,314.5111836372936,2096.92081374179,14.50657539882074,14.555725398820739
1018.4283495538758,316.12475405277894,1785.4592718544936,14.681155605123756,14.730305605123755
161.7990584234212,314.01778927426494,757.3995842575989,15.612217818985647,15.661367818985646
454.15253868476174,315.8344208502142,1419.948407859933,14.92984906224101,14.978999062241009
889.2902938174191,315.59608413070896,-71.74791507646914,,
99.38395215761989,316.99250998111324,491.7132850878533,16.081250619484365,16.130400619484366
841.7565946863693,319.51883826714555,6105.146701008374,13.346290214730036,13.395440214730035
1035.86742077543,318.2175416919588,1262.613331692905,15.057354548358974,15.106504548358973
252.35553859254554,320.103713089374,3030.059881656547,14.106902446614258,14.156052446614257
677.3368556794202,335.4894023603278,571706.5523432075,8.417597550721954,8.466747550721953
973.6853802110627,320.838073309096,1261.0951822513737,15.058660808572956,15.107810808572955
19.990371274480104,320.8105959668678,2060.700553409204,14.525493255659967,14.574643255659966
59.556575032027666,321.45879854481086,1683.1476721538738,14.745224923025003,14.794374923025002
410.054690850281,320.9539951943327,519.8487279746046,16.020838010909145,16.069988010909146
434.004859887043,321.74155068987653,3878.0475819497005,13.838997641531588,13.888147641531587
631.0962794766422,322.614845113772,6550.916534273031,13.269775309758735,13.318925309758734
992.6831024458056,321.1010371661477,882.7808704898366,15.44589819097149,15.49504819097149
721.9293901372189,321.29096692678286,1198.3510776739142,15.114070298043144,15.163220298043143
460.43974474258704,323.46506797334837,4622.141725080985,13.648422330539137,13.697572330539137
532.1610237323378,324.1978894767813,2928.578060793132,14.143888463553482,14.193038463553481
236.87518653505944,326.39907855051155,3084.373608292409,14.087613029002148,14.136763029002147
310.37868354187435,330.8607252999776,70312.95258417117,10.692942136907407,10.742092136907406
325.4563050292991,325.6595204272726,1355.153785102574,14.980559018813235,15.029709018813234
1009.4321594924635,327.0236037511795,2377.9743058465874,14.370012580652983,14.419162580652982
37.20060298487186,326.93257493209774,1490.0524929189596,14.877526553975997,14.926676553975996
345.5813525508446,326.8636313822352,759.0068010873099,15.60991630644758,15.65906630644758
518.0469736766582,328.38340175088587,6265.4560367777085,13.318148757504233,13.367298757504232
941.4556002416399,326.3625463173924,459.7966182231755,16.154116043141755,16.203266043141756
484.0149748397745,329.04266999515306,7165.726938012752,13.17237983840602,13.221529838406019
606.3229532525903,327.70733350398683,-619.7543520575226,,
624.832066756133,330.14205075642735,6895.692890681992,13.214085696639515,13.263235696639514
146.89381955149503,332.710937743045,7957.245960672059,13.058623518901374,13.107773518901373
333.7186280120862,331.82760371463877,1478.275530901446,14.886142004179472,14.935292004179471
434.62061210309395,329.5067235194649,2423.2588876002205,14.349530939377132,14.398680939377131
1033.6250922286788,330.5720775792179,2940.7719015980792,14.139377124625096,14.188527124625095
407.8529772206632,329.5982756344608,1739.7261832477361,14.709328225626328,14.758478225626327
502.81086861115904,331.10301602642767,7410.720589679877,13.135879377127038,13.185029377127037
90.04460413027299,329.7022890590756,992.129410708007,15.319109664828428,15.368259664828427
97.0533100306171,330.3443630338297,1284.9739799539075,15.038294641174193,15.087444641174192
127.06645055434272,332.6025550284705,12793.786391505044,12.54303273661715,12.592182736617149
354.7339731155461,331.90696524984673,2550.387863084704,14.294014892533212,14.343164892533212
229.1458894675279,331.0868091512746,6213.193770158115,13.327243229688253,13.376393229688253
417.66076016821506,338.704540854645,153578.67441144277,9.844703188156002,9.893853188156001
222.8858408806489,337.20848322083697,11754.694947864118,12.63500206745977,12.684152067459769
913.3243979715199,333.85292874149206,213.7147661165115,16.985944150600897,17.035094150600898
772.3312205008478,335.9652856305361,295.82908412884257,16.632928302553097,16.682078302553098
999.8927278299818,335.6634246346,502.15058993812954,16.058445531858837,16.107595531858838
899.1635405070003,336.4595670464248,766.6429039124764,15.59904767453725,15.648197674537249
20.18351270523684,339.34169265796754,2973.750490179947,14.127269158397656,14.176419158397655
264.9350902222576,343.6299152239497,10051.751263123031,12.804926142067202,12.854076142067202
697.4373311174714,338.02257613180325,2139.1642707864885,14.484920134451498,14.534070134451497
524.4760349348389,342.5962155791598,17713.66867514357,12.189759182059273,12.238909182059272
962.1602305034766,344.1337297733814,54300.4513077061,10.97352187708272,11.022671877082718
986.4048487246406,339.77914492119316,2866.006694179,14.16733747385076,14.216487473850759
890.525271622437,339.7013607936148,276.73918055529117,16.70535384840997,16.75450384840997
315.7847304278383,345.06393534424683,24616.376767937385,11.832470148930343,11.881620148930342
1078.163028692021,342.25570888045723,762.2280523752487,15.60531815466664,15.65446815466664
56.7042717992525,344.56176249243896,9054.404641431003,12.918380726935133,12.967530726935133
178.2553843484229,343.56570201044775,2762.621021443654,14.207227194631617,14.256377194631616
655.6577842774084,343.06403029054866,1326.9294464832037,15.003410895432049,15.052560895432048
766.1796324370242,345.9240427171776,8291.170608005112,13.013990845615819,13.063140845615818
95.34298525692968,345.40594720198743,1541.5340780316858,14.840647650153443,14.889797650153442
286.13382370739794,346.3680625899153,9457.798652852656,12.871055314780708,12.920205314780707
485.0351192699906,346.7010501125271,10060.377716373807,12.803994758502895,12.853144758502895
722.207735674362,347.93018804273225,12272.1368130757,12.58823000432054,12.637380004320539
739.6291450851903,345.75035760448424,347.59641098615555,16.457842265958522,16.506992265958523
663.5067558098692,347.77491312420943,4024.828698861753,13.798661972363481,13.84781197236348
974.9236613987653,348.87763549726975,3235.627111305761,14.035634310701202,14.0847843107012
118.22967708699008,347.45459149046906,168.0158554141754,17.247154806468355,17.296304806468356
200.2232293639009,350.956992744201,4512.100433314722,13.67458358023747,13.72373358023747
942.6457281857002,347.7242875238601,360.1121119356926,16.419436153511477,16.468586153511477
1053.4284497863266,347.39775960261215,417.11091473118864,16.259901589039117,16.309051589039118
405.1833249400892,347.8482659576862,1085.5146784904073,15.221441223917676,15.270591223917675
512.7221823424592,353.562609506856,26749.152975522255,11.742255388887788,11.791405388887787
554.7405849524146,351.6121625695846,25759.154731180868,11.783201455356453,11.832351455356452
709.2912513840548,348.34054550192695,141.11986407250447,17.436560101296685,17.485710101296686
26.02867013406731,351.2559556153359,5125.524757930637,13.536184635875628,13.585334635875627
247.92715410884787,350.04640132967904,223.6627815210654,16.93654617102721,16.98569617102721
476.07157551458874,350.6859098920935,5625.815231725154,13.435066813582281,13.48421681358228
921.2603006782296,349.5327150050021,3657.8313435701048,13.902471282437865,13.951621282437864
214.2595434144336,355.2627044563061,6490.400894653896,13.279851667893727,13.329001667893726
432.3382569491403,352.13511774816175,624.9212396320847,15.820967261013049,15.870117261013048
489.7153792159463,354.97063303102937,19780.68861940888,12.069926958746715,12.119076958746714
502.958700620374,353.02612745632194,5592.849593222017,13.441447624634394,13.490597624634393
127.87443174438857,355.65075809827516,8295.424245808186,13.01343397077723,13.06258397077723
3.169528489069275,354.0236624624841,306.1962966644078,16.595530640588198,16.6446806405882
928.486369116267,354.8461061757213,10439.66500750215,12.763814067328546,12.812964067328545
373.84116056827105,356.14547920712823,8152.480649123896,13.032306033404081,13.08145603340408
613.974960423023,354.0877415928732,522.2925084509301,16.015745983628648,16.06489598362865
679.9328339475203,356.4994947889825,2815.943921290407,14.186470470711294,14.235620470711293
67.37761469929208,355.23819008317633,692.5055057765524,15.709472398439654,15.758622398439654
664.4696667149603,358.2791804539192,8874.832382139442,12.940130076632773,12.989280076632772
61.98130600082403,355.9426529334592,829.6112836382374,15.513343849203398,15.562493849203397
81.69294457795212,357.03148251713833,433.6038489437022,16.217797653424853,16.266947653424854
415.69968900101816,358.1222430944784,1737.9546954285229,14.710434347030253,14.759584347030252
530.7836849178681,369.61504655474454,1107395.0955745697,7.699773985531173,7.748923985531173
578.6856134633289,358.34466032218205,1958.0303299607874,14.580981938087731,14.63013193808773
227.61738355867791,357.6249799655527,87.23371762056608,17.95881952221728,18.00796952221728
746.0870770889837,358.6381209792863,-280.6013471170921,,
480.9245702859706,358.1386031206282,6444.499118916236,13.28755755335587,13.336707553355868
1072.899510078405,358.35378197144615,433.9624511623104,16.216900091050714,16.266050091050715
1035.4385217278743,359.2858686530739,-7.7970446500125945,,
464.18455562583665,360.5803768985663,337.1057507811605,16.49111507164136,16.54026507164136
718.0334657607474,360.7406470142655,487.2923120274215,16.09105657596552,16.14020657596552
913.9677289779587,363.89696060959307,45180.8643636522,11.173144136894939,11.222294136894938
1003.8542453846326,364.36333081706397,2859.6491149572576,14.169748606130645,14.218898606130644
317.61912346524673,363.8433953190599,512.8968373232099,16.035455422271255,16.084605422271256
597.4340826849417,363.10458928009484,242.10947327330436,16.85050101779521,16.89965101779521
894.5921148431202,363.20530126772263,436.22101861659644,16.21126400613815,16.260414006138152
13.416702467750671,365.45957914142843,2307.747395853131,14.402559801064955,14.451709801064954
489.90885264766604,364.5572536971966,3031.568177720882,14.106362125874583,14.155512125874582
623.2908648381485,366.0788903243379,3705.9867657801274,13.88827081472017,13.93742081472017
792.6969478263039,364.6658015447183,595.7599937802556,15.872852134225777,15.922002134225776
202.51663120132233,367.194996586663,4018.162326518177,13.800461781275965,13.849611781275964
703.1241471608918,376.7852946359458,219210.6225210674,9.458376486505314,9.507526486505313
58.95143298340636,367.53899367063815,2939.9892471465373,14.139666119963412,14.18881611996341
808.3540249306795,370.6801047475868,75892.1515252711,10.610038312101572,10.659188312101572
240.95378472398085,372.0946484335775,30715.534289193274,11.592135289560476,11.641285289560475
468.89390722334156,368.5371443221029,1570.0484906687855,14.820747810668182,14.869897810668181
332.21967678211803,368.77046514414263,2976.806492086958,14.12615396457165,14.175303964571649
608.9978030319655,372.15407268102376,1976.0547810621024,14.571033024674822,14.620183024674821
730.1606130403551,371.1561834811152,5703.888491077804,13.420102908405443,13.469252908405442
66.3725519990728,375.09329928465894,2929.814402606893,14.14343020095091,14.192580200950909
336.03348845943316,374.5444128370153,3762.211293623819,13.871922518023585,13.921072518023584
662.3480977587199,371.4849961137461,1775.5105175186925,14.68722235183488,14.736372351834879
101.31805949499963,374.1626496330961,802.1320997710093,15.549915734202083,15.599065734202082
255.2005329048334,373.5380409776194,883.2717350123407,15.445294642248449,15.494444642248448
906.5278786944261,373.58616313711957,2553.1898239883517,14.292822712893907,14.341972712893906
155.1429729553414,373.38536765053914,624.375480156696,15.821915876101567,15.871065876101566
303.81293699456444,376.05075333665485,27559.669212071356,11.709845473478723,11.758995473478722
292.01629054189993,377.6635776717891,5830.083263801388,13.396343581755836,13.445493581755835
742.1235126711375,374.52918633715035,368.8811710439189,16.393314255185338,16.44246425518534
588.8123551625804,377.5251031779972,9237.24637908632,12.896674156397433,12.945824156397432
797.3705770355936,376.5375605725767,2960.791528253631,14.132010901386186,14.181160901386185
823.4046647214417,376.21304719146093,3982.9759741810803,13.810011258235106,13.859161258235105
948.3461414321062,377.18276677802606,2251.405832265904,14.42939600799357,14.47854600799357
112.64103484472976,376.674546070546,739.1421692110886,15.638710524575352,15.68786052457535
493.1861161098924,377.3633608234317,3549.732158936044,13.935041512259856,13.984191512259855
8.957455315788687,379.15960201072403,1725.0149086332149,14.718548342819261,14.76769834281926
619.0869319227943,378.1898069847783,-29.072623827229293,,
323.0474695073738,379.98409590931345,915.2474449875781,15.406684162041074,15.455834162041073
575.0258281196537,381.65064812374743,-134.65414527184492,,
653.7686290170318,382.0064836624609,-186.81581871001515,,
767.7583442392173,382.51839426494126,28.61174877341837,19.169169467355424,19.218319467355425
324.28771144551035,385.1756308499283,1173.0375574967215,15.1372506817906,15.1864006817906
741.1855186436052,387.2956660606822,2479.3434819604718,14.324688732498075,14.373838732498074
870.7985008319248,396.2173507926579,48271.47515145913,11.101304047885115,11.150454047885114
879.6705953944737,386.68423011421004,4632.225964952189,13.646056133511774,13.695206133511773
429.4720185597449,386.14374648220155,444.97772035099996,16.189684808037008,16.23883480803701
628.5983970420218,390.165708156596,7111.452366640251,13.180634711409152,13.22978471140915
811.2616678726461,391.5029295398612,7705.538277554271,13.09352301957965,13.142673019579648
176.6199228482701,388.98180881951055,627.2587910668354,15.816913583252422,15.866063583252421
397.95261650888733,392.12048458071973,14152.164469002933,12.433473307297046,12.482623307297045
443.8197654218289,390.28895327743925,5566.150055312241,13.446643199719945,13.495793199719945
456.5292258121307,388.23589914820127,327.67624286995033,16.52191808654056,16.57106808654056
1055.9251932119842,388.8830771493853,705.2913853044054,15.689609026878896,15.738759026878895
331.19776804283686,391.44595819187884,795.2258674817239,15.55930422859253,15.60845422859253
139.07429649889283,392.3322722240707,4538.95272020769,13.668141327584186,13.717291327584185
211.50243909772922,392.88672817507586,2460.3638744090845,14.333032120877412,14.382182120877411
426.483114368329,391.9457348144903,2060.019377617844,14.525852211006411,14.57500221100641
434.3944536388691,394.47067948346063,2590.9721382218613,14.276873617815012,14.32602361781501
777.0847707626664,393.2572318132055,479.663809921568,16.10818809326214,16.15733809326214
937.9198804364013,394.69109477829846,3424.3564152381614,13.97408307305356,14.023233073053559
988.9571125610918,393.9928156795883,587.2449442094675,15.888482258785166,15.937632258785165
1020.383748405425,399.22792405076154,26014.200181304543,11.772504280350741,11.82165428035074
82.20024190603849,396.24546463343626,7313.540469960524,13.15021130264893,13.19936130264893
186.53798805707137,395.4317754456478,2699.473813460371,14.23233267771198,14.28148267771198
505.3708513915298,397.62003371545956,2676.303216010266,14.241692185068278,14.290842185068277
565.3420040185636,397.10388997776846,4387.468644831666,13.704995410510918,13.754145410510917
733.6843927027625,400.7278523294308,99108.43509235524,10.320253928115719,10.369403928115718
472.0473671362162,397.33491586147187,117.36005482649503,17.636729715672956,17.685879715672957
778.908488994334,397.1664375453909,832.6485264196722,15.509376180490829,15.558526180490828
373.244499990255,400.31327712802903,1792.5816293657458,14.676833121485126,14.725983121485125
424.44717333975234,398.54561731278454,1624.5540612333048,14.783695054498134,14.832845054498133
1075.027148604633,400.87793085530336,3141.1281906142594,14.067816323778633,14.116966323778632
164.42740625112094,400.2156233586441,982.770575639466,15.329400112145642,15.378550112145641
411.65712900933113,401.7180764938572,17092.667814377488,12.22850584382954,12.277655843829539
651.3804867613657,400.91117783233375,5259.251904672008,13.508220542721425,13.557370542721424
462.1786692994773,401.6570438823111,1232.0935452223735,15.08392126906135,15.133071269061348
574.3888399844121,401.8184558333878,5882.1790230508905,13.386684879864152,13.435834879864151
904.2765884396539,401.78753618486485,1471.7609531093628,14.890937283494523,14.940087283494522
266.7661031986308,402.8044659157988,588.5405493459937,15.886089499254044,15.935239499254044
772.4722064690801,404.05216302454215,1201.946654677352,15.110817492362425,15.159967492362425
824.8030986056543,405.85609471876415,2011.0518805973743,14.551972288583416,14.601122288583415
95.17515733491118,408.0599199120962,3788.2315986872813,13.864439169163255,13.913589169163254
329.7090113867461,405.2386165637237,574.9542300871683,15.911447291132053,15.960597291132052
606.3066594592682,407.71174532301933,5739.159017658071,13.413409829676,13.462559829676
754.2615726962413,404.8155731337567,1123.2286381928752,15.184360055387803,15.233510055387802
762.1525096709549,406.13048762635066,2682.5720987650657,14.239151966953385,14.288301966953384
843.5412928248112,407.04475912631943,5786.440270349671,13.404501788620458,13.453651788620457
105.1796005683428,407.4321530621067,2534.5859078448766,14.300762935261023,14.349912935261022
932.9953102348451,406.19678961110685,791.6481713338637,15.564199942712133,15.613349942712132
140.64012520399297,408.8826816675748,2887.3075201288952,14.159297869985737,14.208447869985736
119.98607368264464,411.8629962221413,28122.445975656054,11.687897747095546,11.737047747095545
190.76700965049827,409.0293300159811,1560.3047989085658,14.82750686442287,14.87665686442287
301.31964656968205,408.1828430562349,848.8672119235479,15.488431077517525,15.537581077517524
427.30851669409765,409.23130727482715,3956.3329952421063,13.817298379957622,13.866448379957621
553.1960102704141,420.46689258860937,89797.5402890874,10.427369373107654,10.476519373107653
584.3530130356883,412.33550171578827,-351.84318544974235,,
32.474684878326826,415.55452526495185,2210.889600513052,14.449112832784818,14.498262832784818
177.99376848875636,415.46858794396786,8491.707130023857,12.988042956488956,13.037192956488955
271.3622643886601,413.91874236909774,2937.2292873642878,14.140685850117038,14.189835850117037
621.7915364181703,416.2224845996474,16348.721283657298,12.276821000098124,12.325971000098123
746.3860792645378,414.00777265228805,391.9809059309019,16.327368194231468,16.37651819423147
768.2426993885368,413.9896473491114,2125.993365342823,14.491625712798035,14.540775712798034
830.7300472817429,412.91675974758664,1095.8834948419833,15.211119509856022,15.260269509856021
522.8883525192927,416.26237647416656,12293.317857709695,12.586357697618231,12.63550769761823
261.2334531636201,417.89079764811004,12375.841343285994,12.579093642161691,12.62824364216169
698.5337010908023,415.3152921142673,-404.50294797327206,,
908.2686811025682,418.5553987252169,8857.603196652937,12.942239922881996,12.991389922881995
965.6628298052817,416.38298967935174,1844.9918567066766,14.64554434087562,14.69469434087562
303.48750722141193,418.06431907029787,2906.116999041058,14.152247737913703,14.201397737913702
595.6262124445815,417.6273807461663,196.3890414405525,17.077737349023202,17.126887349023203
856.0299521460419,418.18279270430975,977.2273749363626,15.335541414220128,15.384691414220127
148.05390664243603,419.5926429909525,527.154021270776,16.005686665528422,16.054836665528423
434.02982071241786,423.05516437076403,5271.7476262303235,13.505643947094804,13.554793947094803
17.709573845557973,421.98966971145154,1429.909446279745,14.922259136956601,14.9714091369566
86.48845611597267,422.7273527965871,819.4231444369176,15.526759909108932,15.575909909108931
534.8961101291579,420.8495641638184,1164.562054102933,15.145123887421235,15.194273887421234
934.9624530129421,422.40359968384985,749.4778888813152,15.623633412967116,15.672783412967116
1011.506578322482,421.7230970259817,178.15660084184748,17.18352568013784,17.23267568013784
840.7780922208455,423.30965958831706,311.0911361118748,16.57831138253782,16.62746138253782
314.5160193865783,424.0989426982708,1032.0299957877157,15.27629967454223,15.325449674542229
321.36603521368806,424.2141040035694,3046.8184206246588,14.100914043451272,14.150064043451271
327.2317040500267,424.6778442672388,6441.421206534804,13.288076228139936,13.337226228139935
657.8333127106346,432.9424497841805,201909.78657879814,9.547637050649055,9.596787050649054
771.0666120984977,426.6639366346715,12974.770754008245,12.527781241943373,12.576931241943372
67.17011509352292,427.42182514846513,1957.1091971953683,14.581492830332731,14.63064283033273
92.02827065366516,426.14994684421083,807.664541477847,15.542452933302872,15.591602933302871
606.7662702154063,428.65778477462186,3503.1344971310027,13.949388445815108,13.998538445815107
200.9806697992408,428.269556298459,435.8079959277966,16.212292489623607,16.261442489623608
326.39890279770407,432.3855667755835,9348.618277297675,12.883661907393481,12.93281190739348
862.6280063774756,429.79749355045544,1833.3511974897988,14.652416308587805,14.701566308587804
11.871570048254075,431.3155170804836,5003.764383146783,13.562288346280587,13.611438346280586
27.61042527915794,430.5308333183837,774.9697610847275,15.58731858274625,15.636468582746248
537.3850628206394,431.4068839179871,3007.3800764027183,14.115059679375651,14.16420967937565
742.8373654099405,430.5731467712275,280.01175909301855,16.692589800177192,16.741739800177193
953.9899288275658,430.13417899565326,418.8797514056571,16.255307057158582,16.304457057158583
445.3462666195959,431.7576982891416,436.44770765071195,16.210699932991748,16.25984993299175
921.0957713874627,438.1887468859721,9313.970453456066,12.887693335243494,12.936843335243493
153.72607827663055,435.31289922421166,1310.0932380277595,15.017274962328074,15.066424962328073
379.0483163060828,434.10263181244517,-277.9103212941442,,
473.8275432142274,435.40109378281903,859.4154104606743,15.475022632741343,15.524172632741342
41.0564563510856,437.90484088084537,1599.6688044809464,14.800455285956762,14.84960528595676
108.76084940147581,435.8754971169305,318.5920997509498,16.552442969394548,16.60159296939455
280.38552771021665,435.8418198503491,886.5745678159694,15.441242302437587,15.490392302437586
603.73716082442,457.87366342478055,2453074.7161947666,6.836253534409053,6.885403534409053
399.70645802017384,436.0985622872701,1227.988162352693,15.087545024272442,15.136695024272441
407.09768059666726,437.0081054021537,1136.3824068248282,15.171719221305514,15.220869221305513
485.3345024051444,437.1877750130411,645.8392827772394,15.785219332030598,15.834369332030597
885.9774045739451,438.4768634186003,508.49964163041693,16.044803847013892,16.093953847013893
7.150851566789141,439.64923311838174,3510.95408087061,13.946967601368923,13.996117601368923
630.7646825679732,441.742771142156,6174.652221798145,13.33399922092193,13.38314922092193
210.29532131018135,442.13251471925224,3669.7418922764477,13.898941675862371,13.94809167586237
930.806673123776,442.04947184665025,2161.1971647974256,14.47379450215129,14.522944502151288
1048.4010616360806,440.4587892951404,1039.573395804587,15.268392583119834,15.317542583119833
56.992005495431535,441.84224198707784,1288.23754301911,15.035540595931773,15.084690595931772
463.2549911170083,445.09276562486946,34586.3122259599,11.463269830661288,11.512419830661287
780.1205104690771,443.2577934188996,2606.9863659956522,14.270183575221097,14.319333575221096
166.7757076841945,442.50469098648745,-142.88808416342528,,
318.81313878898436,452.1597053455112,72481.9084186203,10.659956425946252,10.709106425946251
13.026639665042477,444.7526671328055,3877.2559696698836,13.839219291686115,13.888369291686114
429.22372558946716,443.45478010459794,328.80826437376015,16.5181736632194,16.5673236632194
154.7030045328568,445.42892661900675,3036.0793017068627,14.104747697365092,14.15389769736509
358.5269682128858,447.43795030502446,8102.476074777063,13.0389860817065,13.0881360817065
500.9292305268383,446.3994788915282,3431.4671678887044,13.971830855133838,14.020980855133837
666.7805361048721,447.22109047814087,1545.5220474692965,14.83784246292361,14.88699246292361
899.389606316393,447.2487898980306,963.5898066241804,15.350799982109137,15.399949982109137
974.1176756967617,447.10355783805994,2626.6422406033116,14.262028164647358,14.311178164647357
518.6435164353537,448.08424263852737,2308.5591528418054,14.402177957289261,14.45132795728926
391.4757630021051,450.8853524897239,1199.5399406717547,15.112993692229834,15.162143692229833
154.25341549821553,451.85399995922967,2887.0708228193125,14.159386880723678,14.208536880723678
1064.3440653362204,452.5390375571838,2786.0014412192977,14.198077133099524,14.247227133099523
404.5278003983363,452.82933924742605,7210.129985674241,13.165672739133164,13.214822739133163
494.3887862177343,452.2571302701971,955.0771893346879,15.360434293277653,15.409584293277652
864.4425361292012,453.23911302141084,5205.979867072814,13.51927426437231,13.56842426437231
466.7841462144306,453.7422701068026,7111.130213833098,13.180683896986283,13.229833896986282
703.8220448773136,463.9039729595177,961968.790299203,7.852628019470465,7.901778019470465
534.3672215563493,454.82295454785196,3321.8151635681697,14.007091816848623,14.056241816848623
103.01163355598989,455.81278087235364,863.2188881333179,15.470228138486654,15.519378138486653
296.71692623998564,457.3505419508559,3088.0044260534946,14.086335689627003,14.135485689627002
411.41245245515904,456.59435731088723,5156.794485182516,13.529580915673769,13.578730915673768
993.0002510788413,455.9505811971438,731.6363015378255,15.64979236074809,15.69894236074809
1077.5424681204033,459.2786923335175,7199.34943187098,13.167297341857005,13.216447341857004
524.4433185861266,459.9735579229067,2862.654973529216,14.168607957284424,14.217757957284423
508.3731868854707,459.71793234430424,2455.724071959233,14.335081556547989,14.384231556547988
971.1075287432616,460.01176808654,1809.3349834560195,14.666733024111483,14.715883024111482
23.45024776280388,464.2874044613837,6950.296032001304,13.205522218062438,13.254672218062437
63.79837224064385,463.78766181314586,1502.9507102871858,14.868168629967604,14.917318629967603
568.2608753275283,463.3383711267999,3526.860470997498,13.942059778655775,13.991209778655774
1045.6130462626302,461.31717274754067,464.360874406726,16.143391424191854,16.192541424191855
174.51796167257348,463.1318022910156,431.07729198823836,16.224142610049928,16.27329261004993
505.1132656249884,466.10592280243975,4064.2680257480215,13.78807462352582,13.837224623525819
1059.0059802328171,466.93868916201546,5824.685711237898,13.397349233376524,13.446499233376523
343.5100925875442,466.6303642332387,8746.634399608742,12.955928040382352,13.005078040382351
382.7303636190884,465.92010724049595,723.235433195822,15.662331236950706,15.711481236950705
532.6191729273867,464.8560753278899,1018.1012617726832,15.291053035767863,15.340203035767862
997.2718954829786,465.24985593271424,1005.275977897332,15.30481721306412,15.353967213064118
256.03695546046,466.51401524263576,907.6128543182365,15.415778879798335,15.464928879798334
297.62095509901775,467.23849027462313,1061.7379182008463,15.245487155633931,15.29463715563393
372.85209779500474,470.32577829552946,3367.044867346715,13.99240821600215,14.04155821600215
662.4109171806153,474.0762101395711,5833.79973736232,13.395651683520011,13.44480168352001
147.68682292134585,470.8380858135498,1131.6961331184486,15.176205895095118,15.225355895095117
132.84323857812376,471.49778928845194,538.9156054154298,15.981728575797383,16.030878575797384
445.78320431096245,472.80758366791565,2738.68079099475,14.216676935771893,14.265826935771893
676.0692231678485,488.5570026306988,779246.7375078737,8.081342993276618,8.130492993276617
784.4482373152625,472.0962405732987,216.0130276384906,16.974330614915345,17.023480614915346
263.76792271319874,475.01257415316246,1219.8022205617106,15.094806925918725,15.143956925918724
504.5605704966452,476.5955246259346,6264.829441466852,13.318257345168332,13.367407345168331
310.51877455371203,477.7059819566485,9810.289927686696,12.831325868829321,12.88047586882932
809.4245863572014,483.4303861879859,125320.27603006843,10.065477118012808,10.114627118012807
30.948334745455437,476.6807153228488,1248.3215867782628,15.06971427328763,15.11886427328763
227.03183212423042,476.9038994476787,485.76953031883147,16.09445479899864,16.14360479899864
848.817510556216,476.33649701499706,6.943633323803439,20.706563528102443,20.755713528102444
15.777507327855194,477.25962046150613,-39.49813756592336,,
461.5759811391241,477.24833091447016,516.2660635288669,16.028346530298865,16.077496530298866
294.0329536430733,478.79989563312375,652.7834485221142,15.773607639362307,15.822757639362306
447.78045063534154,478.2566151290338,2610.116760091835,14.268880636585944,14.318030636585943
1061.5651961007318,478.2081686915434,1586.9793344868847,14.809102296366483,14.858252296366482
937.2463182246794,481.8902945939989,2864.0851680170304,14.168065654358443,14.217215654358442
200.0559207778193,481.17579648571405,705.9233698864057,15.688636575896686,15.737786575896685
755.460845681371,481.8352281032553,1076.0277235905812,15.230971822565436,15.280121822565436
1067.481715044873,483.1406332969436,1808.0152057139762,14.667525278366899,14.716675278366898
765.2484193792465,482.89475981214105,1311.2936487775637,15.016280580682766,15.065430580682765
1019.2752463094386,483.71044563402637,2460.5191659337343,14.332963594302292,14.382113594302291
337.3375431187667,486.2936424699194,3897.9443754316967,13.833441381621306,13.882591381621305
472.18522035234065,482.83458727193755,-180.73337794702135,,
841.2484716139251,486.32510359274045,3958.8103005326793,13.816618745987261,13.86576874598726
926.5418097255593,483.8829441616907,1705.9956238044383,14.730585693011598,14.779735693011597
234.8993481939634,485.4596858681803,59.345504030058706,18.377060918180284,18.426210918180285
488.96840994667315,485.5557184898326,617.9811519561664,15.833092401036279,15.882242401036278
1053.6231415758348,487.84955154934744,6449.169232725497,13.286771041445295,13.335921041445294
25.998093408805442,487.3299719507112,882.631408218182,15.446082030861954,15.495232030861953
81.73118176935702,487.0285742717712,1468.6662668386084,14.893222675320807,14.942372675320806
982.7761844808925,486.9881467156821,770.0938091044701,15.594171394856515,15.643321394856514
178.10025569733796,487.88210992829283,1487.3431969104167,14.87950249663476,14.92865249663476
92.29642399085652,489.3384523860546,1545.2701062556293,14.838019467189282,14.887169467189281
568.7091397663694,487.9300801067114,-201.61203163907342,,
373.17943790395765,490.3093233848419,829.7377968123607,15.513178290388307,15.562328290388306
539.8697353357611,491.2330249000607,6925.027582172734,13.209476706175082,13.25862670617508
626.6551420801825,493.13109524,5111.598820427374,13.539138571860342,13.58828857186034
85.39086709446507,492.2111692448163,2068.8605834386517,14.521202411537596,14.570352411537595
329.07418421006525,491.8240464607153,3347.0498221888365,13.998875032342172,14.04802503234217
109.36924753852267,493.51540744722735,2960.9160088368594,14.131965254729314,14.181115254729313
713.6194075685204,493.94141029492073,2548.0304316428856,14.29501894857611,14.34416894857611
1014.7134045360737,495.3471998840256,2835.4723114183266,14.178966948160681,14.22811694816068
205.0175437444377,494.9093263765007,943.4770753747775,15.373702094646529,15.422852094646528
312.0685355872361,501.2705318293875,27173.296032346054,11.725174674679396,11.774324674679395
325.9932154311115,497.22108262811696,3789.240699708331,13.864149991591592,13.913299991591591
744.6968884857175,497.2122350303838,5233.036080713184,13.513646152174978,13.562796152174977
160.94535075750886,496.1752322600618,646.4476740425907,15.784197032039462,15.83334703203946
412.7448271246692,497.74372228092653,3121.890147167086,14.074486432293746,14.123636432293745
350.5686759047348,499.31223237429293,2039.7276534499372,14.5366000153601,14.5857500153601
566.4378306342429,499.1117083222807,2311.034243705655,14.401014523286566,14.450164523286565
492.40065024093644,497.9304124835014,396.75214952180824,16.314232254099636,16.363382254099637
525.7124797748381,498.0203618990281,-169.24915062582795,,
1029.8946835885463,498.49639648912216,547.155319477852,15.965253910437834,16.014403910437835
5.030991064510755,499.83888001379194,499.41365882694396,16.06437943494638,16.113529434946383
229.32200942129575,499.0050709634848,904.8085170562429,15.419138774990058,15.468288774990057
461.504599586486,499.7784481313111,1026.9966678212552,15.281607888744254,15.330757888744253
724.8724532141464,499.4696399571501,894.0829818017219,15.432085903755027,15.481235903755026
122.47087909953176,502.30771304745303,4482.426189095169,13.681747607771875,13.730897607771874
331.60993509356337,501.4512317941768,3256.1101723839292,14.028782747297749,14.077932747297748
927.906536175199,502.3998550044896,1016.7800504679437,15.292462933377754,15.341612933377753
955.1296794068421,501.7279757526388,632.9654619381403,15.807080442032355,15.856230442032354
245.2065658497857,504.27012691601703,2101.001506185462,14.504464565611148,14.553614565611147
943.9418688144826,503.9633333485726,2804.6509015663305,14.19083344554274,14.23998344554274
511.1159784386514,504.6101362857933,2090.51685386348,14.509896291961745,14.559046291961744
576.0961748362658,502.81624493863876,550.3569489992228,15.95891933897848,16.00806933897848
1059.979856284563,508.7586957767464,94866.77024781005,10.36774518693588,10.416895186935879
295.52431121850964,504.47544960272614,235.7090433622066,16.879589861827235,16.928739861827236
379.9139006571916,505.7436593666146,563.72960848987,15.932853360848151,15.98200336084815
168.1054244513807,509.3467383224976,3173.9003130603896,14.056547269568044,14.105697269568044
653.6200682651331,508.591110860132,17348.123799001616,12.212399193271319,12.261549193271318
214.02415345180654,508.2046097290674,1269.1039302908239,15.051787502280435,15.100937502280434
636.7210927016034,506.79668898459505,-164.73837441102916,,
58.19065195917088,509.958312494825,1215.981332683231,15.098213205348706,15.147363205348706
203.29096787114116,508.150669200916,1301.3913732330277,15.024510666175294,15.073660666175293
695.1296892658344,508.6453139367928,-298.96208252866694,,
1015.0591823108188,512.6911412064335,44988.73157859205,11.177771103099923,11.226921103099922
1041.2727310314908,509.17286080730963,902.3325032851274,15.422113971111141,15.47126397111114
90.76911640143595,509.16173437389693,605.5685906520673,15.855122121745287,15.904272121745286
97.72181945196175,509.20515302071,1009.2190024225652,15.300566927019968,15.349716927019967
153.9186692438049,510.50670930990276,5481.703692970623,13.463241583574456,13.512391583574455
263.2683219999423,511.7585483417402,-137.00146263363132,,
859.7345029781858,517.3765385233104,73291.21329085962,10.647900696903807,10.697050696903807
995.7898395328316,516.1559704064808,15311.23995232915,12.34800456834289,12.39715456834289
206.5376963693404,513.9135377235889,996.2051792818042,15.31465848671877,15.363808486718769
431.74987088060874,520.6516285632729,17629.393200105624,12.194937064392452,12.24408706439245
897.894919965405,514.7222554949897,662.2360633566091,15.757998406445964,15.807148406445963
478.9626899083827,515.7532423442941,4386.437590699035,13.705250588256375,13.754400588256374
313.6101703774883,516.9819721976568,9245.80394632473,12.895668774593487,12.944818774593486
362.03326916884095,515.4465645266744,-1.9369730093329807,,
108.7747172637412,518.2387004112273,1763.251689533659,14.694744703343115,14.743894703343114
589.8892347064758,517.7461574240616,851.5583141381023,15.484994491204695,15.534144491204694
786.0918340019142,523.4387758598531,48252.33442356621,11.101734652139603,11.150884652139602
145.2016448844842,523.8065021938787,13772.469213602733,12.463000949371802,12.5121509493718
483.6559619374286,522.9296164385815,6586.711663187267,13.263858844015793,13.313008844015792
1048.3414532145725,520.8511428947432,812.6360732265255,15.535790232687258,15.584940232687257
264.22224162225666,522.8818199105492,4414.8523067436945,13.698240026508191,13.74739002650819
308.32542459421,525.9669177989239,27424.158254045506,11.71519720899594,11.76434720899594
389.18473262378694,522.8656548254571,388.48061818745214,16.337107084602604,16.386257084602605
173.80464316567634,523.2621240894621,190.1754257679811,17.11264448189389,17.161794481893892
234.91580485461898,525.4391243319627,863.852528083536,15.469431453579313,15.518581453579312
798.9198315138061,524.095409956728,1339.622101794022,14.99307471461141,15.04222471461141
206.4474893337721,525.5319973282435,1002.7086217623857,15.307593601912552,15.356743601912552
223.4814235412093,523.8357220936888,309.48541151472546,16.583930019682132,16.633080019682133
299.0874726716599,524.7734810546403,6669.759561396983,13.250255029258291,13.29940502925829
751.8900611894823,534.0191287240091,651921.2342453193,8.275042657424581,8.32419265742458
359.78972213617675,526.7604019072166,4832.568432944041,13.60008544324582,13.64923544324582
687.2109553667592,527.0293704782026,121.94998108321653,17.5950761317731,17.644226131773102
846.9506690001988,528.7382241094195,8607.017098997718,12.973398810601582,13.022548810601581
340.4913241718803,533.3421531199241,195995.0897193206,9.579917497283128,9.629067497283128
399.02957001182875,531.8435106616632,7894.660694379418,13.067196802109093,13.116346802109092
893.0593728300689,529.5677379350052,3187.783876018859,14.05180830094334,14.10095830094334
589.2871279398946,533.5832147538486,89135.66118512448,10.435401749190584,10.484551749190583
903.643511327043,529.3324341502409,970.1591095732572,15.343423060078766,15.392573060078766
16.937648801502515,530.856978392867,1006.74343162237,15.303233463013747,15.352383463013746
126.88855545464341,531.0455197102654,2030.5298510353025,14.541507028773067,14.590657028773066
1071.2542201702092,531.4665663689493,1265.026016123923,15.055281832063244,15.104431832063243
624.9727781572929,533.3537547133192,4347.025371534303,13.715050037553858,13.764200037553858
1012.8408349831117,535.1743342213784,19853.98111428332,12.065911463905351,12.11506146390535
250.23259774289676,534.5316198032218,4754.866348982168,13.617684689521607,13.666834689521606
36.37341515386462,534.8660795534981,239.9231578585037,16.86035005259201,16.909500052592012
1030.0612196281743,535.6534290308283,523.3026857939544,16.013648065692852,16.062798065692853
82.04295021878465,537.9112178782209,3446.96700466299,13.966937659381465,14.016087659381464
226.44207702214942,535.9690080012072,128.5756630025676,17.53763354386471,17.586783543864712
835.0850485062729,537.757242508523,7451.313137159434,13.129948438085162,13.17909843808516
120.74921308158751,537.7384858738487,1297.2926193021349,15.02793560683,15.07708560683
367.5483101917965,542.0705543085286,36284.677078109286,11.411222319093127,11.460372319093127
641.2045110605422,537.1805150141427,1737.3420631086055,14.71081713856896,14.759967138568959
330.62555792833905,538.9091607366462,9887.301444209883,12.822836037140625,12.871986037140625
788.7738612830832,539.3002097416835,1672.1913682352624,14.752315531735853,14.801465531735852
873.0192584885315,544.9999993920665,179870.47701258227,9.67313075898178,9.722280758981778
271.07115095457056,540.168676427227,3104.712507190822,14.080476996967363,14.129626996967362
449.9679105219129,540.5345030811964,1589.0357461284434,14.8076963075242,14.856846307524199
1057.1636793678497,541.9204405513955,17778.736476860726,12.185778243211525,12.234928243211524
699.4638834143291,541.8784089442878,1600.29231454553,14.800032176153525,14.849182176153525
6.610418652374642,543.205779619807,314.6589813809959,16.565930143918944,16.615080143918945
165.32741418103458,542.0337600319855,429.5055962539532,16.228108407841493,16.277258407841494
264.8157472008623,544.2331240427667,3705.5330801597006,13.888403738307918,13.937553738307917
641.2577319699235,545.9455686999192,3924.034737815002,13.826198366604572,13.875348366604571
582.0168128145981,544.6197773534101,1383.3875284835835,14.958170834708131,15.00732083470813
622.8330120833517,545.6938162016138,1996.9366539297735,14.559619753569713,14.608769753569712
893.9884407358131,546.286399241467,1273.8195635530585,15.047760688542251,15.09691068854225
220.77208028259466,546.2985708439704,1185.8567545355502,15.125449895899042,15.174599895899041
332.0891859142185,547.2874309780852,1702.764570155647,14.732643962163436,14.781793962163436
823.1533429726578,548.2511567422775,6253.794260695651,13.320171501017686,13.369321501017685
397.76354550823345,548.2692532288329,787.2914711912731,15.570191608201133,15.619341608201132
973.9161602367113,547.5423831837952,374.196446397329,16.3777813278477,16.4269313278477
52.46567201953023,547.6292503537023,442.1847687894732,16.19652102729515,16.245671027295153
179.2405734360761,550.0359400499747,942.5077164187844,15.374818188701145,15.423968188701144
252.92277605236455,548.771044923492,901.9051453958875,15.422628313489211,15.47177831348921
268.75572783628303,551.1551362638926,4508.420109543833,13.675469529327884,13.724619529327883
300.5204086354383,549.4498573891062,137.72703605469877,17.462982471525397,17.512132471525398
357.718053773117,550.1770403673231,1728.3026534392748,14.716480983196353,14.765630983196353
464.5487076698048,551.4775984251576,21087.855020399424,12.000449457135668,12.049599457135667
9.100528866240477,555.871097627754,4072.8312557853833,13.7857894327,13.834939432699999
435.77868941930967,553.4865223031989,2261.332700549884,14.424619317475454,14.473769317475453
594.2541587481462,553.1221705380254,947.1808972623846,15.369448148431111,15.41859814843111
348.1453072458774,553.3507943210203,150.9737720433293,17.36327671016025,17.41242671016025
683.2883913491469,558.6212514611099,142765.65878554626,9.923971090719343,9.973121090719342
1077.3458879543246,554.9630083717213,2409.896028007508,14.355534710281063,14.404684710281062
749.1133984983494,560.2104749765406,8337.992294663527,13.00787675135738,13.057026751357379
829.8813745829341,554.3594341389862,2362.137991989225,14.377267313113588,14.426417313113587
85.59270319534676,558.3756821281027,10354.961108563868,12.772659294734304,12.821809294734303
325.9135633033987,555.5136960165086,281.9494365259586,16.68510239750232,16.73425239750232
257.7796268959616,556.6249728162,5453.342633440251,13.468873511828448,13.518023511828448
291.05539465352166,556.7057161385421,709.1544411501267,15.683678407348843,15.732828407348842
97.44721206928634,558.3190139422678,1773.2185585320149,14.688624805019854,14.737774805019853
24.006875949514388,559.92492576412,839.2372757242711,15.500818561676082,15.549968561676081
236.87332403755505,560.7668043118937,9284.658402337856,12.89111565005299,12.94026565005299
265.3300344208696,560.1691271621918,10821.464325245146,12.72481539483065,12.773965394830649
392.67839164506984,559.6555940478613,10206.083687881182,12.788382662128345,12.837532662128345
441.057127823956,559.5703558054942,1613.9627332854268,14.790796718585312,14.839946718585312
605.9180363655491,560.1513119146872,2614.9216535918727,14.26688377153329,14.31603377153329
110.60972689557272,561.2650859718302,1161.179088264696,15.148282459984246,15.197432459984245
1049.489636375433,560.3999917311089,107.41481666204274,17.73286999618042,17.78201999618042
455.3581318533563,562.4364170930306,2191.187927105478,14.458831408981203,14.507981408981202
126.4477037463545,564.3644644023854,3733.6842868477115,13.880186494827349,13.929336494827348
422.95052675458436,562.4671003090167,102.52267112302532,17.783480693086894,17.832630693086895
3.852587779636555,563.6371510435636,1753.4889947197396,14.700772863731542,14.749922863731541
710.8237127927247,565.7546614659158,13853.023601106459,12.456669039679692,12.505819039679691
533.2108519249815,564.7952452886703,449.2093931091567,16.179408402683812,16.228558402683813
770.5483411747535,565.8342957265141,962.6866552481229,15.351818095800112,15.400968095800112
212.78001824731834,568.2222759223531,9286.683161346153,12.890878903110139,12.940028903110138
39.57015993857562,567.9968354966204,-366.44159756202055,,
568.9745742273261,572.7287394093694,41684.657602638064,11.260589878586057,11.309739878586056
673.564911498808,568.2253468711805,1777.618009737194,14.685934370916849,14.735084370916848
391.3003103891836,570.5068477740167,880.6713866153164,15.448495759574952,15.49764575957495
488.2100518526489,590.7930863929231,1105810.0869500549,7.70132910708636,7.75047910708636
636.9562704148836,574.2608318294996,27703.142115474187,11.704207900149807,11.753357900149807
928.3813011024888,573.4957203748054,3736.726135746556,13.879302300927796,13.928452300927795
257.03053544522743,571.7961776441713,1852.3936234120133,14.641197281652374,14.690347281652373
323.6397782104722,573.5865147345193,27503.5848268523,11.71205721594379,11.76120721594379
507.0922075152496,571.628829436586,1048.088895860143,15.259535175458417,15.308685175458416
918.3080723304555,572.6341321551578,1694.319221384869,14.73804238055726,14.78719238055726
249.87573134997757,573.2092036126312,966.6102549982161,15.347401979076933,15.396551979076932
541.7314837407832,578.4724738726144,84451.0672799253,10.494017618753327,10.543167618753326
590.5654946156327,578.532579387205,166291.25722417442,9.75835693309534,9.80750693309534
744.0688156805527,578.3553689235091,8117.218320620682,13.037012407718652,13.086162407718652
221.19402368057987,574.8449201290244,3519.9257520407577,13.944196718143768,13.993346718143767
798.6604724995283,578.2126277201476,10920.46713648464,12.714927434355145,12.764077434355144
109.31727255056299,576.9502233627384,1776.6136655885716,14.686547979107216,14.735697979107215
898.9740843551839,577.7848032698604,327.2965739935616,16.523176826691213,16.572326826691214
458.38023359342503,578.2799377349423,1439.142759025912,14.915270782732986,14.964420782732985
786.5474851802629,581.2667853551231,1255.7392033134652,15.063281842882155,15.112431842882154
854.4258773905808,580.9161293754679,314.4133005660532,16.56677820089686,16.61592820089686
95.40794889590464,583.38219080633,8308.044688189404,13.011783415232873,13.060933415232872
266.6706071657775,581.9914153500462,892.8462218088448,15.433588811998465,15.482738811998464
842.8769534498146,581.6534702524978,1498.1172540431394,14.871665960276841,14.92081596027684
336.38915530908326,582.690282582644,763.8538510678343,15.6030047936786,15.6521547936786
808.6306735582564,581.9026699995319,988.0509397656549,15.32358213605836,15.372732136058358
297.6220817842507,582.9048770418481,-265.23370520107335,,
187.23097497879235,583.9719327582214,805.859582085602,15.544882039318825,15.594032039318824
550.4190185191903,585.2450730567351,4509.636642474585,13.675176598402402,13.724326598402401
390.40336342190596,587.2374249211728,2255.6378494100823,14.42735704147471,14.47650704147471
462.44696962298997,587.7625101056775,1903.7482939043616,14.611506657130203,14.660656657130202
717.4738269728809,589.321419931378,17988.051155203786,12.17307019007087,12.22222019007087
700.0627422317422,593.6640396831415,72477.78771287328,10.660018153440712,10.70916815344071
799.8811854043525,592.7607860255919,20792.773587749827,12.015749413565581,12.06489941356558
31.817035568558634,592.8540518860651,306.6546068432761,16.593906741384913,16.643056741384914
183.09423160745433,593.267418497176,1750.6100354018035,14.702556940631176,14.751706940631175
832.1545479025444,591.3005653027634,519.0051762149632,16.022601251887746,16.071751251887747
532.4107806427484,594.6919008633463,3416.244018178093,13.976658264342802,14.025808264342801
1006.9109367427245,593.7023299278519,3084.247297572657,14.087657492788654,14.136807492788654
1038.671586417536,594.8020847279316,3518.320914867539,13.94469184993848,13.993841849938478
60.37605939233178,596.6616173361397,1690.3573071526728,14.74058418663558,14.78973418663558
215.29479335324572,595.2846488201952,850.3431458417895,15.486544936361962,15.535694936361962
199.61026429219882,594.9767228139149,342.4053028166648,16.474179270084576,16.523329270084577
302.6268615880617,596.3073536303506,571.5487428783532,15.917897290336107,15.967047290336106
331.5133530080786,596.3033395559315,2189.3221778193315,14.459756283766533,14.508906283766532
747.3642371278806,597.3996963825984,7409.952774621228,13.135991874661798,13.185141874661797
779.6283260573989,596.1037062754752,299.91576270586654,16.618032245922915,16.667182245922916
140.96670675574958,596.2903445685629,521.1353400933366,16.0181541618226,16.0673041618226
172.38352588072146,598.3931408399749,347.7173666964525,16.457464519969932,16.506614519969933
727.3103245750925,598.8619004586925,1683.5684864263512,14.74495350525649,14.794103505256489
978.2760645834417,599.6249785255328,5498.421807903756,13.459935341458497,13.509085341458496
15.870639809014047,601.9133449410971,15341.252099252011,12.345878458344751,12.39502845834475
41.77117382643802,602.1071543457376,5906.12193389879,13.382274452781196,13.431424452781195
759.2935549145016,603.338486102564,13727.993120270772,12.46651284282963,12.515662842829629
1013.8055039138917,599.6913280265173,1868.5413095777062,14.631773715871073,14.680923715871073
152.93538311221084,602.0141759306096,1585.7371253434717,14.80995248990056,14.85910248990056
538.8425803356413,602.3161626582329,2684.468156463007,14.23838483330925,14.28753483330925
523.4629812738096,603.3353206641254,2004.1913372705476,14.55568252336557,14.60483252336557
333.84301068537275,605.136065579666,6539.418743458011,13.271682605593112,13.320832605593111
478.72307060273556,604.1107637194177,4929.64899129661,13.578490482348776,13.627640482348776
959.693526899496,605.5011345971357,3938.131155207753,13.822305035599092,13.87145503559909
645.5149961939243,604.8037278603408,-43.18869831193794,,
786.9392842774762,606.3815924549042,8519.908423750418,12.984443158036855,13.033593158036854
855.034070552381,606.4315851274196,7647.9377735536245,13.101669610723672,13.150819610723671
984.3137271127798,606.1798405597525,4072.280663658579,13.785936219585913,13.835086219585913
1000.1118065648321,604.0620006300602,496.09931896521937,16.07160889786345,16.12075889786345
112.6705504967351,608.0249715882687,10407.815568728312,12.76713150566884,12.816281505668838
659.5386784289412,606.4141207280256,98.886470018834,17.82268828992254,17.87183828992254
420.50760918194123,609.3457465241657,2389.935863365,14.364564859178083,14.413714859178082
407.24168898710275,609.022001704532,402.0939771650578,16.29971155498946,16.348861554989462
173.4226133803774,611.8378198938103,2927.8616891073707,14.144154082500279,14.193304082500278
242.82181940183983,611.8009697776926,3965.839700085454,13.81469258506072,13.86384258506072
606.9774691808744,611.5579692852901,3640.4702124649466,13.907636770327406,13.956786770327405
631.4133624588545,610.6816014891966,675.6927701081645,15.736157294948327,15.785307294948327
838.0932097663305,611.677158540297,2887.663465712231,14.159164029310801,14.2083140293108
1007.005066995696,611.2812763283289,2084.469823842875,14.513041444041304,14.562191444041304
271.36604209260156,615.749726699399,34684.992661942604,11.460176457591547,11.509326457591547
377.1485203205959,612.019007797966,2379.4903301618583,14.369320614377653,14.418470614377652
507.1259616411256,616.0994580667876,24605.1811232584,11.832964059220629,11.882114059220628
231.44002416798423,612.0827044926025,833.5796426981238,15.508162725121004,15.557312725121003
696.924810086823,617.2483731584847,45684.04265842369,11.16111915399477,11.21026915399477
1053.2579150959248,612.6455378682998,746.1130166726623,15.628518933107767,15.677668933107766
383.637817803673,613.156382596111,2997.2324513111707,14.118729409734499,14.167879409734498
905.6038600865589,614.1244933067308,2382.8747419371125,14.36777744036257,14.416927440362569
123.42401496691564,615.9662374092098,1183.899868236617,15.127243044415534,15.176393044415533
251.50625843088707,616.5589922038528,1894.605236489706,14.616733641691148,14.665883641691147
991.9314849435291,619.1235041379734,10934.706487502193,12.71351264979332,12.762662649793318
359.5928478562115,617.235664512086,1473.495391952667,14.88965851992071,14.938808519920709
1078.03973784364,618.482796086345,639.9474245700486,15.795169735945127,15.844319735945126
380.7014457600137,621.9826584026777,4470.881394196217,13.68454760288623,13.73369760288623
176.42806351358328,620.989113778485,1254.3987083108395,15.064441479640173,15.113591479640172
628.5526687312553,623.5101327771474,1416.1691719487678,14.932742634575915,14.981892634575914
38.32220768349979,623.4829623826164,164.5507241104453,17.26978098057741,17.31893098057741
512.3856890351155,623.2168469770777,6653.3602137542375,13.252927882878605,13.302077882878605
585.9330908709678,624.7077004481653,943.8468749679378,15.373276619399565,15.422426619399564
639.429060642954,624.85932340365,412.69766719866357,16.271450439965033,16.320600439965034
822.8635631144158,626.1957970412118,2275.265736221151,14.417950158172186,14.467100158172185
894.3609603381261,625.1155538481312,502.6409641846263,16.05738577550761,16.10653577550761
977.8555879351778,624.7255387458753,846.5312253547478,15.491423019400676,15.540573019400675
155.3354664896575,627.1555394511747,5271.081127143534,13.505781223760652,13.55493122376065
925.2458855415566,632.9809646298851,283633.04071178514,9.178638422779436,9.227788422779435
339.2594425978943,627.7690689479366,2267.217548613301,14.421797488922387,14.470947488922386
725.5496952860263,629.1723847537603,40513.37587521273,11.291534391650284,11.340684391650283
971.290249320272,626.4541146534482,373.96834993724883,16.378443354699996,16.427593354699997
541.5069027353101,628.3824985281087,2005.124997231598,14.555176846907843,14.604326846907842
940.2810377570192,630.7877315474551,3394.1211966991996,13.983712110049906,14.032862110049905
218.16068097536436,630.9572730291131,551.4054010722163,15.956852935605475,16.006002935605476
282.2137901416972,632.443662272512,1445.5816522324405,14.910423906507624,14.959573906507623
132.53209145564574,633.6524488339415,1922.9475988097383,14.600611850781416,14.649761850781415
181.01515282783961,634.8820632933187,2252.2745369386885,14.428977157609502,14.478127157609501
173.45452685960655,636.9146213315456,2493.231598537014,14.318623919017433,14.367773919017433
995.4369380726325,636.8751037701938,5441.082753269489,13.471317147158231,13.52046714715823
945.7573831022735,637.2717528629014,3719.910399910438,13.884199276680873,13.933349276680872
525.0570574283219,639.3505790175385,15545.733900269664,12.331502401180526,12.380652401180525
322.7201597524177,638.9749371692061,1540.0941413001963,14.841662303086533,14.890812303086532
330.57560459561404,638.7673641850412,1155.5926026134375,15.153518592235574,15.202668592235574
386.6080474310087,639.6506969032839,4338.723578390622,13.717125520089041,13.76627552008904
75.07763825824014,642.7622832856067,6196.463123765188,13.330170801284936,13.379320801284935
213.3459818935176,640.3747112650543,1028.386516323807,15.280139540574448,15.329289540574447
785.3944404887568,640.0839653076661,1054.5454951646284,15.252867172986639,15.302017172986638
53.688249866309484,641.8563158267231,332.5122669261647,16.506011295542255,16.555161295542256
400.11125424025283,643.1340740485641,3487.0348064233044,13.954389769026731,14.00353976902673
534.5269404233673,642.5202149605357,3361.1338155262492,13.994315966947358,14.043465966947357
639.8158896192999,642.9090408995651,1228.6714166481647,15.086941087161156,15.136091087161155
837.5733578093659,649.6292334283992,277530.91577358753,9.202252053160915,9.251402053160914
287.0346968802514,645.0088473576747,6678.841209483769,13.248777679561902,13.297927679561901
96.23291387616285,646.4239977536081,2748.5423665889257,14.212774385837754,14.261924385837753
158.7794284374107,644.7285062623981,332.7359449414479,16.505281176094442,16.554431176094443
174.69348051926838,646.3966596873674,2046.0090863214643,14.533261579776005,14.582411579776004
732.6200590553502,648.1845337659543,585.7550513876416,15.891240368680892,15.940390368680891
927.9603410099198,647.9488057976065,5932.648022559168,13.377409017751866,13.426559017751865
991.3508714030937,647.4672738308925,774.8025312704103,15.587552897768553,15.636702897768552
69.75407451180466,649.3253069513364,3978.1406011037475,13.811330153696439,13.860480153696438
262.4509123005768,651.306800962936,4066.361011586371,13.787515643269678,13.836665643269678
779.6074963108939,649.7956030199043,352.62348491109003,16.44225239205563,16.49140239205563
91.22760800437747,650.6266705573688,2083.4652542986664,14.513564819537812,14.562714819537812
759.8020001237566,649.6531809327225,268.25306043996045,16.739168761388598,16.7883187613886
104.03585602373434,654.4014105369406,2013.3082481424756,14.550754793074418,14.599904793074417
119.8496153923583,652.6901435005512,722.5175346304652,15.663409496577573,15.712559496577573
507.79392752318205,652.4343951655236,3355.8751646163587,13.996015982196528,14.045165982196528
676.7982244230941,651.9338243352456,1968.7754817274497,14.57503999444381,14.624189994443809
901.3028752700948,651.8158448164556,126.5364688803378,17.554991197742524,17.604141197742525
514.9962174581071,654.4952912314028,3546.660615856455,13.935981394208355,13.985131394208354
647.0687407419554,653.4365613664975,998.3004494736756,15.312377308355442,15.361527308355441
657.7115753203332,657.2896657955807,3331.0503624682447,14.00407747777765,14.05322747777765
61.64547035257626,655.5725835020522,507.2914553759041,16.047386606758614,16.096536606758615
463.5290804524184,656.2528219174469,2170.36275445065,14.469199655231293,14.518349655231292
715.7581545231767,656.111324629318,82.1928326093506,18.023445605518255,18.072595605518256
586.4603090573179,658.3005986371153,9831.584110639102,12.82897172742766,12.87812172742766
687.2534883557411,658.2525180266805,9719.865514210109,12.84137983499879,12.89052983499879
701.038861185609,657.3004489182094,1432.103761720995,14.92059426121152,14.969744261211519
415.3567396524969,657.9856199777456,361.8284099181586,16.414273815862053,16.463423815862054
84.93872338221708,662.0292218260186,7526.240944276489,13.119085180819658,13.168235180819657
204.35202437476423,659.0267880176648,1501.1405293835048,14.869477098336478,14.918627098336477
491.8894247095936,661.0393910002911,4916.132274625937,13.581471575972968,13.630621575972967
307.8890081667063,659.4564114174366,418.5074533843532,16.256272482627253,16.305422482627254
627.7763867656643,660.7706325576156,574.2177757505467,15.912838893506324,15.961988893506323
1075.9850858801383,659.031042444628,555.1139438265672,15.949575133856666,15.998725133856665
296.561435747947,664.2769966813865,3935.5817188837864,13.82300813855945,13.872158138559449
783.6302921115007,663.8508565069249,2516.3100998382997,14.308620073079767,14.357770073079767
611.8830644784307,666.1990906410069,4625.445660370882,13.647646516877577,13.696796516877576
141.50971071839936,667.5313266029724,1647.2506805177459,14.768631235886932,14.817781235886931
376.15895323779756,666.3795162918615,1817.6171550174708,14.661774442467848,14.710924442467848
525.1680082236628,665.3904324347272,482.0887903684688,16.102712891748087,16.151862891748088
909.0662683519699,670.4475585858324,87078.58701368813,10.460752041681973,10.509902041681972
1004.5189955874151,665.7740705303216,853.851511771053,15.48207459575487,15.53122459575487
597.9072796286094,667.5364859920537,619.8644391938773,15.829788669568888,15.878938669568887
687.0732969853098,670.8389919568392,78535.45636321345,10.572866045651125,10.622016045651124
833.4145148661191,666.7115547236075,1260.44064732951,15.059224474787468,15.108374474787468
974.1743920546185,668.1434143073376,1022.2942903272581,15.286590636981376,15.335740636981376
946.309046997065,672.0651519612958,12731.54265580227,12.548327901368879,12.597477901368878
23.86300106902258,673.6750904906023,3240.941641202628,14.033852447793262,14.08300244779326
781.5018670745415,672.632205086236,7034.203477019181,13.192493157694937,13.241643157694936
55.69367524975235,672.6704698228973,18183.93478048902,12.161310812341494,12.210460812341493
717.0482292192679,672.0080606221203,4025.063204262467,13.79859871412178,13.84774871412178
884.0300356684337,671.9688790561565,953.6596568277811,15.362046947898133,15.411196947898132
794.318384110228,672.0594739064244,2530.868110859097,14.302356690726695,14.351506690726694
152.9992809958188,673.794683485208,765.8917939568082,15.600111934079372,15.649261934079371
229.42264039671954,676.2656697797738,1398.4884648267885,14.946383253667248,14.995533253667247
634.3864610012787,676.8173174922695,532.7672014167335,15.994186773359825,16.043336773359826
1059.754498552113,681.2304453710444,5437.966165863241,13.471939222102463,13.521089222102463
523.006564028696,679.7267971542232,3064.8316514942144,14.094513914739343,14.143663914739342
959.0484524039625,678.2314716218582,765.9201680661232,15.600071711390783,15.649221711390782
422.9110940628689,680.4274811074196,1673.3418977060562,14.75156876196791,14.800718761967909
617.8324386121677,680.970197585099,196.67712040815826,17.076145872313578,17.12529587231358
1042.6927914693913,680.3396181922271,1111.534791653281,15.195722822716306,15.244872822716305
412.83058994106426,679.8390097622961,629.0254211148775,15.813859982085877,15.863009982085876
741.1171481275835,679.9701486022228,418.731313268011,16.255691876960263,16.304841876960264
833.5726076590787,682.034491320668,2344.753191406466,14.385287635870753,14.434437635870752
13.876676481791755,682.5483502846164,1402.813219568984,14.9430308503492,14.992180850349198
712.7268181032783,681.1727432592822,2032.735474105152,14.54032830926323,14.58947830926323
683.1170460574979,684.3752423385251,4323.515807852951,13.72093784697003,13.770087846970029
524.1357055755037,686.1067841795552,3900.8889191750477,13.832621515936324,13.881771515936324
704.6367695165558,686.8717245056179,2729.872860456609,14.220174422659031,14.26932442265903
388.77812569067265,687.2586854624352,3901.1247993393486,13.832555865286714,13.881705865286714
992.0206826856072,685.9288764331873,2315.4130019123077,14.398959305758286,14.448109305758285
181.8518215952039,687.2860471221649,976.8456220203535,15.335965638870999,15.385115638870998
940.0665581693296,687.0952949421159,1482.9832061604498,14.882689892608848,14.931839892608847
208.80637507540584,687.9490780733554,596.6851296867871,15.871167438251419,15.920317438251418
351.4924787568688,687.7515590032988,657.8098056133501,15.765279617512071,15.81442961751207
269.7593033592328,690.7573485811287,1530.4257246531038,14.848499832331216,14.897649832331215
41.92102003998517,692.7825439556004,960.0677849965682,15.354775731935524,15.403925731935523
192.7770363733116,691.5892303594945,2279.85862412752,14.415760682768333,14.464910682768332
975.5122832068946,692.1122724126882,3022.801010617686,14.109506578118705,14.158656578118704
996.6453441663408,691.5715697657661,2410.9639470485686,14.355053684741389,14.404203684741388
69.62004886703339,691.7064895945273,-82.42875576104424,,
275.51906768110786,691.9586538399325,2071.728627312294,14.519698306971815,14.568848306971814
783.9380734611418,691.128266588445,377.8893159338014,16.367118941776702,16.416268941776703
868.0262595047122,692.278450235403,1626.629244382675,14.782309034965577,14.831459034965576
163.70996158607912,693.4654805628921,2680.4189048741555,14.240023794143568,14.289173794143567
732.4707860431342,693.3287296164857,754.4834482551792,15.616406183156823,15.665556183156822
525.5912344060899,693.2346579128819,2024.96376660614,14.544487333390876,14.593637333390875
500.54076416384163,695.1473478918331,1524.2096973404787,14.852918674049853,14.902068674049852
624.101157818528,697.160681326403,5991.403597544204,13.366709035340989,13.415859035340988
294.0664971133862,696.2104673852938,1735.1138433054953,14.712210538116512,14.761360538116511
706.5628117783449,695.546368694926,1053.6874817254213,15.253750923802379,15.302900923802378
1038.8688546828264,696.827104498651,483.4157360752009,16.099728516505532,16.148878516505533
167.50959270577536,697.9854484520982,2219.0053253322817,14.445134613766163,14.494284613766162
301.3745263357907,698.7144525577053,2779.9505990746256,14.200437779014626,14.249587779014625
433.6054996783277,698.7739433227769,498.03897908300877,16.067372139474283,16.116522139474284
