x,y,raw_flux,green_mag,V_mag
239.40679808373358,2.9406144299334014,20252.39257254621,12.203058554565398,12.252208554565398
632.0650576165172,1.2675086313018795,38159.284589127434,11.515248837604648,11.564398837604648
764.9867258475023,2.2474478403133715,1094.317453478717,15.371391082667948,15.420541082667947
792.719632563153,1.9966076749846675,76842.88304751829,10.755240270792237,10.804390270792236
933.546817567662,3.448361881679689,6858.117510974699,13.37873709173363,13.427887091733629
949.2643953676854,1.2014395264266602,5125.824259018912,13.694840117127159,13.743990117127158
1031.2651453380827,9.483925514578033,11088.153980594367,12.85710127664207,12.906251276642069
270.9142394771953,5.4609782658270145,-345.5837845794922,,
701.2670482137827,6.413905909750036,8377.123916740084,13.1615120482402,13.210662048240199
1070.0203275438066,3.475574107976759,-2956.883253245052,,
77.89523784446575,9.394762410233575,11414.705923956975,12.825587579274353,12.874737579274353
571.7941407328389,10.616284177510378,69021.64237581467,10.871786174595199,10.920936174595198
137.66057597806068,6.612677898848319,400.06153545285736,16.46393240382988,16.51308240382988
418.3161078206513,5.062248564038876,-738.7398483593976,,
169.07251971963044,9.73573714939794,7687.246429122145,13.254822388931736,13.303972388931735
355.0984127658801,20.965460755811016,290082.09096746694,9.312947104373979,9.362097104373978
475.3073426355399,10.822252084029984,12949.605742821112,12.688608031707687,12.737758031707687
949.0668326260874,6.7165794004498505,4804.968785484815,13.765022970709005,13.814172970709004
985.9423611454221,13.246202838877712,69129.3919123051,10.870092555765085,10.919242555765084
1009.4245269827597,11.903015716918427,12431.08612504679,12.732976709116606,12.782126709116605
68.55712465679916,12.31023877805644,10652.332456943746,12.900637616942767,12.949787616942766
621.1381540705574,13.549798614044324,34108.3914242486,11.637096301833912,11.686246301833911
584.1952929044432,17.57020251299447,69228.56171848738,10.86853612529464,10.917686125294638
771.1547021150215,14.057331909641572,3096.396388108714,14.242108017005632,14.291258017005632
913.3473920036399,15.08876616721819,2135.3613390252153,14.645570958714384,14.694720958714383
141.86052354931888,17.594509016426283,-21.88624766923681,,
9.732898872206187,20.009197981938087,-747.4088420129669,,
531.4977800009308,21.343193670156843,-1322.9917411782505,,
855.4822728261427,23.14655072429366,28641.317415648962,11.826766921592828,11.875916921592827
1055.0076726370983,20.232712490678086,49211.91108706763,11.23907382077518,11.28822382077518
41.43773334267504,21.020271503907896,-802.5711503610131,,
89.61040344862772,26.934930006109028,5865.112207419739,13.548558584566639,13.597708584566638
772.8723494631331,21.687015464742817,1181.968733965165,15.287734426176364,15.336884426176363
55.3007748851521,22.523232390082793,2970.7177797972363,14.287095908743126,14.336245908743125
508.25359722691627,22.542336433351082,6846.646917248878,13.380554567965575,13.429704567965574
1045.5968431066992,28.527684052723494,53315.84110398601,11.15210873504539,11.20125873504539
217.0383642919236,25.379001316354532,5954.666786716237,13.532105737227642,13.581255737227641
1018.9429465538834,25.192895293695663,8695.484649851891,13.121014915559446,13.170164915559445
491.71871625467406,32.23132288822218,16047.879185337872,12.455705282097878,12.504855282097877
841.318174782266,31.482898140645464,34827.414729422926,11.614446303522278,11.663596303522278
1061.4699510667488,26.562820751210662,45322.8468171395,11.328456445129522,11.377606445129521
10.537897380509317,28.20587261200033,-2806.9411785754623,,
896.3896491664616,29.267758512137927,239.10743612407612,17.022766690797674,17.071916690797675
44.41126876786567,29.806988027660687,-1047.9389785683552,,
645.6592723780989,37.470082508029485,16271.0521418213,12.440710305451447,12.489860305451446
339.49213948029325,32.96725114654515,187123.83414052875,9.788926628666212,9.838076628666212
401.0715381479818,34.17309352377556,7854.683768218645,13.231427635201612,13.280577635201611
1003.8062318131335,33.98991061146523,3407.1411467889016,14.138274084100917,14.187424084100916
1062.0448744215398,31.675657137268324,45456.37553579816,11.325262386731083,11.374412386731082
204.4356093196127,35.49662371648958,6332.247133156585,13.465354757366702,13.514504757366701
317.8264981676662,38.649460912748694,42727.050739668746,11.392492106440057,11.441642106440057
673.6159979523318,37.09140600150342,11673.984309841806,12.80120163429921,12.850351634299209
288.1613834922289,39.039134331341,84589.39657701358,10.65095958020656,10.70010958020656
477.65269841650667,34.988767288756165,16778.20363681765,12.407385744679896,12.456535744679895
705.6017340586329,38.36679190157038,16639.625950425085,12.416390499063443,12.465540499063442
125.07696773866745,36.15505920043806,1778.1947494110275,14.844301088619954,14.893451088619953
59.284379293010865,37.2693637277162,-1310.3079338007553,,
142.52005999201523,36.29292180974651,3164.2755789115827,14.21856364878987,14.267713648789869
151.73152801519768,39.27681898151178,1280.5218650857619,15.200781901212611,15.24993190121261
730.797174726707,36.75339344904087,-1820.063701786656,,
767.2660849444796,42.28731180130255,3942.154475211547,13.97991530169057,14.029065301690569
444.48936223331714,39.53892195013136,3862.3421099384805,14.002122549684412,14.05127254968441
598.5295083042782,40.003845965602416,1691.0880468877508,14.898833847905024,14.947983847905023
687.9956904000567,42.907258395057255,23154.952093804826,12.057639680471441,12.10678968047144
1037.6124367155628,39.2100260171418,49343.724560655006,11.236169578010335,11.285319578010334
848.3993305187264,43.2328268192179,34554.67130939975,11.62298248189354,11.67213248189354
865.5554286475507,42.270524389374074,10051.254501699872,12.96369872339207,13.01284872339207
920.1730681778373,42.784702386401364,2653.7011416797204,14.409619369266952,14.458769369266951
1076.4440931358224,40.92046393750873,899.480605416187,15.584269888643231,15.63341988864323
86.26648596329186,42.088537088245566,807.3712044169938,15.701566257808034,15.750716257808033
120.98884017657079,44.50046357351155,1112.3842003651323,15.353612368028994,15.402762368028993
875.5593198687019,44.440983525515115,30860.167260854756,11.745753708496057,11.794903708496056
346.49633379985136,47.903473573918795,45184.58176163752,11.331773730699332,11.380923730699331
433.23802434456377,46.329807796320715,3031.0630068482196,14.265261987073211,14.31441198707321
789.5252065745688,49.177090616979264,159.68801050786192,17.461068621934807,17.510218621934808
968.2283694051463,49.00695867894319,4176.987688357032,13.91709140950862,13.96624140950862
415.96664124598885,48.83921599881277,4896.712800111245,13.744487815695024,13.793637815695023
994.995760070207,48.90589196671917,3185.545478128487,14.211289873413474,14.260439873413473
540.6521365967327,54.86330025828677,11936.04530976246,12.777098250643462,12.826248250643461
818.1108244347544,49.63620974021674,-867.1495560261499,,
575.1049740222268,54.341589771054956,19851.62063231694,12.22475947955914,12.273909479559139
448.278259061741,54.6710455591689,3157.440851982163,14.220911338202816,14.270061338202815
590.466092799765,60.30487516767873,24448.026513833443,11.998639877757753,12.047789877757753
316.69492700933637,56.193211124267165,37481.11496270964,11.534718143714274,11.583868143714273
718.2100936499514,54.21326691613244,3708.0422467280455,14.046387713638214,14.095537713638214
212.29359646816067,56.359493804199936,129.921659280366,17.68504550128266,17.73419550128266
522.8097274280711,56.095293423646865,9633.890325503471,13.009745152738555,13.058895152738554
880.0711498958923,59.06728470488855,32916.13097069395,11.675727443278149,11.724877443278148
301.1997857044664,57.25072659480316,18096.00562871957,12.325292590806846,12.374442590806845
654.0058454651386,64.51678048161912,33535.41426933637,11.655490208396124,11.704640208396123
683.1226265648004,55.02242804433944,17127.93671465925,12.384986773396717,12.434136773396716
129.28880492238704,57.12912473843275,2324.9439158390155,14.553218195094328,14.602368195094327
257.4194773731568,58.87738225389478,-1720.4236280820971,,
687.3219298970547,60.892783949775,13420.980783883602,12.649788761123023,12.698938761123022
411.1478115728492,60.17195976273667,2447.7180335885705,14.497345928650786,14.546495928650785
473.1216271220537,61.9055816826828,2294.744152856432,14.567413717669261,14.61656371766926
377.6360138175899,60.70901913969996,-2415.8246937214067,,
559.6730140651728,61.386113554489505,15874.341155656974,12.467510123731387,12.516660123731386
34.997159283429724,63.915817966474975,2319.7720431623466,14.555636121952192,14.604786121952191
772.7509536973157,67.73620575158066,19902.32799915417,12.221989699158646,12.271139699158645
495.40935729188556,64.36031988730166,1722.8876536775233,14.878607000400748,14.927757000400748
750.3149579422682,65.4460647403736,2092.3782543241987,14.66764890287179,14.716798902871789
536.8588906358486,68.19364901618034,15006.741996371371,12.528533357504031,12.57768335750403
112.42403539210963,69.2016928479292,1521.4563396777075,15.01360066201579,15.06275066201579
402.2218006824605,70.1536619441436,1525.501263512976,15.010717968256786,15.059867968256786
163.24225929691386,72.89623947121504,-1364.4630613152324,,
238.4785204117173,71.73689507299886,-1303.0058109667484,,
602.8206723504521,72.36025727017801,10375.783060741513,12.929197190370914,12.978347190370913
323.03467945347273,80.7967425871272,107634.53850526274,10.389370264796954,10.438520264796953
1061.1251680533069,73.51041461290667,-4190.808270655053,,
22.63018106602619,75.47726187040703,-133.0591823566299,,
47.92471704811866,75.28987462317569,-704.1463578932676,,
486.2999007384919,75.63694324592495,3570.5915230636565,14.087398973496668,14.136548973496668
833.4589218828156,75.37249500454898,3405.462701373028,14.138809077484716,14.187959077484715
186.5892152628144,76.46811253582781,2327.476478565462,14.552036145717265,14.601186145717264
276.3088597016349,78.26242663404508,3463.4009323038913,14.120492473678627,14.169642473678627
531.5601062700837,78.45963047703309,5592.328773439195,13.600267658240503,13.649417658240502
776.4442522756676,76.21925118105649,22554.22151446683,12.086179793709478,12.135329793709477
821.4198980312536,78.39987642080177,4989.246181620316,13.724162063424078,13.773312063424077
560.6607787577843,79.88555251137133,2102.4706033906477,14.66242456688911,14.711574566889109
132.66999950769429,80.5449606481747,5418.673173955655,13.634517003903344,13.683667003903343
684.0052150256034,78.88536188097875,19521.859334304354,12.24294644968051,12.292096449680509
713.9000671946914,87.72286728986023,240790.49108635413,9.515151066325767,9.564301066325767
1011.2610126936172,84.5340475299173,4631.20637379355,13.805014061811216,13.854164061811215
1026.2052214454716,82.60056164685777,2851.6184482300037,14.331520858300681,14.38067085830068
760.926994195628,95.19198672340796,32499.81165613839,11.689547287100893,11.738697287100893
884.0481533765764,81.54232407729097,5426.036135271892,13.633042693310834,13.682192693310833
629.9016906394675,84.15068007865719,-614.1916947532335,,
787.4106065120852,83.4793874883008,3482.834777805233,14.114417216347253,14.163567216347252
536.1899249090998,85.44849153504117,6894.720570021975,13.372957723138565,13.422107723138565
1070.1165379892689,85.30575360253209,-1175.752776401731,,
255.87278559347573,86.53419047945074,4035.2219720174808,13.9545808233309,14.0037308233309
523.6865220325265,86.78305435037579,5352.018973591548,13.647955286496114,13.697105286496113
810.1614440631686,86.4783808990817,2581.9895951884837,14.439363177903045,14.488513177903044
99.26919939304481,87.60971789021092,-278.8768396072147,,
690.9711835965718,90.48903999052942,40309.35841223237,11.455734683180255,11.504884683180254
461.1062399618504,87.75300039387399,2482.0737066560587,14.482212712507678,14.531362712507677
184.78608844255135,96.96505644521952,6998.062252486525,13.356804893709565,13.405954893709565
229.09856413416597,90.0651394582182,448.65320446377666,16.339472462460982,16.388622462460983
605.9998191176084,91.5661608947032,-1000.4781966288093,,
1057.9570684786393,91.66033820217692,-606.755773517316,,
97.85846971942411,94.41728930436999,-5.505309776535171,,
840.3941764863724,94.89057451735687,2538.408478877549,14.45784562312641,14.506995623126409
474.20854542304784,94.91744207065557,1951.7956676007107,14.743163523317389,14.792313523317388
857.2773879246618,94.25828401417301,1795.699846640136,14.83366503357681,14.88281503357681
10.727090106432419,97.13522122085269,-630.1141007572919,,
257.7358794185731,97.42250920377977,6019.297108914057,13.520384946550088,13.569534946550087
455.0454128236844,97.19987646354996,956.131567185767,15.517955255249843,15.567105255249842
33.51704129542821,98.46525722644263,2563.6927692998056,14.447084451240922,14.496234451240921
139.0357498098801,98.16982463175651,4558.6160053776475,13.822166870014083,13.871316870014082
248.4268930100727,99.53314678045577,14085.000703009653,12.59735721498034,12.646507214980339
63.809453206290385,100.45600338641611,2755.216239017529,14.368860173783514,14.418010173783513
704.1879334059103,99.53814781875003,245880.8483405766,9.492437640329529,9.541587640329528
527.9655988957766,102.26252792937139,1902.664881230965,14.770843642008748,14.819993642008747
471.36026931786546,101.58768087654408,1047.1759868596412,15.419200210711331,15.46835021071133
158.9927715483159,103.92550788978494,1278.9316881681852,15.20213102737381,15.251281027373809
556.7232897732644,104.05386867957704,17286.342149047272,12.37499163559653,12.424141635596529
1011.3794052805545,104.88972686422164,61400.10974795303,10.99882652895177,11.04797652895177
48.01875757774693,105.79277226826552,4364.516872293632,13.869408955670693,13.918558955670692
354.5091055047924,105.06167141868296,1225.4396866881693,15.24851954461981,15.29766954461981
823.0440870069957,104.56070239773419,1092.624301537956,15.373072258424294,15.422222258424293
286.18300549838415,105.82555327769113,69620.92199298058,10.862399971557066,10.911549971557065
241.07567342819576,110.65702086491166,11307.123957434207,12.83586901430796,12.885019014307959
566.1184941441231,110.8634899179484,16959.674657983312,12.395705605445183,12.444855605445182
183.21223482944572,109.51065985635397,7520.794320637251,13.278590118187154,13.327740118187153
1023.9200449919033,109.51649187725519,80901.20239240603,10.699361956594085,10.748511956594085
1075.6648759149368,109.12748459106024,-1982.1926256138129,,
850.8419653564777,113.96021776166967,73.95203482083298,18.29687407675187,18.34602407675187
1020.3937925680642,121.29376084970252,82241.52245032266,10.681521544075943,10.730671544075943
287.61342204814224,121.08673948608244,72993.32025426663,10.811041600238068,10.860191600238068
627.5735024412146,115.09309485440676,-2510.787120276414,,
949.7056173325809,114.75667748714199,1468.9717462883327,15.051715790486885,15.100865790486884
125.23218623666321,115.29439322119018,-2085.6167083634614,,
378.6194085056832,118.07202774135664,1654.4760839926948,14.922598163304293,14.971748163304293
428.8975030920794,117.11246640302944,612.3961521704091,16.001668264325907,16.05081826432591
742.3179751967965,116.40485181761206,-208.0098871899611,,
1000.2556641247363,117.64695302940827,34699.049141609394,11.618455462531264,11.667605462531263
673.8778692405565,118.5945006665406,659.0055181556872,15.922026769585333,15.971176769585332
169.96861036508685,122.06457084204337,8058.197294924323,13.203654656620996,13.252804656620995
219.59524688970507,121.63541638486558,2949.6432073186816,14.294825681652615,14.343975681652614
753.7118875625198,123.80148836791227,1705.4360293946047,14.889660813127696,14.938810813127695
1044.8600544674982,123.62824558041457,1935.8527119996977,14.752068619382811,14.80121861938281
593.9825271889204,125.72276869195997,3532.3381749675295,14.099093710260481,14.14824371026048
11.036521565604847,128.16566169581859,5600.684523590696,13.598646621634558,13.647796621634557
224.28748500920332,127.62342964263131,3500.0560553718815,14.10906189778337,14.158211897783369
486.06804748965334,127.49929781671314,-1021.405712923144,,
671.3486706856177,127.3963841034382,816.8138737483252,15.688941633173929,15.738091633173928
691.8657777452586,127.44129410727884,-844.5943875556598,,
169.58249400403437,131.1552548912896,6962.263053337754,13.362373327247397,13.411523327247396
903.6334906750363,131.74172717390752,156.21276173833508,17.48495812121977,17.53410812121977
182.1539033049677,129.99088022698876,7529.341225272744,13.277356948589361,13.32650694858936
393.75287455099794,131.54377270503264,3768.3049160249175,14.0288843052277,14.0780343052277
528.5777555088252,130.4084350679182,525.1578653044858,16.168524711700027,16.217674711700028
1071.876034633089,149.92595539279787,260022.33637651225,9.43172275689123,9.480872756891229
984.8713811915324,132.07393244281283,-807.1986328128623,,
592.849592185877,137.7751049564715,4647.210238977718,13.80126859665191,13.85041859665191
97.49277160503262,141.30442883374567,7511.12100567063,13.279987500955894,13.329137500955893
1000.6413565357834,137.14069354671446,5293.665720630394,13.65985811393559,13.709008113935589
257.09428268871994,140.85756944316495,6628.33992655321,13.415737465986172,13.464887465986171
667.0524763977611,139.14524468872952,1326.0172512870956,15.162876461945807,15.212026461945806
764.0375019365293,139.6678417898017,3783.16893891596,14.024610059178872,14.073760059178872
58.662650834844065,140.03815801475633,2996.4273167872598,14.277740028370946,14.326890028370945
796.7205899149259,140.01486813822285,2751.8635274985963,14.370182166884856,14.419332166884855
809.1914627022054,144.00181515632923,6630.629823738699,13.415362440723879,13.464512440723878
1027.2214348712848,143.60165231396414,93037.5642570089,10.54760356760505,10.596753567605049
23.28423248500646,141.21703416051957,4211.081950798908,13.908265164482561,13.95741516448256
565.5715659445187,142.2853773312038,40756.91361647692,11.443746175165792,11.492896175165791
827.9575783809034,144.40996688897584,7090.118385771815,13.342615680513347,13.391765680513346
1040.3641325252297,149.60435797114468,89864.41459452914,10.585280023669942,10.63443002366994
447.6908860818509,144.12389033177772,-145.92991375952965,,
510.6971741028964,172.4189771570335,5078385.820147863,6.204935166373949,6.254085166373949
17.766653387056245,148.19686002293156,2302.2293363927834,14.563877938328336,14.613027938328335
474.9956493539089,151.45244663155717,53040.679280675366,11.157726704103007,11.206876704103006
71.0361711686822,151.97450654717946,5715.262263826509,13.57665898688605,13.62580898688605
369.5441703050959,158.05187344244757,112956.71895731014,10.336969225021274,10.386119225021273
454.6892286496414,150.72080161158937,13324.892914808548,12.657590078688145,12.706740078688144
354.54540327802664,151.03679927582417,105265.50445902604,10.413534207344759,10.462684207344758
951.3284179817286,152.5048906723465,2298.767733386602,14.56551166613231,14.614661666132308
571.205743265308,157.18097929940654,45247.03892042623,11.330273989595192,11.37942398959519
773.3764254080628,162.19358272676112,15478.566674833031,12.494922541820584,12.544072541820583
678.8606200383242,159.07603313543822,8728.117291815171,13.116947962884312,13.166097962884312
703.8116569650699,156.8063578795753,-1593.5310490896143,,
106.63191572174522,156.82184747784925,4214.537780008784,13.907374519231315,13.956524519231314
825.0453736354868,158.57674034899867,7574.592943090252,13.270851150190248,13.320001150190247
867.0754462388078,163.34931487548397,4548.814616061783,13.824503802962116,13.873653802962115
249.43457323326714,162.24720097975447,5784.440452794747,13.563596010871422,13.61274601087142
1040.915951010482,162.48308380049488,78520.67613268022,10.731789320963921,10.78093932096392
267.45211239622677,163.30908191744163,2646.2508911207315,14.412671854287364,14.461821854287363
322.1785034296775,165.311135849856,3794.039373720376,14.021494813500336,14.070644813500335
464.1442235348517,177.21060603283087,95516.40673423695,10.519054456941952,10.56820445694195
727.839844876389,166.02640870289468,4397.529062667525,13.861227601646625,13.910377601646625
757.8495092622076,165.62768017837277,13872.953384511959,12.613827080038362,12.662977080038361
296.34775877668073,165.3840656205461,-2060.6193594587057,,
340.0389734190999,168.1410629586409,5233.725513970692,13.672222042341982,13.721372042341981
636.758696703948,167.29769616962835,43101.75106592157,11.383012111701841,11.43216211170184
671.0836031442279,167.91797472774886,9036.98602611874,13.07919037064569,13.12834037064569
739.8918160272755,165.90230133450575,5871.660316283105,13.547347089738917,13.596497089738916
447.46473509610246,170.34779480318232,82077.27867094794,10.683692025796162,10.732842025796161
166.96870334193727,168.57950798240327,69879.0686313416,10.858381627611939,10.907531627611938
1017.509959179275,170.1243041677835,18896.863701042937,12.278275070952418,12.327425070952417
1001.553978350026,181.10669046234526,36030.57281692802,11.577571480911375,11.626721480911375
26.37548411710042,172.3271059323361,4720.104631418718,13.784370332911916,13.833520332911915
1034.7243073400696,172.46604971033508,9380.772113774228,13.038652932937953,13.087802932937953
630.0665820067093,175.3274108174143,85572.49566190278,10.63841390230505,10.68756390230505
128.95215341716045,179.06113889753595,37660.254471981054,11.529541271882755,11.578691271882754
409.4717218250763,174.3339726615328,-1279.7345640748931,,
169.22806882538103,180.83978843842814,70388.61098417235,10.850493409665411,10.89964340966541
887.5445968002178,177.8578013859803,601.0224702369046,16.022022624634438,16.07117262463444
817.5077567535324,178.41628441151957,3165.801204025119,14.21804029764911,14.267190297649108
833.0277529680286,178.0857735308266,2829.4689353460813,14.33998707199719,14.389137071997188
154.632831163407,180.70025696433558,70260.1408430041,10.85247685737435,10.90162685737435
721.7576664884908,180.31643656379728,4809.966349912463,13.763894302226703,13.813044302226702
237.26749174993085,182.9818107130531,16450.649266175857,12.428791789610122,12.47794178961012
782.0972172857377,180.17052045712603,4373.058997702571,13.867286056158333,13.916436056158332
253.38778576800394,182.45321289066456,14560.500954636638,12.561308604591899,12.610458604591898
639.1676783787788,187.13098480304515,76845.83189407527,10.75519860645181,10.804348606451809
36.13675265104662,182.25584512012256,4423.347722955353,13.85487169509264,13.90402169509264
430.8808152644006,187.02662797631692,50222.11924743081,11.21701181022323,11.26616181022323
912.8420971291495,183.1800501608524,-1362.0786882691455,,
981.8300089884953,186.42399429826781,28541.161226999662,11.830570300317572,11.87972030031757
614.1745402999187,188.31871313716638,32540.862632779266,11.688176743576081,11.73732674357608
27.763302450447956,187.56902664166597,7932.577824840385,13.220713543564766,13.269863543564766
93.06432493510626,186.5544459377616,142.9304462139181,17.581437523638964,17.630587523638965
381.07162586896845,186.29276201255993,-1979.36492864777,,
967.4039262351515,189.24878450447682,11031.371975207476,12.862675574623978,12.911825574623977
74.91868021401393,188.84697609442296,1834.5407628797998,14.810430982284144,14.859580982284143
324.349443552509,187.8614556700622,1934.52664829308,14.752812606107831,14.80196260610783
578.5913846435793,192.9099739316314,29905.850009950816,11.779859020433078,11.829009020433077
733.6168479055307,190.7133009569716,6613.407296479009,13.418186221985415,13.467336221985414
18.439455943446127,193.29630904353513,6858.774409155234,13.37863310051723,13.42778310051723
304.80421266589826,196.01717643504458,3079.266189163606,14.24813131399035,14.297281313990348
321.0389564220784,191.99872765429717,4444.296386970068,13.849741862412957,13.898891862412956
624.4034136403025,194.03626502433463,91161.16933445488,10.569724679256835,10.618874679256834
2.531836757465256,196.8273269979432,4754.694890587141,13.776442763895904,13.825592763895903
918.8037130438299,193.7596818710656,-1688.2909512199758,,
234.69355615465759,197.59090887430474,15607.005913326206,12.48595041016601,12.53510041016601
631.2100200152014,195.7585813382252,86961.24430409692,10.62093503417391,10.670085034173908
488.6635244117765,201.51985265155426,24283.121772087405,12.00598810320184,12.05513810320184
561.4196361764979,196.2539097773657,27222.405652975296,11.881933144201168,11.931083144201168
136.40256675064128,202.4735487812258,7041.347802221084,13.350109906210673,13.399259906210672
437.05335874583216,199.69386707033465,51114.191571428804,11.197895656656069,11.247045656656068
745.972254957949,201.6639652032505,5754.87122097067,13.56916037323811,13.61831037323811
185.42581724300797,200.31723184729628,158.57640087307516,17.468653005803617,17.517803005803618
602.4668763296085,205.59667565669872,12754.011308458159,12.705132403169786,12.754282403169785
880.6033033413561,201.86474735882592,4853.069423238597,13.754208137602296,13.803358137602295
860.1115486476657,205.47670690243677,13249.226351672409,12.663773098210745,12.712923098210744
983.5690013608668,204.54017441951692,9778.340780672908,12.993586475980052,13.042736475980051
416.07643374271294,203.56349324005924,21470.578555149215,12.139640029291378,12.188790029291377
1073.4916037094922,203.5771852429646,-2724.2400406440543,,
352.86041724461234,204.84513249069417,1192.2955816671192,15.278289561034171,15.32743956103417
807.10722910039,204.84112583747185,4242.2106231120015,13.90026882956091,13.949418829560909
401.5325012606902,205.7147566558246,734.2655284869018,15.804616547742713,15.853766547742712
469.95965077970527,206.09584712267826,13713.482270543205,12.626380024023073,12.675530024023072
515.5351324382395,208.84924434462255,14706.901048263933,12.550446471507685,12.599596471507684
202.09930238508963,207.16327081563884,5315.33464209196,13.655422867548367,13.704572867548366
454.1847053618819,213.16934176632168,7077.3954467367275,13.344565741676949,13.393715741676948
731.1868580775397,209.94362243772707,6332.662298155651,13.465283574912055,13.514433574912054
1049.70344777107,209.3733461009117,-3366.206447111843,,
52.55718642953186,209.91081976640507,1282.11582995332,15.1994312416228,15.2485812416228
122.74408535713397,208.28879175426422,7102.951005339466,13.340652349949792,13.389802349949791
91.8325633739918,213.07474743732286,2558.068938568003,14.449468786724353,14.498618786724352
381.2415025126347,212.46088953499859,783.5323893299394,15.734107012833597,15.783257012833596
817.7038202609092,212.60322590303971,5366.083519695632,13.645105827707468,13.694255827707467
60.62901895605513,214.92507399647076,616.3721301182342,15.994641913897617,16.043791913897618
502.41630280942763,214.71754330103403,12647.472079532858,12.714240074135187,12.763390074135186
15.965029999999347,215.19290987843567,925.7515535434841,15.553013273650182,15.60216327365018
907.5739060803388,215.78583908432492,26796.009128152313,11.899074104818538,11.948224104818538
925.6422726030901,219.98708621214027,34534.04883209047,11.623630650534258,11.672780650534257
124.48141463877651,216.8066028350998,4884.6020497611125,13.747176429044663,13.796326429044662
418.48058246578336,219.28661696670972,17111.874221607497,12.386005449087232,12.435155449087231
805.4985950370587,216.83460267260523,3874.334161339316,13.998756707726947,14.047906707726947
24.920748332553345,219.43370000240353,2429.8895659231935,14.505283057101659,14.554433057101658
212.19847846271512,221.48673974413322,7725.133204993529,13.249484455649728,13.298634455649728
386.60078697937723,220.77572936368048,6468.4622610185825,13.442246775761493,13.491396775761492
52.28450921082121,221.85138667043918,2340.4729376896476,14.545990337844284,14.595140337844283
149.82240923904928,222.572822765322,-2368.461579120115,,
547.69826857065,223.75962825800255,87.44904087892814,18.11486177098025,18.164011770980252
632.795724862927,223.0877041205047,1938.2076060573409,14.750748663655873,14.799898663655872
201.2134209020232,226.51283125618954,6747.997939290726,13.396312044246281,13.44546204424628
309.48376414984085,225.07940436104786,-353.8803126309782,,
573.172516015604,227.12548382054837,3996.4240798526876,13.96507047976753,14.014220479767529
971.6932890925107,229.7151538912949,49861.63144403355,11.224833186808443,11.273983186808442
39.26142963708032,226.39050151836886,3740.947462462109,14.03679537485742,14.085945374857419
351.8129439408037,227.71940498817807,254317.33716724758,9.455809478363765,9.504959478363764
910.4559763573415,227.9312252005478,37180.41585945344,11.5434637899611,11.5926137899611
945.2672150971466,228.1044449027941,8809.348868585548,13.106889874241242,13.156039874241241
864.9796361191724,228.81968097975997,1648.8813279430374,14.926275897349104,14.975425897349103
1074.5904727452307,232.73745056991217,8061.797761710995,13.203169649374331,13.25231964937433
366.556183169128,239.07771922302365,348322.8790793707,9.114294393991996,9.163444393991995
655.1534236623281,230.84304967495862,-1017.2917225780304,,
613.4826740711811,230.35293364717464,362.78237668025423,16.570133943349983,16.619283943349984
412.7527869354872,232.27046516720299,14885.684541946168,12.537327369559971,12.58647736955997
674.5953450955287,230.86353095456934,726.3802765171682,15.816339289406727,15.865489289406726
1056.148110270975,233.23324062879988,7279.053754211475,13.314062081073283,13.363212081073282
1005.7113065223859,232.82452485664962,4069.4101836740992,13.94542072855187,13.994570728551869
776.946363048182,233.15593086810168,-953.7866098986523,,
382.6036044652997,236.49283006018123,325739.5585086096,9.18707313893021,9.236223138930209
472.50881920997585,233.5874887696952,2517.0225956156837,14.467031611776386,14.516181611776386
73.8937304788573,235.2549092547704,-2282.6976285924065,,
261.38627134884564,234.57056457320044,10836.011555778068,12.882075748717899,12.931225748717898
902.1183852350721,236.41124867589465,8395.595957868603,13.159120573024795,13.208270573024794
274.85329198701106,239.20997325205593,14843.7987267041,12.540386755137156,12.589536755137155
174.8182894765184,242.87124742307338,69733.0059970808,10.860653430369128,10.909803430369127
909.8254822255788,241.39622330827916,7501.162126351674,13.281428017008842,13.330578017008841
561.5599921799732,239.40544678225194,3691.2087065710925,14.051327893570017,14.100477893570016
636.3715790031717,249.8995355593176,8264.435086187837,13.176216465452733,13.225366465452732
1040.9088397282162,243.5235403627102,295.0469865228174,16.79452143920298,16.843671439202982
458.253355952288,245.2212823216269,-718.4953200020432,,
809.1275431362687,246.15538735673275,4203.715825574789,13.910166023207866,13.959316023207865
44.604053912015274,249.27292960967063,17436.196305834037,12.365620022756005,12.414770022756004
715.6778373675061,246.34569602038886,-832.7487279457521,,
338.16472288284285,251.2122525117164,19723.751064536635,12.231775615928592,12.280925615928592
479.5117759037225,250.34825335947056,463.00293233229036,16.30529004362606,16.35444004362606
829.8778492786487,249.79480888673586,2656.1367046315763,14.408623339204343,14.457773339204342
1006.6175953405293,252.33519151378712,5163.627075396616,13.686862224095083,13.736012224095083
267.8992362765949,253.47515603895238,14141.36906429695,12.593020755668352,12.642170755668351
198.38589440324594,253.89201131805584,11995.164212267098,12.771733903024584,12.820883903024583
88.76301774296152,254.95942370156345,9773.902576716591,12.994079382979434,13.043229382979433
602.0032432963361,256.2329598148398,6075.127821322441,13.510360847556928,13.559510847556927
1072.9068633561455,254.83537073860248,1641.0390929281175,14.931452080064586,14.980602080064585
17.46684443398037,256.4032053775963,2186.485353885213,14.619882966024957,14.669032966024956
63.73860262248165,256.78683145353426,7154.606322902963,13.332785042451277,13.381935042451277
143.71792996128517,256.1479634293591,338.7013838314185,16.644706969865613,16.693856969865614
308.46015355900914,256.6933953090796,-920.7696021961265,,
779.9564055334948,258.7950293652555,2192.138397324398,14.617079474476974,14.666229474476973
523.8084588634061,260.28357837473806,6274.118052841157,13.475367682333918,13.524517682333917
360.1594329451915,263.101739749718,14272.510751343518,12.582998450404386,12.632148450404385
704.4020884744673,259.2182955395836,1672.2247370159703,14.911012788451993,14.960162788451992
940.5727069237987,259.910638023177,-1607.3474476400347,,
386.3429448670114,262.50183045471823,800.7076839109964,15.710564406999485,15.759714406999484
206.4742962489925,262.30534335679783,15308.547415468138,12.50691443826392,12.556064438263919
797.3222191706287,263.4156542114356,1961.1642432673343,14.737964481437938,14.787114481437937
128.28403649631215,267.2471894131547,4231.118391823706,13.903111453507048,13.952261453507047
338.4356306917345,264.6676894092631,20272.819443349417,12.201964016426992,12.25111401642699
683.6503191548832,264.14970261932035,20243.34488880519,12.203543711699758,12.252693711699758
49.89748823411187,263.33059493591855,16831.75734654878,12.40392574359325,12.45307574359325
101.25388969240163,264.425935663175,11894.086284760111,12.78092168564714,12.83007168564714
218.88655839823002,266.0463846572229,5356.559186382428,13.64703462763252,13.696184627632519
11.96005463104342,268.4816412901704,5876.992362914926,13.546361581591016,13.595511581591015
609.7451500963593,265.80065386305205,10580.636665600385,12.907969894570726,12.957119894570726
629.4359527180792,271.3128109774186,9057.599174905134,13.076716652529,13.125866652529
445.3479464245419,269.5835418612264,-2164.261875596219,,
544.0216553247375,273.120513098732,5490.246603333136,13.620269767652466,13.669419767652466
584.3213254774972,273.49458813165137,826.7059816128484,15.675871697557866,15.725021697557866
194.87272788885434,273.7212416820196,6844.246460063257,13.380935297437244,13.430085297437243
672.2021585898699,275.1558687847475,174605.56287091805,9.864104207333103,9.913254207333102
983.6370395929077,276.67708611513535,1729.4095447126033,14.874504768618745,14.923654768618745
252.29100249817324,274.99016198502494,-486.13477379608474,,
423.1870490468608,278.9756460158807,10046.213509629551,12.964243387795602,13.0133933877956
487.0914326254923,276.15319085659337,350.10312320247135,16.608759434876852,16.657909434876853
526.9324653056793,277.6300299945082,14088.11049848362,12.59711752419681,12.646267524196809
1004.9154889279038,276.2042484158307,-539.5446252346514,,
105.51503758896177,277.168835296055,598.4806610127812,16.026624093958,16.075774093958
610.8187014830046,277.2733841887801,4822.247706318881,13.76112560949583,13.810275609495829
647.2221034870216,277.8745499360572,6143.392039205949,13.498228820950203,13.547378820950202
313.8795668770239,278.9294485911456,-794.4588807753839,,
688.2285796616802,287.4709696881204,382581.7010011668,9.012438913098007,9.061588913098007
777.4663392176632,282.18818226690513,20221.830642162102,12.204698225347258,12.253848225347257
219.2565118649543,283.9701831702344,3912.244617772687,13.98818439311022,14.03733439311022
339.7014697324711,280.5736872827078,1806.698648233227,14.827035098425128,14.876185098425127
136.84340790514696,295.5600045088622,536357.8489600255,8.645612796503992,8.69476279650399
743.2192346328652,281.7143909965972,2754.992218612378,14.368948456129445,14.418098456129444
1052.416869896931,285.2589148271946,6998.991016175631,13.35666080733009,13.40581080733009
11.518705499980591,283.77323983007176,10697.471456802448,12.896046556564293,12.945196556564293
497.05752949187615,284.1954595540317,4390.0938653478015,13.863064882311042,13.91221488231104
377.148742199168,286.03542209444316,1419.1752722687802,15.089159308975987,15.138309308975986
647.3290865305711,284.40615322632834,3301.0161007409806,14.17263029094749,14.221780290947489
511.8387345561139,286.52590653940644,6506.360326327645,13.435904119692392,13.485054119692391
881.1767496745497,287.7928781419708,1952.4791434873794,14.742783388947386,14.791933388947385
1039.2175203632528,287.55700764608144,8209.599551695892,13.18344446348687,13.232594463486869
632.6229442632238,289.6500975758378,5821.080644655566,13.556740357481347,13.605890357481346
669.5220224777139,290.28197805115093,258628.72767317647,9.437557489222192,9.48670748922219
762.0936394532905,292.54576039890145,18751.06409791086,12.286684601484945,12.335834601484944
953.3470962904478,291.0088215560337,702.0409902294822,15.853343222170142,15.902493222170142
180.46672724587307,291.30218923746975,-679.5518989199265,,
789.5447858457683,292.8810044852277,6606.024452472606,13.419398955182643,13.468548955182643
530.0862792904109,292.0824443980134,6688.046218715693,13.406001233234806,13.455151233234805
558.8804928714915,297.1748195606994,137946.2370473051,10.119974752181037,10.169124752181036
0.8740538141583104,299.77948310648503,10077.922642394502,12.960821846448805,13.009971846448805
284.55993132776007,294.02072353999455,93.87591940226753,18.03786388890681,18.08701388890681
848.6914729020168,297.06857365431483,12949.87337049282,12.688585593182859,12.737735593182858
1021.8962775334721,294.43698865248723,337.59546404500827,16.648257890517456,16.697407890517457
269.49761452333826,294.5303026585533,-578.6370809628168,,
583.8798986002396,298.1412199918921,3108.6461899388246,14.237821158226147,14.286971158226146
877.1988179798793,298.8759422649343,3713.8244293099847,14.044695975827256,14.093845975827255
450.4306381172388,301.07112561056243,3965.91105767541,13.973391972017327,14.022541972017326
610.9536899239528,300.3867936875757,-805.6019636002515,,
973.8131541751803,301.5337488166772,3277.800694942608,14.180293040038167,14.229443040038166
540.5656293695818,303.7507608688713,86087.05295104382,10.631904795692051,10.68105479569205
824.8227461109352,303.89785859027535,7474.505260810326,13.285293267730935,13.334443267730935
474.3025080629962,305.51173869282593,3287.211906983911,14.177180144065833,14.226330144065832
342.3967844222859,306.6163638848716,7447.33118417943,13.289247728906446,13.338397728906445
356.85962609935723,308.7822488467227,5139.80004023859,13.691883838854661,13.74103383885466
651.7388951139546,306.59706389336566,6942.416747402744,13.3654726963556,13.414622696355599
408.774616362381,309.9423825651905,9686.425265136304,13.003840567351652,13.052990567351651
435.32284670820474,307.75192288608037,12881.396114570827,12.694342059016765,12.743492059016765
630.4062272081426,307.5834610686944,-592.4086042735044,,
230.94540160427934,311.49337395551146,13288.231162674143,12.660581461186949,12.709731461186948
110.16561321647393,310.7521120641422,1513.0691450290653,15.019602459740561,15.06875245974056
836.3728746041415,311.82715619009053,12269.885173779556,12.747148151340507,12.796298151340507
476.6414836478924,314.74412149819585,3893.3379491572236,13.993444140117404,14.042594140117403
551.842584394064,315.7483801462423,74971.66053437848,10.782006572310479,10.831156572310478
657.4979930306214,318.25796445706976,9605.70277021324,13.012926537193719,13.062076537193718
699.5568719924707,313.39578314070747,-1636.0456348441178,,
738.1230878373244,316.7220171581656,54590.948838408425,11.12644779050284,11.17559779050284
887.7159414133075,313.48644212310364,2989.203202803982,14.280360800194941,14.32951080019494
1015.6635522818275,313.2370980376129,554.5185090377881,16.109459280330604,16.158609280330605
326.91236695602464,315.3669297680967,1624.8733005849579,14.942200641114995,14.991350641114995
588.4091744060361,314.9103750896902,-36.16534057348781,,
938.9549126404535,314.75579570409013,1163.117792381529,15.30519014936764,15.354340149367639
965.0907648205715,315.65861062697104,2848.859609200401,14.33257177775734,14.381721777757338
780.9821988671106,317.28243914469874,-161.73332539924547,,
289.1160907529413,318.4497179883146,1255.9836439951418,15.221789437844306,15.270939437844305
410.13812260626145,317.81593612475433,16919.371954742946,12.398288802381007,12.447438802381006
141.52235357617806,318.0188355573114,50190.23254075175,11.217701377839946,11.266851377839945
808.7476340258639,319.5387961125724,1495.420665078131,15.032340952908758,15.081490952908757
198.94274668891788,321.6109611393296,-688.0713898145563,,
426.7036301685364,322.83886794836604,14251.822431365505,12.58457339077621,12.63372339077621
93.86000426671909,322.55912526955683,1242.4178068930048,15.23358022930171,15.282730229301709
527.4442660687795,325.4543124171581,5366.985315928974,13.644923379828459,13.694073379828458
261.8227093253591,324.18490903075786,1475.723664220474,15.046736793629403,15.095886793629402
478.67877284522945,323.93901112878603,3105.577093452649,14.238893610659833,14.288043610659832
54.238221708357564,324.2318446892956,1094.2681080636312,15.37144004223768,15.420590042237679
406.0959021284412,325.93637251300976,10626.317789822406,12.903292398114813,12.952442398114812
415.01985719333896,325.15703031833687,17444.64614571264,12.365093986306466,12.414243986306465
545.0107672741418,324.4518064007267,13568.481304803972,12.63792129598579,12.687071295985788
4.220300866226734,328.62937977025996,582.4539663221701,16.05609537993591,16.105245379935912
439.18815701677147,325.3506043063919,11856.649121868162,12.784344477920538,12.833494477920537
747.3927400866542,331.55197916739263,51148.9641510755,11.197157290040183,11.246307290040182
919.4571727190781,329.52024488397285,45.14748289035316,18.832665542264337,18.881815542264338
656.730543346149,333.60821976511284,6561.571956562555,13.426729657924797,13.475879657924796
948.1088000205456,332.55829433969103,1991.0167716439594,14.721562101498723,14.770712101498722
772.602806603835,332.8159900676434,-115.32261294175501,,
142.59811394557386,335.10117133929134,6567.449083767175,13.425757611312541,13.47490761131254
455.4918001938826,336.2117302941893,3163.746757192429,14.218745114928005,14.267895114928004
86.00419277324649,337.36974866159017,19186.287034374727,12.261772053980415,12.310922053980415
152.88644937585943,338.45963335789367,5650.744156540204,13.58898528598146,13.638135285981459
1057.62205467994,336.53392513126647,-888.9133803094683,,
934.5116218781393,339.60464870162633,1064.6434587192157,15.401238922255008,15.450388922255007
51.93055746201605,340.91400485016356,2266.8415699676825,14.580696476838986,14.629846476838985
200.39344700620185,340.92354258899275,7007.899252810739,13.355279773259914,13.404429773259913
313.6176926844738,339.83425212902745,260.70210278182594,16.928888062143795,16.978038062143796
261.86612060247296,341.88993609650373,4000.655432652252,13.963921526990173,14.013071526990172
343.89904385581286,345.8374545781998,12525.328673649197,12.724776570253685,12.773926570253684
554.9803282360456,343.38466185852405,-450.1364943672972,,
379.7766001444539,345.58691355722056,4050.284323803526,13.95053561973269,13.99968561973269
726.2911160591017,348.091170516803,1400.7641423545422,15.103336857793103,15.152486857793102
35.55495342084633,350.15399651723226,837.0086314616904,15.662424556026753,15.711574556026752
87.12702658732603,355.4189794353007,30866.274292710244,11.745538869427293,11.794688869427292
126.37870724617247,348.9529694519543,206.01676561163094,17.184492985917977,17.233642985917978
453.1969534651451,349.67927371989464,2799.344227127791,14.351608633312928,14.400758633312927
739.009569864286,349.02252860801417,7903.637322637895,13.224681888994843,13.273831888994842
307.6828798260186,349.7830734127781,400.3187487911106,16.463234570940187,16.51238457094019
901.2610302751718,351.11330283506527,-1379.1558665556133,,
1002.1290839203181,351.0261740462106,8326.498011807522,13.168093440758085,13.217243440758084
1038.104199976664,355.22886033557575,1486.861760679248,15.038572916596511,15.08772291659651
250.13592507271613,352.1062980886038,1062.5151707929458,15.403411548212201,15.4525615482122
432.3399210517516,352.3365124487939,678.0408938357671,15.89110967817842,15.94025967817842
99.08204439722208,354.9268537332105,29300.720159109773,11.802053660815668,11.851203660815667
370.188469515314,354.88723911126897,5676.535616600411,13.584040979684698,13.633190979684697
476.72588455153044,352.33605108331665,-113.22189495804548,,
348.4453251829236,354.49804556538425,12937.779031811484,12.689600073919097,12.738750073919096
210.4666805116355,358.03964681685807,12372.478709245195,12.738107609618261,12.78725760961826
383.9621031579186,356.8885294865349,5466.7138284134435,13.624933547388537,13.674083547388536
585.4127503515516,356.6639439782688,-1425.7410558780439,,
704.8650445588613,362.56441387904465,36479.48635455537,11.564127610818126,11.613277610818125
801.8020793951785,358.26520935963697,2191.163815710824,14.617562278768514,14.666712278768513
1015.2415273025753,361.94379997354815,11294.278678211413,12.837103148882605,12.886253148882604
183.95016953174044,358.4683083844444,2829.317709749811,14.3400451024957,14.3891951024957
51.560323306322225,358.84178156450633,856.9818612319751,15.636820322977908,15.685970322977907
999.5513735203547,360.7816794890075,10929.028310587637,12.872795520074115,12.921945520074114
141.1239562708864,360.48875279615663,-107.72317875319379,,
693.4801713053025,364.31347359412774,58921.142826318595,11.043571493056383,11.092721493056382
674.8507035598445,365.03652505320395,31667.580477910626,11.717712190201368,11.766862190201367
531.816030609111,363.8891702320251,-476.4887029494679,,
633.8947162159448,364.20384510446763,4090.767327909083,13.93973745079486,13.98888745079486
490.02658464283786,365.5414248231322,696.5576973584714,15.861856658007552,15.911006658007551
10.99172395782197,371.97023702466817,132228.3344866701,10.16593807819739,10.21508807819739
383.735563104782,366.3058586470802,3581.473047516238,14.084095179449324,14.133245179449323
979.2453618342075,370.66104434468974,14811.163643073287,12.542776446663696,12.591926446663695
563.3973654185667,374.0799917143794,6183.746954148064,13.491120123832976,13.540270123832975
958.6437607516564,371.06206425358505,48.29569215298784,18.759478411053877,18.808628411053878
780.2721409306226,372.1678868474812,2726.2342844795076,14.380341459774373,14.429491459774372
196.31308838811853,373.1450274367509,6424.991097936838,13.449568071794374,13.498718071794373
271.22439930288533,371.9323829207795,2637.074943923387,14.416443216650109,14.465593216650108
419.0547070119701,377.92033394931116,68656.21392599965,10.877549771452191,10.92669977145219
75.16714028775779,379.1660620616235,13570.180494659602,12.637785337038288,12.686935337038287
342.0836823314865,375.0593870769919,44.887327845594655,18.83894001620929,18.88809001620929
167.92022887826278,377.47951909228357,379.6693880192791,16.520735441828606,16.569885441828607
433.52365060375433,376.5780485477604,59445.71856375919,11.03394794483659,11.08309794483659
784.0744216047345,381.00832769724934,29888.83928064385,11.780476773126345,11.829626773126344
259.5025528697039,378.4504968809967,5029.180888141145,13.715506256271812,13.764656256271811
721.3445614406793,382.5792926135426,4030.227738813041,13.955925427957425,14.005075427957424
1020.8425381719616,379.60962013053455,6315.756854315743,13.468185892291483,13.517335892291483
406.622445973268,381.62592003794936,33543.71529299794,11.655221489286895,11.704371489286894
586.3414422335951,380.7785297034653,6769.752371205954,13.392817439864226,13.441967439864225
633.3753590156704,380.73000797894787,3573.1501741588972,14.086621224141783,14.135771224141783
996.6359694142384,381.60890265462245,19194.7406541914,12.261293775945802,12.310443775945801
932.6889352318377,383.1243810707073,4010.329869693441,13.961299155018144,14.010449155018144
255.67273114730372,382.4187186181812,5466.650520660803,13.624946120923433,13.674096120923432
666.9744551926792,381.84163164742665,24005.345325248574,12.018479502907473,12.067629502907472
285.909514072975,382.7054053056931,10744.919744983652,12.891241457363135,12.940391457363134
854.2853100673066,384.6890954963913,5893.025849307245,13.543403532228863,13.592553532228862
426.22101270110846,388.7702417881895,63272.78154996712,10.966207079968552,11.01535707996855
984.3180644557314,387.1244483255991,19298.54715990357,12.255437858659493,12.304587858659492
599.3980152161805,388.01076134069075,8579.21716236485,13.135630244747047,13.184780244747046
798.912559076953,390.2562244863892,31912.04848121349,11.709362689755254,11.758512689755253
1030.2411327892976,385.31167774629967,435.7532195479506,16.371147886066012,16.420297886066013
85.13446781289838,386.7019231385556,11618.304463787028,12.806392514463655,12.855542514463654
134.88026640940936,386.3804479646455,-1156.8133256206847,,
257.3219814924879,388.6048432817545,21068.39602331273,12.160170714452489,12.209320714452488
264.91518009762126,389.01648783444057,23716.84559428009,12.031607082045703,12.080757082045702
566.1418031224438,393.46180805391117,4386.620627534091,13.86392420620542,13.913074206205419
895.5410764251071,389.65344815276165,682.4370465903842,15.884092910499595,15.933242910499594
7.719187400090323,389.36736103389035,113016.72422729203,10.33639260951541,10.38554260951541
675.0117941035297,392.1158474727278,7978.618409339055,13.214430160686689,13.263580160686688
540.0597870678718,394.85334117422934,2312.6750017808718,14.558962882400117,14.608112882400116
865.7471930849545,393.32506332146966,7562.567544835474,13.272576231062448,13.321726231062447
1066.1187455228885,392.3027583653003,-448.64033768794616,,
272.43551778081815,397.60358013456073,24087.742689489205,12.014759139222795,12.063909139222794
116.02543147044729,394.21524988460897,3123.8338754354304,14.232529572058928,14.281679572058927
21.611218494427245,395.0367436455652,13867.129691867669,12.614282954234902,12.663432954234901
744.3679267357281,394.03479576969033,-1371.778599714486,,
228.27093254324654,398.76639912074495,10568.451905079834,12.909220959084736,12.958370959084736
1013.320100240738,395.8892593695215,4352.84017694574,13.872317593782382,13.921467593782381
40.943200220923536,400.5503611691297,29188.729500807967,11.806211417867978,11.855361417867977
312.2017112656226,399.6315530281154,7792.628754567848,13.24003943075946,13.289189430759459
176.18347903174924,397.50226986658816,-75.9329968829916,,
236.8638417820123,397.3933186614376,11535.883285681362,12.81412226391995,12.86327226391995
599.8937700704239,398.6383739801492,5770.138607706867,13.566283783200541,13.61543378320054
129.46080363135016,401.01174073926893,1671.616463937168,14.911407797707296,14.960557797707295
649.1432506326677,401.46449368157624,-1555.972274643961,,
347.07606919473966,403.89099838223734,2575.743711187998,14.441992777109558,14.491142777109557
586.7350207240845,404.2000547594052,4202.559964179145,13.91046460027201,13.959614600272008
437.6771541007231,402.84600274013917,85540.76672031046,10.638816550943043,10.687966550943042
780.9039040557075,403.9896924517356,4471.406289018123,13.843139064193789,13.892289064193788
887.3072849748554,403.7009969226256,2933.176861603898,14.300903771474617,14.350053771474617
451.38665696136223,405.64728627658405,2022.5116846952644,14.704521799102675,14.753671799102674
1032.3074238190693,407.72305309637426,20141.03668909416,12.209044846037546,12.258194846037545
288.5177058436993,406.9690779885069,18430.305199104787,12.305418079885518,12.354568079885517
374.3826741892132,407.09805438986234,4662.681167997819,13.79766009844586,13.846810098445859
101.32159018976614,407.0591891746122,1455.4662533348178,15.061744046794317,15.110894046794316
878.512767586924,408.3690447178777,9549.090497149034,13.019344374506012,13.068494374506011
421.3647217252917,418.2484339226888,120054.59339916232,10.27080244443289,10.31995244443289
676.5803007463222,410.7100555689939,8963.046074886868,13.08811032513491,13.137260325134909
35.681613060289095,413.3016061880385,54786.30657919474,11.122569338866967,11.171719338866966
125.4960749169969,411.56129721728865,749.8934550470633,15.781750489570557,15.830900489570556
916.8187337838199,412.4660764165532,3434.6727659696307,14.129535981180268,14.178685981180267
858.4195786092108,415.381136913392,13995.86979074658,12.604249663946149,12.653399663946148
1003.2455141639437,416.5404390538801,7143.963072376,13.33440139500351,13.38355139500351
802.0425891899648,414.7812864154054,2795.1911330898056,14.3532206225477,14.4023706225477
444.72879496393244,414.9460669133102,45099.63010043264,11.333816947770016,11.382966947770015
163.7045377722027,415.61124465587255,-468.0123867651093,,
389.74591147744286,417.06906616977005,13566.757408597437,12.638059249187304,12.687209249187303
256.45072729821766,417.1510189298783,6557.187368937347,13.427455413400107,13.476605413400106
706.5447312403624,419.1988515807041,5068.012694088496,13.707155162449835,13.756305162449834
319.99191313236986,423.53954232538985,29289.495803294543,11.802469658245704,11.851619658245703
724.5870112576779,422.2224862479836,4410.755176074628,13.857967016366338,13.907117016366337
277.0375945726766,421.45228493549587,6029.891874623736,13.518475585896486,13.567625585896485
908.833129643906,423.2062289652525,2884.1778973650453,14.31919428660405,14.36834428660405
77.35768047306999,424.7668437998858,62.146994124654384,18.485699077769006,18.534849077769007
564.8706978666489,425.2417152830529,12749.856533669732,12.705486152607184,12.754636152607183
245.72442398973928,425.04132917008815,5375.754498872371,13.643150829866972,13.692300829866971
383.3179405144686,426.3677444007188,11792.434795804704,12.790240688552561,12.83939068855256
775.7983561591071,429.027927541405,38396.0512022975,11.508532992106337,11.557682992106336
768.3480031818484,424.3822747942531,41888.212712842884,11.41401982180031,11.463169821800308
1073.5619905461947,427.34115877366673,5457.761541703048,13.6267130056496,13.6758630056496
16.003829183913357,428.9830489421563,1919.0165063792801,14.761552621660519,14.810702621660518
254.14350774855276,427.65999000506474,6865.331205722192,13.377595662863895,13.426745662863894
798.5928418423276,427.3016729102293,5284.458992708796,13.661748067141247,13.710898067141246
92.00320222948943,428.3399946144335,418.1664664008531,16.415876390122843,16.465026390122844
170.2483978225993,428.4312206666582,4673.341764213136,13.795180541488905,13.844330541488905
615.6424070646286,428.704010921264,-3126.458976216031,,
39.030040527436675,433.73729034213477,69122.23060906891,10.870205035981403,10.919355035981402
409.49450978160354,431.71685999853884,80938.72868526043,10.698858450997646,10.748008450997645
878.9355298822593,433.69276708453,2758.3490247392165,14.367626351716261,14.41677635171626
79.8399545337993,432.1412899219824,520.9886200297927,16.177178804737004,16.226328804737005
491.530012630845,432.67643003557396,80.38523513201488,18.206308681374477,18.255458681374478
576.6105367057347,436.5741614924826,11256.520308920528,12.840738999382252,12.88988899938225
754.9880074824058,433.7581667577293,14750.211938737888,12.547253746154444,12.596403746154444
937.5822484401954,433.5957001107169,3082.352354051529,14.247043690272857,14.296193690272856
120.69304041308918,433.9181191241493,-23.891683663458252,,
261.81952281577907,436.5748239654927,9223.758981661944,13.056979531854218,13.106129531854217
549.9188680270346,436.8276203258682,21707.34057650683,12.127732847095913,12.176882847095913
1036.3825162731014,435.1413978429297,4644.595104534831,13.80187974725504,13.851029747255039
232.6166337076668,438.4190023964357,7065.855651610098,13.346337495011127,13.395487495011126
335.0015953921767,436.63538160797845,12659.132560485357,12.713239528434881,12.76238952843488
436.49344485060504,438.90213491908565,14729.61833520223,12.548770662932757,12.597920662932756
466.3817648584329,438.8578136242659,3285.2659284712954,14.177823073396128,14.226973073396127
394.6646316832417,442.81438651608374,30039.907376036066,11.775002924360274,11.824152924360273
176.68156461683014,443.5378542325517,5569.298742433156,13.604748111276301,13.6538981112763
985.9890063679939,443.7546901378103,268.2696026475496,16.89782073247828,16.94697073247828
792.0257676284475,443.17013520256796,16897.924455068263,12.39966598698727,12.448815986987269
163.31903596910354,445.59185955123183,11009.848702152773,12.864796020180982,12.913946020180981
417.63039477345666,446.73057696028957,6047.4206313141,13.51532395441934,13.56447395441934
925.6269839676061,445.7369056455961,1774.1191528975132,14.84679243637467,14.89594243637467
1051.4164984680435,465.9076802394637,3168460.2446506876,6.717128741702112,6.766278741702112
469.2382599418937,448.0508225581995,4752.45870137638,13.77695351858354,13.826103518583539
600.1889542082639,448.2948160519813,5768.495152204886,13.566593067503796,13.615743067503795
1031.643159955378,446.57340734877886,22490.65891273008,12.089243949419306,12.138393949419305
234.47839635823195,449.5435375107996,7788.688928735325,13.240588500064755,13.289738500064754
380.22978227763974,458.9182356429899,128268.01069394237,10.198953499160412,10.248103499160411
269.2475299560717,450.5274666495261,4715.631411521415,13.785399767634566,13.834549767634565
697.2846471601559,454.84562634750813,10471.38659562237,12.919238913203614,12.968388913203613
516.1332523726019,456.6595628720286,29440.893658308414,11.796871926027924,11.846021926027923
548.1048021172105,456.57724935096667,44033.39006054867,11.359794091508686,11.408944091508685
1021.4977864434532,453.2258433362397,7834.421453120586,13.234232070638198,13.283382070638197
785.5172857785221,457.9465256897877,15764.667998311303,12.475037324977063,12.524187324977062
841.0080805114717,455.83282029887863,3527.570911205408,14.100560015729204,14.149710015729204
999.6488184941551,455.4866894004522,2131.9357466093743,14.647314118580177,14.696464118580176
17.752879732938318,459.0963713454185,20053.40703314007,12.213778975036883,12.262928975036882
76.92825825681469,457.27901679752995,4729.774650916683,13.782148274064255,13.831298274064254
157.1395515166572,459.16548759275986,7572.132335345477,13.271203909072264,13.320353909072264
497.6708454024629,460.97903922371023,24413.384864504376,12.000179403453387,12.049329403453386
212.29068227704795,457.50594171278874,32.61786636007639,19.18561052490233,19.23476052490233
646.2095443439862,458.3646865740111,3271.595010773698,14.182350554439981,14.23150055443998
656.0848375305065,456.9833970205981,3089.2235096890704,14.244626069330849,14.293776069330848
810.3654419719657,458.3574331032429,3746.699976615921,14.035127103437109,14.084277103437108
871.0646134415047,461.0571653499459,3522.656682775194,14.102073599941377,14.151223599941376
599.8410688649951,459.23549413601233,22892.907572089156,12.069997010337307,12.119147010337306
612.6071148232874,459.88081863041083,23803.883882101894,12.02762983981884,12.076779839818839
662.95102413094,463.1021659366759,2490.945179603546,14.478338973112528,14.527488973112527
39.05471659998972,462.5535990610714,3708.438208860432,14.0462717798268,14.095421779826799
351.7059592090321,467.96628785534625,6991.664463573554,13.357797952641803,13.406947952641803
565.0685017849362,463.41226704308315,30483.641994957907,11.759082266084025,11.808232266084024
105.68242826660611,464.32254125085734,399.07486368290074,16.46661346255368,16.515763462553682
240.72017496424385,463.9518217928732,8403.4991052119,13.158099002064816,13.207249002064815
249.08451573886953,466.35289231301056,1172.5607613954803,15.296411005351406,15.345561005351405
325.7620616901263,465.12383314197695,-879.5075903395623,,
395.53125419741366,467.3369049952057,112491.46907393416,10.341450426348596,10.390600426348595
614.6343164816197,468.9433086497737,20144.421879416055,12.208862377035988,12.258012377035987
845.7724228980508,467.3226074898012,3486.123127982056,14.113392592248747,14.162542592248746
1076.6611706805604,465.5048630673165,79751.015552219,10.714908842262167,10.764058842262166
294.8265979975422,466.5777629151466,-1651.3066374625446,,
69.35159238644357,469.2655865291038,5371.59789204032,13.643990660662013,13.693140660662012
769.3114847442084,470.2890703740414,9566.822494595417,13.017330107424925,13.066480107424924
913.772302732412,469.6539988051015,1045.843785525453,15.420582347120138,15.469732347120138
542.2771516844296,471.0742429560256,39059.84053212137,11.48992323277443,11.53907323277443
379.99034825788584,472.0324456046682,122881.45867105582,10.245533502390106,10.294683502390106
875.6084401243901,470.83427797995785,4389.547436272993,13.863200030846212,13.912350030846211
1.1894197644410818,477.3089501001697,7499.52238219058,13.28166538345813,13.330815383458129
463.7315992212841,473.6872072099564,1164.195942552199,15.304184194097724,15.353334194097723
787.7007595756467,472.1632998068847,20936.62650922395,12.166982633256534,12.216132633256533
806.7628047488333,475.90592283508016,6679.086427992899,13.407456739196896,13.456606739196895
839.2770068816392,472.04844120664524,3698.654481554292,14.049139991033368,14.098289991033367
567.1528376235702,475.9358269464147,8166.130321962862,13.189208631280517,13.238358631280516
522.0149516938925,474.50830411813234,19954.023258473633,12.219173212231917,12.268323212231916
48.22151984573687,475.4181473010682,722.8038843304128,15.821698203018268,15.870848203018268
442.29505913635757,477.6449318363822,654.9646425117496,15.928704758093923,15.977854758093923
602.0927665777178,476.1628725727912,23726.245889984828,12.031176830087144,12.080326830087143
139.7420621303324,476.51208748086924,327.31881023691767,16.68182198772449,16.73097198772449
70.44344550682696,477.8124315077926,3273.1981659934618,14.18181864956484,14.23096864956484
290.26936256912643,480.56615881421453,168.23760810723002,17.404441684461045,17.453591684461045
921.9049724989228,478.61171615683503,6820.610403412143,13.384691289657738,13.433841289657737
215.3422473113458,480.5792788125936,1464.9686994248748,15.054678533382571,15.10382853338257
377.61508901993653,480.7334342417164,22590.594822556995,12.084430231778338,12.133580231778337
973.1539076188761,482.0297835868401,19.499711754458872,19.744178918348332,19.793328918348333
194.81859239151208,481.7427660023909,4965.350408155533,13.729374641551344,13.778524641551343
33.23948094271938,483.425301328358,1084.0226285632598,15.381653527400022,15.430803527400021
203.84231648547737,482.4040900213208,4987.391815518418,13.724565676833217,13.773715676833216
109.18736014314563,484.54255301053485,23772.75902549455,12.029050427167682,12.078200427167681
603.7938579250998,483.85618324775896,20747.568312669762,12.176831389467097,12.225981389467096
980.6793026873805,485.01072597375037,523.2461033842657,16.172484390400772,16.221634390400773
1031.0710594760835,485.2561329233109,30469.34883126847,11.759591465234788,11.808741465234787
589.5087700093026,486.2325878890479,7590.130653758462,13.268626268106892,13.317776268106892
717.6543737093675,485.3050304202996,-608.6226494353564,,
943.2649371529498,486.55109282092405,1389.359705634884,15.112212649316053,15.161362649316052
1069.1322327599364,485.35768731185436,38329.31193680437,11.510421839604367,11.559571839604367
158.1123897102271,488.0627627626615,6604.996891326935,13.419567853606418,13.468717853606417
868.9670249695125,485.68706125273013,1157.1583327213375,15.31076742982313,15.35991742982313
453.8235637980419,490.08064900801526,2663.7783659677934,14.405504178851794,14.454654178851793
266.428571349939,489.64575659805155,-826.2507108605348,,
397.32950496452463,490.1478308987598,1686.1355196204108,14.902018204467613,14.951168204467612
482.1286565180502,489.8552169494254,-2157.409917394751,,
561.4270940924615,489.3633753267686,7127.452831250006,13.336913517789066,13.386063517789065
189.45873617150565,494.17833426812456,4128.121024514275,13.92986834483059,13.979018344830589
789.9370162523666,492.37216385711804,5324.451234864877,13.653562262950794,13.702712262950794
410.27190893611026,495.14322041142043,8765.824924491733,13.112267416339634,13.161417416339633
1038.3919403268083,492.91386548188257,24220.091522291266,12.008809947697186,12.057959947697185
98.96096310460007,497.69793906515287,31896.298583471842,11.709898677140393,11.759048677140392
604.1965607924586,496.5596766870337,8011.75882115296,13.209929729465276,13.259079729465276
148.32758074744464,497.9889044069992,8724.552464873204,13.117391500954117,13.166541500954116
218.78427299029127,495.12777619502526,8499.154270138111,13.145810116744975,13.194960116744975
626.9247046328422,500.355886557226,112079.37652099557,10.345435131535567,10.394585131535566
657.7985088808899,496.0817195386888,35329.56862263913,11.598903560749305,11.648053560749304
686.3376594934872,497.29662388573155,3848.9549351626893,14.005892331823683,14.055042331823682
753.9251366542732,496.1091185314815,322.23953150006025,16.698802353829063,16.747952353829064
922.0539725742219,497.4227482797274,6645.644667406504,13.41290660624407,13.462056606244069
87.07048297865335,497.58952215420135,33704.08506029437,11.650043042061407,11.699193042061406
373.54588984818224,498.28425184713217,2169.7091804363727,14.628245581052632,14.67739558105263
640.9653594292772,508.11069553060406,117118.95522872303,10.297681423564718,10.346831423564717
897.6949290563767,501.0562158535885,1581.2970840943103,14.971715722230972,15.02086572223097
80.17669717255458,500.6579729979492,29599.170425313692,11.791050549284526,11.840200549284525
307.85142555269033,499.01989943055645,91730.3692712238,10.562966542941409,10.612116542941408
1044.2012713152387,502.6095186942205,63361.32935362617,10.9646886964735,11.0138386964735
10.664772702701153,500.7178769611486,7386.052884630201,13.298218365217304,13.347368365217303
32.35406004819685,508.0761431661585,19595.931305139526,12.238834626630197,12.287984626630196
791.1346084162606,505.01496834755045,22961.342838580636,12.0667561896494,12.1159061896494
862.9377051379137,501.2092817724119,1076.644896775373,15.389068181944117,15.438218181944116
1007.1739032849644,501.25210051884454,-1220.7773205423014,,
211.55303235511514,502.28768165719487,3921.5630247236654,13.985601399748406,14.034751399748405
338.7985591812701,502.8837383298231,-1479.9145474266122,,
250.30909434316948,503.85831716884866,28394.48054257583,11.836164577540147,11.885314577540147
557.4678878703653,502.7750893640328,1659.7547720589139,14.919139582509885,14.968289582509884
672.1428576001194,503.17274815922224,5440.563263297424,13.630139735786365,13.679289735786364
1029.043723303627,504.03758321001436,52796.29802226109,11.162740718265965,11.211890718265964
296.7386314668757,518.1609176384053,765659.0955364949,8.259160782409655,8.308310782409654
783.805031776872,504.26799949125495,12879.058482168553,12.694539109276885,12.743689109276884
522.7563798257518,506.2163733310961,211.42874960165517,17.15633929406332,17.20548929406332
734.0123509563056,507.3821433781044,12303.99103238758,12.744134382657808,12.793284382657808
815.7634406248092,505.2873560802706,18169.114547336885,12.320914990127186,12.370064990127185
416.6565922342944,507.4477745479711,8686.208069609944,13.122173826851213,13.171323826851213
842.8893176026977,508.4256264277618,1439.029987227294,15.074074787284179,15.123224787284178
8.8150616991508,508.9845453179238,7563.819878449491,13.272396451990256,13.321546451990255
233.98140897512855,510.56160691794685,33679.86062674211,11.650823683367355,11.699973683367354
367.5799632315796,508.0800649255225,3251.964640579332,14.18888486058666,14.238034860586659
431.4715280916934,507.06362040785336,6368.750432595699,13.459113820351416,13.508263820351415
941.035642518529,511.30397047585785,30496.868297749865,11.758611286882552,11.80776128688255
1051.313156522291,512.6008023495103,59934.743590002996,11.025052768250836,11.074202768250835
803.1460223303569,513.508060021283,24532.79391905216,11.994881870770543,12.044031870770542
472.1076001287914,515.2220944665194,28931.108104670515,11.815836727240654,11.864986727240654
866.5465032534671,512.63612505465,-1651.9334976172086,,
83.74281265500343,516.281591914614,16991.38626872428,12.393677365209646,12.442827365209645
101.13166152012373,514.9522293512755,34693.90255323757,11.618616511663777,11.667766511663777
141.64918511219796,514.2858145187603,5875.540134872583,13.54662990445189,13.59577990445189
569.6040508794223,513.25199280859,-4.597714453898078,,
1036.7860519525113,517.9366493873208,64021.82347412219,10.953429298499657,11.002579298499656
154.7814583390126,516.107584958473,5331.485370801445,13.6521288427931,13.7012788427931
790.5207060148629,516.8970039415481,25849.94129295424,11.93810049468206,11.987250494682058
737.4851041005029,518.8553618980571,11373.964890123285,12.8294696891999,12.8786196891999
397.90928316504744,520.1708691452378,1188.910602251261,15.281376397616878,15.330526397616877
280.19158031237976,519.5155582709452,722954.4980819456,8.32147198706745,8.37062198706745
215.68572205909868,520.0388237711102,12683.772649367786,12.711128275222482,12.76027827522248
831.7064179150644,521.266692176628,-1115.7569942848502,,
550.7125342098285,525.4431871723696,5971.8356659080155,13.528979776924636,13.578129776924635
779.6461196957503,522.9473339502289,4491.8813831659245,13.838178699092776,13.887328699092775
354.9518100675102,524.54006218067,211.91453052986185,17.15384755651801,17.20299755651801
638.0026397004627,524.4823500741121,83653.52299277732,10.663038808464744,10.712188808464743
889.3395748274468,527.0409423125661,-1003.5632620462386,,
793.6490791171157,526.9161950392502,20034.112518487236,12.214824125994776,12.263974125994775
199.58122804866716,530.0033001525102,2878.928818748861,14.321172079677087,14.370322079677086
779.5106150339411,531.2301985852174,1582.2578022907396,14.97105628270932,15.020206282709319
429.33821565096855,532.9642656972464,1961.2229587316156,14.737931975975282,14.787081975975282
447.6489113718247,531.3453045885104,2236.9419137955424,14.59511262995415,14.644262629954149
636.3480980152799,532.6978105198381,7238.988267268,13.320054715631688,13.369204715631687
1008.5545792356406,533.1022784488003,42.485386621846544,18.898650460635498,18.9478004606355
583.0790004590903,535.0183373181442,-396.36937556623764,,
742.6442407238794,532.4548200956162,4648.233762521671,13.801029495308843,13.850179495308842
1045.2944244727444,533.8688971494914,44069.5527864971,11.358902789089921,11.40805278908992
68.96970666029515,535.6801137750517,7159.489249019256,13.3320442943057,13.381194294305699
356.6351654866556,533.9535221173704,-1025.0071363269362,,
656.4336422776879,535.3072019286129,3932.0753926098746,13.98269480674735,14.03184480674735
931.1823716520144,536.7962637563402,10018.013057285778,12.967295413963644,13.016445413963643
60.00096117430864,535.1169887826821,5682.49423173828,13.582901888606465,13.632051888606464
90.0315514421535,537.8556328696591,5654.151850243556,13.58833072771957,13.63748072771957
204.36268295977814,536.7981340644596,3283.2557781503865,14.17848760436551,14.227637604365508
987.6240556976593,538.4617313056793,-534.1174023154176,,
297.7667486709051,539.0220373724743,220967.10424588155,9.608430336655353,9.657580336655352
674.902597340069,541.7471464782791,3676.3660617965143,14.05570252677413,14.10485252677413
105.43304638534038,543.7973832576689,4333.667442073437,13.877110444283856,13.926260444283855
249.05897564290916,543.0382980019473,-3386.202397528674,,
757.8672101560949,545.2104434128632,10714.896448836129,12.894279451779035,12.943429451779034
1041.5404097365015,545.3530269423005,23169.956399104987,12.056936356122133,12.106086356122132
65.58234251682111,545.9431296750215,9564.24493787863,13.017622673082755,13.066772673082754
210.89289847641325,546.1077002451597,2697.238347762299,14.391951083490419,14.441101083490418
607.6255998783896,544.082468461017,-1383.301953295983,,
732.2418388729395,544.2493684868031,9665.255570466514,13.006216041948477,13.055366041948476
651.6219948908445,545.018157335478,3093.759155296978,14.243033143780636,14.292183143780635
747.5233064490844,545.5957696536709,8061.846952162581,13.203163024587546,13.252313024587545
289.9972623984911,546.7230098886071,10351.956808539839,12.931693269171204,12.980843269171203
180.6923829447371,548.4697598346655,3194.744378866784,14.20815911079303,14.25730911079303
679.175048285411,551.1967219146851,8388.028769833374,13.160099619054254,13.209249619054253
931.4220358624286,552.8878639320375,16521.766145765974,12.424108220650393,12.473258220650392
544.4866241274098,552.6838047666324,9797.06738609801,12.991509159427425,13.040659159427424
915.0344883080188,551.1850315601239,3889.0211286548256,13.994648640897369,14.043798640897368
100.9193068503926,552.6914616136158,17585.854572915407,12.356340703932348,12.405490703932347
342.71728945418135,551.9829068546015,1781.6789202988714,14.842175793154226,14.891325793154225
722.9625081938159,554.0221495026099,8311.99315238289,13.169986455558085,13.219136455558084
65.3072215776877,555.6732767562443,11284.253971601614,12.838067267126455,12.887217267126454
173.52615355964735,554.9745109880248,3094.539928118964,14.242759170815336,14.291909170815336
412.8662008503038,553.9332134318097,-2.072901431876346,,
826.8281093668606,552.9607416576699,-3206.2511534561672,,
197.3152524852995,554.7966180215534,3695.8062312739576,14.049976414059364,14.099126414059363
879.9434864960219,556.0175126553236,15677.546886667024,12.481054126753369,12.530204126753368
1031.5775776276948,559.526605674673,24618.003701587506,11.991117315847239,12.040267315847238
283.4350139657156,557.6568684336244,6627.312567835534,13.41590576257629,13.46505576257629
859.1606870804819,565.0338314849342,28104.001029080275,11.847329015759843,11.896479015759843
153.11754734331407,558.2095260600685,51.80365098545224,18.683348475576278,18.73249847557628
133.68790944397352,559.0228808888264,739.0364008279607,15.79758482283743,15.84673482283743
295.00077333927555,565.042803015907,8954.19805063409,13.08918265757459,13.138332657574589
935.9229020476779,560.4438072495155,8136.858415190689,13.193107499595984,13.242257499595983
85.19140410306164,563.1542718437986,20273.54894488122,12.201924947762837,12.251074947762836
758.42241315196,563.6537935334895,14656.38849773435,12.554181976613005,12.603331976613005
1001.1529707708523,562.1113565614239,25443.688859183647,11.955299207172594,12.004449207172593
321.799041755503,562.12604760995,-220.7847224569773,,
462.4423921162618,562.0332594230388,2957.985539041966,14.291759281242722,14.340909281242721
26.083120956073607,562.9191437961772,123.67892078160403,17.738510180099237,17.787660180099238
314.0136735573176,562.6723864471967,4137.509974914352,13.927401762966706,13.976551762966706
223.96035347155183,568.0896223914672,8139.8400237007445,13.192709723553607,13.241859723553606
349.79382819618667,565.9511633176185,2408.56449435164,14.51485369760303,14.56400369760303
942.9645409927499,566.1233919650937,8515.446387619855,13.143730849935942,13.192880849935941
505.58900388027314,565.0811774952415,4793.885885008881,13.767530168090506,13.816680168090505
552.274107355091,566.5625757651235,10408.666955963883,12.925761615664044,12.974911615664043
678.7941291343523,566.6681578166038,8068.121465311948,13.202318327777139,13.251468327777138
103.52616352275805,565.993238913194,15003.644382151,12.528757492700223,12.577907492700222
583.9608450465491,567.040360177465,8899.957561247873,13.095779558099636,13.144929558099635
795.5687032619328,567.8247449623049,985.6890619921144,15.484899554235403,15.534049554235402
974.5211210028647,567.0236152902313,28241.753039002204,11.842020269967138,11.891170269967137
453.75498059676545,567.9224148856064,3957.594289212116,13.975671220796247,14.024821220796246
492.0948090680524,568.0671492471712,3049.9965232515565,14.258501036759483,14.307651036759482
404.4825651685612,569.2245026438712,964.6283547254012,15.508349338417563,15.557499338417562
513.4942600367023,571.6059758432452,3138.6751196303576,14.227383485618219,14.276533485618218
55.56088607165962,572.498299024219,3101.3537525217253,14.24037113150715,14.289521131507149
152.95787572971355,571.9111443752282,-35.765399478959125,,
322.8474106137431,573.6102186996159,7777.657426609843,13.242127371548426,13.291277371548425
989.7259628475073,576.2720007305903,36545.2692074911,11.562171483916922,11.611321483916921
50.42729432176694,573.4772206446158,629.2793817478985,15.972140641521444,16.021290641521443
590.3090870291184,576.344920450789,18239.43144314627,12.3167211563756,12.365871156375599
127.2267788665652,576.3566759918984,2872.683554850586,14.323529926954356,14.372679926954355
759.9464750962535,576.2839929136359,13184.417983001571,12.669096990167139,12.718246990167138
702.7648969452606,576.9740355192216,988.1714864913928,15.482168601861357,15.531318601861356
263.8082409017149,579.5193061537389,122753.41991087075,10.24666539645123,10.295815396451228
506.32635901793196,578.0833588372838,5237.412814480358,13.671457381289654,13.720607381289653
82.41375227333967,579.4718985784459,16909.157905175503,12.398944448002942,12.44809444800294
294.1083451767262,579.599386256275,6500.48711118862,13.436884643647762,13.486034643647761
746.1312992772279,578.8876434305442,6097.822314282133,13.506312484435687,13.555462484435687
892.3076466533735,584.4818270343319,10584.146861375695,12.907609754182884,12.956759754182883
137.74694148421912,581.8297427276747,4285.971163446411,13.889126285656797,13.938276285656796
229.59757595498908,598.2007465895365,689534.5837632075,8.372859264485454,8.422009264485453
363.2487824589327,582.2055806454972,1981.4574835608125,14.726787502359954,14.775937502359954
1014.7645565566984,583.2806844862059,-2098.844840061854,,
17.079396938735286,584.5526075269936,871.2785023499098,15.618856901171927,15.668006901171927
26.460310026333776,583.5153521650001,2079.6465397898073,14.674275577933503,14.723425577933503
413.49082564395593,584.4829413238517,20350.228108943284,12.19782619331492,12.24697619331492
703.7440737288833,584.0602983322453,1134.8174055068266,15.331934426825452,15.381084426825451
802.2376417079771,583.7446057577595,2186.3500859301603,14.61995013768884,14.669100137688838
571.8189542456711,588.1733800875991,10617.587541451645,12.904184771444335,12.953334771444334
773.0592074699354,587.275821256713,2094.433409815662,14.666583004961064,14.715733004961063
946.5086802640731,586.9332248993713,7770.4852864551885,13.243129041384822,13.292279041384822
544.1142004393844,588.9897318719344,18968.941247335177,12.27414166899869,12.323291668998689
846.6687960351661,589.86068345876,20968.89999844432,12.165310276145265,12.214460276145264
592.7594617375634,589.839026522623,15558.684673384745,12.489317199780855,12.538467199780854
465.7722766008261,588.3854223367538,-1957.7201476916616,,
39.272493233713455,589.8565149648726,2426.7723291610205,14.506676811638984,14.555826811638983
150.69087708205896,591.6491589497664,2999.142419561701,14.276756673756458,14.325906673756457
262.68339101603567,595.9024072534578,131657.7661645443,10.170633192100413,10.219783192100412
318.2159355082245,594.0015304331914,28890.745627874185,11.817352521241036,11.866502521241035
363.65297123424295,590.1358393982949,1552.1814431775479,14.991893179969345,15.041043179969344
421.48709377817255,589.8650596768794,16521.443299271887,12.42412943687806,12.473279436878059
925.1579348958978,590.7956855689664,3485.0446729304654,14.11372852382793,14.16287852382793
182.6835239239066,592.1360562396288,73.41057595468118,18.30485281894299,18.35400281894299
106.42205509420782,593.4512559189697,1888.9960815477639,14.778671754873589,14.827821754873588
602.0312708989632,592.8070237355324,9940.401796459591,12.975739549546478,13.024889549546478
400.1429696520574,595.5595100120132,11055.648678157737,12.860288823929677,12.909438823929676
443.7152777874354,598.4374712128156,19029.941842783857,12.27065574486102,12.31980574486102
496.50650771859785,594.4483263929466,1657.7537018392745,14.92044938151496,14.969599381514959
961.5816138188486,595.1418534653506,6333.204921585151,13.465190546003242,13.514340546003242
425.4774510667197,598.2402553812595,24759.712921261013,11.984885385199819,12.034035385199818
985.2966375776654,597.7944981388404,10899.777521724489,12.875705313650483,12.924855313650482
356.6749577444686,597.3240823158709,989.8518496098449,15.480323900152909,15.529473900152908
487.79621905024015,599.0616462696964,861.7125856518893,15.630843307391153,15.679993307391152
791.9622555379358,601.4809306304469,8664.301247950149,13.124915537957328,13.174065537957327
56.88653350847809,602.1653667143298,3664.8738692366805,14.05910181622491,14.108251816224909
4.646696166518279,601.5087947818197,178.46595487102906,17.340360947501843,17.389510947501844
406.9753755833579,604.498726945572,20441.14942236147,12.192986115278009,12.242136115278008
580.2078604907572,604.1927482300988,11338.036362264398,12.83290478376388,12.882054783763879
149.3638877252697,605.4460768074565,2985.1163267401807,14.281846248027799,14.330996248027798
807.7590131161132,605.6222003341888,10106.904161125676,12.957704028685527,13.006854028685526
916.2752812155898,604.095698972236,2454.5895566333907,14.494302192165314,14.543452192165313
305.42616365779105,606.1483138365451,30493.15334621477,11.75874355302304,11.807893553023039
678.5433792056945,606.6419727774243,2226.7776244874076,14.60005727572628,14.64920727572628
797.9845203568515,607.9834049279458,9785.051094106095,12.992841653142372,13.041991653142372
176.04395662663677,605.5792556728379,9148.938512666147,13.065822625379258,13.114972625379258
498.97182092989016,606.3300895344087,3122.953300953298,14.232835672323134,14.281985672323133
1050.2110089216667,609.2687321611407,15236.349067257357,12.512047112824188,12.561197112824187
851.072622965255,609.1904834188683,13585.230061684777,12.636581903827501,12.6857319038275
408.03498602330853,610.2102778890334,16933.62569026741,12.397374508303493,12.446524508303492
420.5128397154088,610.9532324348535,18286.853888679085,12.313901910208346,12.363051910208345
806.8444972845027,611.3345680470644,10027.514175667668,12.966266185960258,13.015416185960257
322.6793216868774,613.8566035969667,20841.996042620063,12.171901124728794,12.221051124728794
463.5497955630013,613.3866524357267,7841.738068229017,13.233218568002489,13.282368568002488
946.5581327696352,611.9938196653544,2014.1139494695226,14.709039304144147,14.758189304144146
996.0710558659767,614.6490617089639,6925.834379966944,13.368069142742463,13.417219142742463
833.3969174768351,613.6961716315285,1888.6541386153442,14.778868310828251,14.82801831082825
1069.9301112398455,616.5776745905262,21013.88853331626,12.16298333686779,12.212133336867788
523.8672616090114,613.6963616479388,1670.2265964260014,14.912310909874108,14.961460909874107
184.08991442512018,617.2619401287092,22249.377986557403,12.100954712080473,12.150104712080472
263.27716279729447,614.6433148002845,92073.38807820609,10.558914086393319,10.608064086393318
610.1655468326305,614.6974458910611,7485.423653636839,13.28370843446573,13.332858434465729
39.96777499122891,615.8317780246941,975.0683775510972,15.496661717327434,15.545811717327433
407.1018625941793,615.6654182733038,7705.113550698237,13.252301789165593,13.301451789165592
599.2603814938464,617.7733718618887,7537.768051164816,13.276142473968074,13.325292473968073
661.9097985767805,616.4911610030182,2187.6966799636057,14.619281628173663,14.668431628173662
700.7913668939005,618.4512680472945,658.7887904322195,15.92238389533179,15.97153389533179
513.6688974691199,619.258668675713,1450.8903497983556,15.065162917168916,15.114312917168915
942.5279813622003,618.706203001591,6208.030338507965,13.486864820868728,13.536014820868727
1046.0199702508708,621.7161451075526,12194.225914262159,12.753863805866931,12.80301380586693
303.42231114980143,621.3345345226287,8185.141864587162,13.186683870001822,13.235833870001821
377.0605729684661,620.5513385211553,-798.1783076725742,,
96.4192662850792,624.8787085681182,35261.454352594505,11.600998845642001,11.650148845642
809.4181958059047,622.0921720348092,10794.801252637768,12.886212770535755,12.935362770535754
393.64091923087153,622.799364628171,3586.4602486429108,14.082584343487643,14.131734343487642
541.5842610687741,621.7844756910962,-94.46037056146639,,
148.47017972051964,624.1121787357175,-357.2810368593707,,
197.75229818112453,626.8681466944365,23621.12255117503,12.03599806540457,12.085148065404569
236.02873609362013,624.8713118561368,5275.078460611828,13.663677088377593,13.712827088377592
311.4754604083843,627.1376297339598,9661.984758099741,13.006583527360682,13.055733527360681
941.8986089808952,625.993348426217,6464.563945834363,13.442901308118199,13.492051308118198
1034.8583339639779,625.0144555110787,7658.0220712567125,13.258957863231911,13.30810786323191
725.3082234494744,630.7808007568271,28445.12476779166,11.834229789881807,11.883379789881806
1017.6148923642102,629.0688388215646,109.1944774582787,17.873747711582716,17.922897711582717
255.66570742835353,629.7429759328264,-238.97104657960995,,
459.45281156899756,630.1112071476015,10200.930983994422,12.94764987425729,12.99679987425729
978.4226931105317,630.2020251475817,2819.104265938716,14.343971550574206,14.393121550574206
945.2959088320158,633.9048466585642,12693.33528982479,12.710310017643758,12.759460017643757
1050.7971409687261,632.3088617130852,6086.360564580862,13.508355204971828,13.557505204971827
21.717359950073487,633.6232461105801,565.5020239495798,16.088163988431255,16.137313988431256
103.94880363644015,634.730866968025,34805.71609540952,11.615122963986217,11.664272963986216
540.271822015137,632.9622598154355,-285.44847718490166,,
452.3561352574918,633.8111516514208,1705.2953223646105,14.889750395508166,14.938900395508165
796.2613139151638,635.5298330420342,3847.0286870962836,14.006435835399408,14.055585835399407
999.9699387096133,634.3183504206751,7809.668583326895,13.237667886882097,13.286817886882096
756.8877792253576,637.5790455428153,19041.379880972185,12.270003353928223,12.319153353928222
128.11727001981754,635.9552650822342,-1226.7155546741715,,
598.7799485245409,637.6692466439961,6080.324521752995,13.509432499357743,13.558582499357742
407.46100172339686,639.1712133931552,23951.012975557027,12.02093968239064,12.07008968239064
896.9423709988864,637.8245442477854,1059.695972219021,15.406296188386422,15.455446188386421
73.58969372328897,639.6496444212038,4564.185690921442,13.820841134741812,13.869991134741811
420.14128503144235,641.9270246620624,21690.938862645162,12.128553521815634,12.177703521815634
571.4212660726399,640.0281674927921,1949.7533047627483,14.744300234656748,14.793450234656747
1077.4318180829155,639.999844855458,-742.5274374362059,,
163.97866937474595,640.9034838897667,384.4492543053077,16.507151840315885,16.556301840315886
392.07151180422056,640.9907674480809,4054.618702071857,13.949374349364707,13.998524349364706
678.1917100382693,641.9279440683293,2804.212125481255,14.349722240286644,14.398872240286643
890.7483549849035,639.5982359269792,1247.6661119044506,15.229003449250719,15.278153449250718
988.4213588286312,642.1389639050801,4868.151831984023,13.750839110205572,13.799989110205571
499.74925238724734,641.6753683952097,11784.641385680658,12.790958469482923,12.840108469482923
653.2101794990425,643.3364987969916,2396.874185161773,14.520136302508734,14.569286302508733
774.2471481021421,645.9705249195871,28371.101402601016,11.837058907494043,11.886208907494042
814.1676621441651,641.8730830586,3122.572448210458,14.232968088913411,14.28211808891341
587.3807033151146,645.1320178533938,2931.499121274866,14.30152497662642,14.350674976626419
670.4118085819922,644.8507670927374,5076.516342176162,13.705334925999075,13.754484925999074
883.1620980051072,648.172666686396,1326.8664620639706,15.162181355022895,15.211331355022894
955.4118474506479,651.1112350762004,15985.624966471523,12.459925347695217,12.509075347695216
151.32582086458166,650.7588417242954,137.13610366796047,17.62636988231821,17.67551988231821
924.393692227932,650.6392911503493,-2229.513003638678,,
8.26730015792145,651.6110279924734,880.220128434029,15.607771158551857,15.656921158551857
296.96668804215653,653.193341556059,19549.5166422612,12.241409337416615,12.290559337416614
611.0119608687181,651.3757053208135,-703.1929003886166,,
64.88442912247494,653.5576217884403,11963.630564530631,12.774591913463262,12.82374191346326
647.6324774089526,652.2765109046,975.5551175894843,15.496119868739772,15.545269868739771
728.753669109134,653.4666910979699,5135.103269525495,13.692876442718678,13.742026442718677
88.1166002458347,654.7441705407138,2675.7777771644305,14.400624291177795,14.449774291177794
548.4727315763208,657.0048963679925,10063.10111607371,12.962419805999826,13.011569805999825
738.0534369739831,653.2518644399214,2842.2324486482394,14.335100414203708,14.384250414203708
779.0595213117898,655.4589936470408,29848.388180147896,11.781947187235282,11.831097187235281
1032.878484415651,658.4898405431991,61446.408083734656,10.998008145449408,11.047158145449407
799.6483128656056,660.9184539507536,27135.113670830724,11.885420284455186,11.934570284455186
861.288883063399,661.8039049931069,18534.822412041955,12.299278324291993,12.348428324291993
48.075750491399276,661.2500360693919,12403.003204524724,12.735432257708563,12.784582257708562
222.96692085573076,661.3493726843507,7598.157018002576,13.26747873716042,13.31662873716042
508.5759530604197,665.9159642846951,63336.26219409889,10.965118322998705,11.014268322998705
108.68678003335984,660.3693248579183,2042.2613573774715,14.693971097658547,14.743121097658547
826.7272801483693,659.0195104425069,-762.677551356856,,
384.0847785475609,661.7847941913673,14576.528784789665,12.560114111028778,12.609264111028777
39.995698242838735,661.6801564049106,10013.6427599721,12.967769163127226,13.016919163127225
280.44386328028395,667.0002426009582,90000.58331873512,10.583636086897513,10.632786086897513
1052.7652360286897,662.053512777233,26066.31112303594,11.929050460930858,11.978200460930857
336.6238871645708,663.3381474495792,2269.119403545998,14.579606023633273,14.628756023633272
736.736781287223,662.0514199765973,2039.7473360407719,14.695308460969068,14.744458460969067
989.6196102609264,666.064798157428,13234.039740819213,12.665018311318573,12.714168311318572
549.6818810461051,667.8367143290907,11094.117575033091,12.856517486967293,12.905667486967292
361.87534901322107,666.3816031796139,328.4293582189407,16.67814446832917,16.72729446832917
612.1877626053296,666.580572754783,9304.414299678561,13.047526797286617,13.096676797286616
738.9537467002375,667.4439465856101,2873.7619334618776,14.323122428191219,14.372272428191218
262.5194540648429,670.0244112242365,73848.89540961882,10.79838938806818,10.84753938806818
482.26706916525626,668.8933922158993,9336.847044019672,13.043748786814866,13.092898786814866
846.946923848536,671.455930499362,26518.228830201395,11.910388112751782,11.959538112751781
15.35838045182117,668.8203154073808,2459.936056532304,14.491939851929054,14.541089851929053
217.1001029538021,668.7284659873618,8605.458968016359,13.132314302054354,13.181464302054353
632.4423187469467,669.9554128395678,353.81880818129014,16.597297109307434,16.646447109307434
94.84829246934845,670.0057498703782,4774.542218094637,13.771920052800237,13.821070052800236
198.44922096576425,670.2990878643191,430.6924529283448,16.38383124337885,16.43298124337885
384.39978593081736,674.3688061782821,15029.471334848233,12.526890136360741,12.57604013636074
368.80898115492585,671.8061699872716,15244.242696628315,12.511484761577664,12.560634761577663
656.3124068554129,672.5516821443364,2459.0049483225503,14.492350890770526,14.541500890770525
936.016556899489,672.9773598574801,-1627.5944755244768,,
998.7855270692976,673.0791998291146,13185.171587098683,12.669034932678505,12.718184932678504
694.0766017903383,674.0077116814177,13684.192570436855,12.628701454592015,12.677851454592014
869.8435144523568,674.4501403531034,15287.511438948666,12.508407409957897,12.557557409957896
35.879344910291685,674.6473665050381,9284.192099014414,13.049889102839984,13.099039102839983
416.4014015291973,674.9078267220812,-1909.184426556598,,
5.027139024890662,677.0514288672089,1253.9891309136483,15.223514966934415,15.272664966934414
339.0549004210624,677.7936341057426,2623.3337326689334,14.422115538101876,14.471265538101875
367.8370443151751,676.4980218736848,13534.249749195642,12.640663931697173,12.689813931697172
87.26486170941341,677.4726873490113,1419.8206306745838,15.088665691498365,15.137815691498364
904.606362854268,679.8788409948847,3398.4542079189346,14.141045841359597,14.190195841359596
963.0651685400719,678.1214963402316,297.940262750564,16.783926406400077,16.833076406400078
770.7238347465425,679.2899234550038,-2237.519629789152,,
609.373365696771,683.4496409440666,9429.32283613999,13.033048134637848,13.082198134637848
475.6510710817281,684.7995378284616,11418.869887799325,12.825191586427124,12.874341586427123
700.9072245878967,686.695033675657,14808.435515128702,12.542976451212928,12.592126451212927
838.543899716948,687.0273173478358,16780.95753044261,12.407207551786188,12.456357551786187
994.6675593433708,682.5358996627324,11743.096682805723,12.794792806194447,12.843942806194447
306.03353309199946,686.023768056895,1799.7560780516953,14.831215275182313,14.880365275182312
317.1302585487758,683.7071534648845,1892.955074826807,14.776398629849062,14.825548629849061
509.4194977619973,684.7838729015986,36987.44011949945,11.549113709796234,11.598263709796234
560.1422680951856,690.4511978737752,96070.22194884956,10.512777412367294,10.561927412367293
275.20947222090473,685.4610048829439,59832.34195587016,11.026909391682727,11.076059391682726
1044.2568618374407,688.2103770787918,6410.140278895487,13.452080563271945,13.501230563271944
741.052926962711,688.1421750339923,41836.909627138884,11.41535040509429,11.46450040509429
490.9144046483458,689.8209084107663,15021.370655159239,12.527475491103045,12.576625491103044
527.6196465415645,687.2821957794944,6981.585763693773,13.35936420402585,13.408514204025849
642.2726056200294,688.4775755793536,-264.30958807678735,,
851.9355203599702,689.516875072614,16873.077587784206,12.40126363861861,12.45041363861861
880.3306353616091,688.5153483335354,565.1728212324729,16.08879622557758,16.13794622557758
970.9258671797608,689.517491853061,2679.287232929506,14.39920121088971,14.44835121088971
1072.493039780498,691.2032764244449,97963.88769931524,10.491584368021101,10.5407343680211
39.53066184985969,689.3177468256035,804.5097281964944,15.705421147499296,15.754571147499295
127.97778460819245,692.8447789014358,11456.975730043765,12.821574414717215,12.870724414717214
137.65699824405027,692.9275350914762,12033.81957145832,12.768240658402668,12.817390658402667
517.6451959259394,692.4769678912961,6110.669271875947,13.50402744995282,13.55317744995282
795.1009726772195,692.1756711336116,5355.143511023307,13.64732161281946,13.69647161281946
206.6873780330007,694.6244006044733,2387.5383102076967,14.524373525079156,14.573523525079155
785.5804279971096,695.5007770368288,8418.718677230367,13.156134404401925,13.205284404401924
935.8347321871065,696.6850228298565,1636.3799593602816,14.934539017269959,14.983689017269958
1061.1820297161323,704.8481409973455,112880.90787389544,10.337698163260947,10.386848163260947
1009.3898324198981,702.4810053973495,8055.747851058139,13.203984737167184,13.253134737167183
169.83116851192165,702.2103978437726,21200.904090562406,12.153363444072726,12.202513444072725
64.56251143196678,699.5348833164329,742.8466143687365,15.792001526635115,15.841151526635114
907.2264796739024,700.4795329393505,1979.5576659924986,14.727829003488653,14.776979003488652
380.185029360432,702.0442040940238,4123.852647041094,13.930991550637096,13.980141550637095
493.5822370132561,706.7110223938673,39341.55073355461,11.482120710999151,11.53127071099915
472.94414846417726,704.3673106196633,4120.664439789777,13.931831272885741,13.98098127288574
569.6469663104115,703.6703901398942,180621.41353083716,9.82732630569132,9.87647630569132
588.6893902164411,703.0640473384927,292338.1221526215,9.304535765163745,9.353685765163744
741.6180144534053,706.3971590891321,51057.07568996927,11.199109555406457,11.248259555406456
781.1703138173988,706.02023437722,8824.929491363797,13.104971287010208,13.154121287010208
793.3363268937584,702.4770261331626,9307.490005513007,13.047167951125012,13.09631795112501
545.9007570154434,703.6235597746735,54492.37455423827,11.128410064753119,11.177560064753118
579.0635807824356,703.0116689227355,295161.48706322984,9.294100173195075,9.343250173195074
601.2752559332503,704.7632760819884,64960.13262777924,10.93763214016547,10.986782140165468
26.02858018893273,705.2950210638011,1237.8298065712388,15.23759705706642,15.28674705706642
133.9861833677086,705.6130120325487,12382.668988705316,12.737213738484357,12.786363738484356
962.0640168899791,705.6159135260547,4773.312959382838,13.77219962358781,13.821349623587809
304.8151631380351,705.8012235288693,527.5940704049042,16.1634996327395,16.212649632739502
338.73233849372923,711.7656326565522,227560.18813063588,9.576508687126566,9.625658687126565
627.9082709626753,708.3065039813374,6732.113748991969,13.398870783946876,13.448020783946875
972.9447832877742,708.2845582277531,7181.925292705793,13.328647189407306,13.377797189407305
75.8487879790481,708.0645902944418,1924.8662879753533,14.758247981580784,14.807397981580783
983.805961480343,709.8402350384748,3981.274250799718,13.969194159804033,14.018344159804032
445.14823756441666,710.2726821100053,-614.205722945665,,
927.1514175836883,709.8964268949106,1473.0896706835956,15.048676436856617,15.097826436856616
584.481019949407,718.2552816505305,301380.7077628105,9.271460776370853,9.320610776370852
805.7146677330649,712.0052756323962,19945.484265957155,12.219637934432468,12.268787934432467
558.1894149599176,713.162090383148,10514.770346982314,12.914749918217243,12.963899918217242
15.411646982774775,713.7642625083881,-94.73007335095087,,
160.93461436906435,714.8443810786172,19474.227891411952,12.245598777718044,12.294748777718043
383.9800814925681,714.4120537736133,6247.275671105357,13.480022721694377,13.529172721694376
186.16812723683057,716.5832470875973,13519.798202654156,12.641823874106912,12.690973874106911
968.5601427937363,717.4675607477235,5429.984989888279,13.632252824801185,13.681402824801184
569.2741677595033,716.3388487002142,293711.38423330255,9.299447447291879,9.348597447291878
429.11322614275883,718.4425721874259,712.7650796366147,15.83688336186744,15.886033361867439
326.0964591292791,718.7970568383763,226021.19575891885,9.58387647693602,9.633026476936019
373.7999921928864,717.8829828065877,6031.645368453289,13.518159899477647,13.567309899477646
816.9371833987564,718.8912893268244,32015.712260726195,11.705841477190173,11.754991477190172
715.9080349293649,719.4963269095576,4385.171216538181,13.864283010435189,13.913433010435188
220.67403237759726,721.2303091886724,-840.8891244971896,,
281.64998616562514,723.2266293420425,16129.858652456045,12.450172993375489,12.499322993375488
387.93370772748057,721.4082804288378,6428.358411422271,13.448999190625324,13.498149190625323
501.68228253092724,727.264368672002,235600.79037579027,9.538807539836187,9.587957539836186
607.5173924796994,721.3578803606695,18253.550841260676,12.315880997992945,12.365030997992944
74.60918215913135,721.3510245612121,3895.5740286980617,13.992820743014494,14.041970743014494
159.85687207058513,723.9081376463388,5903.59662976493,13.541457707117019,13.590607707117018
726.0970413749848,724.3968175662343,6918.807153677973,13.369171333021301,13.4183213330213
777.108629687989,723.2141098325781,6363.306661872009,13.460042264087008,13.509192264087007
461.8464305366654,724.1057986097017,3825.8420632155485,14.01243180322282,14.061581803222818
523.2814367431964,727.3445319176873,56953.2589122934,11.080452947942515,11.129602947942514
760.7415347295263,724.2149591949506,1664.4857723350538,14.916049179343258,14.965199179343257
805.0081086742556,731.4678336092597,38054.66193423113,11.51822972708206,11.56737972708206
474.5884338575672,727.6701643492527,5123.67637465284,13.695295170682911,13.74444517068291
667.7699105803948,727.7814489383807,3432.9949801516204,14.130066476512898,14.179216476512897
377.62954051647864,727.5411021475,6325.1655946286,13.466569647602615,13.515719647602614
389.6187749009802,727.4863220969912,6248.639296023082,13.479785758342329,13.528935758342328
59.20661395774224,729.5231183522727,3584.897431182859,14.083057561419428,14.132207561419428
1036.0726923886486,729.2638288492826,-3019.02655974099,,
314.59660775210705,730.8302257126728,5282.0094992284385,13.66225145269615,13.71140145269615
424.3647567447452,729.7143069909972,-1176.6645900085532,,
594.7573008966696,730.883417281255,295282.8230654041,9.293653936725027,9.342803936725026
254.70168199382593,731.435244721205,-749.1565441240682,,
717.8393411254059,731.8331675189906,5165.2712406112205,13.686516566763476,13.735666566763475
728.1000733464668,733.4759826088061,5632.415569734812,13.592512671618659,13.641662671618658
1067.1361299725604,733.4510416291163,2629.816978889141,14.419435585019988,14.468585585019987
879.3861213491556,735.5754886991652,2216.066793355601,14.605292282212515,14.654442282212514
19.3918490954563,736.617294559608,4203.953866148771,13.910104543801818,13.959254543801817
168.14060778512368,735.3167393949012,3688.1695884167543,14.052222191345615,14.101372191345614
190.13436164335872,736.4508591581252,6072.216883910109,13.510881209870758,13.560031209870758
659.4217763184778,741.4440001237638,6997.399881551214,13.356907664178893,13.406057664178892
899.4944193212505,737.9763512039015,513.6587033473985,16.192562769661592,16.241712769661593
385.9431340933694,740.1025756391774,723.7759404297444,15.82023904170427,15.869389041704268
603.203600722441,742.6274554868301,3153.4639388714286,14.222279724911903,14.271429724911902
444.485767337849,747.7203022610881,21292.913515646003,12.14866167210981,12.19781167210981
823.4128749165842,744.1005058039284,5777.882384598481,13.564827654882343,13.613977654882342
2.0928420540667187,748.5921008863825,4497.112143867319,13.836915103364092,13.886065103364091
311.9704952095582,748.2875040335216,6573.1822606720725,13.424810211151053,13.473960211151052
888.8983640622314,747.3513399238626,4256.101224868525,13.896719526373758,13.945869526373757
674.7632233574141,748.9334417184265,20993.721132362556,12.164025837463651,12.21317583746365
328.9720090412787,747.6842525777541,8507.67755343471,13.144721843734539,13.193871843734538
84.97591065477054,749.8640535347013,5954.376103030264,13.532158739942465,13.581308739942465
282.7487253074407,749.2671674309537,1023.7982452085153,15.443713445392081,15.49286344539208
686.3169035681419,753.9204851213888,17378.510202178797,12.369218039505256,12.418368039505255
833.9903973481627,753.1712093819473,1898.268061758115,14.773355545422131,14.82250554542213
1072.3614119172778,756.5199064656749,11911.09340300758,12.779370321834417,12.828520321834416
231.82828592879218,753.5738335576103,926.4733135784304,15.552167111767073,15.601317111767072
273.6819164478905,754.2671091287446,-66.79251774996055,,
583.7970880604059,755.3887479002751,1802.2897148910956,14.829687886660322,14.878837886660321
866.5832874948491,754.4602025070653,-661.7468826888467,,
1020.9708842056758,757.8593318211163,8853.671228518153,13.101440920257186,13.150590920257185
487.92485975163055,771.7517214891838,1721372.8297988726,7.379562038059961,7.428712038059961
981.0439623703807,757.264959580635,-1583.2638644763613,,
91.26377243066172,757.7767107497698,6267.508035768989,13.476512148842986,13.525662148842985
129.8292924225581,758.4664512818505,5200.382314318639,13.67916121584308,13.72831121584308
167.42781225972792,758.4510098857481,-952.3956293864444,,
297.21287517793803,759.9740340365998,8187.0486863353135,13.186430964880678,13.235580964880677
460.21751339500986,758.7688504144337,20930.83718192783,12.167282898987127,12.216432898987126
630.9497602154454,758.9639799357997,-1679.1278576977911,,
53.37445035897265,763.8053742374675,19064.700353222088,12.268674438225574,12.317824438225573
337.54830028790747,760.0282610486807,3521.8626804377786,14.102318351085804,14.151468351085803
607.1406117168418,759.0899101690203,2451.9720613164736,14.495460604072568,14.544610604072567
898.3184050379106,760.2739043559595,92306.0924289023,10.556173481288987,10.605323481288986
910.8950070392577,764.7850136080722,91971.25806587434,10.560119079482616,10.609269079482615
77.5038282108588,762.6592887986997,10155.093348903314,12.952539597639642,13.001689597639642
749.1306606298295,761.2774428177581,-1167.2055231370657,,
359.8218544376087,763.0507258127185,1088.0910433492652,15.37758630895581,15.426736308955808
660.1838297344999,762.0482859206749,2473.167165776837,14.486115717247223,14.535265717247222
246.01758524959016,764.492342938051,2817.715005237288,14.344506735613628,14.393656735613627
27.86925988119745,763.3960134719006,1301.4264721323143,15.183200306449804,15.232350306449803
330.0018725346542,765.3161403671112,2880.677401484654,14.320512833343571,14.36966283334357
119.24725168843457,766.1152293945079,5612.522590452405,13.596354142341074,13.645504142341073
595.934095310839,766.4906303228502,3032.860309830565,14.264618378348601,14.3137683783486
853.6488316835472,766.7302661784775,957.0832056457978,15.516875158619001,15.566025158619
1027.2668253993559,768.5060059324356,12524.746532561432,12.724827033308202,12.773977033308201
405.72902443827246,775.1549388393859,26817.29796679562,11.898211853808872,11.947361853808872
682.1301070687651,771.0616121287504,13147.818627611816,12.672115136433542,12.72126513643354
212.88153068285538,773.5725536866328,3572.4247076295364,14.086841686537603,14.135991686537603
522.5320100102231,775.8920272443734,2266.5551513280852,14.580833669812053,14.629983669812052
1032.787590061393,774.4472648494888,18086.05311673386,12.325889892521474,12.375039892521473
707.4897452660082,784.5105528052211,158960.43188838754,9.96602681232088,10.01517681232088
250.9710722589214,775.9236897340361,3405.910806598954,14.138666221108549,14.187816221108548
293.461432278906,776.7116638422973,6388.7077826992445,13.455716837211234,13.504866837211233
573.1752295079186,778.4942600383707,7174.405030841455,13.329784669687877,13.378934669687876
1016.1974773302292,775.4153730489091,10639.51941240341,12.90194436922672,12.95109436922672
56.30673952484171,777.0992510761641,21917.735927623045,12.117260172229361,12.16641017222936
261.67565494615985,777.2216897100515,1519.1462345102154,15.01525044375381,15.06440044375381
367.4724003485343,776.7057783351758,896.1384862468781,15.588311574310136,15.637461574310136
505.9810049665718,776.3699835453282,1259010.7171049768,7.719175830030539,7.768325830030539
972.9263513939399,779.7338937021201,13101.118552386206,12.67597845597194,12.725128455971939
449.855820125808,783.6334198422777,24099.052703077872,12.014249468830522,12.063399468830521
611.4396749050521,777.5494937564945,1066.3755009211068,15.399474000049738,15.448624000049737
946.3282949932985,779.2253122814336,4521.300579042081,13.831090947032468,13.880240947032467
41.03537479471821,779.3883306161977,10697.00022031311,12.896094385603991,12.94524438560399
766.992694883328,779.5381941038798,2932.989185613355,14.300973243295267,14.350123243295267
1046.7178415853411,781.4868610162271,10954.058700798612,12.87031173771662,12.919461737716619
857.8698344611779,779.8889815562368,4382.395366317411,13.864970508193181,13.91412050819318
900.7602893198042,780.8544653607189,63787.01347953117,10.9574187252917,11.006568725291698
851.9703754544637,790.1079841650745,4549.5765469152975,13.82432195632565,13.873471956325648
65.1577926785249,785.0089373360297,5709.881702032639,13.577681621032434,13.626831621032434
283.45741728916363,784.2271535744449,4696.323829753342,13.78985430857107,13.839004308571068
751.300705264677,786.1528512421705,10653.058662455429,12.900563601158497,12.949713601158496
285.2438892063027,788.8346304062396,5040.063828175635,13.713159306337928,13.762309306337928
414.86960835864096,788.9715032123529,35296.50421951469,11.599920160447942,11.649070160447941
738.7370386260731,793.256864324904,10854.253322782663,12.88024951453809,12.929399514538089
299.486875619597,790.2895590939131,11413.300340014846,12.825721282880274,12.874871282880273
627.8863897308348,790.3618230462224,765.1325663944581,15.759907679311606,15.809057679311605
20.896007822948103,794.6855262291735,8206.716065885592,13.18382587732482,13.232975877324819
130.942540186658,793.1504084200855,3908.9330765931763,13.989103809726874,14.038253809726873
1026.9626417054199,794.3793119030979,4932.387092042327,13.736606516119178,13.785756516119177
47.764528573396795,793.8225465955845,3637.3792749454165,14.06727792760802,14.116427927608019
579.2307135591338,795.1339836237169,9738.932071303307,12.997971055835949,13.047121055835948
79.29671951152977,794.9318428141241,1408.8142010469867,15.097115095647851,15.14626509564785
975.4668794650102,794.5847567032782,16052.13661497119,12.455417279403552,12.50456727940355
406.4476810259341,796.4329283245446,154303.03125453342,9.998313253021545,10.047463253021544
917.0194500332117,797.0770667870049,11326.612663904627,12.833999274478245,12.883149274478244
952.9511910857462,796.52657892444,5946.646141682815,13.533569156611549,13.582719156611548
172.33780951715931,798.4317320975431,782.0763324842596,15.736126539254611,15.78527653925461
673.1428921628888,799.5927117847912,-855.2766126043126,,
757.1113217332654,798.8028132906629,30693.698369369973,11.751626345129036,11.800776345129036
780.4547183723773,798.0344196001871,-59.68513591211206,,
897.0175667822667,798.7771095338741,6350.472519594132,13.46223429486911,13.511384294869108
367.6337792819159,801.5751739415772,32800.66566040509,11.67954275392035,11.728692753920349
561.3488138597163,798.9611308365795,3367.8572623576442,14.150865205463447,14.200015205463446
694.5470463882853,797.9157378140919,120289.08318649644,10.268683860443891,10.31783386044389
198.17198556238372,800.4702229678393,13507.41812575699,12.642818538039867,12.691968538039866
420.0227783667314,801.0627041840199,33389.529357511994,11.660223653739164,11.709373653739164
927.403993497886,800.6942836255027,10614.991086148002,12.904450312958694,12.953600312958693
398.88275252898245,806.1457446980753,151851.64708777366,10.015700630132176,10.064850630132176
621.2321386993651,799.989218853873,3729.288958978826,14.040184308992275,14.089334308992274
437.0429559545771,802.119459748345,9626.20087955016,13.010612096744243,13.059762096744242
313.7296980315799,803.2850016230659,6007.911318543631,13.522440613680558,13.571590613680558
19.99490066331409,806.5537773072035,9473.343648783972,13.027991168046146,13.077141168046145
837.1073857662512,806.8606494041686,10499.450702642214,12.916332950527735,12.965482950527734
958.2093441122653,806.3986555277638,4635.339617473279,13.804045499715262,13.85319549971526
968.7558639887177,807.4332271888353,2682.618199292592,14.397852231021195,14.447002231021195
3.726598687961329,807.1934155649076,5033.937796785911,13.714479785555378,13.763629785555377
297.0049754431191,808.1498806806613,96058.00852846383,10.512915450933326,10.562065450933325
486.69458282576073,814.818811783481,346135.78659228253,9.121133140384183,9.170283140384182
750.4263311781842,811.607378684277,24912.994374098584,11.97818457261382,12.02733457261382
136.98328922851647,808.1756865671565,6276.14806416703,13.475016445668297,13.524166445668296
535.438743786385,809.4639033108459,-3321.3844410862343,,
941.1406233149994,809.1830095589075,51133.29627937042,11.19748992202589,11.246639922025889
207.33323694908614,811.1993702383996,14188.171941679415,12.589433290224967,12.638583290224966
240.33908153560424,810.3188235472039,322.8204272057185,16.696846877719288,16.74599687771929
787.8691557507595,810.705070936447,73.30473467586285,18.30641933204666,18.35556933204666
197.82885610761915,814.7168173704223,13526.99171800575,12.641246337159732,12.690396337159731
375.4312640412026,814.8397901353687,37145.58612959639,11.544481358522942,11.593631358522941
627.0108547325497,813.780452648347,2512.7922701903476,14.468857928918355,14.518007928918355
693.2931483262888,813.750978702367,-633.2143600579346,,
367.94248588795125,814.3776409974029,32937.58836134146,11.675019903386813,11.724169903386812
637.9238004542759,813.7205029251263,2122.0295510745295,14.652370828653146,14.701520828653145
155.73339369434044,814.3648211852196,2634.6555822953624,14.417439773163498,14.466589773163497
727.585608582009,815.9550558340596,5500.8736235773995,13.618170228390746,13.667320228390745
805.6246723304773,815.599775320398,516.0548640912474,16.187509707819558,16.23665970781956
1009.3040465245044,815.2652589784949,-1500.9676363500635,,
329.4236147385819,817.1579126355842,-349.986915538379,,
1.8739545365998225,816.4543435250002,2301.0587296275594,14.564430139344523,14.613580139344522
408.5267835780669,817.4518669730588,147958.60784451643,10.043898806606489,10.093048806606488
207.0763794953559,819.0481280033047,12221.289916685975,12.75145678080011,12.80060678080011
278.7341536129734,823.3782457463668,282890.1107748101,9.340204983154841,9.38935498315484
990.9718731759787,818.5201670184128,-1555.903706571206,,
234.13936212557306,818.9199436562585,924.8548320219344,15.55406547265406,15.603215472654059
943.6670812611368,824.9861913381807,48827.662023866855,11.247584572964875,11.296734572964874
1053.013433024097,824.6250950514328,12477.190576820234,12.728957376084693,12.778107376084693
567.1186271965336,823.4567520069551,3179.8416440798246,14.21323566576551,14.262385665765509
173.59450584022713,826.0964577977791,7157.166497224258,13.332396596656936,13.381546596656936
885.4048392415632,825.2218624024226,6647.471082079791,13.412608255641317,13.461758255641316
1028.381671377738,824.1473152848777,2281.3580857696265,14.573765751943057,14.622915751943056
329.8603578720366,823.2668492860025,1113.8717767309363,15.352161397633235,15.401311397633235
311.35932887221793,825.2153760611742,79390.0403394507,10.719834340933593,10.768984340933592
674.2473369480978,827.651474657753,1319.2448481829247,15.168435880281287,15.217585880281286
725.9773057827533,826.6486614612662,3567.826392683456,14.088240112906059,14.137390112906058
1077.5083008200495,828.0509843220824,2935.7683020294085,14.299944954925184,14.349094954925183
345.6946812191786,829.4538258568111,-1224.2363097727807,,
219.49366933709646,831.6447742590964,2883.737809530278,14.319359968392998,14.368509968392997
79.64870474644519,833.0537550626558,614.7570502335707,15.997490602302207,16.046640602302208
563.8227424934984,833.2389327387351,4156.822782411133,13.922345623353571,13.97149562335357
613.2270041657091,832.3386315748301,3565.5811812668244,14.088923575158173,14.138073575158172
518.3697458564174,834.4204373373284,-846.3650728068491,,
533.3244973469407,835.5159834606085,9177.399435884514,13.062450311751897,13.111600311751896
790.9941977348707,836.1663985249613,2044.5538327537652,14.69275302262465,14.74190302262465
802.8224340201155,835.1175562884611,2872.1652725340464,14.32372583041284,14.37287583041284
323.9480830993619,836.6250821789209,1517.7485744224186,15.016249813413861,15.06539981341386
639.0800657897119,837.2780153221654,14295.49732873268,12.58125122570388,12.63040122570388
907.3702954897176,838.2417196775302,1294.1767366844383,15.189265425103425,15.238415425103424
280.80092762157796,838.8497517770643,197969.2242640156,9.727755194185324,9.776905194185323
654.1763876301834,839.4571306058647,13875.888311941535,12.613597408687365,12.662747408687364
1020.5521233133619,838.8750004258537,3861.408487726911,14.00238503030928,14.05153503030928
121.33727940541715,839.0599455415484,1425.1263898426714,15.084615941917953,15.133765941917952
601.3921878169526,841.5396016903165,3678.7275192110465,14.055005344645634,14.104155344645633
743.663040848504,839.2423704970724,-1875.4212518668264,,
960.4474947152534,840.7352367391738,7859.364338378176,13.230780842650523,13.279930842650522
1012.7985966084951,841.3081318787825,1645.6670281875327,14.928394477711306,14.977544477711305
18.870023090149854,840.5318303556693,5750.810068492213,13.569926836405497,13.619076836405496
224.9259833335031,841.324506988816,5944.214379451782,13.534013237563926,13.583163237563925
574.269440553641,841.9386249371851,7057.161673537778,13.34767423031797,13.39682423031797
112.39022902873351,842.5839112007696,1505.150517587373,15.025299566772603,15.074449566772602
316.31941761507716,842.3727913569473,-848.8380872565103,,
789.0823753058235,843.7435110304841,3293.882726245505,14.174979065712797,14.224129065712797
922.3774922349462,843.3187258563128,9785.783253786434,12.992760416720987,13.041910416720986
476.68633989497573,849.5627645207265,12450.873837832194,12.731249816159483,12.780399816159482
512.7060763915521,845.1893709735235,4517.343836344551,13.832041527424087,13.881191527424086
773.2852157735575,845.9135785829836,2327.2799439989353,14.552127830297561,14.60127783029756
537.331662232432,847.0760389136714,21012.179216341377,12.163071656685723,12.212221656685722
940.9263304530516,848.385911819625,15149.052820346556,12.518285697848256,12.567435697848255
991.5662018980084,844.9981922109293,-1852.6514193826497,,
2.2814533906192844,847.6859884228822,6274.953068130113,13.475223192542865,13.524373192542864
426.24873264211044,846.7845811509902,299.47688165787304,16.77834114164713,16.82749114164713
841.5847886406495,848.6399156315017,574.3492941069226,16.07130916837021,16.12045916837021
1050.547767621714,847.5710329417939,6621.575288921244,13.416846093854017,13.465996093854017
14.985976288360177,852.5115693519127,7300.5154778129845,13.31086558235775,13.360015582357748
418.6249179311239,852.1863765171864,8899.661016971604,13.095815735150923,13.144965735150922
530.6773839161131,855.4930125541053,21211.885404918357,12.15280121692472,12.20195121692472
71.43010756823827,852.7284795922882,15879.970343673647,12.46712517989173,12.516275179891728
184.37654778027039,852.7517484736053,10298.650767631796,12.937298569342795,12.986448569342794
1031.9561436913675,852.620137145507,6905.6495836379745,13.371238055026232,13.420388055026232
488.3104107975224,853.9656694552426,12045.024619326927,12.767230167456445,12.816380167456444
506.9955307487247,855.9232851749928,2631.2146014619952,14.418858721170967,14.468008721170966
1045.2558629523087,856.1109868230211,5188.606328453245,13.681622594927461,13.73077259492746
572.8800313385916,856.1553873970685,3847.486562066245,14.00630661830993,14.055456618309929
230.20952217876481,859.5998035035594,8775.315100171032,13.111092597791309,13.160242597791308
480.7008510777516,858.1902939674861,19939.438014908286,12.219967113146714,12.269117113146713
513.5998244278779,857.7091784504713,20098.346726130265,12.211348562040374,12.260498562040373
659.5212545067155,859.7761536450107,16312.036640544906,12.437978926737573,12.487128926737572
834.0172891911512,858.0360191395997,3136.55053828742,14.228118673513562,14.27726867351356
343.81344497949544,860.7068847229784,2878.466480016211,14.321346456413764,14.370496456413763
624.6934287021098,859.2842226838909,41145.28163975445,11.433449298927775,11.482599298927774
53.170971232311146,864.3966647119711,25365.368600119953,11.95864645321236,12.007796453212359
93.99692865498791,861.8587297609782,1491.4221832513726,15.035247901347091,15.08439790134709
670.8604402484319,864.4551010189803,5079.1909008342955,13.70476305736117,13.753913057361169
986.8258152005208,861.157063696959,9923.435832369129,12.977594233045727,13.026744233045726
907.1752929876354,862.4099173631593,-679.4689600931613,,
65.00303919924502,864.8772797635839,26862.235569347096,11.8963940141136,11.9455440141136
534.8804786093214,864.3183596714197,44438.81717314453,11.349843170432026,11.398993170432025
353.05883031818007,865.4604237593262,2499.1303236340605,14.474777137152527,14.523927137152526
418.89913859195036,865.2579390463086,43109.966879761254,11.38280517448317,11.43195517448317
187.9898721222557,868.5706266456557,10746.97718076696,12.891033580642578,12.940183580642577
324.0025028518483,865.7863496981718,1154.037992013289,15.31369913138399,15.362849131383989
550.085653476408,866.419749708109,2521.613047448175,14.465053290070776,14.514203290070775
281.9830448863917,866.7368265871776,-1699.1027844146192,,
879.5209810964112,866.1484620259702,-920.661375903495,,
468.7244385376083,869.4785118289492,22394.650683126598,12.093888665953333,12.143038665953332
778.0192592708887,877.3397378113162,661750.8731946293,8.417513089889137,8.466663089889137
814.8650942189892,867.2059333939817,1998.4302078755686,14.717526933003203,14.766676933003202
426.81065996566593,872.0332101622929,43766.87541638968,11.366385540530725,11.415535540530724
451.6846654673025,870.6187011957702,17933.450220165258,12.335089768463195,12.384239768463194
439.8197868572851,870.2407882219842,50500.98349680059,11.210999807472714,11.260149807472713
827.9730369771415,871.9661739195683,3607.19451883932,14.076325491513252,14.125475491513251
225.22417155776088,871.6210889704437,8552.819547259105,13.138976124703678,13.188126124703677
924.5330667708945,872.0470253709389,336380.9024780691,9.152171068958495,9.201321068958494
159.76582191888235,873.6363634545836,26612.063412362622,11.906553023399251,11.95570302339925
514.0765665127777,874.3409852025823,30465.020422842023,11.75974571347935,11.80889571347935
651.3327569254556,874.1565217082939,13877.235875092048,12.613491972045928,12.662641972045927
623.7797937030687,882.7880607939259,568772.4583195666,8.58190300152542,8.63105300152542
728.5957096014771,875.7609007999112,7875.907279614481,13.228497910739721,13.27764791073972
216.45566844249635,875.2761971543656,4020.5932420283325,13.958524051623815,14.007674051623814
691.2824214880312,876.7759832043977,1202.5142661112764,15.26902380407828,15.31817380407828
1068.5839148122345,875.8507305335363,8066.075220172945,13.20259372821838,13.25174372821838
133.71260783635543,878.4666843428691,35955.79665957896,11.579827108221867,11.628977108221866
149.64863819147007,879.8338145741491,38802.61917600924,11.497096793845095,11.546246793845095
976.6360336851458,877.703680808564,16150.682107787998,12.44877222486507,12.49792222486507
741.6216965115648,878.5309892086077,6475.739510816355,13.441025970562652,13.490175970562651
931.6740059660177,888.7663555603467,568407.6522891675,8.58259960732218,8.63174960732218
530.1386484987831,882.5794605044367,34196.74315673538,11.634287531196067,11.683437531196066
762.6526910046176,880.341197032802,645568.3434335657,8.444393832848657,8.493543832848657
341.7278643526319,881.4841424276276,1945.7406373043837,14.746537024107793,14.795687024107792
330.02265678007035,883.4118725242611,39303.44299512434,11.483172906506372,11.532322906506371
887.7860257683677,884.1570273478898,1933.2241993109644,14.75354384042147,14.802693840421469
316.05643660837836,887.8529803845021,39618.58438470315,11.474502013317212,11.52365201331721
95.77394617741689,886.5816392724795,2080.483080394697,14.673838926907386,14.722988926907385
519.7809200504958,885.0827290235032,35637.842465776324,11.58947088813033,11.63862088813033
898.3054855606329,886.2817724338456,1399.1856927551005,15.104561008338631,15.15371100833863
1056.230432679156,894.4658579254681,18818.842850735247,12.282767108381094,12.331917108381093
432.20776094485905,888.5677210693904,37503.34752267557,11.534074311773983,11.583224311773982
725.255321244233,891.2722324176559,5994.672566898882,13.524835730920763,13.573985730920763
833.7207052214502,894.3377040280573,32282.059278347624,11.6968463208347,11.7459963208347
671.1108746734354,895.4962752736719,76437.02020452687,10.760990026674106,10.810140026674105
482.5975370246733,900.3604878717402,422112.2957617071,8.905679390084044,8.954829390084043
769.677565092133,897.4439511654912,545374.8078850445,8.627511714952634,8.676661714952633
325.19248349269515,895.4267414512401,39067.68791914709,11.489705122912154,11.538855122912153
370.50803385373246,896.3107741193238,-1505.932802515741,,
459.881921364713,895.1573822693125,247603.74724139608,9.484856364922193,9.534006364922192
818.2142651460558,895.9123199051827,32005.556888454455,11.706185926951548,11.755335926951547
1071.9405637148757,896.8727619273155,17047.6544960092,12.390087810050929,12.439237810050928
413.19365457463306,898.4582149858644,940.8624136809304,15.535434099130804,15.584584099130803
599.0643416471827,897.316078831933,69834.93745519563,10.85906752616479,10.908217526164789
303.53526830695097,898.0401745779754,37632.79089173372,11.53033332922524,11.579483329225239
781.6214512264191,907.7439318796977,454590.1271087738,8.82519939901211,8.87434939901211
241.5521245130937,899.6273848670264,1007.4196452877308,15.461223358457701,15.5103733584577
256.5741133769382,899.7376795867021,1430.7732433528756,15.080322372761977,15.129472372761976
647.2359102629986,901.0077089512833,10830.426570052572,12.882635491976512,12.93178549197651
656.3971314153633,900.1028455337073,80902.62988124536,10.699342799120583,10.748492799120582
580.0813121774553,901.6545731606053,-866.9744576891504,,
882.1737810492692,902.8319433814794,344.1920909099393,16.62724718102734,16.67639718102734
283.5627735361412,904.9928021162331,4360.742125609721,13.870348384378811,13.91949838437881
80.24303715603624,905.4575290562254,-298.56266075182634,,
136.08904703952945,907.0897400671507,4487.065664637061,13.83934333464129,13.88849333464129
524.7794340441607,905.4305684803543,3304.7064595136617,14.171417174136018,14.220567174136017
981.0858533592914,907.0736255797275,4400.5238976367145,13.86048843790356,13.90963843790356
10.733682250301845,906.6118223472854,1307.3220069257336,15.17829296753225,15.22744296753225
536.6162958470354,906.7892757301867,1114.5027385182589,15.351546547597989,15.400696547597988
193.0208321726934,907.3737783059232,499.698518119966,16.22247924366781,16.27162924366781
258.44453987509854,908.1135627576881,3522.477340260882,14.102128877430847,14.151278877430846
320.7428839568162,907.1786169217518,20080.858223552408,12.212293722684478,12.261443722684477
738.7289872455575,919.9859076099985,536000.6804985468,8.646336044808569,8.695486044808568
149.71652528331353,908.9592911747499,3866.9365043238686,14.00083179509796,14.04998179509796
939.646359438103,910.8802881951157,15420.95315550348,12.498971352718122,12.548121352718121
170.363517110399,911.8971034627427,-163.69727946700954,,
849.6886328814196,912.7152081487177,7784.321764133527,13.2411974496042,13.2903474496042
640.2116174146629,914.8547196790765,14812.095347511946,12.542708149975486,12.591858149975485
697.5551123672751,914.4706723583098,-533.5962198679363,,
1018.4643710315006,916.1366994274282,4373.6751045347555,13.867133100898236,13.916283100898236
161.92626824464554,913.9478045282729,1337.8536172986478,15.15322790439965,15.202377904399649
454.09603840092933,915.831542249804,41275.15030830107,11.430027738796003,11.479177738796002
889.2907338213269,915.596346100939,112.33372307019727,17.842974015176743,17.892124015176744
99.36210807101087,916.9912308012944,774.7445506691372,15.746353071927778,15.795503071927778
841.7287145371832,919.5009398604141,7445.161773249125,13.289564050426748,13.338714050426747
1035.8450305413219,918.2452107641063,4094.880046093484,13.93864643692522,13.987796436925219
252.37294991414126,920.0830157428844,5011.140659989858,13.71940791416799,13.768557914167989
677.3405671706103,935.484888404973,600376.6480931995,8.523189917901258,8.572339917901257
973.7063434921266,920.7905704521389,4795.920520362088,13.767069454452248,13.816219454452247
19.990052080328294,920.8102105683079,4808.452968168162,13.764235966134386,13.813385966134385
59.52565873326409,921.4571244773343,738.1480345768371,15.798890728173411,15.84804072817341
434.00487157145676,921.7416690826609,5074.732510996873,13.705716508628461,13.75486650862846
631.096322392489,922.6148122467763,15150.513260935832,12.518181032770238,12.567331032770237
994.7504770187463,920.270876619817,6574.009976709467,13.424673500398821,13.47382350039882
410.0848260390522,921.0309663619006,109064.47329583275,10.375041131551448,10.424191131551447
721.9294283606562,921.2908656627461,497894.97670000663,8.726405035806614,8.775555035806613
989.6304169455664,922.0305622652432,8725.472494567704,13.117277012917336,13.166427012917335
460.4222520452179,923.4672806818047,36147.03684285127,11.574067643091444,11.623217643091444
532.1142550971997,924.1697629133367,17883.07267750157,12.338144043620117,12.387294043620116
236.87666953977498,926.3923425341818,14823.97675572207,12.541837584152631,12.59098758415263
310.38456434317595,930.8578592289196,95648.6430453596,10.517552364654318,10.566702364654317
325.4129896883341,925.6219834440197,74313.49281912908,10.791580212169974,10.840730212169973
1009.4330910348415,927.0233524056789,4542.054381942211,13.82611857318723,13.87526857318723
37.20068615306037,926.9323648296972,4925.4191489019195,13.738141411250059,13.787291411250058
345.512419583158,926.8153596132908,3364.1757345163023,14.15205271255573,14.201202712555729
518.057231701752,928.3784237979341,32530.08024220785,11.688536561073942,11.737686561073941
941.4556071938002,926.362539132837,-1915.0937994306712,,
484.02896457854405,929.0423205634717,16712.635302544026,12.411637056836756,12.460787056836756
606.4626508896517,927.8104714479872,-708.1249406794223,,
624.8323022979703,930.1415447207659,7945.39349053726,13.218960871894012,13.268110871894011
1033.6593985989384,930.6175628188283,4090.9436880278536,13.939690643821189,13.988840643821188
333.73549623384156,932.0088608708387,9915.085271710108,12.978508263534737,13.027658263534736
407.84377498577106,929.5129679480543,154225.11041680904,9.9988616728575,10.048011672857498
434.54972036075225,929.5858557991968,104987.82771056547,10.41640202276717,10.465552022767168
502.8129726507214,931.1036432760212,17201.46967879501,12.38033551187527,12.429485511875269
90.04372803394344,929.7023019644138,1772.221607399241,14.847954329257234,14.897104329257234
97.1102697957572,930.1196864026934,2535.057388375378,14.459279909236908,14.508429909236908
127.08143004967616,932.5890253209914,17589.27179529759,12.356129747927081,12.40527974792708
146.86773355892956,932.7386159958639,15817.683186666554,12.471392215521647,12.520542215521646
354.7344195273802,931.9064310860068,706.1668140964464,15.846981136758355,15.896131136758354
229.20835093533205,931.0885934562334,13861.801592067066,12.61470020154011,12.663850201540109
417.660938927549,938.7034964355606,158109.68070065245,9.971853243420913,10.021003243420912
222.88557929248023,937.1846354143705,17885.87928990009,12.33797365894109,12.38712365894109
772.3310917849745,935.9644039100621,5867.968867626997,13.548029894880926,13.597179894880925
999.7947741217638,935.7408551736543,5822.793641979848,13.55642089968212,13.60557089968212
899.172557357733,936.538139805917,-967.8490133682785,,
20.24634185218048,939.2844654358231,9664.708919113,13.006277451183488,13.055427451183487
264.93276914456493,943.6289763396505,10690.289737198755,12.896775707522028,12.945925707522028
697.3893995025525,938.0223445316885,304287.3114373843,9.26103979005759,9.310189790057589
524.4485635554529,942.6032942349526,56425.26533088807,11.090565372586692,11.139715372586691
962.1597005850087,944.1367925805283,56441.107279680786,11.090260584241442,11.13941058424144
986.3773936080385,939.7410419651017,7588.038956932605,13.26892551775897,13.318075517758968
315.7826753982117,945.0656930740996,95373.74930903182,10.520677257860221,10.56982725786022
1078.2346318441853,942.2962826833286,540.4770189905951,16.13730631612714,16.186456316127142
56.6913395794215,944.5631563937252,9237.21925687732,13.055396266815038,13.104546266815037
178.2437937152896,943.6048139532849,686.0461231859333,15.87836611122745,15.92751611122745
655.6576984029753,943.0636094280778,96361.23565944264,10.509493496457972,10.558643496457972
766.1681690984781,945.9231033519093,4354.575755468058,13.871884771811441,13.92103477181144
95.30734300118728,945.3977236931048,1754.5432067704828,14.858839228806266,14.907989228806265
286.15949229895836,946.3600447806288,8878.929725922473,13.098347850748947,13.147497850748946
485.03527880391084,946.7008575537985,36053.831615251445,11.576870832262221,11.62602083226222
722.2055222695095,947.9358517809509,11259.913987007916,12.840411714951133,12.889561714951132
739.6289310175032,945.7499739085735,13489.86936549329,12.644230037403023,12.693380037403022
663.4713985950083,947.7134903287234,438004.8840974695,8.86555201433932,8.91470201433932
974.8956116886322,948.8951224281093,59450.21634869876,11.033865798917034,11.083015798917033
118.33607797236016,947.5241041076097,20064.29563100834,12.213189602045418,12.262339602045417
200.23349233463662,950.9398240738057,13999.293163981447,12.60398412662543,12.65313412662543
942.6578028814246,947.7016700002965,38374.40776327081,11.509145182427613,11.558295182427612
1053.4294744541241,947.3973859467259,-57.945407715015875,,
405.1832347293258,947.8479860805836,153500.03181946,10.003978222877622,10.053128222877621
512.7202302574253,953.564232156274,73435.31093119548,10.804487052351236,10.853637052351235
554.7511596953457,951.6038724848352,25788.032171540282,11.940703889130742,11.98985388913074
709.2911606135198,948.3407268848032,14441.703825041819,12.57020331221712,12.61935331221712
26.028721904916775,951.2577425341872,9353.96317395676,13.041760258020657,13.090910258020656
247.87359404782546,950.1483910507087,8880.710944408322,13.098130061049137,13.147280061049136
476.05310002909545,950.6314981371487,29345.66798681607,11.800389398276605,11.849539398276605
921.2606711718981,949.5322453526969,53110.47890805726,11.156298853578482,11.205448853578481
214.2735140416545,955.2327008390746,19319.359383315008,12.254267593947102,12.3034175939471
432.27954760561136,952.1437917980759,76686.40374707314,10.75745346808071,10.80660346808071
489.71548217055135,954.9706222448003,30481.30975349179,11.759165336731227,11.808315336731226
502.9723144579478,952.9359756639085,58943.28052439046,11.043163639695955,11.092313639695954
127.84951874120011,955.6593969044925,8387.292027680734,13.160194986247388,13.209344986247388
3.16947047192837,954.0246324948305,3810.384250683836,14.01682746384003,14.06597746384003
928.5218298520733,954.8271194358149,50510.466293566,11.210795953041911,11.25994595304191
373.8412851855155,956.1453609911333,6196.994550298141,13.48879661190918,13.53794661190918
679.8786535645808,956.4806707789793,239350.0505667393,9.52166558855097,9.57081558855097
664.475832776629,958.2838245032362,17133.697984568364,12.384621629150708,12.433771629150707
61.98118561100031,955.9422836169118,13037.19454719202,12.681289031669607,12.730439031669606
81.69238857395851,957.0312997844259,1643.4276213470712,14.929872942589125,14.979022942589124
415.70171941065917,958.1229773325434,91142.81580617718,10.569943293130668,10.619093293130668
530.7829545061412,969.6141924436683,1199043.0518689873,7.772162455463946,7.821312455463946
578.6856348644358,958.3449707408691,732.4909410371548,15.807243752493939,15.856393752493938
227.91084275124305,957.6222464681791,33468.08897147099,11.657672110370005,11.706822110370004
746.2070667312937,958.587129964624,-576.0195186273592,,
480.8530698652781,958.1774419967984,29912.497393799233,11.779617713019746,11.828767713019745
1035.341292229922,959.2409502302165,-787.9853532899899,,
464.1310240895297,960.5385454025585,3578.288464074046,14.085061026639256,14.134211026639255
718.1150191710491,960.6401449325307,62311.125451230546,10.982835408809304,11.031985408809303
913.9767831478365,963.8925713870964,55832.92792490918,11.102023389452599,11.151173389452598
1003.8535355946593,964.3417148902961,699.0798557427463,15.857932427612702,15.907082427612702
317.6191419353373,963.8437616953528,43136.51856966891,11.382136668820806,11.431286668820805
597.465472563543,962.9706086775994,11276.1273282924,12.83884946944195,12.887999469441949
894.5924032054903,963.2054463940644,26889.25544506946,11.895302455191711,11.94445245519171
13.446167199449208,965.4372709888085,7586.6609609003535,13.269122706526385,13.318272706526384
490.0123849230639,964.541162709877,31716.887567913363,11.71602299077393,11.765172990773928
623.3203051809409,966.0797057030398,4579.1821045148945,13.817279610335435,13.866429610335434
792.6669710962836,964.6338829258355,71844.00431481919,10.828273071785414,10.877423071785413
202.5383067425357,967.1864132207959,11955.584767421595,12.775322339894533,12.824472339894532
703.1182728101071,976.7801421781459,289679.9046260088,9.314453475420532,9.36360347542053
58.959975303865455,967.5608966782219,5477.216724633778,13.622849583473215,13.671999583473214
808.350860384914,970.6777645862929,82750.99327117388,10.6748163590424,10.723966359042398
240.94132085260645,972.081578582118,32876.58241882466,11.677032733714425,11.726182733714424
469.1006772075944,968.4983336590682,2736.1344742954348,14.376405802274226,14.425555802274225
730.1749234676438,971.1536523820627,32308.642073698757,11.695952634766527,11.745102634766527
331.95051552808684,968.9738197696776,4338.751701660322,13.875837404951046,13.924987404951045
608.9003469009886,972.6164938782449,7684.6603816091865,13.25518770020679,13.304337700206789
66.38710692711693,975.1690559276905,5072.477866134671,13.706198995835303,13.755348995835302
336.0191879489278,974.536464720812,4609.736500916117,13.810059144451312,13.859209144451311
662.3482271474722,971.4853959214988,5947.134368622984,13.533480019996842,13.582630019996841
906.5200508041427,973.5042773122843,44980.75647192054,11.336682510010542,11.385832510010541
101.37701168286884,974.233917627077,829.4764137794443,15.672239294121995,15.721389294121995
155.14302461365986,973.3852892364097,-52.41468991030774,,
303.79782792459804,976.0492958143191,32694.434156211813,11.683064833943341,11.73221483394334
292.0168017543323,977.6627076038084,31214.327815662822,11.733364429821256,11.782514429821255
742.1240456212756,974.5288807802301,5553.421481787069,13.607847807767271,13.65699780776727
588.8124745315548,977.525184739649,6829.43235960905,13.38328787741359,13.432437877413589
797.3206088038188,976.5668539251991,79416.27076991915,10.7194756734715,10.7686256734715
823.4051081059229,976.2124142058904,80296.20091650348,10.707511902897929,10.756661902897928
948.4257220989537,977.1882552245036,1557.572751081478,14.988128545415497,15.037278545415496
112.64156576912352,976.674758164313,1421.0967703723118,15.087690266331245,15.136840266331244
493.1699849786584,977.3662751702198,3170.0165878825865,14.216595560538085,14.265745560538084
8.957177026403574,979.1591961035148,3554.1862829938796,14.092398931405402,14.141548931405401
619.0938108218519,978.2020961685757,10520.55519978756,12.914152749014967,12.963302749014966
323.04775010768657,979.9840018975348,21136.141807607546,12.156685112302483,12.205835112302482
575.3957858878629,981.4975166237892,10487.823822960143,12.917535939081132,12.966685939081131
767.7774621823575,982.4782873709225,-3831.405747987768,,
324.3522131709861,985.0841366102186,5081.34433239918,13.704302833840302,13.753452833840301
741.9551411374888,987.3384020032395,100065.11465226187,10.468542654193561,10.51769265419356
870.7925803287105,996.2242307719483,55914.300270929576,11.100442161547756,11.149592161547755
879.6709172725208,986.6847604898561,51039.05679770435,11.199492797424114,11.248642797424113
628.5981249434334,990.1654326978384,2506.3141640457916,14.471660626321661,14.52081062632166
811.2822021730939,991.4914208685182,26859.202175961258,11.896516626804697,11.945666626804696
176.6801080142445,988.9065144812446,4382.267169192797,13.865002269429619,13.914152269429618
397.95899905342424,992.1235182631544,28780.075055374677,11.821519591986316,11.870669591986315
443.84795696080533,990.2742164033216,6352.6617640040395,13.461860065661202,13.511010065661202
456.42813048732074,988.2861006503721,5101.529681470365,13.699998353009374,13.749148353009373
1056.0027707974673,988.8805694530581,-123.28678834901888,,
331.1969209089651,991.4468099452831,3572.666405449045,14.086768231890435,14.135918231890434
139.09455496348804,992.3280820571911,7068.392545241068,13.345947747038121,13.39509774703812
211.5032837120199,992.9295323086754,1131.432072531974,15.335178183830617,15.384328183830617
426.48301410677533,991.9454126049388,25064.229979682343,11.971613480450612,12.020763480450611
434.80790670020855,994.5021078331092,10555.233959156463,12.910579737510703,12.959729737510703
777.0847336857082,993.256589104491,-52.18318997837514,,
937.8826083271045,994.6397928052129,3997.6549239899387,13.964736139300754,14.013886139300753
988.88456887841,994.0284067625513,229.91634612388083,17.065324775098386,17.114474775098387
1020.3793751784202,999.2330526759924,26652.66385251611,11.904897842621859,11.954047842621858
82.23302913018796,996.2572103953386,9730.52905593011,12.99890826293446,13.04805826293446
186.4628243304802,995.3769255867276,5809.721555355033,13.558861101728517,13.608011101728517
505.37219531854294,997.6197274536747,955.8315851757563,15.518295953585284,15.567445953585283
565.332248137202,997.0948513368404,12773.699113630037,12.703457692296622,12.752607692296621
733.6872202582068,1000.7283359123428,101277.79440818974,10.45546381031253,10.504613810312529
472.04696515740096,997.3349258411255,-1322.5907667754955,,
778.9079624768547,997.1665099911879,1539.1978840153124,15.001013253337023,15.050163253337022
373.2541425683276,1000.290221462844,-1270.8052971811435,,
424.4470569067378,998.5450086256623,24038.945219498662,12.016960878022093,12.066110878022092
1075.0269520070133,1000.8777943265732,2975.884929809776,14.285209062242714,14.334359062242713
411.6723469053526,1001.7089802007641,34182.23267564317,11.63474833233311,11.68389833233311
651.3798660558659,1000.8773105826973,850.025524279568,15.645669480580462,15.694819480580462
164.53442143768586,1000.2680255860503,5159.567562282417,13.68771613816794,13.736866138167938
462.1247396846673,1001.6694178801541,578.736980702046,16.063046311915777,16.112196311915778
574.3880698244693,1001.8171540736769,6874.604480768445,13.37613010549698,13.425280105496979
904.2968372348384,1001.7525892044574,8014.9479913651485,13.209497626020855,13.258647626020855
266.7664349210929,1002.8044883268865,12074.071103833508,12.764615074796428,12.813765074796427
772.4095056173471,1003.9329486879021,3884.1460379202185,13.99601052160638,14.045160521606379
95.1763221872717,1008.060650721456,12874.038444498065,12.694962393259596,12.744112393259595
329.9558884164012,1005.1610578395191,-334.17280427689934,,
762.1051022406864,1006.1037042204159,5186.008414508495,13.682166354740332,13.731316354740331
824.6861673904401,1005.9097910932411,9118.018583761595,13.069498214930897,13.118648214930897
843.5167101794452,1007.0300679983519,11379.609257194548,12.828931022723307,12.878081022723306
105.21421696652261,1007.4147631267372,32559.327863054834,11.687560820045771,11.73671082004577
606.3491599331462,1007.7340138334017,18131.849891161797,12.32314410999797,12.37229410999797
933.1261113697391,1006.0558748065472,3635.4523164231205,14.067853265742938,14.117003265742937
140.6411310633282,1008.8100834446077,16682.0642282099,12.413624925088993,12.462774925088992
119.98050481936566,1011.8556149241358,30739.132196454164,11.750020390803787,11.799170390803786
190.83216791904619,1009.0295358439191,13174.592968049858,12.669906381305463,12.719056381305462
301.319370250031,1008.1829663833105,1012.0853896343867,15.456206508799118,15.505356508799117
427.31695659125927,1009.2016088633098,26250.8927247639,11.921389204421429,11.970539204421428
553.1973125620144,1020.4658757240818,95606.85691804485,10.518026795057759,10.567176795057758
584.3045060084035,1012.435212543579,3968.7582021750536,13.972612797008294,14.021762797008293
32.47501073437907,1015.554583380772,4721.020559508461,13.7841596681297,13.833309668129699
177.99400839342778,1015.4687960872108,10272.094927145134,12.940101837042377,12.989251837042376
271.3919935976056,1013.8730896341842,12941.578153748065,12.68928129905673,12.73843129905673
621.7916406893049,1016.2224027159406,20367.149461571957,12.19692377143334,12.24607377143334
746.3856763378616,1014.0078001434111,83134.45357208654,10.669796780998926,10.718946780998925
768.2430400908627,1013.9892464066788,16597.486007301606,12.41914361952043,12.468293619520429
830.7304891430181,1012.9169540507368,8102.095151045238,13.1977560493909,13.2469060493909
522.9095697230642,1016.2516399557404,10687.216507326571,12.897087878354547,12.946237878354546
251.39670694764348,1015.2228839693834,12376.979386491294,12.737712728383531,12.78686272838353
908.2690429343083,1018.5551966783016,7610.776887925234,13.26567692081961,13.314826920819609
965.6168278170902,1016.4155834032177,1493.397072923715,15.033811158049403,15.082961158049402
261.70710411535975,1018.0103331039725,12614.986614794001,12.71703241236823,12.766182412368229
303.48368932834893,1018.0415863987604,2520.43751250486,14.465559560627117,14.514709560627116
595.6270795657164,1017.6273128457328,8421.213125398532,13.155812750758834,13.204962750758833
855.9824879810003,1018.1858333628343,9894.102248512347,12.98080841203588,13.02995841203588
434.01069118124985,1022.9903356855344,8399.954197491144,13.158557102509135,13.207707102509135
17.682281483063026,1021.9473351236118,8625.698211560595,13.129763749082272,13.178913749082271
934.7977921669526,1022.2792883647037,4541.498690078097,13.82625141432803,13.87540141432803
1011.4213656528646,1021.6495030312421,-178.89222849834283,,
841.0302430427455,1023.0107571379866,7475.012575226894,13.285219578447371,13.33436957844737
314.51705368952844,1024.0982882054789,12650.806778086197,12.713953840989237,12.763103840989237
321.14609379683054,1024.2320664935419,12541.523949368606,12.723373617924114,12.772523617924113
327.23162288485094,1024.6769696376232,10759.658883328928,12.889753140022826,12.938903140022825
657.8340313795437,1032.9415860986883,202869.13299199243,9.701209464602213,9.750359464602212
771.068567792001,1026.664692627851,14784.620563893342,12.544723939561782,12.593873939561782
67.1481793754083,1027.4532966260717,2139.2839166706735,14.643578332189229,14.692728332189228
92.13639889363533,1026.1574028734738,2178.9954167433452,14.62360860557443,14.67275860557443
606.7495919238113,1028.6389940002152,33448.22530711818,11.658316697580553,11.707466697580552
200.98119599785525,1028.2698276743392,3313.475921439393,14.16853985002091,14.217689850020909
862.6278314376633,1029.7969189010998,2105.198859258129,14.661016582439483,14.710166582439482
11.842909163173484,1031.3041391139457,10569.872024953194,12.909075074711971,12.95822507471197
326.3755920407098,1032.3891284642605,25600.22690877746,11.948639860681432,11.997789860681431
537.3539191795232,1031.4048264792423,61025.988501705884,11.005462340306648,11.054612340306647
742.8374828153754,1030.5729019391138,-2420.81627629694,,
953.9898664237813,1030.1337711504107,154.66208819361816,17.4957897235401,17.5449397235401
445.196846071908,1031.845381272533,7173.65465455469,13.329898233573216,13.379048233573215
921.0753674311767,1038.1782769559861,10551.280705658715,12.910986454637378,12.960136454637377
153.78416861437975,1035.2769413928509,3544.0758169745545,14.095491887476376,14.144641887476375
379.0477225537549,1034.1023436604667,-2512.864094428619,,
473.8189338588707,1035.2452931010646,34220.471825475,11.633534414432077,11.682684414432076
108.76075643981353,1035.8754235764231,-337.5705655953402,,
280.3859273722966,1035.8412962172308,-1920.6498737657794,,
399.57568905979474,1036.0326614044086,6608.707359561,13.418958094264493,13.468108094264492
407.09839372908465,1037.0081423355252,6591.685610395124,13.421758183568366,13.470908183568366
485.33437718361097,1037.1873249360394,3076.3672776758995,14.249153939332235,14.298303939332234
603.7350004870808,1057.872237222506,2566310.78979007,6.945976272720145,6.995126272720145
40.64328698171066,1038.0215093123654,2989.768271820565,14.280155575636195,14.329305575636194
885.9779371458401,1038.4770584736857,-386.8273179591462,,
6.743273848185947,1039.501239058583,10158.570287396307,12.952167922878456,13.001317922878455
210.31099577634575,1042.1057009360557,2901.9535561851308,14.31252325356039,14.361673253560388
630.740792127738,1041.7791336142104,15086.482766403413,12.522779394986959,12.571929394986958
1048.344335988574,1040.4471223469661,356.68677658228626,16.58853187478752,16.63768187478752
56.99157770640233,1041.8423347701375,3792.403548242066,14.021963036880454,14.071113036880453
463.2588147253548,1045.087238811857,34974.03948961019,11.609884907299747,11.659034907299747
780.1541146095936,1043.2541056026384,10487.139840442589,12.917606749652716,12.966756749652715
930.8015725119502,1042.0652403033387,10774.5172946413,12.888254840990271,12.93740484099027
166.7755511007934,1042.5047212236466,2340.9713904343307,14.545759132192618,14.594909132192617
318.81568757788625,1052.1586943573618,75580.2970385566,10.77322791145709,10.822377911457089
13.00800846934549,1044.7696363589284,10652.053198982969,12.900666080610614,12.949816080610614
429.36127384108937,1043.4202813787117,521.1352128928835,16.17687334932981,16.22602334932981
154.76348625730415,1045.373183500534,3248.3128560042433,14.190104770088784,14.239254770088783
358.5151438032071,1047.4188031564825,4958.992861879827,13.730765689587743,13.779915689587742
500.8367256008138,1046.3764899634652,5678.448596989488,13.583675150539012,13.632825150539011
666.7892903015756,1047.2455800170542,194303.8460776565,9.748045904548722,9.79719590454872
974.0747086018498,1047.1127660493983,2896.741609201762,14.31447500335912,14.36362500335912
518.6637661799587,1048.0694833776874,8118.315075468049,13.195584641293546,13.244734641293546
899.451812410782,1047.2608346937461,962.1984273500523,15.511087790622511,15.56023779062251
391.5169425731389,1050.7695590177964,7926.884225006371,13.221493109444284,13.270643109444283
154.30611113466506,1051.806667653139,4040.4207939435946,13.953182903653019,14.002332903653018
1064.3496518246652,1052.5159300556224,15202.203387116084,12.514483051049055,12.563633051049054
404.5377974203168,1052.811521051854,8876.500672913613,13.098644921645253,13.147794921645252
864.466527287606,1053.2127018431058,1611.4822480823882,14.951185583144191,15.00033558314419
466.78458221250224,1053.7422937880144,35395.883835419976,11.596867494636175,11.646017494636174
703.8214298851386,1063.9019695747525,982644.0860193531,7.9882587856712775,8.037408785671277
534.3694572410527,1054.830847522262,5460.61617735773,13.626145269044025,13.675295269044025
102.97726772267623,1055.8412328551904,-397.0310874102445,,
296.71821275545176,1057.366805400613,10367.135641443427,12.93010244549806,12.979252445498059
411.48793696640416,1056.6043246851987,6267.523857369786,13.476509408030685,13.525659408030684
993.157407651402,1056.025620757262,4.805843624521685,21.264825309080045,21.313975309080046
1077.5423300485465,1059.2649688183915,12609.743278160346,12.717483785328263,12.766633785328262
524.4626932024669,1059.99282029351,8511.214528282164,13.144270554463294,13.193420554463293
971.1076506678152,1060.0114053592954,3610.80048356018,14.075240667604417,14.124390667604416
23.47446462216899,1064.2775196503003,8794.559752374385,13.108714137594355,13.157864137594354
568.2817268664918,1063.3545488493603,7121.82436731612,13.337771249350164,13.386921249350163
174.51861428391206,1063.1318333430604,-1443.5036226934842,,
63.78855333344396,1063.948958310768,591.0433887758368,16.040200987936796,16.089350987936797
505.08824577725227,1066.1538673349446,10617.63275394636,12.904180148102384,12.953330148102383
1059.086693980301,1066.8972100360872,14661.839554059168,12.553778240803066,12.602928240803065
343.5267832843246,1066.606972661239,7931.033767607731,13.220924900081565,13.270074900081564
382.8016093079682,1065.9179337759367,3032.8624721266897,14.264617604266673,14.313767604266673
997.3809594263462,1065.356523983293,-339.8261412791647,,
255.98981056342373,1066.5216241479557,278.1651377300577,16.85849264947719,16.90764264947719
297.62106579705807,1067.2383641357835,13855.310593182518,12.615208733062135,12.664358733062134
372.85080676900066,1070.3249082242007,2330.3504841580475,14.550696288163293,14.599846288163292
662.3870608615632,1074.099957828576,401319.1397695217,8.960524715821029,9.009674715821028
147.6413217867007,1070.7974232700192,1795.143086806586,14.83400172015692,14.883151720156919
133.10113179511904,1071.5521035035695,184.23814835034335,17.305800497011184,17.354950497011185
445.78338764129165,1072.8076226425515,2310.146568667347,14.560150560360242,14.609300560360241
676.0673840455937,1088.5578383196398,801897.6357212444,8.208952064916367,8.258102064916367
784.4479701255791,1072.0967373498556,2110.9177760549815,14.658071104710269,14.707221104710268
263.7367298412856,1074.9986509699063,885.9107169433153,15.600774508934126,15.649924508934125
504.5559440696552,1076.6070155802204,8048.70416555641,13.204934485080857,13.254084485080856
30.94912763465419,1076.6810045403938,9241.006531202365,13.054951204506915,13.104101204506915
227.03228148264267,1076.8279772925819,-418.15041752020704,,
310.499443782312,1077.7063236052786,13126.673245089907,12.67386271065384,12.723012710653839
809.4241478467334,1083.420467687118,133876.98323219662,10.152484603834786,10.201634603834785
848.9660149940775,1076.3642341861146,1603.0618673265624,14.956873688720949,15.006023688720948
15.714644965770276,1077.2204384869503,7927.154154419699,13.221456138152831,13.27060613815283
461.6446857091614,1077.2159565331754,1933.6727050103018,14.753291980136574,14.802441980136573
294.0330503044117,1078.7416003522765,9238.967838380731,13.05519075923481,13.104340759234809
447.84289769687393,1078.3008455334436,2200.5837838369775,14.612904626708524,14.662054626708523
1061.2952030126046,1078.2361984342865,13861.685715973103,12.614709277661674,12.663859277661674
937.3072339426819,1081.8959725499428,3399.817722229678,14.14061031395265,14.189760313952648
200.25750935024712,1081.0061926964738,-191.9728677658163,,
755.4611028281843,1081.8354226769325,5060.5027593512405,13.70876523246875,13.757915232468749
765.2487471674498,1082.8947423595644,672.01658434039,15.900799420203644,15.949949420203643
1019.2436444838846,1083.7413119040648,5035.182630010469,13.714211329036758,13.763361329036757
1066.5040717761692,1083.7314546312884,13523.949329081937,12.641490560221083,12.690640560221082
337.3388357066128,1086.3039840083945,10620.286365581684,12.903908829408248,12.953058829408247
841.2487013668663,1086.3247592514142,2124.3563728661343,14.651180962748699,14.700330962748698
926.5424107393344,1083.883182423337,4453.349214513504,13.847532517053256,13.896682517053256
234.9996253450501,1085.5377950278767,927.2451954469623,15.551262918239505,15.600412918239504
488.96931397825887,1085.5565543931511,4042.3925677706375,13.952653180602818,14.001803180602817
26.02047261489455,1087.3466704516925,873.0194197114777,15.616689636494648,15.665839636494647
81.66473593516923,1087.0589535599147,882.7090752666666,15.604705418330731,15.65385541833073
982.8732407519399,1086.8788107685032,-985.5870159824595,,
1053.657635224038,1087.8653175263212,19900.160823037062,12.2221079320453,12.2712579320453
178.09012665345492,1087.8209363960157,661.1713349678894,15.918464356216337,15.967614356216336
92.32316804340985,1089.2845653003521,4938.359458704837,13.735292650856497,13.784442650856496
568.7093829199601,1087.9296798233972,1375.8397607627928,15.12282975725646,15.171979757256459
373.1338874551331,1090.2663930334268,1771.8084146405145,14.848207497733199,14.897357497733198
539.883462083722,1091.2341898771451,4186.2160077360295,13.914695312297674,13.963845312297673
626.5718166275133,1093.124209077609,57843.51771625397,11.0636126564044,11.1127626564044
85.47399357373348,1092.1813152643242,1247.3434753216375,15.229284248348796,15.278434248348795
329.0734136730609,1091.8235591431196,21263.12455382632,12.150181689531525,12.199331689531524
109.36938759632534,1093.5151015152858,8571.66234885231,13.136586759551541,13.18573675955154
713.6360442069091,1093.9406583149764,2928.8432500267245,14.30250907468213,14.351659074682129
1014.7111443515246,1095.374162841538,43649.49846224657,11.36930125253414,11.418451252534139
205.0172936605133,1094.9091696514745,2827.4988737385434,14.340743295957292,14.389893295957291
312.0704585936407,1101.2823345994266,36992.81996350756,11.548955800337163,11.598105800337162
744.6980157153,1097.2117438649525,4194.525492341618,13.912542302033494,13.961692302033493
161.00855736218585,1096.2533054749515,9823.4845607543,12.988585480179143,13.037735480179142
326.013150667547,1097.2753432362483,34067.266602397816,11.638406174439641,11.68755617443964
412.7446421526148,1097.7435894115843,-1062.8145410789266,,
350.4319897203305,1099.3654357956405,4538.433176253809,13.826984534250222,13.876134534250221
566.441374060305,1099.086383002479,687.3207771051427,15.876350716352693,15.925500716352692
492.4234397031195,1097.981486071763,952.5978085158328,15.521975452307862,15.57112545230786
525.6566460915989,1097.9780165556444,6088.019790885596,13.508059258561499,13.557209258561498
5.030482055006773,1099.8384719027433,-731.5749134404059,,
229.32162591951112,1099.0048500346757,3202.871428971642,14.205400634026628,14.254550634026627
461.57094454218173,1099.7986134641167,-712.6722150565572,,
724.8365498953881,1099.4196029531022,3483.9642348383095,14.114065177368937,14.163215177368937
122.4635872342121,1102.323293689027,7905.1442295549095,13.224474902340425,13.273624902340424
332.48842080905723,1100.5083291283372,18014.64332045185,12.330185228067416,12.379335228067415
927.9047059264296,1102.479297505009,3912.160470110708,13.988207746237297,14.037357746237296
955.0621959125166,1101.6892422857127,2194.9072668816384,14.615708956568643,14.664858956568642
943.9188172912269,1103.977980018096,2965.165904404438,14.289126903350393,14.338276903350392
245.24135138914636,1104.2974470198037,1114.9686607031151,15.35109274622405,15.400242746224048
575.9428332361088,1102.882100299247,-160.37864849972254,,
295.5265555915687,1104.6248321112846,23364.570055590277,12.047854913125331,12.09700491312533
511.07236913998827,1104.6582161134108,67.54246313301633,18.39530716146652,18.44445716146652
1059.9834277043867,1108.758768648251,97153.56950905423,10.500602493484255,10.549752493484254
379.96870118550163,1105.6673590589835,-30.231094907945334,,
168.1143362098388,1109.3190763942373,8440.100404398228,13.153380364793176,13.202530364793175
653.6117705015128,1108.5859393794276,14307.207014856933,12.580362244667052,12.629512244667051
214.00668336051203,1108.2612721970036,4538.564841502629,13.826953036231323,13.876103036231322
58.14932540323044,1110.003428377542,-471.1404269399091,,
695.1299299931721,1108.6447702998528,-172.53685058851897,,
1015.0499231617565,1112.6873100020923,58757.42693437234,11.046592474467358,11.095742474467357
90.76830042523653,1109.1620792559181,1911.7738712138346,14.765658093279372,14.814808093279371
97.65895477896588,1109.116847915229,4166.289501229274,13.919875786724397,13.969025786724396
153.90583926702308,1110.4916940254757,22961.300714284687,12.06675818151527,12.11590818151527
1041.259676610517,1109.1812137758427,70793.91066590682,10.844259638771648,10.893409638771647
263.2680429346162,1111.757988846566,4055.9079758123144,13.949029165569561,13.99817916556956
859.735453974348,1117.374314246843,81064.40413149135,10.697173910618437,10.746323910618436
995.7816606127022,1116.142247539438,42503.89597997986,11.398177547346794,11.447327547346793
206.47228503313448,1113.9006556005327,4071.308110095341,13.944914471636327,13.994064471636326
431.76408136609496,1120.6364476580131,15708.901572726163,12.47888485110487,12.528034851104868
897.8946845666651,1114.7221876095286,2856.547187273917,14.329645891071142,14.37879589107114
478.96301025033415,1115.7530067264402,7036.4758713994615,13.350861390532955,13.400011390532955
313.6104268664545,1116.9815976408531,58970.16848295712,11.042668475983254,11.091818475983253
108.77555133868526,1118.2384142353524,3507.746355810673,14.106678942193676,14.155828942193676
589.8896431635762,1117.7460415446978,85783.80890876432,10.635736083598136,10.684886083598135
786.0937849964937,1123.442122369688,50709.89937649593,11.206517525527353,11.255667525527352
145.2091143906788,1123.8013065884206,19829.117157240078,12.225990950625667,12.275140950625666
483.6700817185319,1122.9405273692062,7137.997950434942,13.335308350179128,13.384458350179127
1048.489701415996,1120.7561092198923,90670.3130140767,10.575586609941979,10.624736609941978
264.23330174466616,1122.881232557737,9520.38913662786,13.02261264719858,13.071762647198579
388.96956691823317,1122.7874320933495,7507.2983574314185,13.280540207280128,13.329690207280127
174.06881869611925,1123.1046160577755,2444.2786994708536,14.498872589599632,14.548022589599631
234.9401269274201,1125.407944387769,4292.502180099688,13.887473086463798,13.936623086463797
308.32679405356726,1125.9665733976876,33381.76729113034,11.660476084258121,11.70962608425812
798.9880925685459,1124.097632192126,47492.49446149579,11.277686945598651,11.32683694559865
206.40984348708074,1125.471560246014,1998.8605095526184,14.717293177620085,14.766443177620085
223.48160126941397,1123.8354665644874,2770.391026039932,14.36289671807642,14.41204671807642
299.05187194253335,1124.6870750314133,33018.218185066486,11.672365314898087,11.721515314898086
751.8891319733336,1134.0178084969489,679791.7927478587,8.388309605073452,8.437459605073451
359.80699094168443,1126.7594055370328,109958.53417107224,10.366177043120965,10.415327043120964
687.2106652537647,1127.0298705854293,-2552.942429833809,,
340.4906978664317,1133.3405063524963,201857.0972903557,9.706639337981992,9.75578933798199
846.9578764558689,1128.7387843951385,82372.7337294939,10.679790699254294,10.728940699254293
399.02681200182417,1131.8811631242208,7936.655039152045,13.220155636408439,13.269305636408438
893.0569644227626,1129.6123040322395,6562.223204453485,13.426621901989055,13.475771901989054
589.289049599204,1133.5805331163774,89721.49539710293,10.587008138974387,10.636158138974386
16.937900585161167,1130.8573873644907,1216.7102130886217,15.25628151361551,15.30543151361551
126.88732550643876,1130.9964732067433,9006.554094072215,13.08285274305296,13.13200274305296
1071.2538793593828,1131.4660234618054,16699.764151721047,12.412473553189304,12.461623553189304
624.9773821770682,1133.3683388719555,4531.109977188855,13.828737889177349,13.877887889177348
1012.841516417217,1135.1885190075639,25743.476244745092,11.942581419845444,11.991731419845443
250.21782475779008,1134.5189534058052,11293.664354086244,12.837162206402216,12.886312206402215
36.43979339867502,1134.9686099092412,-431.23618091224847,,
1029.8992070323936,1135.7629551579635,17755.354479796333,12.345926029300305,12.395076029300304
82.050353074833,1137.9305501295792,5721.779566011612,13.575421591445707,13.624571591445706
835.0944330069647,1137.7618919317283,21229.446101851037,12.151902739669094,12.201052739669093
120.45794884613629,1137.9540918548387,1854.60315751763,14.798621910358545,14.847771910358544
367.55589888220914,1142.0656425088735,41874.16934922291,11.414383884714622,11.463533884714622
641.1053416743841,1137.0793647880932,5464.291191712332,13.625414810440853,13.674564810440852
788.8138886114488,1139.2764389595443,48755.08766614197,11.249199543284883,11.298349543284882
873.0204661628115,1144.9994241522131,181407.54132391664,9.822611054402234,9.871761054402233
271.0631091657629,1140.1421742428213,12680.927977785906,12.711371807601235,12.760521807601235
449.96698288128675,1140.5351937687878,19744.063608585988,12.23065804371868,12.27980804371868
1057.1482321792796,1141.9199805915052,18062.72221620554,12.327291389898754,12.376441389898753
699.4286191492105,1141.8968312783177,3214.3055298942318,14.201531508846546,14.250681508846545
6.306386791541211,1143.1061617028638,4860.202375119408,13.752613514151681,13.80176351415168
165.3209107168031,1142.0068323096716,1029.7955503782418,15.437371870072388,15.486521870072387
264.92009745608806,1144.1440923078846,20370.081789092437,12.196767465564683,12.245917465564682
641.2502879498371,1145.944504790905,3780.895614598202,14.02526267936047,14.074412679360469
581.9243081114048,1144.7346722446362,89859.88529135587,10.585334747805094,10.634484747805093
622.8331223070705,1145.6934355819603,6934.377942499107,13.366730626979816,13.415880626979815
220.76786936314156,1146.3383161501279,1066.0489317800802,15.399806549177486,15.448956549177485
332.1246319827202,1147.2147442958442,193527.03351566277,9.752395298550795,9.801545298550794
823.1748657383573,1148.1681034990593,11653.859717328378,12.803074932499664,12.852224932499663
893.8649298892021,1146.4802351186333,60475.53161955549,11.015300160516498,11.064450160516497
973.9166903649127,1147.5421210850297,-2684.7735860995754,,
179.01638831451078,1150.046333782752,1039.3079837340028,15.427388738843007,15.476538738843006
252.92239684302126,1148.7708413577222,24013.82135333369,12.018096208848178,12.067246208848177
398.0049316556652,1148.4344463752586,16458.2751726523,12.428288599484953,12.477438599484952
300.494610695869,1149.526451189323,-0.6998804465447535,,
357.7183113559052,1150.1769252799675,40469.409670614186,11.451432224072134,11.500582224072133
464.5453552267903,1151.4781813627608,23951.1313035478,12.020934318414326,12.070084318414326
268.76986002999143,1151.216029516005,15980.336716541968,12.460284582591239,12.509434582591238
435.7450316354668,1153.4858871437787,1684.2922635467544,14.903205762951035,14.952355762951035
594.312055460084,1153.0885944797271,40794.086128354014,11.442756376269685,11.491906376269684
9.120929627892103,1155.8587705093614,5893.413725306313,13.543332071969363,13.592482071969362
348.14458985367855,1153.3512338491919,32650.396783052533,11.684528238988625,11.733678238988624
683.2879167214573,1158.617957058681,141855.30168919291,10.089635468166183,10.138785468166182
1077.334143770399,1154.938139595446,1505.4855049403477,15.025057951448769,15.074207951448768
829.9275720371484,1154.3195061230892,11610.166520644618,12.807153275675134,12.856303275675133
85.58397505729788,1158.380385307283,13038.060378965114,12.681216927683948,12.730366927683948
749.1408982263106,1160.2168756362885,26818.19351077121,11.898175597050873,11.947325597050872
257.8091580105874,1156.536241810598,18804.027429914124,12.283622207393247,12.332772207393246
290.99803076434904,1156.7273623291885,-1021.2630098516979,,
97.43868365929055,1158.3547286663145,12933.294077226243,12.689976515792857,12.739126515792856
24.007569236989358,1159.92511240375,4122.006388334332,13.931477746179896,13.980627746179895
236.87715062388986,1160.7574012183286,10086.449222389088,12.959903631171212,13.009053631171211
265.33042557077283,1160.146113127051,16115.800463788099,12.451119693538889,12.500269693538888
392.66920805424905,1159.6586904883338,9750.08193785998,12.9967287338679,13.0458787338679
441.06125623571984,1159.5148436238517,3969.859732507604,13.972311492327755,14.021461492327754
605.9184593555211,1160.1514429129475,4345.465440771546,13.874158646588597,13.923308646588596
110.5429173958093,1161.3265224714364,7686.607245835693,13.254912670061067,13.304062670061066
455.3446562759154,1162.415113408137,32891.51407101937,11.676539733718121,11.72568973371812
126.4739849918322,1164.3674284925116,4723.495288058365,13.783590681325412,13.832740681325411
423.05163148969217,1162.3878770375757,-23.522678674791564,,
3.8527902442917545,1163.6371556771248,4836.103330992282,13.758010468286063,13.807160468286062
710.8174034237318,1165.7573147974667,10346.68328402892,12.932246509054256,12.981396509054255
533.1829897631301,1164.6728731068424,81052.45603330166,10.697333949281816,10.746483949281815
770.4952245234374,1165.900813113987,61.52358758404603,18.496645266833347,18.54579526683335
212.80229997845854,1168.2404203653336,10635.075577424937,12.902397946142905,12.951547946142904
568.975452186769,1172.727333038302,55886.0596713001,11.100990672163102,11.1501406721631
673.564188645033,1168.2255406666927,142204.28150310647,10.086967716527143,10.136117716527142
391.2513398806235,1170.5798129905968,10615.226514982493,12.904426232790128,12.953576232790127
636.959545828731,1174.2527032928035,25621.567126748792,11.947735173563546,11.996885173563545
928.333765258461,1173.569451800116,2920.9988256810393,14.305420941536791,14.35457094153679
257.03010536271915,1171.8091555001283,12731.873464361723,12.707018613131908,12.756168613131907
323.6321024342135,1173.581239009857,26638.13376090015,11.905489909080734,11.954639909080733
488.2134192465147,1190.7973629399364,1141417.6856281816,7.825637903938537,7.874787903938537
507.16497953197825,1171.580714974034,8264.023231809073,13.17627057397291,13.22542057397291
918.2693803533456,1172.6028447838708,3512.363199028131,14.1052508520716,14.1544008520716
249.8687203010037,1173.118384578047,14121.950960876933,12.594512649841388,12.643662649841387
541.7328035131958,1178.4745458994919,88878.98021363321,10.597251740174723,10.646401740174722
590.5645164544756,1178.5314608091767,170531.47522814403,9.889738024839167,9.938888024839166
744.0596444134632,1178.3705512302793,17222.567097811065,12.379004683961666,12.428154683961665
221.19428067195423,1174.844612392613,12990.570591515638,12.68517882939615,12.73432882939615
798.6855990945688,1178.2232878575976,33226.08199272943,11.665551566341978,11.714701566341978
109.34526899736693,1176.9290962793018,11724.506201300996,12.79651299578138,12.84566299578138
899.2093673236376,1177.8701857903209,-993.6746351241231,,
458.3811831279527,1178.2798320398108,26528.08241017072,11.909984752427867,11.959134752427866
786.6665752173893,1181.299529026542,25372.449581435794,11.958343402032577,12.007493402032576
854.4262445098602,1180.9161708907968,-797.8710364509532,,
95.40758162061816,1183.3822125130564,10339.92957212231,12.932955445780149,12.982105445780148
266.6707965901739,1181.99086052075,1384.6521588948483,15.11589767958077,15.16504767958077
842.8771241272984,1181.652929515376,381.5745480345916,16.515300901268876,16.564450901268877
808.7394504634954,1181.8956453261735,30074.282732729982,11.77376120178813,11.822911201788129
336.5154199936476,1182.7127614110013,26949.42223493364,11.892875750373193,11.942025750373192
187.23073828494663,1183.971193677802,1684.1981265655154,14.903266447659572,14.952416447659571
550.4196372298594,1185.244884426852,90872.37060855824,10.573169753123677,10.622319753123676
390.41553180849525,1187.1594831529756,3.540163853969773,21.59669098871941,21.64584098871941
462.4302323778185,1187.7697097722962,32933.016872550594,11.67517060583991,11.724320605839909
717.4758837082126,1189.319398214107,81533.13334153703,10.69091406571257,10.74006406571257
700.0636084237187,1193.6594408421547,90858.22497744323,10.573338777209273,10.622488777209272
799.8808907324334,1192.758997387518,39051.5541313929,11.490153592131104,11.539303592131104
31.817561974417067,1192.855133874462,18276.616794387137,12.314509882262808,12.363659882262807
183.09444315008636,1193.267450426378,3599.883986120195,14.078528135140912,14.127678135140911
832.1552057320913,1191.3002764763448,841.4551650294429,15.6566719460697,15.7058219460697
532.4337151180149,1194.6891006431717,73068.41160418185,10.809925231105474,10.859075231105473
1006.910667587857,1193.7019727715813,4494.311044370286,13.837591582531356,13.886741582531355
1038.6096795349945,1194.8351914036625,2822.768545884967,14.342561223863871,14.39171122386387
60.23108723448651,1196.8082839031706,6518.230397948691,13.433925129280647,13.483075129280646
215.35659080075467,1195.1908872274419,584.1304276798498,16.052974823799087,16.102124823799087
199.54962647523598,1195.0197275475462,2972.364892018504,14.286494089950935,14.335644089950934
302.6270639024947,1196.3070957774416,-2827.3187289778316,,
331.5141457003294,1196.3034171664212,6560.2858802870105,13.426942484430963,13.476092484430962
747.373696171782,1197.4035102309326,24500.282614563483,11.996321662356776,12.045471662356775
779.5835187856155,1195.8554966736517,18076.58607738182,12.326458363619837,12.375608363619836
140.750735610395,1196.33144651902,757.1517244314604,15.771292107970197,15.820442107970196
978.3024614125246,1199.6172401210977,8411.7030825035,13.15703956123552,13.206189561235519
15.852983127862815,1201.9208358041546,14742.167901060298,12.547846014611789,12.596996014611788
727.2587245909981,1198.9405230458278,20623.393797765886,12.18334906101874,12.23249906101874
41.79380233228245,1202.0791565622712,6699.026432362241,13.40422016899826,13.453370168998259
759.3011367631397,1203.3268088073899,18626.519321305932,12.29392012936839,12.343070129368389
1013.8719308430536,1199.660124404186,5597.820092972278,13.599202055811308,13.648352055811307
153.00131648056347,1201.9631144922898,3179.5267752848595,14.213343180986573,14.262493180986572
538.80619144417,1202.3137617378911,8327.094700909729,13.168015638091394,13.217165638091393
523.4629279511818,1203.3355398937722,20072.99821436093,12.212718782562405,12.261868782562404
333.8389042801565,1205.137305266748,5214.971181528882,13.676119615443834,13.725269615443834
478.4902134377313,1204.2322922371177,1078558.889801145,7.887139740575371,7.936289740575371
959.6938024518539,1205.5015021082456,4766.058568973065,13.773850960011021,13.82300096001102
786.9393191445048,1206.381338984519,18321.88693681236,12.311823900450316,12.360973900450315
855.0350270962109,1206.4314707359856,8285.890711928103,13.17340139546605,13.222551395466049
984.3338595363116,1206.1562110837378,18013.928683538878,12.330228299836659,12.379378299836658
1000.1118109781215,1204.0616889791797,18494.089723205278,12.301666996833264,12.350816996833263
112.67174329511846,1208.0165768526356,10917.712291532967,12.873920283983196,12.923070283983195
645.5140025477648,1204.838087425514,-1410.9438946692057,,
407.2720533600652,1209.0211320808023,1194.3752694399495,15.276397391546283,15.325547391546282
420.4750443535059,1209.3771127187601,767.7518282710973,15.756197249188077,15.805347249188076
173.41501007757972,1211.834565739704,5255.332689704629,13.66774886167979,13.71689886167979
242.791602464025,1211.7999516308962,5801.350718599537,13.56042659402582,13.60957659402582
606.9782675852877,1211.557774626408,2926.9768898639604,14.30320116385838,14.35235116385838
631.4822643324713,1210.7009168121015,1062.544473006979,15.40338160601764,15.452531606017638
838.0942382433298,1211.70139681887,8909.697666987648,13.094591979074814,13.143741979074813
1007.0790995886272,1211.2296900549886,15421.369795757462,12.498942018908938,12.548092018908937
271.38002776913805,1215.7425378840217,41143.46301028093,11.433497289740398,11.482647289740397
377.1917679500845,1211.944800216045,5996.8115593198045,13.524448392454017,13.573598392454016
507.21682764994677,1216.0554595599162,29368.638628436187,11.799539858872544,11.848689858872543
231.44063684651894,1212.0824656599557,3528.8814427069374,14.100156727662148,14.149306727662147
383.61860292019276,1213.0569195675205,5020.260986053813,13.717433659465675,13.766583659465674
696.9237583503908,1217.2481100029272,49243.11537968384,11.238385595245463,11.287535595245462
905.5568862994328,1214.0970388098676,4172.311404888327,13.91830760999201,13.967457609992008
123.45381736030677,1216.0075356715313,11007.757209087169,12.86500229235783,12.91415229235783
251.63121140336543,1216.3477824589568,16352.57133391004,12.435284266709179,12.484434266709178
991.9333310650187,1219.1314175470984,20322.655389963296,12.199298265185458,12.248448265185457
359.5925280679675,1217.235199836733,1375.8773508384147,15.122800093665045,15.171950093665044
1078.0058662865667,1218.3916830576354,994.8173223267255,15.4748910503585,15.5240410503585
380.6846785636707,1221.9089550247993,9033.974293612268,13.07955227139626,13.128702271396259
176.5734197671705,1220.938140301755,7148.164115510583,13.333763110065185,13.382913110065184
628.4670433078879,1223.5244805551154,1240.7954409182473,15.234998924799037,15.284148924799036
38.27825095948955,1223.450866913244,-107.23474645061245,,
512.1671557025905,1223.2062586232378,30032.160760285104,11.775282947389037,11.824432947389036
585.9018302250647,1224.758342872038,1047.6232516536656,15.418736575267477,15.467886575267476
639.5751869520295,1224.9217642411934,2058.649838227276,14.68529319127362,14.73444319127362
822.8397462883955,1226.164839044579,3598.790859238473,14.078857875674135,14.128007875674134
155.33471686106182,1227.1555790769166,6371.135923555964,13.458707221130739,13.507857221130738
894.4943324704437,1225.16259782211,1537.9163615289594,15.001917604186591,15.05106760418659
339.2617070331394,1227.7960879229665,1841.3459527687246,14.806410918525197,14.855560918525196
725.5484456667588,1229.1700316176966,38949.25141129204,11.493001609660546,11.542151609660545
925.2449135559476,1232.9804437407188,294510.0707864945,9.296499022229991,9.34564902222999
971.2904773528169,1226.4543268150367,185.73890740993056,17.296992181159045,17.346142181159045
541.4902558339342,1228.3646207030802,10411.596202384555,12.925456106661743,12.974606106661742
940.4842439555013,1230.6495744507547,283397.5618715857,9.338259123472566,9.387409123472565
218.16045325744074,1230.9576047284722,1115.597797657182,15.350480276880816,15.399630276880815
132.50114809883434,1233.635444096016,1233.7615719057192,15.241171299712928,15.290321299712927
282.08728912101043,1232.5389335502334,24499.023604737624,11.99637745712841,12.04552745712841
180.95844946750705,1234.9020032723986,4644.377677298386,13.801930574968306,13.851080574968305
173.38314810829596,1236.9267565671512,7159.332577627545,13.332068053774782,13.38121805377478
995.4263778896785,1236.861777950204,14496.432181873577,12.566096577127585,12.615246577127584
945.7828059053137,1237.2665514176574,86858.38621599747,10.622220007141612,10.671370007141611
525.0545703398383,1239.3425413348693,19241.7586658006,12.258637489143105,12.307787489143104
322.7201273610992,1238.974616044664,1892.7988814746996,14.77648822086812,14.82563822086812
386.6084854143926,1239.650397378199,11081.504808495383,12.857752549371584,12.906902549371583
213.3117788774691,1240.34178323602,1137.2372489819168,15.329621707226943,15.378771707226942
785.456825508642,1240.033703917269,64.1549325892322,18.451174265031035,18.500324265031036
75.07784012817375,1242.7767703678037,9221.70011886173,13.057221909328254,13.106371909328253
53.78024767083531,1241.8486279199776,2610.562946156495,14.427413973912914,14.476563973912913
400.1120603908527,1243.1276006331616,7472.522390631984,13.285581334897838,13.334731334897837
534.5070230504249,1242.4863970892561,17309.31320666297,12.373549806423256,12.422699806423255
639.9449776514201,1242.8511177601129,1704.726510611632,14.890112609916095,14.939262609916094
837.5729222161997,1249.6309242852453,283383.7784419977,9.33831193102803,9.38746193102803
287.03427612369796,1245.0086539376593,6501.194815711186,13.436766446567185,13.485916446567185
96.2184597862905,1246.3593522977822,8534.457436816232,13.141309605432788,13.190459605432787
174.69252560067028,1246.3954805193948,3380.274310985837,14.146869535159437,14.196019535159436
927.8830077398076,1247.9084503107485,289221.8211953637,9.31617175625154,9.36532175625154
69.7479247850074,1249.3216568462424,10542.849603519793,12.911854369378732,12.961004369378731
732.54523902136,1248.5182995409887,10451.49299367563,12.92130356308063,12.970453563080628
991.0950369434696,1247.5382790868632,4559.737797951895,13.821899722929311,13.87104972292931
262.43808840768014,1251.3237534811933,2909.755279851487,14.3096082352168,14.358758235216799
779.4970873691782,1249.655948532957,707.2533436537279,15.845311874149095,15.894461874149094
91.31415392374055,1250.6122171143256,16367.452140240679,12.43429669826713,12.483446698267128
759.8934699583018,1249.6352662819006,-2505.2881663763674,,
104.02205186681532,1254.3534788235302,7604.538005689759,13.266567310633723,13.315717310633723
119.62691803986036,1253.0523282350252,1427.093139643607,15.083118601491705,15.132268601491704
507.77457436114463,1252.4726835993874,9549.994827606391,13.019241556564456,13.068391556564455
676.7584199620742,1251.945235648344,21844.256541509894,12.120906226729094,12.170056226729093
515.0303258463183,1254.4821626386838,17560.439632323752,12.357910936389326,12.407060936389325
647.072759377079,1253.4628628451458,3927.211179102945,13.984038759112057,14.033188759112056
657.6765771697926,1257.3958981140509,2742.0637415701112,14.374055532200769,14.423205532200768
61.64570895843738,1255.5729643842762,22084.9595124661,12.109007878927923,12.158157878927922
463.5521006958734,1256.22754264929,-1043.7391987688238,,
586.4509811703568,1258.2954660070866,10290.462431127373,12.938162168836614,12.987312168836613
687.2461634087522,1258.2448253557427,90468.57519827732,10.578005020954711,10.62715502095471
701.1436224152555,1257.352699693187,59378.343466191465,11.035179203713257,11.084329203713256
715.7916161819529,1256.250188729661,3734.136880100732,14.038773813508397,14.087923813508397
84.9304217793864,1262.0227328529334,11274.299456140037,12.839025482694097,12.888175482694097
204.3584185938615,1258.990637672576,-199.26897415214114,,
415.221237854668,1258.1496096669136,-9.691530397358747,,
307.88909727048923,1259.4563705168032,3958.7011130503365,13.975367614460147,14.024517614460146
491.9144992610201,1261.0223181967124,5857.820771489559,13.549909198275543,13.599059198275542
627.6649963185238,1260.7410125510985,4985.605043641826,13.724954719959214,13.774104719959213
1075.9841525344575,1259.113387378728,789.3624864568017,15.726058189464117,15.775208189464117
296.5487146696959,1264.2626934619311,3707.366957621984,14.04658546019891,14.09573546019891
783.6832303065815,1264.006789024308,8133.412576491095,13.19356739013988,13.242717390139878
611.8641156008938,1266.2047607335705,5339.105723915276,13.65057809558485,13.699728095584849
141.5336940187977,1267.7049788062538,2167.1712760916084,14.629516307775898,14.678666307775897
376.19713065320406,1266.3496229062146,1936.5390213372766,14.75168376632321,14.800833766323208
525.1466967323513,1265.3473668349827,4290.943008624938,13.887867531561533,13.937017531561532
909.0722685905323,1270.443280928858,88220.7107530822,10.605323016565066,10.654473016565065
1004.5048038183313,1265.7148745373206,-156.7098259748699,,
597.9075179265354,1267.536845795932,13529.08411179015,12.64107840536466,12.690228405364659
687.0678792940811,1270.835746433179,92557.87749137053,10.553215930098274,10.602365930098273
833.3748870197005,1266.8277338158894,258119.04702034284,9.439699264936362,9.488849264936361
974.1751342859307,1268.143173472553,358.81846921613385,16.582062424755073,16.631212424755073
23.886161497776342,1273.6652349300773,4336.776243145399,13.876331859439894,13.925481859439893
781.5036800909904,1272.6315335966617,8519.711319040945,13.143187198901867,13.192337198901866
946.2975532947238,1272.079160058326,14144.107255711278,12.59281054506205,12.64196054506205
55.71114078005099,1272.6675151247825,19500.431183821478,12.244138861546128,12.293288861546127
717.0538983033014,1272.0241857639307,5274.509972287082,13.663794103057489,13.712944103057488
794.3857959440564,1272.0250075559336,8673.217440506065,13.123798811383711,13.17294881138371
883.7368112576357,1272.3165896011105,1735.6452388575321,14.870596994210262,14.91974699421026
152.99927769745267,1273.7941586515824,3562.213466097152,14.089949544827617,14.139099544827616
229.429463421645,1276.299479619604,70.1256507917717,18.354557135738332,18.403707135738333
634.3863756662845,1276.8167963524522,938.4709189464774,15.538197349027074,15.587347349027073
1059.7708036759204,1281.2321219918263,6569.826648646404,13.425364621418852,13.474514621418852
522.8947472210865,1279.8513755018582,3723.8739420700504,14.041761969649842,14.090911969649841
422.8652543115803,1280.4489135877702,1102.2062338593469,15.363592240026886,15.412742240026885
1042.7429213405235,1280.1823703367452,6019.994044948092,13.520259243354488,13.569409243354487
412.83154144223886,1279.8387202363108,1543.065186722032,14.998288714470316,15.047438714470315
740.9839887832704,1280.038939117118,-42.84188770658716,,
833.5905903598599,1282.058479830481,3027.982200883131,14.266366102573167,14.315516102573167
14.01346254255121,1282.6306097299318,4793.494030830516,13.767618920236016,13.816768920236015
712.7621206767207,1281.2302253461958,6918.400149468955,13.369235204176176,13.418385204176175
683.1174457817766,1284.3748890850568,81981.54833053866,10.684959106759404,10.734109106759403
388.7782014824788,1287.258622764078,3122.8062447082666,14.232886799584191,14.28203679958419
523.9383047756321,1286.1269566517208,3267.400472836176,14.18374347857858,14.232893478578578
704.411906830152,1287.0835636246395,8147.801876556725,13.191648247295205,13.240798247295205
992.0417962205513,1285.8140397473906,4249.316191744251,13.898451777083004,13.947601777083003
181.87163308003744,1287.33961217269,4970.609370899582,13.728225311861841,13.77737531186184
940.1248659840682,1287.0782585986474,12804.164634338935,12.700871273446424,12.750021273446423
208.80619909339526,1287.9491931029206,2899.5069951512105,14.313438995389758,14.362588995389757
351.4720548076428,1287.819057089204,-902.4379589304507,,
269.7167727656905,1290.6584155696476,1166.1060082261563,15.30240431495423,15.35155431495423
192.77640777866839,1291.582946560605,3801.7226555567854,14.019298320225767,14.068448320225766
996.6458089430688,1291.5714643463307,2318.907350737227,14.556040904349544,14.605190904349543
783.9382042915056,1291.128031901453,6161.038931734255,13.495114514680962,13.544264514680961
868.0446939750652,1292.2295718821601,681.5108430978198,15.885567472434143,15.934717472434142
975.508479507792,1292.1395558390386,3545.5715580665264,14.095033760239664,14.144183760239663
42.587936348247474,1293.4988628199958,2600.829369170873,14.431469745800566,14.480619745800565
69.67862489505546,1291.9325133549548,2880.35628195596,14.320633871031553,14.369783871031553
275.49878322747423,1292.0414587300759,1613.811372542634,14.949617468430361,14.99876746843036
732.3426006641712,1293.371254891111,2224.821889981963,14.601011275244506,14.650161275244505
163.73737544780573,1293.4573892582507,4032.9819631161968,13.955183698232215,14.004333698232214
525.6315187322996,1293.1156605291083,3072.3003726152506,14.250590213647493,14.299740213647492
500.5751157003041,1294.887584387158,3847.6975012597854,14.006247094244591,14.05539709424459
624.0480289105302,1297.3442253891662,7549.3758686475285,13.274471776021134,13.323621776021133
1039.1358286275058,1298.6007395859594,1479.6289366517235,15.043867357248265,15.093017357248264
167.50759917647167,1297.927098316017,3870.234238884825,13.999906270731973,14.049056270731972
301.02998307669986,1301.05926777473,19528.12056641036,12.24259827810862,12.291748278108619
433.49231654030376,1299.9647772080586,1665.718753253679,14.915245209452515,14.964395209452514
59.62717437759333,1300.6670891241793,23109.152217373605,12.059789364378641,12.10893936437864
830.3161141308099,1300.5974946788363,2039.1339418873308,14.695635013373916,14.744785013373916
865.1523347535804,1300.0090728634373,1909.4504323251786,14.766978425105744,14.816128425105743
900.4236239078989,1301.1844584386622,1582.3853687590904,14.970968750860836,15.020118750860835
476.87365521033445,1303.4334149205836,3028.4139761586844,14.266211293001245,14.315361293001244
495.08314389618687,1302.173979004504,5878.795907789332,13.546028439493298,13.595178439493298
484.88424276730046,1305.232063844911,4437.845477487765,13.85131895661319,13.900468956613189
135.90954135328272,1306.947398030799,9004.358065118162,13.083117505673847,13.132267505673846
505.64693670607153,1306.105793288165,3626.0920885256974,14.070652324283365,14.119802324283365
627.1249384721426,1307.0577459341023,10555.25786110482,12.910577278902831,12.95972727890283
885.3416672238675,1306.1188061850473,1317.7698214258742,15.169650503877126,15.218800503877125
738.5174221818387,1307.9967460852345,2221.707085099536,14.60253239745184,14.65168239745184
776.3839257928502,1307.9789874759726,4928.539717369814,13.737453745647986,13.786603745647986
157.24791293921263,1308.6162700747745,3576.9933449460113,14.085454067131488,14.134604067131487
708.437549570739,1308.280985632371,1006.2740554725572,15.462458708671937,15.511608708671936
49.58521432589552,1309.7669952269807,20449.03042387905,12.192567594801185,12.241717594801184
62.263888512298294,1313.70753026503,32014.288356251214,11.705889766574085,11.755039766574084
397.42786265864953,1312.579466889858,1851.11499905358,14.800665897996495,14.849815897996494
963.6534164411917,1312.6871296620002,475.7406757140228,16.27582368477165,16.324973684771653
480.15246112024533,1312.6655872343536,3500.901249135809,14.108799745784985,14.157949745784984
75.80278793858645,1314.8353344483687,28398.137158607824,11.83602476639641,11.885174766396409
125.29312203788122,1314.1737208880822,9866.229865422776,12.983871323663914,13.033021323663913
329.41839793802995,1314.8511988625905,3739.5852454334768,14.0371908034775,14.0863408034775
1043.562958543469,1313.0318366716178,1184.2798298564182,15.285613565909994,15.334763565909993
352.6149918892879,1319.6087878209569,22008.833458679816,12.112756837194915,12.161906837194914
715.6913950944925,1315.5831489679024,50.411730255491534,18.71292038808435,18.76207038808435
887.8505704990969,1315.941374829758,658.3090822532015,15.92317478046115,15.972324780461149
10.180184682768111,1319.708304165457,23892.94720902235,12.023575088644387,12.072725088644386
184.0425781720063,1316.0443546194776,-849.2409230409372,,
624.971387429595,1316.993912019017,8617.41200584007,13.130807253894334,13.179957253894333
416.4309267902312,1317.866045133555,3190.8978585298823,14.209467141134215,14.258617141134215
210.41630708627326,1318.9272689872191,321.34664522478295,16.701814971603785,16.750964971603786
452.7563037068418,1320.612691162827,10047.54214665925,12.964099805943317,13.013249805943316
578.8574106852167,1318.9270047232305,-967.7581446845018,,
602.559810651143,1320.628613341559,9936.886965762502,12.97612352333957,13.02527352333957
785.1262548085326,1322.9366299428768,4069.530388784743,13.945388657783083,13.994538657783082
907.4802385025494,1318.496273171151,973.5564651557354,15.498346534558019,15.547496534558018
127.38056564948523,1320.109101254353,15745.232291160646,12.476376716939642,12.525526716939641
863.2705439849286,1321.9527486286454,4857.623657102813,13.753189735123103,13.802339735123102
111.04227244118198,1322.0389488952,4876.388853059909,13.749003572868194,13.798153572868193
760.3673881638707,1323.5141378134729,2220.0868020952703,14.603324509847143,14.652474509847142
835.7101175137516,1324.0350756289079,1109.5366667839553,15.35639525021139,15.40554525021139
1015.4733076357868,1323.4286827719125,2681.4722552602707,14.39831612809899,14.44746612809899
630.7043687172542,1324.5684532353293,4992.428208457518,13.723469826485928,13.772619826485927
244.2223206855764,1325.758942129663,1767.3693258222083,14.850931114531814,14.900081114531813
446.03186819873275,1326.28377356132,10380.676707272836,12.928685233190338,12.977835233190337
140.06271286981675,1328.0103973730534,6688.16960609698,13.405981202734576,13.455131202734576
293.13776078082384,1327.6012191892326,3322.854620310114,14.165471045767546,14.214621045767545
812.4455649120713,1329.2725478843502,2561.940498293027,14.447826800155642,14.496976800155641
281.29338870976096,1329.3579983206469,5376.80249556848,13.642939187564657,13.692089187564656
227.67265657005933,1332.6482144747276,1798.477224724436,14.83198704137956,14.881137041379558
642.0085845353913,1332.2757761464131,5348.8218085837225,13.648604072507519,13.697754072507518
341.8939929755536,1332.8756966946905,20866.614977328423,12.17061939075655,12.219769390756548
381.7865980297266,1333.6230641013187,5171.43183247101,13.685222386526394,13.734372386526394
551.5265614734776,1333.867961762737,2241.455819628903,14.592923939739695,14.642073939739694
878.5009864737303,1333.6586399562416,2322.9967024074363,14.554127914223029,14.603277914223028
122.86314879838156,1338.031325435205,8331.075668226087,13.167496699896882,13.21664669989688
296.5008349987382,1336.4278792381972,4848.448326318369,13.755242469083402,13.804392469083401
469.482217904206,1336.1620595370223,3797.8705708997923,14.020398997067131,14.06954899706713
410.1133786725527,1335.865378286316,3207.6834721321293,14.203770631463637,14.252920631463637
266.6251118924399,1340.6687133078956,7113.731744162068,13.339005687236188,13.388155687236187
364.22746768641616,1339.469541875315,9534.464014925477,13.021008687556069,13.070158687556068
500.42582913522233,1337.014162825352,14722.65427177651,12.5492841130176,12.5984341130176
590.4527579452991,1338.2329931096049,2992.7363532159434,14.279078249701321,14.32822824970132
456.3422358451685,1338.893497358094,10700.912170811716,12.895697398621593,12.944847398621592
488.99243900284165,1339.1823936792089,4484.557171131888,13.839950485061856,13.889100485061855
644.6405039187689,1341.362990614064,3290.5607846405237,14.17607460326906,14.225224603269059
419.1736447021855,1341.2707706999638,708.1982382692948,15.843862292320516,15.893012292320515
718.7520811358175,1341.8157701995135,2971.903220823452,14.2866627408673,14.335812740867299
499.5011822819784,1342.40648484301,26616.918115608787,11.906354976134734,11.955504976134733
126.36262454263276,1344.0097508775546,34319.91962321327,11.630383742310851,11.67953374231085
820.4133087793757,1344.4773636935954,3964.045310070229,13.973902872624423,14.023052872624422
36.90523697255636,1344.581013886756,-11.820111740945663,,
185.20534125075062,1347.201926852981,10244.605049749809,12.943011347153373,12.992161347153372
377.9256731849704,1345.0403241041347,6453.3062349980955,13.444793710992805,13.493943710992804
254.68169326618167,1349.2005436363165,5965.059371237237,13.530212470891634,13.579362470891633
579.2906295488729,1346.2428792157066,4577.6879512258865,13.817633935847505,13.866783935847504
145.1179912543359,1350.7743858440613,56373.014691771634,11.091571246340383,11.140721246340382
610.4291464094157,1346.9537682050695,966.2025799993173,15.506578915412302,15.5557289154123
832.9325204308847,1347.5230029146308,1334.7300125741258,15.155765832302132,15.204915832302131
315.7466754350669,1349.5608723232867,4098.285125553553,13.937743972935962,13.986893972935961
562.2395700596134,1350.2352621330583,8008.156996001882,13.210417950761851,13.25956795076185
519.2885946559404,1351.218033228235,24663.73524968948,11.989102272840126,12.038252272840126
379.6673084360184,1351.0865387425688,20008.573141821507,12.216209099514693,12.265359099514692
543.9808309099993,1352.2612590018261,5879.69052836905,13.545863227421137,13.595013227421136
726.1892886679631,1352.0339669217944,3582.960468958154,14.083644355994627,14.132794355994626
946.5364898174327,1350.7854550116876,170.5350918459137,17.38971499887749,17.43886499887749
2.1485316611824494,1354.3548428495296,1294.8293807540394,15.188718034113947,15.237868034113946
207.25832843822585,1352.1977455493834,38885.1415270342,11.494790187576683,11.543940187576682
497.97605410722866,1352.7819357513397,28278.60499738185,11.840604443440592,11.88975444344059
508.35941123117317,1355.3438344752171,28976.27365602985,11.814143061156242,11.863293061156241
1010.3200930139188,1353.32589458399,3081.8010295498484,14.247237907689716,14.296387907689715
476.1978921431297,1354.3788595858305,907.9961052888208,15.574039433263616,15.623189433263615
88.1499002954817,1357.0770795982146,-1157.572404996186,,
294.7088577392276,1357.6992265319575,10389.841479675493,12.927727093796594,12.976877093796594
729.9767208695915,1355.8464983002102,4273.9699476253845,13.892170737221726,13.941320737221725
1053.0159928611997,1356.7265642773286,3246.955769113507,14.190558465994759,14.239708465994758
181.44259152142163,1361.6827199654836,10598.23023529393,12.906166022808312,12.955316022808312
734.8009137851359,1358.825894885798,3447.891665117564,14.12536536855952,14.174515368559518
762.6249346440087,1361.5413448386869,6321.361457332821,13.467222837161692,13.516372837161692
278.91241942104244,1361.6509240193327,10070.224514551152,12.961651514452516,13.010801514452515
388.07236906193714,1360.884537799502,19570.16630929168,12.240263106593563,12.289413106593562
549.0224836707922,1360.6399926113463,7009.411045706581,13.35504557593496,13.40419557593496
885.2385748023678,1360.5422328600882,1352.9591431928895,15.141037692666714,15.190187692666713
746.2851133875412,1361.4951538298913,8373.941689460768,13.161924566403727,13.211074566403726
810.2752326338212,1360.9735729041633,1647.174552071802,14.927400337340353,14.976550337340353
150.03915928828678,1364.2114836071612,54498.43619422608,11.128289296002864,11.177439296002863
119.63208647461953,1365.107580450718,3008.541697986696,14.27335930964355,14.322509309643548
1052.4694211402377,1363.500422064154,5259.334563538631,13.666922401000893,13.716072401000892
52.267688988662,1365.3078590233683,12689.188859688878,12.710664744331504,12.759814744331504
428.15249985570915,1363.8589735227147,352.45297427513503,16.60149644788242,16.65064644788242
215.8920133920836,1368.2040362508335,44281.364913590485,11.35369690008347,11.40284690008347
607.3646782654355,1364.7089698806024,1399.0208601690947,15.104688922202866,15.153838922202866
229.69507966879965,1366.137094892884,45083.68873472939,11.334200790775599,11.383350790775598
381.311122435787,1369.4186084129342,20447.926966885458,12.192626184157707,12.241776184157706
36.326470947301395,1370.0828723839343,16340.172861500614,12.436107780999905,12.485257780999904
506.73993560251637,1370.468366359196,27995.026217307928,11.851547201107403,11.900697201107402
708.589716193112,1371.3334386645163,2099.3123186236144,14.664056761995775,14.713206761995774
1068.3172852516952,1369.9493503183471,6612.581855916351,13.418321744658932,13.467471744658932
60.16835256814935,1369.1461905966148,8020.378604264004,13.208762223068058,13.257912223068058
582.0925450070056,1371.9273812474153,8979.63497261035,13.086102690719555,13.135252690719554
339.978761311518,1371.395307133869,-1937.104045873189,,
7.321119765228651,1373.582520259433,3441.768634377868,14.127295216365717,14.176445216365716
973.4984841814288,1373.240146392205,2112.6718036095376,14.657169307178247,14.706319307178246
1054.088610819338,1373.3481886872084,5651.684161413894,13.588804688096182,13.637954688096181
429.2977448392629,1373.9820703969078,-571.7252422508636,,
101.08671941903793,1378.0509722489185,135989.10024667808,10.135489146631794,10.184639146631794
125.4385138423038,1373.8310096568634,4074.1926295979965,13.944145500522492,13.99329550052249
1026.0459492059642,1374.707149436683,3816.1769378001727,14.015178140854466,14.064328140854466
371.3158399554345,1376.3439358145888,18701.888177362776,12.289535757657164,12.338685757657164
689.536628381055,1378.0432144987585,2132.6011297692917,14.646975310117,14.696125310116999
377.2067354800257,1378.8403805438975,19298.80137553509,12.255423556583033,12.304573556583032
863.9821810583446,1378.6474246508526,580.5428706958551,16.059663657189716,16.108813657189717
1074.4310785623254,1378.2300550568166,4611.571039107278,13.809627139651388,13.858777139651387
42.97287697550927,1380.6550504894549,17249.64991203972,12.377298684142957,12.426448684142956
1031.0395636380129,1380.9245323065675,3672.328399674254,14.056895619346653,14.106045619346652
506.61552341079306,1380.2482592790593,6609.278027839649,13.418864343939724,13.468014343939723
179.78475639440953,1381.4592535691868,76488.48792393973,10.760259208524321,10.80940920852432
8.379834471044733,1383.857072763419,3049.8796795829157,14.258542631505716,14.307692631505715
136.46296624209685,1382.9391260993,1876.6953234752718,14.78576496801871,14.83491496801871
498.73897067192604,1383.6264147032628,4455.879868246396,13.846915713415616,13.896065713415615
143.23738778247073,1383.19736665885,3836.1184016538673,14.009519389504115,14.058669389504114
233.8274037574231,1384.2826457580254,168.78231487238327,17.400932049982206,17.450082049982207
490.77105589121925,1382.7232279235602,2997.7119601773375,14.277274645837869,14.326424645837868
931.930334744738,1385.335908104762,2477.3615350901646,14.484275921950818,14.533425921950817
108.33478282548108,1391.6461783060242,139124.65039334298,10.110739182464707,10.159889182464706
37.013715896099846,1388.1793463065226,9861.051363268227,12.984441345182802,13.033591345182801
610.3892047043524,1387.7410272811385,299.2658533095693,16.77910648246578,16.828256482465783
642.7058279526877,1388.7861858761773,3957.5722611286847,13.97567726405195,14.024827264051948
168.597294143791,1397.0504356629951,112874.44434817426,10.337760333958729,10.386910333958728
795.2863805597312,1391.8525698642334,16762.70201918531,12.40838933527263,12.45753933527263
518.1762086372717,1392.2572303546722,1985.3773605854822,14.724641734282201,14.7737917342822
4.004981166275293,1392.9241485099624,1979.1338612160193,14.728061474338261,14.77721147433826
65.78987636514162,1392.1811693193,-373.0766829087394,,
832.6358569526152,1393.2715387403828,1540.3775225279626,15.000181465746024,15.049331465746024
153.05661594891234,1397.9868345826162,112362.22701539766,10.342698551685418,10.391848551685417
405.52742246639355,1395.9945900808973,1467.7483536604173,15.052620392696419,15.101770392696418
912.775534193327,1399.250400661472,2231.9160338222136,14.59755476716791,14.64670476716791
803.3209465295353,1399.7220971373813,16399.071666545035,12.432201237952526,12.481351237952525
1047.8612564426853,1398.5589716816883,-279.0571387251616,,
787.9290602882327,1399.4315609500054,17716.360726547187,12.348313111315912,12.397463111315911
315.25084871548273,1400.9349270786329,11900.733146417213,12.780315104995607,12.829465104995606
540.2778826014824,1400.7868636243097,1560.8345911518616,14.98585719420222,15.035007194202219
666.2176038902513,1403.5989438922318,21120.671718683647,12.157480081680639,12.206630081680638
492.3429450770802,1402.1153799182764,2847.528705239504,14.333079120502227,14.382229120502226
957.9566802964371,1405.218678317809,3585.924786158037,14.082746457206964,14.131896457206963
191.26421656620724,1404.699750721228,12869.576458512838,12.695338761519924,12.744488761519923
137.18201954058873,1405.5999207594991,3972.1349180748693,13.971689419027738,14.020839419027737
392.27922377882726,1404.3778964928274,2419.6645288749123,14.509861502522583,14.559011502522582
238.71532198703707,1406.4870845618989,-719.9412340605984,,
788.8991962879846,1409.1191025861374,16787.729478252422,12.406769491816092,12.455919491816092
589.3545442103064,1409.5233739957284,8695.748609476326,13.120981957514829,13.170131957514828
634.9343077103094,1407.1801984603883,2946.789353665974,14.295876667123483,14.345026667123483
858.4395945128986,1408.357426279452,1907.23440321229,14.768239217344405,14.817389217344404
318.3228507719633,1413.4882665340615,13000.680631928022,12.684334173064176,12.733484173064175
866.027359083585,1409.6360601053364,1221.7180180667942,15.251821950077161,15.30097195007716
305.18449051597,1412.732986981023,12520.58355339491,12.725187970634789,12.774337970634788
359.9488982142054,1411.969514684936,-868.1625456101073,,
631.0434084816789,1413.3098366378335,1707.5061118178385,14.888343730319747,14.937493730319746
212.42561830375732,1412.9641713413778,918.5075883266188,15.561542525934694,15.610692525934693
270.5590575327516,1421.2538946811208,148401.3248127579,10.04065495245842,10.089804952458419
503.7285462556796,1414.444255930977,3076.762559681471,14.249014442199403,14.298164442199402
570.5463424082953,1414.8278517001495,9721.41458939238,12.999925735245888,13.049075735245887
1018.4166687245446,1416.261369327115,2779.1522273463515,14.359468557983234,14.408618557983234
46.692599538304215,1416.4912603014225,3414.564767224081,14.135911010476757,14.185061010476756
560.0940804243309,1419.3038774171791,4570.091310898932,13.819437203962565,13.868587203962564
32.58323479014912,1420.2771868882064,2952.410198441838,14.293807655398286,14.342957655398285
437.27912182215044,1421.1802877500859,12091.478626768901,12.7630508661303,12.812200866130299
199.28611034439328,1419.219432673059,10790.57889416588,12.88663753651066,12.93578753651066
1034.3637795614475,1419.4866513350378,2515.7678707765645,14.467572981508411,14.51672298150841
498.4516201955576,1421.26408647044,2924.7289216683002,14.304035348164922,14.35318534816492
79.37595785417973,1424.0972668420504,3198.623180278004,14.206841696894653,14.255991696894652
249.99405263995865,1421.7187229124083,54597.049166017794,11.12632647045532,11.175476470455319
400.30549984373124,1423.8073527184156,7140.220881145986,13.334970280507886,13.384120280507885
448.55719429287603,1422.400735314748,12498.065623350205,12.727142395778593,12.776292395778592
909.7111207426498,1423.279316226191,4141.492394983004,13.92635722697278,13.975507226972779
990.522454787244,1425.1642072437419,1214.3318151519356,15.258405963578184,15.307555963578183
596.6586883734869,1425.3934958272969,7485.115880009733,13.283753076940922,13.332903076940921
643.2285194865774,1426.1862284766628,1304.0184102406783,15.181040090363762,15.230190090363761
42.90964972103714,1425.894792706188,3583.368644695415,14.08352067449206,14.13267067449206
322.378823773631,1428.1165220420787,23589.70360350807,12.037443187077372,12.086593187077371
536.5760745602811,1427.2474888158965,2086.3604671808057,14.67077603492109,14.71992603492109
694.7423384464257,1429.1385976079348,2989.4251017633665,14.28028020520832,14.32943020520832
240.42304466483344,1429.7483044565229,2998.352752534589,14.277042583144091,14.32619258314409
506.35315879270735,1429.7115779179303,2206.237961424351,14.61011851506694,14.65926851506694
701.2289049572677,1430.0334199501253,13932.963261074707,12.609140667602103,12.658290667602103
1018.072740701719,1430.558560575398,1990.0476371588452,14.72209071611557,14.77124071611557
449.9250835706308,1433.1007979311273,13356.69193605339,12.655002124098434,12.704152124098433
717.0365678488756,1434.942625317702,15248.669852443189,12.511169493340931,12.56031949334093
1.4456316572841743,1433.9041719350741,1093.443709162898,15.372258321655478,15.421408321655477
300.31867968323326,1438.5951751706205,57939.325180303436,11.061815815809645,11.110965815809644
14.971775792437734,1435.5203825008416,559.7213409139365,16.099319732744164,16.148469732744164
996.2199848562129,1436.7836693383415,1982.6467189060158,14.726136058380153,14.775286058380152
18.427186506476634,1438.4491297162956,252.70278089569956,16.96272434450635,17.01187434450635
50.23027011889682,1436.2896688368044,246.53203951618354,16.98956597606088,17.03871597606088
838.5313973303372,1436.826179865248,-210.84858782490937,,
622.7086762813246,1437.7054973011748,5716.016199742868,13.57651577009289,13.625665770092889
143.63671535475336,1439.5123896627797,604.3004056748929,16.01611718298549,16.06526718298549
249.72144557432156,1438.5334367935573,3539.8137167510945,14.096798377945282,14.145948377945281
674.1623164309523,1440.2640608340275,4519.017107582946,13.831639433883126,13.880789433883125
272.8902288718996,1442.6645267574352,23001.13964681885,12.064876010686058,12.114026010686057
328.4270794235991,1441.593026486325,15344.577630481921,12.504362050743048,12.553512050743047
952.958706108184,1444.5228109357745,27408.592640342817,11.874532556914838,11.923682556914837
659.3682511568355,1443.1601400395375,3833.8290742294425,14.010167531033343,14.059317531033342
884.0805611468553,1442.4108240587354,22612.141809450415,12.08339514641455,12.132545146414548
176.77256701729988,1443.4530092112618,-1975.5099436806431,,
318.49573352701333,1445.435067025177,50192.20282246348,11.217658756714435,11.266808756714434
241.00665283714713,1445.8371323485699,3126.3825921692783,14.231644087787675,14.280794087787674
412.0467065339728,1445.0418541388756,71.00882549562388,18.340968574063844,18.390118574063845
723.2542676308893,1444.9179431868936,13797.31856576185,12.61976266793056,12.66891266793056
877.8885725109674,1445.9645588683397,23806.330760891527,12.027518239192258,12.076668239192257
330.00803455864184,1449.141170542616,14021.572641650437,12.602257581786054,12.651407581786053
623.6128799776143,1450.9974713884558,6634.904911528412,13.414662639646103,13.463812639646102
659.897368866815,1449.5490369898232,4463.381838502532,13.845089292596796,13.894239292596795
871.6523475629912,1451.15650844034,24458.556371766168,11.998172347724346,12.047322347724345
281.940224926498,1451.8398272649138,7791.708299509096,13.240167684066588,13.289317684066587
103.09557552783673,1453.4258518718839,3602.6531036255756,14.077693281743702,14.126843281743701
462.6872609591712,1453.6543243427209,22519.174694148955,12.087868222474558,12.137018222474557
711.353189570932,1453.0524383647712,9794.225760458667,12.991824121368483,13.040974121368482
362.42531594389345,1454.8791035762881,-226.24213853091737,,
878.0763403353589,1457.9521304705886,25047.749427186747,11.97232762239335,12.021477622393348
1064.7945720297541,1456.0045026364885,-211.93812938696055,,
212.20571882535833,1456.7762331062072,9858.07222137339,12.984769408671532,13.033919408671531
132.97348569636293,1457.970657224382,3625.431111522195,14.07085025419282,14.120000254192819
552.0180130358498,1463.5787148992677,5184.396779883904,13.682503816978702,13.731653816978701
602.3362658243234,1458.3875072327514,-698.0205922309862,,
911.8728175692193,1459.9838090419655,7550.705723809839,13.274280535743166,13.323430535743165
241.97322839273778,1460.3631519453365,-66.99186789329775,,
277.581419556823,1461.367241080498,5096.4433907993825,13.701081385950955,13.750231385950954
259.80121576959584,1461.752226375075,3024.6320528028896,14.26756802203508,14.31671802203508
314.41210592537857,1464.3728165692855,10252.549480278502,12.942169712645473,12.991319712645472
459.47165710299186,1463.9312097939244,21044.20023706778,12.161418333756556,12.210568333756555
22.90803608926145,1466.0106135193369,11390.380376235214,12.827903829038217,12.877053829038216
99.68273055528344,1464.014174132854,3586.305625557663,14.082631153849146,14.131781153849145
90.04194568524416,1465.1062045605138,2691.012291055364,14.394460194012996,14.443610194012996
692.4250336492439,1463.9265957467146,-596.4813544195508,,
295.8226348595333,1463.957743540925,5705.379893361291,13.578537979316286,13.627687979316285
948.3367851343309,1465.385394410358,5296.468779698394,13.659283355836875,13.708433355836874
923.8832138603682,1466.557445538977,7868.549089256994,13.229512751019639,13.278662751019638
33.9259125852948,1467.870242531111,11567.623333115414,12.811139050948078,12.860289050948078
141.73732980250946,1467.7839971826647,3910.4575732908997,13.988680451602479,14.037830451602478
219.06161882820743,1474.6069226367258,24181.353335555068,12.010547890064414,12.059697890064413
267.7374280984116,1467.6881777755696,3740.7977525892347,14.036838826064201,14.0859888260642
126.53399792258901,1470.9318971149976,8183.15506094731,13.186947445945483,13.236097445945482
858.7969372207552,1470.9019227468511,12029.422131830586,12.768637484360209,12.817787484360208
535.7720072018813,1470.1383695509717,4540.8297998658845,13.826411337705066,13.875561337705065
794.8564910309152,1470.261713609207,4170.736937882504,13.918717401660828,13.967867401660827
645.4431560826486,1470.6210269179062,3708.4551309095405,14.046266825493351,14.09541682549335
1051.516920132873,1472.5680086179073,581.5068914711959,16.05786223261718,16.10701223261718
352.0009452337538,1474.0000979332274,5330.0186815091965,13.65242756943954,13.70157756943954
518.0653573766033,1472.6292647675382,115.25903476844564,17.81506195177316,17.86421195177316
625.2545308820337,1472.698420339403,4962.817124851631,13.729928717104663,13.779078717104662
119.6258491865315,1473.9617799260175,3151.6721113232106,14.22289682566236,14.27204682566236
767.474351533909,1473.1260703380974,3383.3467502292388,14.145883123081427,14.195033123081426
994.5171712296599,1476.7054349043083,30886.891199715494,11.744813901791419,11.793963901791418
335.22144881444007,1475.6167067942088,3633.5796032567628,14.068412699943611,14.11756269994361
571.2903340246036,1475.0233321290186,1402.7787116839816,15.101776481263606,15.150926481263605
773.4367800143277,1473.8942225466967,3821.1570393139073,14.013762181489746,14.062912181489745
806.2486081465347,1474.742980074931,4283.651197333313,13.889714146161799,13.938864146161798
412.5078812935338,1476.0729542973866,5206.889249435177,13.677803546656621,13.72695354665662
755.9121727299156,1477.05011208073,8550.03303832784,13.139329915235775,13.188479915235774
42.014635865560024,1479.5357710774358,6890.315404162688,13.373651641998576,13.422801641998575
365.0774642229742,1477.7840549665887,3762.5498334505614,14.030543745739195,14.079693745739194
636.1524452956241,1480.2415936468724,4347.081222257071,13.873755010566608,13.922905010566607
848.6731506519968,1478.9345835058043,8091.170761510759,13.199220980195582,13.248370980195581
871.569772804427,1480.6698670307194,10423.359111662134,12.924230145997043,12.973380145997043
884.749353342064,1479.1364657995068,3850.4907758913646,14.005459179108913,14.054609179108912
29.70924512103698,1480.7847004114615,14498.027638890399,12.5659770890972,12.615127089097198
273.92035639266186,1481.094916275537,859.6575271292949,15.633435721985043,15.682585721985042
806.3180201480354,1481.5772176560479,8150.151021590764,13.191335256842073,13.240485256842073
825.6061269796947,1482.45353257003,9455.38302238722,13.03005158220185,13.079201582201849
793.0472442322332,1482.6660142139888,3166.9028835156846,14.217662533804635,14.266812533804634
296.62315960749316,1484.8211606567759,-2004.664327019125,,
485.0296439245448,1485.4952467794526,8182.050072075175,13.187094065119076,13.236244065119076
1015.8168614109137,1486.0459351049622,3182.039381274401,14.212485521924055,14.261635521924054
55.70343589438513,1489.4814104832994,5988.999829730358,13.525863645633407,13.575013645633407
136.66258328250873,1488.5842710889515,8674.396443519883,13.123651230711447,13.172801230711446
29.005014853937627,1490.524968731653,4163.721577353834,13.920545194720292,13.969695194720291
447.7159841065268,1490.1488353799373,2976.027277253531,14.28515712875714,14.334307128757139
459.7921823757185,1489.9325618610103,36365.31037484984,11.567531151001116,11.616681151001115
18.61890511046437,1493.3277694423418,2168.0262446920296,14.62908805952608,14.678238059526079
370.05714297190764,1491.8417098972557,1399.5526700999028,15.10427627962147,15.153426279621469
418.9516632047492,1493.5629041248146,15762.032180886526,12.475218872833173,12.524368872833172
675.1827389876246,1491.7722955995043,-1481.1177375490295,,
345.5014408103057,1491.603202941505,5312.224330906023,13.65605838085253,13.705208380852529
236.25670976738832,1497.258853868231,38804.59131572243,11.497041612800077,11.546191612800076
753.7113942303915,1501.0003923512083,237211.79715559876,9.531408687935846,9.580558687935845
817.9937436773376,1497.3829899113593,7788.023151670905,13.240681312753317,13.289831312753316
255.5384342399689,1495.4993436332104,24272.945539523713,12.006443193776342,12.05559319377634
962.335040002748,1497.048153020175,11730.174533494068,12.79598821237699,12.84513821237699
125.52460610881883,1496.5029027810385,9984.780140226423,12.970903131554282,13.020053131554281
458.5421917505601,1495.3586732191814,38765.47410488431,11.498136647989384,11.547286647989383
474.3247009633826,1495.798327615497,44830.55545648979,11.340314097813545,11.389464097813544
612.8609671953938,1496.8556393917702,3540.056463552972,14.096723924887591,14.14587392488759
992.7557614215108,1503.8173502898735,335704.8219524312,9.154355449090176,9.203505449090175
492.7127948643448,1497.201641461144,9764.001508631763,12.995179802856484,13.044329802856483
768.2062067621749,1497.426027764839,227397.52313844857,9.577285072598954,9.626435072598953
923.8793999869174,1502.5897785904365,49666.266545470935,11.229095610113315,11.278245610113315
442.9232146124499,1499.2782232707495,2229.668143827005,14.598648825090589,14.647798825090588
177.0888882699682,1499.1676504715224,1315.7571009737146,15.171310091156723,15.220460091156722
224.826751811841,1502.069993389603,36431.19263597494,11.565565925400279,11.614715925400278
544.0861927156914,1504.592706123705,27272.989534045635,11.879917532913646,11.929067532913646
1013.699746936795,1500.8644832158905,98655.02669149509,10.483951351438547,10.533101351438546
118.06350582117399,1502.0598018135256,1691.9751483367274,14.898264447851318,14.947414447851317
329.92977392926576,1503.0993543086956,723.0658535610422,15.821304765803442,15.87045476580344
467.6416339477486,1505.242591701285,36500.070557172454,11.56351513752928,11.612665137529278
506.277995387731,1504.073137773345,1625.3081861215187,14.941910090586221,14.99106009058622
621.6935113412599,1504.1225987477578,9135.960434539085,13.067363872251619,13.116513872251618
658.0170132112279,1505.8863347654399,2388.802881278841,14.523798611951108,14.572948611951107
41.52366864397076,1505.2889679514565,2100.4274759340155,14.663480170705082,14.712630170705081
59.112774494059,1506.1344982953196,5380.435833281362,13.6422057564872,13.6913557564872
968.334470615845,1508.063462772873,20248.852745076707,12.203248342253254,12.252398342253253
364.5598986560354,1507.444162575403,735.3768843140099,15.802974461916452,15.852124461916452
413.69680473083815,1511.4427538608743,23895.43578219695,12.023462009530713,12.072612009530712
266.74881446738584,1511.2264683275428,1496.752178287295,15.031374650312346,15.080524650312345
715.7164477885807,1511.564390916788,5812.4501382555545,13.558351296612003,13.607501296612002
863.227365762658,1510.8686919999095,4773.968403089903,13.77205054681149,13.82120054681149
882.4169423003527,1511.356167947262,6263.175214125889,13.477262994015646,13.526412994015645
345.4413897476565,1511.7058351656895,432.6833066360656,16.378824047482976,16.427974047482977
274.27358918449477,1512.5766506623936,-710.9333730853396,,
367.5269063714894,1512.0598501364161,244.0520282590138,17.000543344158903,17.049693344158904
963.1761107023053,1513.4092957489258,12621.229031673829,12.716495278097007,12.765645278097006
183.06604633562995,1514.3744460348703,327.81060266172597,16.680191906917166,16.729341906917167
1042.2372475166933,1518.2443307957778,20873.118738284655,12.170281038392226,12.219431038392225
607.6310727650788,1520.748352489978,42201.59450483287,11.405927246874674,11.455077246874673
861.7965284916436,1519.3989366859662,2928.395599052007,14.302675033723178,14.351825033723177
883.3099090101585,1518.5899895082673,5834.600051646443,13.554221668680244,13.603371668680243
135.74770391928115,1523.9574307331552,56139.22609061345,11.09608334408358,11.145233344083579
728.4788143448936,1521.3964309496494,8163.934698713951,13.18950059186545,13.238650591865449
890.5298347252622,1520.7271493862524,5216.455491680193,13.67581063195927,13.724960631959268
204.67078927302543,1522.1250822490283,66.03522010974427,18.419810323033143,18.468960323033144
1021.5962666148658,1523.5172096417841,8094.820770574124,13.198731304039864,13.247881304039863
392.1286106943404,1524.6690365192794,3514.958924924481,14.104448761698695,14.153598761698694
411.5453487100095,1527.5378296577599,25036.410866362443,11.972819222377654,12.021969222377653
427.6944154172935,1526.9388211696646,16968.700921928194,12.395127909541836,12.444277909541835
597.4190474351282,1527.5478888062423,40454.77467028482,11.451824931147698,11.500974931147697
441.80305475923427,1528.7284060240438,2089.9470451883067,14.66891119209535,14.71806119209535
716.4494141132352,1529.2717426560387,6946.178057165326,13.364884618102348,13.414034618102347
845.4087116548385,1527.3912510588739,1458.8162946985442,15.059247883338514,15.108397883338514
43.39933056077525,1533.711007752814,48583.41742400754,11.25302924644793,11.30217924644793
978.8683515436694,1530.714995616752,10281.560787636008,12.93910177862811,12.98825177862811
681.4045827054407,1528.7035516408025,1403.8999157762912,15.100909027520387,15.150059027520387
771.6083756949703,1529.913556210514,11120.704872579217,12.853918609088934,12.903068609088933
780.8748887610258,1530.358478720253,8244.01198996407,13.178902860628916,13.228052860628916
737.9094002083255,1531.1829737456658,9184.240940651944,13.061641226113313,13.110791226113312
944.2465155604594,1531.3699134604465,-993.382944902831,,
7.850410989457178,1534.3708439957509,773.896186326968,15.747542631199021,15.79669263119902
285.9578850594743,1532.152439881425,-837.4793828022586,,
371.73899766216397,1533.2181112175665,-272.2625998816273,,
968.3026288916079,1535.0347703842535,10078.632743746188,12.960745346994198,13.009895346994197
24.59599470218418,1535.3063356690693,37097.94286804978,11.545874827334913,11.595024827334912
70.50418773688803,1537.8967640820185,8039.236275794832,13.206212415207592,13.25536241520759
487.2485935132742,1535.978174804228,79675.7711845652,10.715933708182181,10.76508370818218
670.2337914108309,1536.6045497747168,3734.1426382693944,14.03877213926678,14.087922139266778
722.152061289824,1536.3375392154228,13684.103008551638,12.628708560667075,12.677858560667074
133.28143282905114,1538.1982212138394,54970.279479162346,11.118929534962115,11.168079534962114
185.2144718257716,1538.323908864423,324.8198858314122,16.690142874051304,16.739292874051305
429.595590696826,1538.4443784491718,11917.070675409977,12.778825610024665,12.827975610024664
31.439110449543097,1538.2874978362966,48452.87538036028,11.255950510326397,11.305100510326396
413.5795685525354,1539.2611955853536,13378.68963589489,12.65321545017611,12.702365450176108
483.63317651680114,1545.2904869306863,80398.23991875662,10.706133044321888,10.755283044321887
31.885122579193652,1542.1916628832485,48363.07431971376,11.25796464727455,11.307114647274549
993.1853729103351,1541.9160501943002,5392.564678562085,13.63976099061297,13.68891099061297
421.46751831386723,1545.5542013145644,10121.85712780475,12.95609889033651,13.005248890336508
657.2856207998176,1544.9227138881745,4093.085889615153,13.939122252455476,13.988272252455475
226.73662705661104,1553.7268157132237,405958.5120866139,8.948045267304664,8.997195267304663
382.758685103051,1547.3161840703956,-395.2608776370632,,
641.3502829227328,1546.0163881218728,28559.43043064573,11.829875542665098,11.879025542665097
772.5018138485167,1547.6692374737866,11592.79921008617,12.808778612849082,12.857928612849081
327.1692275447545,1546.4962124000635,-2345.1295482831756,,
885.0738842773713,1548.5417271423305,1086.15111899158,15.379523762570702,15.428673762570702
734.1684429101704,1550.2784678406347,9583.395706479707,13.015450845217536,13.064600845217536
601.8084675240742,1550.603447169806,2271.222463110331,14.578600210353077,14.627750210353076
439.51968951566107,1551.5794528331007,7659.8730690486655,13.258695464865944,13.307845464865943
531.7701869690594,1551.5823423136405,5076.935681188985,13.705245243879634,13.754395243879634
4.687742983788987,1552.3156873133578,192.3282372529261,17.259141769526067,17.30829176952607
941.3823025304359,1556.305485118481,46178.212522508285,11.30815660215107,11.35730660215107
964.4960596882557,1552.0481749554745,3326.6914064012326,14.164218106690322,14.213368106690321
257.9403251577974,1552.9587101805143,52540.98936030441,11.168003781467212,11.21715378146721
275.62772823811343,1565.9212968675356,474716.24724837503,8.778164158028622,8.82731415802862
566.9992750541475,1556.9002493270086,20396.405469618814,12.19536530516853,12.244515305168528
914.7984434792212,1555.278518834583,-1582.5302710723522,,
1053.7577714875947,1552.46599924025,7508.972815538122,13.280298067300583,13.329448067300582
81.91678194268898,1553.9539184860473,5705.763032056159,13.578465070308777,13.627615070308776
630.7126429687418,1558.0130671965896,27590.863601903016,11.867336161893197,11.916486161893197
892.0906473339484,1554.9669350408349,493.6969114879703,16.23559837164882,16.28474837164882
209.0179248358578,1556.0086410763372,357171.27147367684,9.087058097958064,9.136208097958063
539.981446962255,1557.8877332713898,6672.192151044753,13.408578035065187,13.457728035065186
707.0156989081692,1557.9050266181684,2313.844062124229,14.558414179952418,14.607564179952417
137.28648885163338,1558.8074837206752,-882.3470035081713,,
363.34928758884007,1558.7597299375125,-976.9200514418533,,
91.84452350636931,1561.112460636966,-0.62561896905288,,
471.9003649152768,1561.4675652819062,42592.92240926784,11.395905799599884,11.445055799599883
127.04617948099838,1560.6980854037433,2269.7352281163485,14.57931140171203,14.628461401712029
446.6867895724672,1561.2897419593146,6228.586227614382,13.48327569464149,13.53242569464149
608.3074875701068,1560.2668479372417,5601.474254902968,13.59849353687721,13.64764353687721
176.0291232602687,1563.8529437440022,5145.096982472138,13.690765483959467,13.739915483959466
1050.733061624642,1562.9835520822166,6699.472324896664,13.404147903936778,13.453297903936777
435.0981338769649,1563.2875684889539,4641.573534874027,13.802586309416272,13.851736309416271
459.19678827551826,1563.9571470853703,4711.241035159865,13.78641108733574,13.835561087335739
522.8932503531548,1562.824930497168,8210.546017859599,13.183319298630408,13.232469298630408
581.0417022381145,1571.590748589013,34082.2082985874,11.637930081533657,11.687080081533656
23.102871535598872,1565.9683437925294,159.18440845776908,17.46449807773379,17.51364807773379
36.27220706104795,1563.8187848530397,1063.3586603063836,15.402549966365026,15.451699966365025
296.04471000658947,1565.989826224056,198548.12406077527,9.724584927272693,9.773734927272692
316.4004291669637,1566.1189712934056,7371.474718667875,13.300363446447479,13.349513446447478
40.56972375781997,1565.8368045660982,481.7092576040674,16.26228691555059,16.31143691555059
306.84327548722234,1568.5926203916122,10952.713361000197,12.87044509229068,12.91959509229068
806.8861583711085,1565.9789172837998,409.93187506061815,16.43747017484455,16.48662017484455
429.721299614618,1567.7907157448262,3812.334679316611,14.016271848174002,14.065421848174001
496.44476462674925,1568.9547434330213,-1459.3117989252735,,
118.6741348999676,1570.5755142983037,862.1274793918691,15.630320677510973,15.679470677510972
535.9902035383201,1570.6355383939372,21841.325549079775,12.1210519171125,12.170201917112498
1026.3995936536203,1570.4091484052392,-645.8957757947362,,
713.5264579678894,1573.465853639074,4127.398195621196,13.930058472545186,13.979208472545185
769.438947231231,1572.7232590990698,67.65747449338187,18.39345994126478,18.44260994126478
292.66584164438717,1575.4563059282675,292430.65773912024,9.304192144776392,9.353342144776391
958.3605835528152,1576.3028833016454,48355.85891226672,11.258126643046216,11.307276643046215
377.5096319456371,1575.7470163631306,2153.337031412755,14.636469374673561,14.68561937467356
231.6692794117506,1577.39007083219,5482.31104452469,13.621840217365651,13.67099021736565
531.4628125571311,1578.2022979368123,24743.51275571774,11.985596009876929,12.034746009876928
629.9219782280076,1577.574844543074,15765.195835919845,12.475000972622045,12.524150972622044
22.459527114186233,1577.925109410752,753.1573959777651,15.777035034459235,15.826185034459234
693.4844986167318,1579.5176814475494,1516.2921277331375,15.017292196939692,15.066442196939692
467.7199620613497,1583.4596385048171,-308.9490588752153,,
893.7152726877189,1582.05510634636,15985.658892373493,12.459923043466198,12.509073043466197
1024.2354609482159,1580.8311514872055,-1467.8996670249926,,
523.940413489415,1582.4190253980057,24248.965864551858,12.007516342078274,12.056666342078273
947.6376309868036,1585.4067258408857,51921.36869193344,11.180884066677853,11.230034066677852
344.70028356433585,1583.5600087842106,-926.4904606439356,,
159.08897402958408,1585.44660283091,38517.08466984815,11.505115876819348,11.554265876819347
801.3700958431702,1584.9657216269934,3630.0107011191135,14.069479634176279,14.118629634176278
540.0136408256544,1592.9987814137173,32825.334757467106,11.678726488022383,11.727876488022382
788.0443619611468,1587.2201163841603,2996.3489928041745,14.277768408934392,14.326918408934391
845.7339285553196,1587.7235013419197,3535.1039772192307,14.098243917158957,14.147393917158956
862.2621371769555,1586.521813875232,1652.4936496534015,14.923899899435506,14.973049899435505
897.6943391234882,1589.5283617494226,16847.558780921878,12.40290694674002,12.452056946740019
16.06572877462328,1586.7443889053836,-501.57255528198544,,
554.6564062665469,1588.060242070418,29556.12788960084,11.792630554759825,11.841780554759824
659.257439221457,1587.2452421509593,3384.834034677843,14.145405949480445,14.194555949480444
145.98977763988705,1589.1779016849146,37025.96192657149,11.547983521932112,11.597133521932111
574.4664106198421,1588.7453086067662,24738.383994658736,11.985821081345605,12.034971081345605
880.7811904552268,1589.7072655363384,15798.086636975004,12.472738169539653,12.521888169539652
183.34079003998883,1592.5794749171578,23853.73865086201,12.02535825578712,12.07450825578712
383.2335249619633,1598.3997957533911,41524.900665965586,11.423477891914555,11.472627891914554
934.2276954368168,1593.208940430116,57894.65093680561,11.062653297999528,11.111803297999527
204.2803197401623,1592.2247408184473,19678.287546559208,12.234281141587129,12.283431141587128
742.5012963563947,1592.9644358918201,9235.590413283833,13.055587736818518,13.104737736818517
953.7339809285838,1593.3657450789938,51977.82999396894,11.179704036675746,11.228854036675745
84.24073569637096,1593.0955967685823,9719.73070267219,13.000113816426696,13.049263816426695
913.6343804093685,1592.6981835106014,15098.886380734715,12.521887104828659,12.571037104828658
530.227381813031,1595.3288629941037,29670.915726561605,11.7884220223432,11.837572022343199
992.5691348184331,1593.9815735989064,811.424634113182,15.696128926592154,15.745278926592153
20.23362645920876,1595.1682635869045,1425.7767573965543,15.084120570749288,15.133270570749287
91.62218972817914,1597.6142513054717,10041.4338116478,12.964760072618024,13.013910072618023
154.32617133502836,1599.1961234125968,41939.49735968064,11.412691344505184,11.461841344505183
833.5512212886666,1596.9262360228772,3805.0309455367988,14.018353914603612,14.067503914603611
171.30300323546314,1597.697741631767,59311.750533513616,11.036397542382302,11.085547542382301
269.673295705822,1596.9381785120331,3168.3569985887757,14.217164121604394,14.266314121604394
891.8976272416172,1596.698251275185,18311.120574865403,12.31246209152934,12.36161209152934
1046.714360347173,1596.6454499919168,-1894.161081564339,,
449.9396129470669,1597.4266796307331,9748.16255765271,12.99694249060779,13.046092490607789
237.10447602912262,1598.9632472915578,4774.4163192844935,13.771948682707002,13.821098682707001
651.3421053576399,1600.7400130839928,4733.793323846166,13.78122616541168,13.830376165411678
530.1743558203622,1600.1624323064304,28800.915674695818,11.820733658447221,11.86988365844722
578.2767887030797,1600.9912076305811,1267.8925122684414,15.211543304832901,15.2606933048329
186.51651199018812,1605.4084820082878,24358.808939431794,12.002609274979356,12.051759274979355
271.12913391813805,1602.0528360769945,3914.7701946007533,13.987483714662298,14.036633714662297
776.5160481640047,1600.898196331843,6074.795673308641,13.51042021009105,13.55957021009105
793.5384544901838,1600.9320608530109,6504.204337591583,13.436263955734821,13.48541395573482
59.155959763019005,1602.2488665053115,-161.37423535053375,,
485.7575067020259,1604.0921217600926,5530.839224822533,13.612271811955445,13.661421811955444
727.8278868393182,1606.5043148342652,18600.275963087028,12.295450928281115,12.344600928281114
171.6979907937475,1605.1585411861045,52714.8962775728,11.164416006645745,11.213566006645744
211.06822318211542,1606.9510594991746,27221.890108286803,11.881953706338145,11.931103706338144
253.67518689829072,1606.123176433724,5501.851868883647,13.617977164163221,13.66712716416322
988.3273819765053,1605.9306058714742,1678.3672865864837,14.907031882461212,14.95618188246121
180.28845259412083,1606.525780688479,24776.117704633154,11.984166258552927,12.033316258552926
442.499959353063,1608.9280684873493,13018.746009825716,12.682826512018607,12.731976512018607
551.4412216234756,1606.6788457978548,13828.350278278629,12.61732346776957,12.666473467769569
616.3334659641913,1609.2812901020286,-494.9557999804183,,
795.7809122937716,1607.0312427181898,3999.3302278794026,13.964281233338362,14.01343123333836
234.01172779236776,1608.3614271714785,5550.381561781951,13.608442298011493,13.657592298011492
313.18032908046604,1611.48447023273,26353.638528623378,11.91714793552934,11.966297935529338
638.5938142149845,1607.142524539798,3286.7179574876745,14.17734330335212,14.22649330335212
768.41518745775,1607.3966957803957,3177.157351240659,14.21415258712888,14.263302587128878
926.4743237625584,1611.912889669715,26223.080811080377,11.922540114192602,11.9716901141926
740.2825068158473,1612.282076559565,20244.505305983595,12.203481475402326,12.252631475402325
997.4719218422442,1610.313360983318,1864.076937538341,14.793089814047539,14.842239814047538
952.4769607275,1611.8405188808538,20.992991901545793,19.6640635518853,19.7132135518853
417.81348624276984,1611.0464743972764,-108.3134114570073,,
638.8848508912359,1612.0603139599032,2648.7769482485946,14.411635927009822,14.460785927009821
896.912620405869,1612.2300642320793,5090.073651970892,13.702439231215102,13.751589231215101
22.641767051232772,1613.2725787065892,5337.380342042387,13.65092901808335,13.700079018083349
32.564520331020375,1614.6232847282593,5905.3189165844615,13.541141005865178,13.590291005865177
162.6454412948257,1613.78699802203,38642.37575098316,11.501589849505532,11.550739849505531
451.2375584054435,1613.901683890104,12748.691466657445,12.705585370447908,12.754735370447907
761.8443590852735,1613.0399092481637,2729.5243177393086,14.379031977842171,14.42818197784217
477.97927582446965,1618.5717688606442,34174.876631345454,11.634982008792798,11.684132008792798
78.38735665560331,1614.8254532556073,1364.1532541433273,15.132091489105257,15.181241489105256
305.33221539127106,1615.1204205519095,25286.308297634612,11.962035825795232,12.01118582579523
326.7587871263358,1615.3326741599367,27214.208985978417,11.882260108625506,11.931410108625505
52.57675718344147,1616.223114665577,940.8156370140504,15.535488079800624,15.584638079800623
445.1431074252437,1616.6496260621002,12688.582929204109,12.71071659133135,12.759866591331349
331.4006261136982,1618.6278954431366,16372.199216284887,12.433981846266542,12.483131846266541
134.27753940867186,1619.4387563317387,-289.9295409993358,,
277.38799643914615,1620.72852685202,663.4389035810093,15.914747060859025,15.963897060859024
1077.7977281586038,1621.6712288856565,2526.4142615749265,14.462987986831726,14.512137986831725
408.21969583096694,1625.179141240691,6331.847476813209,13.465423285180963,13.514573285180962
204.4228732246752,1625.555051715597,24107.774577009586,12.01385659276136,12.06300659276136
440.42406804291846,1622.3979681205192,12417.977985244439,12.7341221835069,12.783272183506899
836.3838999377389,1622.6951459518455,-540.302008099429,,
873.8391612090932,1622.8640698390648,4351.926785386398,13.872545446473449,13.921695446473448
975.2270657864838,1625.7692875491018,2926.1127760194586,14.30352174657499,14.35267174657499
89.81452694316563,1623.6040881421493,-254.07095204784355,,
446.9046504254752,1623.4404352709223,13416.805989698187,12.650126547936022,12.699276547936021
556.4424224915325,1628.2880880842404,10994.676653156053,12.866293243614848,12.915443243614847
545.2199215424516,1627.3328688724876,9763.710041898257,12.995212213821205,13.044362213821204
654.6984245058902,1626.726572793,854.4177432875106,15.640073751062554,15.689223751062553
727.8581334173658,1627.658655315871,9485.58940016415,13.026588593603524,13.075738593603523
101.7387040350816,1627.5027881481033,-780.4315156234384,,
357.2014850123569,1630.3902473998248,17853.702098463673,12.339928687500032,12.389078687500032
28.29914697588498,1632.4312639003747,7451.010253276515,13.288711494907986,13.337861494907985
888.951569377368,1630.2436609872802,5334.6143182479755,13.651491831754019,13.700641831754018
917.1150777676082,1631.1883292869534,6833.8698943797235,13.382582631750392,13.431732631750391
1042.8839449665309,1632.1264350270335,3040.290302015611,14.261961762019869,14.311111762019868
232.76294431432663,1632.845492495087,2831.699189792044,14.33913160610409,14.388281606104089
471.454790251203,1638.9303808246607,151786.99334748616,10.016163001506014,10.065313001506013
660.0670972677577,1633.473414776174,1001.2970998978319,15.467842001725,15.516992001724999
326.91200842137874,1634.8230561499772,12736.95380868723,12.70658546292983,12.75573546292983
548.46869459274,1635.1111087298964,10587.220519836934,12.907294499883454,12.956444499883453
882.901903010203,1635.766681152167,5391.310900833085,13.640013454927715,13.689163454927714
985.2863882721573,1635.6852532073435,6091.419556114104,13.507453114356174,13.556603114356173
129.48570824881145,1635.972549926944,-503.7533609014167,,
598.8587712731694,1637.6458033885351,11970.755725839674,12.773945475678506,12.823095475678505
756.005701081351,1637.1888296982515,100.11501060643062,17.968001403208092,18.017151403208093
420.7850605961931,1640.0744270349564,23781.025717237415,12.028672941057682,12.077822941057681
635.2901381753518,1638.1784662149164,2862.5926832220966,14.327350505254374,14.376500505254374
924.8066443801509,1638.940274550119,1271.2425096452005,15.208678379953518,15.257828379953517
1076.954215671912,1639.4266453560658,4470.303222683008,13.843406941172077,13.892556941172076
1064.1867262528344,1640.851227717019,4039.400117605281,13.953457213015039,14.002607213015038
33.06552313930228,1643.0078630142557,5021.289064280803,13.717211338857666,13.766361338857665
119.18383255308137,1640.0053334216566,-372.953952461149,,
305.8080858901604,1640.226572102026,10844.295372061511,12.881246052005569,12.930396052005568
354.7094507248669,1639.8955970204597,20261.686058529798,12.202560442564893,12.251710442564892
514.1754301646367,1643.9987978246343,14912.170327091562,12.535397258580957,12.584547258580956
314.7037405862737,1642.3462790288252,13397.60309614836,12.651681628285594,12.700831628285593
461.3806227921845,1643.1891225445154,150035.9554287428,10.02876102695203,10.077911026952028
500.7090786246405,1642.7378308252746,15067.3031247361,12.524160583686513,12.573310583686512
866.3847495478991,1644.728010780481,1807.0192979376338,14.826842420967054,14.875992420967053
178.0100826061174,1645.5846586661028,-436.5390311546249,,
12.178414348011346,1649.48380560809,1484.7298969581561,15.040130763225104,15.089280763225103
39.48518661078354,1649.4634620818026,3490.2913170482316,14.112095205359944,14.161245205359943
62.32732225164467,1649.0881189224417,-339.2118531005689,,
985.6274965488004,1648.230672357438,4316.705914629212,13.881368241554735,13.930518241554735
319.4562678656837,1650.939037579927,13090.377716460516,12.67686895225882,12.72601895225882
647.3899602926277,1651.3252511242113,3445.6199646052028,14.126080959600603,14.175230959600603
259.32082260291304,1651.0489083948007,-238.5005295479449,,
434.0467268205677,1655.407369049755,40657.56037270086,11.446396108576664,11.495546108576663
773.2869073091528,1652.3099479636023,2733.3070109252876,14.377528359167965,14.426678359167964
961.8469578889274,1653.6144932061286,191.193170137587,17.265568461942458,17.31471846194246
342.6489743256351,1652.893323924675,1869.946979346039,14.789676165765636,14.838826165765635
363.75211630514156,1652.8938282518543,1619.709069190621,14.945656862650086,14.994806862650085
623.042887728019,1656.699348590721,21277.572326942296,12.14944420885521,12.198594208855209
689.2879130020227,1653.7907519188263,-502.17613744900694,,
3.1465039928792806,1656.5878196806323,1079.217126721958,15.386477325502693,15.435627325502692
1056.616348724177,1658.4234591002285,8476.928499177291,13.148653097463985,13.197803097463984
216.64304305625453,1664.7304174476708,92923.12267817763,10.54893990791655,10.598089907916549
503.42126554271056,1660.3399735828118,10238.38123805039,12.943671155035549,12.992821155035548
1073.5955972531178,1662.3716180933084,8466.230180863698,13.150024217605884,13.199174217605883
86.3398992720815,1663.210014166667,26089.05890792781,11.928103364009234,11.977253364009233
268.2972225604322,1662.5930497066274,432.83688886935954,16.3784387305517,16.4275887305517
792.9878615364757,1663.620911500615,544.2749109008464,16.129703609030607,16.178853609030607
388.6192905875384,1665.6871976958014,961.4413580933069,15.511942397134828,15.561092397134827
769.7334730410603,1662.9528418243394,21926.6921030361,12.116816601884207,12.165966601884206
148.07190404786047,1664.7587686059726,1656.4602445822065,14.921296854531072,14.97044685453107
234.6003258264778,1667.629758590872,82112.00061505663,10.683232813446315,10.732382813446314
518.5922533186705,1665.7420954473778,1098.6446603582053,15.367106274241412,15.41625627424141
428.0600752164661,1674.5769076563624,27165.517283696885,11.884204449349275,11.933354449349274
757.9230852642215,1670.0001419451157,20992.35529637726,12.164096476956818,12.213246476956817
83.85783745563268,1675.323573191782,26460.94540647815,11.912736005568235,11.961886005568234
417.1696978014037,1670.0704887464547,16205.184588200987,12.445114441702692,12.494264441702692
458.6779912902701,1669.1993559400207,-647.7723854988249,,
595.0010767816443,1669.9591782319346,32333.415594588518,11.695120436323704,11.744270436323703
247.2133293310065,1672.105986038906,9263.46014188743,13.052316304464249,13.101466304464248
623.7677956841864,1673.7542084077159,22348.110569545534,12.096147368952328,12.145297368952328
899.3496192171216,1673.6880745565607,3811.818009150621,14.016419003544287,14.065569003544287
925.6185272053851,1672.7450813709122,-537.8221277813878,,
1012.7373642717689,1675.558163247199,20355.247154191937,12.19755844755678,12.24670844755678
288.3116162336255,1675.28860353801,141.3549106134106,17.59347214671279,17.642622146712792
434.6305381707439,1674.6157036448153,33380.780577117905,11.66050817743495,11.70965817743495
19.556573376664044,1679.3603836382856,2685.8263419557898,14.396554575051265,14.445704575051264
593.6150880363297,1680.3768241280616,33799.70967864217,11.646966972632855,11.696116972632854
605.0747320231616,1677.259620809343,35400.957041895956,11.596711889841204,11.645861889841203
135.19735107843908,1680.6026243083622,1797.049336361803,14.832849396390333,14.881999396390333
1043.350541844019,1681.9033025745,6287.906124312873,13.472984274343105,13.522134274343104
379.12544177718735,1678.5600717110544,3010.3404529391364,14.27271036075752,14.321860360757519
549.5753110765351,1678.7057816932547,-882.8311095297596,,
982.6962507650943,1679.136784577594,9823.820985842798,12.988548297584519,13.037698297584518
9.430749856285324,1679.693812767508,3719.398231284279,14.043067696946828,14.092217696946827
368.30056830063165,1680.9168085148972,1851.9287552310811,14.800188709706749,14.849338709706748
969.4385704137422,1686.1170117817903,11174.188525266505,12.84870941176811,12.89785941176811
812.8862532938026,1682.6154636923955,1603.4008275397698,14.956644138957333,15.005794138957333
897.7302120959673,1682.015913832144,8449.16421274208,13.152215020293017,13.201365020293016
1055.1969277377557,1682.027483024908,6800.45105128555,13.387905100053114,13.437055100053113
294.99814656606,1683.1903403614372,1465.5616111741765,15.054239195997866,15.103389195997865
1014.1305535984619,1684.4196389248007,20520.688766307707,12.18876956359067,12.237919563590669
384.11794916833554,1684.091728370047,12510.734624603945,12.726042367438204,12.775192367438203
915.3635879644131,1685.1524471239006,4320.034854879817,13.880531270472934,13.929681270472933
776.2735623888219,1684.8332802004236,1217.899417309667,15.2552208407551,15.3043708407551
17.76923596899326,1688.7753897433631,4492.809622811743,13.837954356732403,13.887104356732403
47.288026047949025,1687.0361064082713,-701.5749209199552,,
162.86085447318771,1688.4289960356343,6310.671403320006,13.469060479854885,13.518210479854885
887.8433113334639,1685.9389841754357,11234.766491846929,12.842839271755535,12.891989271755534
834.1281407184038,1687.118515971141,1203.7601779679262,15.267899467047716,15.317049467047715
554.1907701243958,1688.636913150928,87.04101854811734,18.119939486304716,18.169089486304717
590.3711856821303,1690.0790489754836,32513.1026650218,11.689103359001555,11.738253359001554
401.40968416555216,1693.0471775119825,17519.144772290354,12.360467143715026,12.409617143715025
829.1198543445854,1692.9851161117158,987.5657188404231,15.48283438260301,15.531984382603008
33.23530819059235,1696.1245706788823,4292.253777097452,13.887535918799236,13.936685918799235
279.6665969193357,1694.908628759516,1071.2221188114086,15.394550568733486,15.443700568733485
996.3988681436974,1695.0598954727122,9146.902510426555,13.066064271702139,13.115214271702138
226.72505514907883,1696.2962694931716,324.1550268380768,16.692367495430574,16.741517495430575
114.39770972561143,1697.8432297978577,-871.0581424150855,,
983.3335662016098,1704.2108385330619,10943.04691308103,12.871403744835987,12.920553744835987
92.54937608508163,1697.6635884747686,2381.6163003792326,14.527069912303045,14.576219912303044
326.4151242919371,1697.7753803150515,2089.586360834121,14.669098585292035,14.718248585292034
615.6761597867136,1698.975932567682,4103.012493227792,13.936492299104781,13.98564229910478
177.4030260621701,1703.3005528096883,9775.862981207803,12.993861632834768,13.043011632834768
142.02003285469698,1702.181473605637,3534.862957672879,14.098317943996717,14.147467943996716
740.9798025454799,1702.2598092192343,3116.1086505350167,14.235217917541153,14.284367917541152
898.2107708920796,1702.788066862773,12838.51417264832,12.697962485332136,12.747112485332135
912.2985225868366,1700.7680891305881,12467.016381667576,12.729843072123256,12.778993072123255
706.6142275130304,1703.3581620715258,2071.117899791072,14.678737342213338,14.727887342213338
299.42382244575833,1702.4319705250887,779.9526003721696,15.739078871590557,15.788228871590556
31.397742090686698,1702.8575129750495,9527.913605733766,13.021754871147317,13.070904871147317
84.26304609084463,1703.7043938534503,2661.811003541891,14.406306357376138,14.455456357376137
853.8019220308461,1704.654952699625,5762.007628683545,13.567814825139774,13.616964825139773
2.943699188747246,1704.2817839605318,457.5332073691897,16.318192846804138,16.36734284680414
681.7157456462016,1706.0086906958024,11057.501787273997,12.860106851879449,12.909256851879448
1037.493586350083,1705.8373102637324,2815.9866982078847,14.345172899948345,14.394322899948344
72.76962580567506,1707.4456327659768,464.77186344386655,16.301149825789572,16.350299825789573
328.7265027301131,1705.9319466219895,1025.8100662857819,15.441582006257748,15.490732006257748
1052.7642268326483,1707.341518992098,1162.7877504985604,15.305498277464181,15.35464827746418
671.531817713737,1708.3604807166826,12150.521238066582,12.757762125282056,12.806912125282055
972.423664478118,1707.5461766566366,10733.89542195659,12.892355998142175,12.941505998142175
49.42920688086815,1709.6772077249489,1605.3171543229892,14.955347281067162,15.004497281067161
424.76178918620036,1710.5921512978623,4047.3672527878207,13.951317863750145,14.000467863750144
560.012089347656,1709.2383931804009,32228.59684483507,11.698645902994802,11.7477959029948
467.42251745690896,1710.3273582716395,-485.9672025052311,,
784.3478483411568,1708.946197443134,4872.239914567408,13.749927734227082,13.799077734227081
800.3084341955254,1712.0613311979132,6224.312384547857,13.484020945442527,13.533170945442526
189.70296491221967,1711.908758992018,8837.763958436028,13.10339340218066,13.15254340218066
654.8263831005495,1712.723378147611,2771.108867896409,14.362615427121934,14.411765427121933
156.74885722810558,1715.2956974217097,10310.999340620689,12.93599749976567,12.985147499765668
771.459631797317,1715.3449238500907,459.0161976561975,16.314679369751666,16.363829369751667
101.49870845298236,1722.989304191056,18121.723082790522,12.323750673261747,12.372900673261746
353.9378445202449,1716.7859651280628,1993.83818319113,14.720024625624745,14.769174625624744
838.6181213954799,1717.3189908302732,5708.762525326362,13.57789445377321,13.627044453773209
48.9776866281395,1717.6606752688983,3618.827588859005,14.072829666004775,14.121979666004775
550.2881956990564,1716.590067241902,16787.213389107277,12.40680287008107,12.455952870081068
824.2476980246704,1718.3653631814739,4163.553400409439,13.92058904959427,13.969739049594269
496.61349801013137,1718.5683727216967,-553.2289664707148,,
537.1383191571509,1718.914722082491,2484.359268912386,14.481213396548997,14.530363396548996
28.27631607072241,1721.446984614763,14843.877986471329,12.540380957768793,12.589530957768792
568.7021516801866,1726.247292262657,57083.43430194681,11.077974163422867,11.127124163422867
1007.5101889796176,1720.2151495791104,-543.6951712336496,,
148.26789802119242,1721.5438647761273,9820.194067107112,12.988949221429994,13.038099221429993
621.1613894766423,1719.6372550406893,4689.0623674717945,13.791534374560051,13.84068437456005
35.01393521833732,1721.9603537198602,10294.85527034667,12.937698783745974,12.986848783745973
389.5304002404417,1722.9093824016534,-562.5770893465452,,
13.028242598370568,1726.5656520774999,13037.921917715472,12.681228458017877,12.730378458017876
20.361809715443464,1725.5513464720052,14082.461185705974,12.597552990226088,12.646702990226087
794.7802311184137,1725.0684935781692,16582.104962736714,12.42015024785183,12.469300247851828
126.17976277925638,1726.4469288334244,-1056.256257176186,,
612.9339443823675,1726.2613326556675,3424.3532895991057,14.1328029865751,14.1819529865751
754.5254558729936,1726.3407442341602,1953.5536981342511,14.74218601408607,14.791336014086069
156.61384864934683,1729.2155133293168,7477.910235628475,13.284798778462477,13.333948778462476
450.30119686959483,1728.4683142406157,42.32867138006304,18.902662805039085,18.951812805039086
625.4953012204326,1728.5004683972747,4220.947526575013,13.905724514519854,13.954874514519853
54.128601338197285,1729.8976892698724,52.51818339753879,18.668475158867167,18.71762515886717
204.96216942601492,1734.2271287350263,25099.668993122352,11.970079412041184,12.019229412041183
353.74151409940475,1732.190703198884,4021.7271795650177,13.95821788201576,14.007367882015759
806.907510843302,1735.4174941450397,25832.20982500475,11.938845498404048,11.987995498404047
620.1402119061145,1734.577631042084,3604.119687969078,14.077251385270177,14.126401385270176
648.742623766151,1733.2951131500731,1659.259442492893,14.919463652979214,14.968613652979213
271.7065333299497,1735.3040634663816,3830.4769226188337,14.011117271975587,14.060267271975587
341.40301678462316,1734.0372917647285,4407.966897710391,13.858653586335215,13.907803586335215
538.3002673452589,1733.518542237674,1970.8557600472839,14.732612295057184,14.781762295057183
101.69846087147099,1740.5904981893889,16843.77910513646,12.403150554214058,12.452300554214057
735.907015157556,1737.7246233063267,68.9787074668564,18.372461766891323,18.421611766891324
883.3193911797164,1738.9732740888917,13002.419625784241,12.684188952796312,12.733338952796311
1027.4653836692273,1738.4536315428734,2348.7198607390783,14.542171347007585,14.591321347007584
440.92999375101385,1739.4674533163925,2201.606951731153,14.61239992779247,14.66154992779247
761.9016964889453,1738.8829054319108,1555.6486026247674,14.989470639453433,15.038620639453432
259.9020680985297,1738.6865051724492,6277.2033034490905,13.474833910907282,13.523983910907281
515.9692164403286,1743.1843418152318,71910.56322036618,10.827267671819287,10.876417671819286
335.96936169110427,1740.5934842491467,2498.4154126065923,14.475087771544672,14.524237771544671
790.2608538118516,1741.298668910441,24988.793792554206,11.974886164310815,12.024036164310814
866.0276898543425,1744.3335353095597,14566.598244967572,12.560854041718024,12.610004041718023
705.5546624980437,1743.6783787586896,12944.554686136164,12.689031611008492,12.738181611008491
1003.3784242588459,1743.6191139969035,657.4515611710349,15.924589995031862,15.973739995031861
981.7883150474573,1742.8105247364597,-1741.9107725165054,,
5.525958220429754,1745.525753608044,2499.8962302298937,14.474444443369805,14.523594443369804
259.1710347892427,1745.0284018722907,7488.328990483016,13.283287106624211,13.33243710662421
292.2516187763809,1748.295667893629,3678.4168369123668,14.055097043001336,14.104247043001335
335.47091861064274,1746.4848437362728,1713.8455129363122,14.884320218010826,14.933470218010825
346.11447792252864,1746.2876626023722,3389.0119379826974,14.144066650809778,14.193216650809777
802.810817894947,1749.7318799087634,27281.54299914063,11.879577073326711,11.92872707332671
141.66354671311225,1749.5292821502576,5166.515440624338,13.686255068331809,13.735405068331808
230.49865816870837,1749.1057040588496,8095.286260374189,13.19866887095921,13.24781887095921
711.7529374043505,1748.7229719909162,13395.44328939988,12.65185667223942,12.70100667223942
399.28950708339823,1753.8706143377651,82340.37480908481,10.680217298596613,10.729367298596612
618.8730940131684,1749.7946985267458,1289.5086944504242,15.193188710742245,15.242338710742244
118.41608089874696,1755.1515500669598,14419.176971103992,12.571898217236773,12.621048217236773
131.52707557709772,1750.388480092382,11878.98224175579,12.782301314744348,12.831451314744347
186.29473807943918,1752.212849794984,25955.74390098829,11.93366569640142,11.982815696401419
262.2724081374499,1754.775201301253,5153.896740327975,13.688910114730325,13.738060114730324
543.3178182210293,1752.1328850122484,21437.547237578696,12.141311661589409,12.190461661589408
705.9248266107988,1755.3552466070055,13936.542108146543,12.608861819175692,12.658011819175691
893.5733371330339,1751.814123536442,3202.9550962667477,14.20537227215604,14.25452227215604
13.641440088379989,1755.573044703085,1263.8423475625689,15.215017139536132,15.26416713953613
435.20642994988924,1753.0667249593232,1573.9609200223624,14.976764534898297,15.025914534898297
524.2569342266272,1757.8641493346224,74478.76436908955,10.789168240168255,10.838318240168254
273.8149774277824,1755.1407480866926,5884.689381546098,13.544940537701017,13.594090537701016
759.8431593645621,1756.416923345617,1429.102888167735,15.081590655178509,15.130740655178508
231.57511211331567,1757.9605913942414,9163.294241140713,13.064120316594408,13.113270316594408
596.991084667731,1758.699034824551,10350.690149362905,12.931826127325236,12.980976127325235
73.49447689848198,1756.938563747453,1103.4946308368694,15.362323836476719,15.411473836476718
304.92780955080434,1757.4826723174367,6042.248331222288,13.516252971389381,13.56540297138938
496.84850379643854,1756.9604931106987,8162.199702044079,13.189731356682211,13.23888135668221
797.8363824902633,1759.738719990163,15305.221975685541,12.507150315808875,12.556300315808874
298.1410812423682,1759.415301612948,6055.181471554545,13.513931489177281,13.56308148917728
652.4332192506613,1759.7801688087388,-244.83399239931998,,
891.0021500843399,1759.4045436737174,1270.7813974306691,15.209072275722846,15.258222275722845
488.33686566034106,1762.1072316739785,5756.940719725687,13.568770003805426,13.617920003805425
506.61048011598797,1760.988949494427,57372.277786499464,11.072494166160613,11.121644166160612
67.88697016039436,1762.2141344421498,3563.4959888041967,14.08955871178557,14.138708711785569
170.14303195080123,1763.449722618195,39276.8035429731,11.48390905636738,11.53305905636738
222.62401117698158,1760.7263511801468,8914.591382493867,13.09399579437206,13.143145794372058
150.67134281643627,1762.1536239380268,25199.705375507147,11.965760739424882,12.01491073942488
844.1299012250562,1768.5344747909355,73579.30381914135,10.802360211534376,10.851510211534375
48.309432345861104,1766.2650936091013,3168.1397597134755,14.217238567823207,14.266388567823206
720.3129335275366,1766.4913659983745,8956.77876093863,13.088869780096102,13.138019780096101
102.52628782648618,1767.0837182435746,33709.194339561865,11.64987846530321,11.69902846530321
498.5310725499133,1769.2318333209648,7458.219759536315,13.2876614577742,13.3368114577742
97.61452703438071,1774.1056420223206,29241.764191873946,11.804240470974598,11.853390470974597
125.17465540122258,1773.9753411105467,14569.849775777791,12.560611712609568,12.609761712609567
321.1431066054014,1771.0209031282118,2239.1068507431364,14.59406235068689,14.64321235068689
330.8745051395739,1772.1655095115796,18759.70020377122,12.286184663233035,12.335334663233034
19.92524972002846,1774.0903354343438,8643.748656588963,13.127494072587613,13.176644072587612
302.7502366486341,1773.949053819212,2896.205128781152,14.31467610177891,14.363826101778908
349.1024196938955,1771.900615054024,21692.84126479987,12.128458301579379,12.177608301579378
940.5942031783736,1772.6308963163076,1217.9253599183833,15.25519771361575,15.30434771361575
967.4921481464431,1772.471561627991,849.3629336713827,15.646516136499923,15.695666136499922
1052.5647555662424,1771.7594266921783,2602.3898558744386,14.430818503987133,14.479968503987132
234.86309096473602,1773.9648490948755,22628.600714611006,12.082605149212252,12.131755149212252
563.7788618972754,1772.968287250218,3784.5288399146875,14.02421984968366,14.07336984968366
574.6111935849257,1775.4223037817071,4666.438834009425,13.796785453408827,13.845935453408826
601.0464874707727,1774.1188044065927,11502.056642311833,12.817310642559688,12.866460642559687
1046.0814695771835,1773.438742155018,2639.19802438059,14.415569453879964,14.464719453879963
617.488748195768,1775.705806221773,1326.6182824542157,15.162384452168212,15.21153445216821
6.416327253749842,1776.8501643065263,8124.3556897873805,13.194777075338092,13.24392707533809
364.40920720646216,1777.2134901482782,11419.372903823847,12.825143759392928,12.874293759392927
272.3182611094486,1777.7075523291953,-1598.0939446967304,,
246.688379523973,1780.4504151592894,14470.204965380519,12.568062690496788,12.617212690496787
536.828618770832,1781.9452924407726,48930.246828614225,11.245305881066425,11.294455881066424
808.5969850987386,1779.730986672287,4010.3566902584653,13.96129189377978,14.01044189377978
1051.8564176525329,1778.5846110751115,2515.6560882723793,14.467621224833904,14.516771224833903
342.2647207326299,1782.0688527550556,21702.035953957165,12.127998200862482,12.177148200862481
870.7329196515873,1783.7303904628473,18294.730031166142,12.313434384624824,12.362584384624823
23.83494904422782,1780.9665267891626,8117.88023877248,13.195642797522208,13.244792797522207
745.4389217764839,1780.5239011312256,1265.4387033979215,15.213646614456996,15.262796614456995
911.9817940369493,1781.1258034064665,-1694.843908937893,,
17.634459348568377,1788.2570121165152,9359.762480695732,13.041087327615802,13.090237327615801
361.3320638152128,1791.9772563287586,12746.949112345825,12.705733767359508,12.754883767359507
371.10607933981845,1786.8936151230314,10006.008996308692,12.96859717493188,13.017747174931879
567.2135780622085,1788.3031238604926,5569.5040218395725,13.604708092741387,13.653858092741386
663.121411613846,1788.5577833092477,1628.0737650751107,14.940064202236602,14.989214202236601
740.0226500466711,1787.7984019284775,3537.010921674764,14.097658395369333,14.146808395369332
722.7286732742151,1790.4627763757721,3159.611799174065,14.220165080038504,14.269315080038503
760.4054178322527,1788.5522830014506,-908.0533680638177,,
793.9597743747777,1789.8196221500627,3688.766237312433,14.052046561972043,14.101196561972042
547.8091573218749,1791.2060165558705,49600.21038691372,11.230540600923815,11.279690600923814
193.84706729572238,1790.9317356383037,561.6375736068535,16.095609011386962,16.144759011386963
168.88224235253364,1791.2748370372492,-545.8543030260239,,
496.5232839472401,1791.8947711449534,5651.904817571792,13.588762299014288,13.637912299014287
42.770851157186854,1796.0281618966517,17586.932171836375,12.356274175899095,12.405424175899094
397.21205473385965,1796.1640388750316,3072.800558981975,14.250413464573809,14.299563464573808
822.6842483105064,1794.138688212997,3284.8203422871834,14.177970343624626,14.227120343624625
91.04275197243331,1794.9429560984172,3631.2585070673867,14.06910647954751,14.11825647954751
437.6361885093901,1794.3922195208206,-1732.3543203480463,,
480.75212879735784,1794.8214994927514,35154.42971766095,11.604299254689197,11.653449254689196
693.4153243905215,1795.8892769841739,665.4953902546002,15.911386768587613,15.960536768587612
834.9057010137232,1797.8320735194484,3976.265525938489,13.970560952755687,14.019710952755686
638.4869711953128,1796.9638584966945,1426.8119947019431,15.083332518373007,15.132482518373006
504.6359560699872,1798.7354491677618,2351.0394054284498,14.541099626645046,14.590249626645045
529.1614911737613,1797.2316051814375,46156.01655598232,11.308678596327262,11.357828596327261
384.60378344758897,1799.1793204868018,4758.036236585701,13.77568003436556,13.82483003436556
137.09150031103513,1799.7900700779703,2147.4272216011777,14.639453262251116,14.688603262251116
225.91982212960048,1800.4528420143647,1497.5404619993924,15.030802983953418,15.079952983953417
318.58156938720623,1801.2220342276576,358.95085440748153,16.58166191893205,16.63081191893205
475.03996448524117,1805.8527925731032,35117.54476111071,11.605439035852665,11.654589035852664
254.10753446050094,1805.241162380434,3858.2440390430766,14.003275162782128,14.052425162782127
915.5485524028223,1805.5078259223005,1100.0860110958524,15.365682792116838,15.414832792116837
514.3180998168813,1805.2386406511835,2923.9225193662182,14.30433474715949,14.35348474715949
645.0663741536158,1805.14251532517,2234.8330015314523,14.596136707691016,14.645286707691016
927.9450411843104,1805.3826290525071,1380.444785894901,15.119201795718205,15.168351795718204
319.1653480522823,1807.100519012793,1146.5677162922582,15.320750124334447,15.369900124334446
593.8045447903077,1806.5637058082273,1754.6350520698797,14.858782395120738,14.907932395120737
982.4274688963083,1810.09837821959,3206.0995991955742,14.204306872931983,14.253456872931983
238.8625688537829,1808.3443280825109,5801.119212018359,13.56046992188245,13.60961992188245
538.2512392436798,1808.7884769722616,4493.750615282459,13.837726979500065,13.886876979500064
611.8589156246034,1807.7953010854108,1865.719243574364,14.792133669984295,14.841283669984294
1.4942767661822873,1811.1802782268676,316.3434711096105,16.718852208345922,16.768002208345923
107.89234294577555,1809.7375670307508,1536.8128539841528,15.002696936648793,15.051846936648792
414.86007043563416,1809.4672370546782,1891.917715929945,14.776993787574101,14.8261437875741
313.76187009315106,1811.1587996121784,542.4381922134231,16.133373747671754,16.182523747671755
56.88686220702565,1811.2203349960832,6059.052746668954,13.51323756439134,13.562387564391338
484.6885254371195,1811.2432740855609,36133.60294754445,11.574471227418195,11.623621227418194
784.5241785348278,1815.410551820316,47602.67987150984,11.275170890640762,11.324320890640761
959.8622526701326,1812.4565130407525,9868.140787853034,12.983661055223136,13.032811055223135
372.3680503056463,1813.2587095970418,1192.8516919892634,15.277783270183118,15.326933270183117
568.8092534268445,1814.050601488662,2899.4069206686268,14.313476469472146,14.362626469472145
751.0585728772227,1814.9024061856692,806.8519320624239,15.7022647892591,15.7514147892591
759.0716833962101,1813.5402887763637,2685.310877191515,14.396762969935153,14.445912969935153
836.7497281127866,1813.8748471970528,5365.177620706299,13.645289136513403,13.694439136513402
107.4734580186441,1815.479300385012,2627.9595634557395,14.42020270140501,14.46935270140501
519.0286886955173,1814.4339762168136,131.09891622733358,17.6752516438121,17.7244016438121
604.3284343965935,1814.8642991212832,1546.3804838232277,14.995958497429568,15.045108497429567
695.2736691803415,1818.0562659932525,2487.7631417227385,14.479726824731683,14.528876824731682
1022.6149333598037,1820.841977833838,8073.197154615473,13.201635501305232,13.25078550130523
1059.6103340200611,1820.086517788967,1231.0561811211878,15.243554714794021,15.29270471479402
1005.8559525637397,1820.418973510271,7708.648957686629,13.251803725252763,13.300953725252763
627.669970885685,1819.7812392205121,2641.0981705945737,14.414788036492862,14.463938036492861
85.56335063733889,1822.4327276916858,424.01888341886905,16.400786402326737,16.44993640232674
170.67992531931827,1822.8920312813661,7237.304211041759,13.320307327386619,13.369457327386618
159.0566595257965,1824.3470149692455,7150.521786427651,13.333405061960018,13.382555061960018
486.0075221134613,1822.9781101825768,13473.037199559196,12.6455856252577,12.6947356252577
50.10030634201405,1824.022231670468,5185.930331285974,13.682182702268745,13.731332702268745
330.1877071765496,1823.5812880129738,-562.698543727849,,
60.20259568287073,1825.349238353737,4423.870607891279,13.854743357555284,13.903893357555283
416.82245120132194,1825.144372822836,3438.161846491831,14.128433605935319,14.177583605935318
813.1485037752714,1826.2006943751298,914.4377028865504,15.566364087445134,15.615514087445133
957.4686636868612,1831.6285891069047,14661.429361401402,12.553808616749267,12.602958616749266
264.15442559145373,1826.7141371505709,-1435.540083602729,,
390.12868321983007,1829.5466852023103,3125.01053911335,14.23212068161894,14.281270681618938
902.4866098038725,1829.8507836723054,3270.3728416135536,14.182756228497357,14.231906228497357
670.9415605500027,1829.7849767805194,1252.464074377647,15.224836203888913,15.273986203888912
178.90091071474038,1831.226228083666,4301.384312431123,13.885228780330623,13.934378780330622
1.3453909109451905,1832.2370511911724,58.43853540565277,18.55250108984457,18.60165108984457
838.6516565743354,1838.892544167187,134848.41254509025,10.144634801871291,10.19378480187129
628.52053788162,1834.7544441547911,2917.325995487048,14.306786992711999,14.355936992711998
107.5366262539198,1834.432356295063,3351.8344858970218,14.15604298507769,14.205192985077689
864.1483906705666,1836.833187762585,6643.433952288571,13.413267843246691,13.46241784324669
428.1141524008065,1835.9375331814388,2351.233278034335,14.541010097805861,14.59016009780586
62.50848965866146,1839.2317840782541,5185.10108265626,13.682356329215963,13.731506329215962
290.36045440947515,1838.6582772308298,1.5742612524613833,22.47655738191758,22.52570738191758
712.9275897005828,1841.2700105886588,18355.378706483316,12.309841024335512,12.358991024335511
47.708803649367226,1841.4762523215666,4773.720911983316,13.772106834787767,13.821256834787766
351.88446520528436,1841.8860309388212,10798.597855598693,12.885830977070857,12.934980977070856
552.4821968078915,1839.4912467251945,-160.88023115117971,,
310.80551481882105,1841.2927900041511,4241.038469004629,13.900568867941537,13.949718867941536
581.6783126113406,1839.9491857826338,-1106.0996578199681,,
1065.0546313118814,1840.8966244443418,3719.308803152243,14.043093802386988,14.092243802386987
326.3733464700233,1843.538507645023,5240.363219076137,13.670845923063649,13.719995923063648
392.4870584905967,1844.093794449154,12932.400882437412,12.690051501129384,12.739201501129383
944.7978587473763,1844.8607096202443,9521.763606317414,13.022455909509619,13.071605909509618
1010.0303142803159,1843.6368687625513,1675.4642985942944,14.908911452065226,14.958061452065225
91.43773642726136,1846.4541949076681,1833.6269063784098,14.810971964703436,14.860121964703435
2.379301046141912,1846.5620802253848,9268.541151900472,13.05172094117038,13.10087094117038
407.926612024433,1848.3197291015583,10640.278710820608,12.901866887497116,12.951016887497115
1040.4575324086707,1847.7243516367353,-622.6468875087527,,
494.2577203809314,1848.1305900197478,177303.3306961769,9.84745716240232,9.896607162402319
510.4129399768506,1854.1162969389693,193981.2464420973,9.749850033480314,9.799000033480313
872.7354864295421,1847.4385451787064,3858.3152679323935,14.003255118671563,14.052405118671562
767.040130183526,1851.6695014584684,2885.692104433182,14.318624419528152,14.367774419528152
981.9334587516515,1852.8744043047968,1790.4060737200057,14.836870541290061,14.88602054129006
182.91113809634456,1852.7045335419853,2346.2854354335695,14.543297285643266,14.592447285643265
970.8403186638379,1851.50384577369,2200.809774182214,14.612793132066326,14.661943132066325
1077.7997278958096,1852.9635563950396,387134.43908464705,8.999594878897451,9.04874487889745
255.25880813687326,1854.2045612705303,1122.3874039513885,15.34389243708559,15.393042437085589
379.4775191268695,1853.7563530707516,1718.5272806261332,14.881358320722128,14.930508320722128
607.631942710385,1853.2717431941321,-684.0021956979917,,
1074.0801338341373,1870.6461439043137,458180.08489379473,8.816658876572909,8.865808876572908
563.9867849168846,1854.968004289533,78765.62367046718,10.72840760716716,10.777557607167159
3.2670510399299224,1873.0325233590593,19490.99150051475,12.24466456722303,12.293814567223029
169.0203868749044,1856.6718162160555,4553.362308248972,13.823418876903737,13.872568876903737
461.6963006857255,1857.9176337202043,-564.3112915323032,,
896.5543192842214,1857.4755070457948,2488.1756863536207,14.47954679251733,14.528696792517328
304.13450903596186,1861.8748063258813,12831.320123568476,12.698571047090592,12.747721047090591
338.40310205560553,1859.5898364737332,6759.27054987528,13.394499822288147,13.443649822288146
551.3348485599478,1865.3213131218058,82214.61479317449,10.681876831732597,10.731026831732596
681.5751083411274,1860.5974120408212,601.7811824333437,16.020652889169977,16.069802889169978
65.48294499406126,1861.5181514711865,1197.0556285520636,15.273963564877208,15.323113564877207
396.32972058188966,1861.153151986759,9942.143191846882,12.975549363026118,13.024699363026118
802.9553812202868,1865.0411950081461,7813.332841765297,13.237158584218047,13.286308584218046
20.752985939764425,1867.9598119013287,11162.97542118514,12.849799476211448,12.898949476211447
376.31858258459323,1864.5824946433352,18.902428259165276,19.777955401352948,19.82710540135295
266.89083209298406,1865.758367689937,1717.785620373666,14.88182699014976,14.930976990149759
902.3821674869158,1865.4221014226669,4476.286938283585,13.841954602902778,13.891104602902777
564.7390446612657,1867.701502923263,84444.22745940198,10.652824480239946,10.701974480239945
872.1166245087921,1867.4102767496463,3151.9588610854544,14.222798046212818,14.271948046212817
106.7490226516176,1868.873340735861,-241.7624603394911,,
523.8698395126761,1868.5203867734213,108086.73884819659,10.384818363294363,10.433968363294362
61.353901112220065,1869.761130684467,1165.8814933925203,15.302613376009635,15.351763376009634
421.4919275444539,1868.1657972576952,-1028.8789051575977,,
762.4561830296038,1871.0281345596443,8510.83119211228,13.144319455983727,13.193469455983726
311.73212765694984,1870.5750861010977,12010.989389678896,12.770302439172733,12.819452439172732
912.0784340851693,1871.9379674563306,3026.949453632121,14.266736475404981,14.31588647540498
258.3051727368806,1871.6590643105562,1849.7348857543147,14.801475679042353,14.850625679042352
960.4075543389752,1871.3252125409654,4520.833800858383,13.83120304401152,13.88035304401152
835.7515576891174,1872.0661866035641,238.5962047525685,17.0250905693427,17.074240569342702
43.86948714819287,1875.7111016901115,1361.9418915797023,15.133852951413399,15.183002951413398
120.0020918353493,1875.610574497074,317.8059172233761,16.713844449804093,16.762994449804093
496.7546320513235,1873.8700250159015,5579.033067276667,13.602852058704876,13.652002058704875
580.6404085363704,1873.6655458637179,4102.270019261414,13.936688789808754,13.985838789808753
997.237502158492,1875.8716090067655,1246.95877714479,15.229619156230473,15.278769156230473
31.672454496219853,1874.9982351632655,2416.184884722885,14.511423989674036,14.560573989674035
467.72731979243935,1878.238122247045,1985.1136740706256,14.724785945158795,14.773935945158794
510.0794522453827,1879.8086116876402,4292.705191468304,13.88742173842213,13.93657173842213
913.378052695529,1878.3352333022392,3881.061501977693,13.99687308516482,14.04602308516482
71.0266287774116,1881.332525160948,-426.8721502583726,,
94.46370946350451,1878.9622109345562,-872.8112691424722,,
286.6150342563115,1888.697975225736,84965.09364108465,10.646148046503948,10.695298046503947
32.86451651922323,1882.639966126803,2394.962604012177,14.521002556124564,14.570152556124564
352.8424229257388,1883.7945729359883,2930.4215232871766,14.301924158817217,14.351074158817216
568.5186212663556,1883.803562302621,22419.721372209264,12.0926738700561,12.141823870056099
610.8229648232433,1883.2659248014186,1320.5798828141255,15.16733770467875,15.21648770467875
634.8214721981509,1883.3874838254078,405.55983684377395,16.44911204830964,16.49826204830964
88.52539894034251,1883.5613392857765,-3558.691273523071,,
402.74771482308813,1883.0345011244756,-1576.8748755966728,,
957.8938822222417,1886.5160081714369,8585.867336204165,13.134788963148097,13.183938963148096
167.63034117475746,1894.521631049456,72499.3490347779,10.818414129733812,10.867564129733811
336.60042545320573,1884.669912134814,967.4643265155887,15.505161997055005,15.554311997055004
745.4966906138794,1884.4272184464105,2822.687534451705,14.342592384161588,14.391742384161587
794.482356929964,1884.6444633024391,3443.8834788952204,14.126628274936103,14.175778274936102
946.5214829186137,1887.021558786473,8965.821484719918,13.087774178643468,13.136924178643467
1025.144084858433,1890.1424209065117,38386.97851371326,11.508789573451269,11.557939573451268
20.750998789412087,1890.682149058056,2676.182817305759,14.400459952618533,14.449609952618532
13.782631988323185,1888.2133628551092,11427.170986904808,12.82440258282828,12.87355258282828
824.1138509579312,1889.4696141088136,3560.715145260875,14.090406317958738,14.139556317958737
662.101470719899,1891.2629941150299,551.2752806914558,16.11582809984389,16.16497809984389
555.3800928726481,1894.654563031148,19724.396860450302,12.231740067288603,12.280890067288603
813.9543879400654,1890.7527530200316,4596.332684279354,13.813220758598503,13.862370758598502
27.58051081859075,1890.524279248593,390.72991471374485,16.489557741069028,16.53870774106903
466.6622366090021,1893.7169991961882,1969.1869454018265,14.733532027518686,14.782682027518685
600.5697914261232,1893.1426261412266,3255.740539429071,14.187624929341059,14.236774929341058
909.4655488186114,1892.2469327804865,1213.535919706042,15.259117808395228,15.308267808395227
61.475583165149686,1893.785471402967,-647.013668659499,,
123.38054780037916,1893.6263190115067,162.2937870986878,17.443494661071288,17.49264466107129
690.5074798854619,1895.3945485070487,5020.705947446344,13.717337431543182,13.766487431543181
802.3140871930523,1895.7855513004538,2846.866034125474,14.333331820238206,14.382481820238205
181.14230570344543,1896.393271119579,71721.34105196098,10.830128393869535,10.879278393869534
607.1254374895758,1896.85071727506,2948.3520445234,14.295301050707899,14.344451050707898
1.683663418207231,1899.8386662539738,6012.4321735087,13.52162392218639,13.570773922186389
361.69959032985827,1898.376146160162,5237.273775813998,13.671486204932755,13.720636204932754
523.0155156521216,1898.5269193659606,20344.522234517426,12.19813065885076,12.247280658850759
571.2966003230091,1898.1614513557538,19698.17793016548,12.233184257385705,12.282334257385704
843.9484726473771,1901.3511110624904,8649.174103456851,13.126812799171145,13.175962799171144
239.3141136931522,1900.099013375483,1052.0355509210867,15.41417335756104,15.46332335756104
873.3256238523247,1900.4653329128776,4979.560397661125,13.726271886609332,13.775421886609331
1016.0207871101308,1898.9355834148273,37423.17815106723,11.536397729861289,11.585547729861288
369.2541397952391,1902.4758902649874,4132.452120434871,13.928729821390228,13.977879821390227
1060.5572724173721,1901.7349821724401,10318.469194472482,12.935211217645815,12.984361217645814
1069.6418659626506,1903.6426978952634,16825.064175212334,12.404357573945129,12.453507573945128
156.75330852771583,1903.9448894760915,70723.3342300579,10.845342579554067,10.894492579554067
15.410559625263236,1904.5825305236801,767.3002429487528,15.756836058199632,15.80598605819963
206.8884927687649,1912.2115442468944,4914.008339191509,13.740659674593587,13.789809674593586
940.0941237604924,1903.5197852505808,5642.384165605794,13.590592767314895,13.639742767314894
1021.547977162846,1903.1187271699512,37256.9483117254,11.54123119925951,11.59038119925951
67.45765993562004,1904.3555006194701,1956.2188085569878,14.740705821916901,14.7898558219169
496.5359860484235,1909.561194523553,48551.896471824904,11.25373390140444,11.302883901404439
880.2755018772317,1906.4808092944347,3762.1649611801813,14.03065481167855,14.07980481167855
1028.9681185905442,1904.4719622565858,36963.12226054352,11.54982777551778,11.59897777551778
4.964346768163036,1906.216814874974,-399.9019566441275,,
244.8873584066293,1906.0375869143788,2263.6464297435114,14.582227914510176,14.631377914510175
516.6153924548495,1906.164942051562,41919.60909496661,11.413206337100922,11.462356337100921
605.8187010010006,1905.9286350163134,2009.6682935199415,14.711438445693505,14.760588445693504
53.06600887231193,1907.2690757639764,-801.0021675055201,,
191.36599166475767,1907.8918196239742,6048.398238213736,13.515148451922368,13.564298451922367
338.6580084947278,1907.3839905203497,2004.2730659429417,14.714357171662005,14.763507171662004
67.62242866015903,1909.1190792238606,3063.891378127018,14.253565986194257,14.302715986194256
322.2459553881052,1909.7337817616597,1573.0926777263312,14.977363623595036,15.026513623595035
410.9100916095252,1908.097650346551,-350.36373618003256,,
1053.8467861351508,1909.2029117998497,5464.336777392351,13.625405752757976,13.674555752757975
28.08269951883473,1911.607770031617,-3222.0649417159952,,
111.00192044338438,1910.7516843228102,44.993239975304505,18.83638122759099,18.88553122759099
428.5877853515708,1910.8964956798518,-290.65452847978145,,
689.7084943270474,1913.0030545349068,5395.536090465894,13.639162892832115,13.688312892832114
81.58472008653672,1912.6339836502355,4421.14793573721,13.855411779856524,13.904561779856524
246.75767463294676,1913.3575908143216,1965.3053362811377,14.735674314055611,14.78482431405561
516.7467361520398,1915.784292784174,33942.08803298081,11.64240300867182,11.69155300867182
529.5017426487104,1913.036765128052,22617.944048172674,12.083116584012355,12.132266584012354
126.64459902280716,1912.8461661870026,15.928778305213314,19.96379322784933,20.01294322784933
791.4164680489015,1915.9257271955798,1214.8125148611625,15.257976254171222,15.307126254171221
31.671866947455445,1913.982824486943,-2946.9180619087774,,
47.172806077227705,1915.2483467976851,-2402.129005464272,,
79.30098277385828,1918.2789935228,5889.073469576065,13.54413196640921,13.59328196640921
709.6533806187757,1917.1312586418296,3719.8574513159137,14.042933653478986,14.092083653478985
1049.9895911431604,1914.79409846083,423.729429979265,16.401527825426534,16.450677825426535
254.34300556833776,1917.4286069829266,1103.1116946458362,15.362700675504225,15.411850675504224
63.55324677484059,1917.8465560666486,5233.823567185342,13.672201701396013,13.721351701396012
767.9724529188632,1917.6784121474452,416.8727785094799,16.419240555133424,16.468390555133425
19.075078851914334,1918.029593942769,-2419.396988839554,,
189.30966387363915,1918.391506216032,3287.0979053616747,14.177217798418063,14.226367798418062
96.21251777241064,1918.755036651554,3922.3444197576846,13.985385081825875,14.034535081825874
