ra,dec,x_v,y_v,B_mag,V_mag,R_mag,B-V,V-R,BV_0,V_0,MV,Mass
122.6257610792076,-48.455339031738525,56.88300974947605,2.218945861129181,14.385210335317542,13.657626200855775,13.1067397056211,0.7275841344617664,0.5508864952346748,0.6675841344617663,13.471626200855775,5.221626200855775,0.9041573838866901
122.47056781958598,-48.503283024138895,229.19481832282943,0.9529506424099196,10.271141009370284,9.7871354025911,9.60389481706376,0.4840056067791849,0.18324058552734,0.4240056067791849,9.6011354025911,1.3511354025910993,2.6945255796981913
122.4415749774108,-48.51214482930989,261.3100606511762,0.6315179270844277,14.391035352092354,13.671494623604737,13.302298482695829,0.7195407284876172,0.3691961409089082,0.6595407284876171,13.485494623604737,5.235494623604737,0.9008478739125061
122.29422404333611,-48.55816130880259,425.095855213448,0.561906259688695,14.847908395755995,14.189017163575972,13.840731817335897,0.6588912321800233,0.3482853462400754,0.5988912321800233,14.003017163575972,5.753017163575972,0.7854556716934882
122.27779617116803,-48.563364985995385,443.39624819529496,0.677956090894653,14.89658014010067,14.404414099399409,13.984901689306422,0.492166040701262,0.4195124100929863,0.432166040701262,14.218414099399409,5.968414099399409,0.7669930771943364
122.23806554274589,-48.57545100580154,487.32728613368545,0.2918785339030813,16.24900957997757,16.045034564702465,16.48965701161458,0.2039750152751054,-0.4446224469121134,0.1439750152751054,15.859034564702466,7.6090345647024655,0.6247524831375586
121.9638217319906,-48.66133562904293,791.92325760133,1.7424104788450492,14.462628998269254,13.664440899315606,13.153247883963877,0.7981880989536485,0.5111930153517292,0.7381880989536485,13.478440899315606,5.228440899315606,0.9025311490269577
122.54413915949212,-48.48339494590829,149.37311268079512,5.398407662343293,16.043507829645378,14.924556275178414,14.159118498490052,1.118951554466964,0.765437776688362,1.0589515544669639,14.738556275178414,6.488556275178414,0.7224094621275645
121.85201998707892,-48.69725696150354,916.5632017486168,3.953901138290637,16.884929921810684,15.994227736068174,15.693976793981026,0.8907021857425104,0.300250942087148,0.8307021857425103,15.808227736068174,7.558227736068174,0.629268645682829
122.0682776579443,-48.63268824265566,678.5656857300405,6.631560784189234,15.049715764969374,13.977730626261604,13.414889708301748,1.0719851387077703,0.5628409179598552,1.0119851387077703,13.791730626261604,5.541730626261604,0.8277688278239356
121.96100116080385,-48.66675020762048,797.9562453729554,8.002875962807739,14.248714526062258,13.111904626138784,12.465189251109166,1.136809899923474,0.6467153750296184,1.0768098999234739,12.925904626138784,4.675904626138784,1.060541726064282
122.52027175008304,-48.49103717922678,176.04490491706423,5.579648493991489,17.513161787661197,16.32177919103465,15.49495247370998,1.1913825966265463,0.8268267173246713,1.1313825966265463,16.13577919103465,7.885779191034651,0.6001529607969199
122.23012884593376,-48.5823122440758,498.9719924235767,6.330293695489637,17.265261398271974,16.919341898304438,16.856587254531508,0.3459194999675361,0.06275464377293,0.28591949996753613,16.733341898304438,8.483341898304438,0.5470362757062722
122.21608434567172,-48.58796531095794,515.3884475050913,8.100658610828717,16.122672896923863,15.941021650996316,15.033046352644284,0.1816512459275472,0.9079752983520316,0.1216512459275472,15.755021650996316,7.505021650996316,0.6339980754669942
121.91341971291529,-48.68226521523646,851.15088964423,9.235034289485078,15.9261926383409,14.756878499631847,14.156398906732852,1.169314138709053,0.6004795928989957,1.109314138709053,14.570878499631847,6.3208784996318474,0.7367818428886989
122.39202045466584,-48.53729937163624,322.6794306912346,13.85716960462126,14.05475589976697,13.334925078416935,12.903749967024288,0.7198308213500351,0.4311751113926476,0.659830821350035,13.148925078416935,4.898925078416935,0.9811656062868678
122.26503890680272,-48.576588938000526,463.5387754468071,13.390616623390978,14.217713364661792,12.997962508274057,12.274066566515552,1.2197508563877353,0.7238959417585047,1.1597508563877352,12.811962508274057,4.561962508274057,1.1103914026301003
121.82830410513338,-48.710351587678296,946.486928227562,11.994999771676452,16.12719453493376,14.913385434272994,14.40485752811606,1.2138091006607663,0.5085279061569352,1.1538091006607663,14.727385434272994,6.477385434272994,0.7233669627766005
122.21086955776552,-48.593692000237255,523.8234449635328,13.745838615177952,15.70607976597,14.935341091400206,14.602789899814931,0.7707386745697935,0.3325511915852743,0.7107386745697934,14.749341091400206,6.499341091400206,0.7214850493085538
121.7183686959161,-48.74722687593218,1069.940201072989,16.571691621218314,12.861556871251524,12.09252702432702,11.653717849038443,0.7690298469245036,0.4388091752885774,0.7090298469245035,11.906527024327021,3.656527024327021,1.4541051057051064
122.51800661202228,-48.50026050034466,184.10446773887517,17.25680463392631,13.836517734274086,13.100173745874974,12.669784506982948,0.7363439883991116,0.430389238892026,0.6763439883991116,12.914173745874974,4.664173745874974,1.0656739861796989
122.05323255592567,-48.6459274320247,700.7477625843763,18.45629117160504,15.360760444008054,14.253132348279404,13.54215647055709,1.10762809572865,0.7109758777223139,1.04762809572865,14.067132348279404,5.817132348279404,0.779960084433194
122.22245305199536,-48.59414632276949,513.5865392246562,19.317393087472745,15.603821001009424,14.70864321644639,14.26828417196655,0.8951777845630335,0.4403590444798393,0.8351777845630335,14.52264321644639,6.27264321644639,0.7409162957331666
121.7422550090632,-48.74366946462388,1045.9588431383186,21.701269602977753,13.977564724812186,13.42493383863269,13.211323559904988,0.5526308861794966,0.2136102787277014,0.49263088617949663,13.23893383863269,4.98893383863269,0.9596862430535628
122.59997060133686,-48.480010127977806,96.41835662939437,24.88591936279704,12.20366231801786,11.523436943102972,11.180324338270845,0.6802253749148885,0.3431126048321271,0.6202253749148885,11.337436943102972,3.087436943102972,1.5805695681993397
122.33173731934568,-48.56256740559783,393.8431345824825,22.68902168668009,16.868854874019434,15.670396530436394,14.83429066471023,1.1984583435830398,0.8361058657261644,1.1384583435830398,15.484396530436394,7.234396530436394,0.6580536417389873
121.9565642907958,-48.67834751139391,809.417875938114,22.092296909315696,16.72175639620664,16.02573182383011,15.654601068523736,0.6960245723765297,0.3711307553063747,0.6360245723765297,15.83973182383011,7.58973182383011,0.6264682823262124
122.55299602388293,-48.49426735032399,148.40143732766785,24.13753510940697,16.705128753542443,16.03575117746501,14.526923221008458,0.6693775760774336,1.5088279564565514,0.6093775760774336,15.84975117746501,7.599751177465009,0.6255776731142214
122.50984677787996,-48.50986286332468,197.76708734267137,26.91228467428458,13.399819514094716,12.319767905685596,11.738154540861954,1.0800516084091196,0.5816133648236423,1.0200516084091196,12.133767905685596,3.8837679056855965,1.4036071320698673
122.40776927372076,-48.54207479047217,311.46110508270556,27.180970225197832,14.450559692246454,13.751795801255744,13.200356559477155,0.6987638909907101,0.5514392417785885,0.6387638909907101,13.565795801255744,5.315795801255744,0.881685092882152
122.0362198375816,-48.660116334374074,725.3220449195447,30.75898151929811,12.790192939938676,11.695944011595136,11.09000908959034,1.0942489283435393,0.6059349220047956,1.0342489283435392,11.509944011595136,3.2599440115951364,1.5422346640899698
121.83832847435228,-48.71744350992678,941.8993209603392,25.99338153023225,15.196696548919974,14.143137339417487,13.71827972357542,1.0535592095024864,0.4248576158420665,0.9935592095024863,13.957137339417487,5.707137339417487,0.7893882280499297
121.77107363677858,-48.740223365649605,1017.5648941259705,29.06689332872915,14.924436708876271,14.278869374572537,13.432275031818886,0.6455673343037347,0.8465943427536509,0.5855673343037346,14.092869374572537,5.842869374572537,0.7777540536080683
122.27598708238196,-48.58542291137818,459.29483758967734,30.213697700520985,15.899276434627492,14.696458652145946,13.995857649150736,1.2028177824815458,0.7006010029952101,1.1428177824815458,14.510458652145946,6.260458652145946,0.7419606869589189
121.8069751969854,-48.730095832942034,978.4734109653372,30.21774972724571,16.316418277389406,15.899001076084687,14.544926276633008,0.417417201304719,1.3540747994516789,0.357417201304719,15.713001076084687,7.463001076084687,0.6377332376813611
121.83858066792632,-48.72311198667934,945.2883089981004,33.91035322539831,14.511417007434112,13.648369415791109,13.106112555240484,0.8630475916430029,0.5422568605506246,0.8030475916430029,13.462369415791109,5.212369415791109,0.9063663894134855
122.67065501297328,-48.46412687919049,21.815468315045475,33.7173709488087,15.467129319011969,14.77427565446285,14.104495616950958,0.6928536645491192,0.6697800375118916,0.6328536645491192,14.58827565446285,6.33827565446285,0.7352906581888986
122.59741333736764,-48.4879960407352,103.94923644277556,34.73111930397246,14.891072472078925,14.127344516395455,13.51074498704592,0.7637279556834695,0.6165995293495357,0.7037279556834695,13.941344516395455,5.691344516395455,0.7920655131329029
122.01059178144617,-48.672958526080265,756.8551528875812,37.56243528955088,14.566298956622234,13.555368055821386,13.133890197305316,1.0109309008008474,0.4214778585160701,0.9509309008008473,13.369368055821386,5.119368055821386,0.9285598957698965
122.62673222897897,-48.48229892877882,73.59185336630232,39.60344652370503,15.72860566214046,14.5491587257799,13.875325089463004,1.1794469363605593,0.6738336363168962,1.1194469363605593,14.3631587257799,6.1131587257799005,0.7545863949331514
122.32644956812298,-48.576222142517885,407.4854747595837,39.179520259145875,15.39862480383498,14.297270111152582,13.594398863392485,1.1013546926823992,0.7028712477600969,1.041354692682399,14.111270111152582,5.861270111152582,0.7761768476154931
121.88407069577416,-48.71206807468098,896.8871332662244,37.88576231956677,15.726885340252531,15.008378084023922,14.727591770352465,0.7185072562286088,0.2807863136714577,0.6585072562286087,14.822378084023923,6.5723780840239225,0.7152247356550924
122.31621373927617,-48.58141955016374,420.14960699740425,41.93399406247425,12.777617477408391,12.085823241658025,11.740577051073291,0.6917942357503666,0.3452461905847332,0.6317942357503665,11.899823241658025,3.6498232416580247,1.4555948351871055
122.546353463017,-48.50867441489949,163.81869899967504,41.03222999292342,16.819710287642547,16.22828966729097,15.174579580727157,0.5914206203515775,1.0537100865638127,0.5314206203515774,16.04228966729097,7.792289667290969,0.6084631406852472
122.34109620886264,-48.57297075393813,392.071545076886,40.991027982373566,15.86485929279029,14.87787468851776,13.91148773443975,0.9869846042725304,0.9663869540780112,0.9269846042725305,14.69187468851776,6.4418746885177605,0.726410740984192
122.08353176705177,-48.653647162877405,678.1676766475599,41.950994855024305,15.165237156211155,14.013504475116992,13.340737446235533,1.1517326810941633,0.6727670288814593,1.0917326810941632,13.827504475116992,5.577504475116992,0.8192318866198087
121.80296010118698,-48.73993577771461,988.3979157192427,42.08856584634146,15.014156426073214,14.2400141854214,13.555580228551165,0.7741422406518144,0.6844339568702349,0.7141422406518143,14.0540141854214,5.8040141854214,0.7810844983924515
122.10668955360411,-48.64749373993759,653.166784460456,43.33179326938445,15.55993210520602,14.620720502491748,13.900657477889736,0.9392116027142716,0.7200630246020125,0.8792116027142716,14.434720502491748,6.184720502491748,0.7484525283578501
122.16688558431396,-48.63019008783809,587.3276459229315,45.16249869792238,15.466426332651428,14.493718978159407,14.16191638706048,0.9727073544920212,0.3318025910989277,0.9127073544920212,14.307718978159407,6.057718978159407,0.7593383733006223
122.09175970494576,-48.65321304394158,670.4115455097348,44.851085603666654,15.439921663161556,14.529046809244456,14.025631719809612,0.9108748539171004,0.5034150894348439,0.8508748539171005,14.343046809244456,6.093046809244456,0.7563102734933325
121.90102084931893,-48.71449399409216,883.0333314657281,48.38479278304365,15.40204065457112,14.378302817845416,13.93973287808809,1.0237378367257044,0.4385699397573255,0.9637378367257043,14.192302817845416,5.942302817845416,0.7692311870418215
122.56166212265694,-48.51095133467011,151.39236650220573,50.76475261803451,16.20041246749269,15.57299999262942,14.756741236862188,0.6274124748632701,0.8162587557672314,0.5674124748632701,15.38699999262942,7.13699999262942,0.6667111117662738
122.69050450954542,-48.47097523900979,8.255687575769262,51.71004713758233,16.421030537126665,15.342684713675538,14.929881101042003,1.0783458234511265,0.4128036126335352,1.0183458234511265,15.156684713675538,6.9066847136755385,0.6865698816849538
122.14813878553652,-48.64051572569943,611.0123436979248,51.37503105982906,17.121574946883623,16.08422699073051,14.816725229052825,1.0373479561531127,1.2675017616776856,0.9773479561531127,15.89822699073051,7.64822699073051,0.6212687119350657
122.11544167516426,-48.651343708388126,647.6903265329773,52.35038823180318,16.18931391284055,15.41192492764534,14.741632983321656,0.7773889851952109,0.670291944323683,0.7173889851952109,15.22592492764534,6.975924927645339,0.680635006201828
122.04266386499503,-48.67463172391523,728.7837482490302,53.469165288815155,15.10553524548859,14.37799725298287,13.833543052496854,0.7275379925057184,0.5444542004860171,0.6675379925057183,14.19199725298287,5.941997252982871,0.769257378315754
122.62019480538244,-48.49535254165954,88.04831446937844,54.672205813104526,15.656293475764969,14.855101264897856,14.192612146503844,0.8011922108671126,0.6624891183940118,0.7411922108671125,14.669101264897856,6.419101264897856,0.728362748723041
122.20695591248656,-48.626390076042256,548.4699744407112,57.02506401259385,13.710337149652368,12.883439083703506,12.479724392520222,0.8268980659488623,0.4037146911832838,0.7668980659488622,12.697439083703506,4.447439083703506,1.1604954008797164
121.99808062420207,-48.68984308628552,779.0525026898667,55.50067664008685,14.535116663340544,13.674075783422657,13.119183120414498,0.861040879917887,0.5548926630081592,0.801040879917887,13.488075783422657,5.238075783422657,0.9002319153195933
121.76951889588314,-48.762043321983064,1032.8790278087265,58.49191167362412,12.001002132517984,10.895577497971228,10.248788303415433,1.1054246345467558,0.6467891945557955,1.0454246345467557,10.709577497971228,2.459577497971228,1.870211251014386
122.65886264897468,-48.48795015679801,48.09060109352735,61.26283263453311,14.001366945767916,12.907166635689563,12.198017318560002,1.094200310078353,0.7091493171295618,1.034200310078353,12.721166635689563,4.471166635689563,1.150114596885816
121.9817390252598,-48.6988101862028,799.648499998789,60.92299807329664,12.810573370198886,11.723837071705937,11.10913608049104,1.0867362984929496,0.614700991214896,1.0267362984929496,11.537837071705937,3.287837071705937,1.5360362062875696
121.9263267739056,-48.71647171247369,861.3040421875207,61.80015608818296,13.026370583702676,12.41529741780198,12.066764155710729,0.6110731659006952,0.3485332620912515,0.5510731659006951,12.22929741780198,3.9792974178019804,1.3653073797116335
122.50189742842537,-48.537482073488,222.95175224553145,61.38231509751163,14.402881554682835,13.195318284970703,12.472521583281958,1.207563269712132,0.7227967016887451,1.1475632697121319,13.009318284970703,4.759318284970703,1.0252840479288736
122.60413938967504,-48.504606088105405,108.6688742807944,60.41659278120011,15.489873162636083,14.775369708497736,14.186609054143522,0.714503454138347,0.5887606543542141,0.654503454138347,14.589369708497737,6.3393697084977365,0.7351968821287654
122.35709485766634,-48.5831307125975,384.1145973074021,61.80489017658002,15.24535079859638,14.704629562482452,14.36387179887211,0.540721236113928,0.3407577636103429,0.480721236113928,14.518629562482452,6.268629562482452,0.7412603232157898
122.66630299355651,-48.48590337200676,39.99529331423394,61.68036228290101,14.494695096846236,13.514315170999526,12.827601472963131,0.9803799258467104,0.6867136980363941,0.9203799258467105,13.328315170999526,5.078315170999526,0.9383566069205679
122.45259818695278,-48.55704168648642,280.44314402822,67.00104177964187,11.01717645584324,10.52599235603127,10.377381258646093,0.491184099811969,0.1486110973851779,0.431184099811969,10.33999235603127,2.0899923560312708,2.090006254156233
122.40041550772396,-48.57063031555707,336.6612454457796,63.22847525307094,15.966275168227655,14.822831950951782,13.885232465178442,1.1434432172758733,0.9375994857733404,1.0834432172758732,14.636831950951782,6.386831950951782,0.7311286899184187
121.8118738404092,-48.754601721835,989.6511039396336,66.0533234803495,14.078347505259476,13.067086259896737,12.347626840920276,1.0112612453627392,0.7194594189764612,0.9512612453627391,12.881086259896737,4.631086259896737,1.0801497612951778
122.37912893218444,-48.57961226283842,361.8197838314591,66.42440346531512,16.145345368797294,15.29906337368981,14.44148396098215,0.8462819951074838,0.8575794127076595,0.7862819951074838,15.11306337368981,6.86306337368981,0.6903088536837306
122.15358105759094,-48.649898443693374,612.1098640638963,66.59568911942789,17.33972343640515,16.266415023782784,14.992491284128596,1.073308412622367,1.2739237396541885,1.013308412622367,16.080415023782784,7.830415023782784,0.605074220108197
122.47001174853524,-48.55375019578083,262.48845877146334,69.97579574857097,15.178558354823275,14.595981258079991,13.726225147105072,0.5825770967432842,0.8697561109749188,0.5225770967432841,14.409981258079991,6.159981258079991,0.750573035021715
122.27167633495512,-48.614913089348775,482.266844919621,68.89319438119142,15.25152522359597,14.562468676715634,13.978959323202265,0.6890565468803356,0.5835093535133691,0.6290565468803355,14.376468676715634,6.126468676715634,0.7534455419958028
121.94340058210848,-48.71822840642584,846.9169278709551,71.43669742693402,14.125210689166693,13.4939583600087,13.07322644166627,0.6312523291579932,0.4207319183424296,0.5712523291579932,13.3079583600087,5.0579583600086995,0.9432144822706513
122.1366174728909,-48.65758428421635,632.4679575226098,69.94381788260061,15.916894924604517,15.096167247351504,14.108877848582155,0.8207276772530125,0.9872893987693488,0.7607276772530125,14.910167247351504,6.660167247351504,0.7076999502270139
122.62067096501828,-48.50644780800562,94.85437865538978,70.0910332946188,16.063651924466946,15.504888860806473,14.975566852789346,0.5587630636604732,0.529322008017127,0.49876306366047324,15.318888860806473,7.068888860806473,0.672666669073731
122.3621891896918,-48.59069580120957,384.3871834168213,74.37901492536068,13.392154100746335,12.549115805698046,12.008996754159156,0.8430382950482898,0.5401190515388894,0.7830382950482897,12.363115805698046,4.113115805698046,1.3067618350071049
122.11620063274322,-48.66577140867821,656.2823033935475,72.51839119559911,15.075921299029632,14.272033275614564,13.523302169397832,0.8038880234150678,0.7487311062167326,0.7438880234150678,14.086033275614565,5.8360332756145645,0.7783400049473231
121.80654274154448,-48.761328083332145,998.7844314169504,73.07940249955101,15.078815909334786,14.424716403144831,13.960021994009876,0.6540995061899544,0.4646944091349549,0.5940995061899543,14.238716403144831,5.9887164031448314,0.7652528797304431
122.0826643085208,-48.67717000326066,694.0743983510579,73.94461460287424,15.850404146640038,15.01716885058704,14.124531881719692,0.8332352960529974,0.8926369688673486,0.7732352960529973,14.83116885058704,6.581168850587041,0.7144712413782537
121.92401892774116,-48.72640097529432,869.7541563380499,74.49899066440268,16.439863425650525,15.876574719872844,14.75267687798056,0.5632887057776816,1.1238978418922834,0.5032887057776816,15.690574719872844,7.440574719872844,0.6397266915668584
122.3336498942394,-48.600042517399714,416.35990498854073,74.9849027106286,16.909470224413756,15.692887877451737,14.90167129882181,1.216582346962019,0.7912165786299266,1.156582346962019,15.506887877451737,7.256887877451737,0.656054410893179
122.40445320674306,-48.57997625529311,339.054451960738,77.79423156645484,15.580609465653282,14.54854272735312,13.54304573975356,1.0320667383001627,1.0054969875995583,0.9720667383001627,14.36254272735312,6.112542727353119,0.7546391947983041
122.37790693658158,-48.58727473384493,367.89531806722977,76.42227575771254,16.653328157814414,15.885029302145728,14.659769002970329,0.7682988556686858,1.2252602991753996,0.7082988556686858,15.699029302145728,7.449029302145728,0.638975173142602
121.89470587875978,-48.7392892286815,904.624386151563,79.87118554170603,14.449359927721297,13.618437182336397,13.133427394167498,0.8309227453848997,0.4850097881688988,0.7709227453848997,13.432437182336397,5.182437182336397,0.9135093087606326
122.01563516210364,-48.70172245886652,770.7237414160435,79.29055688055061,17.189128272396122,16.036759863624223,14.953772475403431,1.152368408771899,1.0829873882207917,1.092368408771899,15.850759863624223,7.600759863624223,0.6254880121222913
122.163194350067,-48.65918393880995,609.3586563960145,83.45832761486591,13.694733098958585,12.864618044079965,12.501280968943195,0.83011505487862,0.3633370751367692,0.77011505487862,12.678618044079965,4.428618044079965,1.1687296057150154
122.2843258250908,-48.62253534661145,475.7038070367687,84.77531896565077,14.63427368071456,13.54100182281235,12.806623942469695,1.0932718579022112,0.7343778803426542,1.033271857902211,13.35500182281235,5.1050018228123495,0.9319882013743258
122.08189327298427,-48.68668766202243,700.8917600480145,86.71132383479006,13.52504900331396,12.439367344389344,11.75858582762464,1.0856816589246154,0.6807815167647036,1.0256816589246154,12.253367344389344,4.0033673443893445,1.3547767868296616
121.95750793429052,-48.725205668572045,838.5706336054261,87.00935804226043,13.680231254495077,12.805336299812309,12.33665110480301,0.8748949546827678,0.4686851950092983,0.8148949546827677,12.619336299812309,4.369336299812309,1.194665368832115
121.81426896671006,-48.765839513835246,994.643344110061,82.5485626511793,14.48231099117934,13.686272923104848,13.243964310099551,0.7960380680744912,0.4423086130052969,0.7360380680744911,13.500272923104848,5.250272923104848,0.8973212342590704
122.43764262709144,-48.57557409960915,306.05782955443243,86.00868329730066,15.667245442251655,14.875059337496518,14.474056980281878,0.7921861047551371,0.4010023572146401,0.732186104755137,14.689059337496518,6.439059337496518,0.7266520567860127
122.21057912970004,-48.64958248470066,560.1377513617499,90.45289781224824,10.99650080862196,10.440138295945571,10.222433396703185,0.5563625126763885,0.2177048992423866,0.4963625126763885,10.254138295945571,2.0041382959455714,2.1602504851354416
122.46522392004962,-48.56655288988022,275.15391951343116,85.4864867238907,15.6419135159968,14.554396762175957,13.9716290494068,1.087516753820843,0.5827677127691562,1.027516753820843,14.368396762175957,6.118396762175957,0.754137420384918
121.77164635214322,-48.7829435327642,1044.2615841097695,88.19692882493138,15.069684498503854,14.067581619809276,13.369173149453522,1.0021028786945774,0.6984084703557549,0.9421028786945773,13.881581619809277,5.6315816198092765,0.8063271134546045
122.27273711471652,-48.62979597278005,490.9196895210781,89.79765030508929,14.796419626696869,13.566808254321195,12.67933119162448,1.2296113723756736,0.8874770626967159,1.1696113723756736,13.380808254321195,5.130808254321195,0.925829848400624
122.04622357028188,-48.69871610112018,741.0128633933789,88.12218092850686,14.988972374791842,14.1977137131909,13.74780405087193,0.791258661600942,0.4499096623189711,0.731258661600942,14.0117137131909,5.7617137131909,0.7847102531550657
121.94645839812536,-48.730406131228214,851.9360472725164,89.49788086909327,15.49593157858648,14.697013825424124,13.85460645089043,0.7989177531623568,0.8424073745336944,0.7389177531623567,14.511013825424124,6.261013825424124,0.7419131006779323
121.92013701194246,-48.73766858648236,880.4893695635535,88.3765436427512,16.180689404361896,15.407241432930698,14.52202893135404,0.7734479714311977,0.8852125015766585,0.7134479714311976,15.221241432930698,6.971241432930698,0.6810364486059401
121.83868643641918,-48.76339198912243,970.9035186759496,89.45683273213896,16.330380266036126,15.580694213527831,15.363406407666576,0.7496860525082951,0.2172878058612557,0.6896860525082951,15.394694213527831,7.144694213527831,0.6660271810197483
121.74728902514968,-48.792537482005656,1072.4948612691503,91.19122718324984,13.236231825969089,12.255104062402074,11.602847575679208,0.9811277635670148,0.652256486722866,0.9211277635670148,12.069104062402074,3.819104062402074,1.4179768750217612
122.67859340104656,-48.50227478663598,39.52972797363247,89.44476888584617,16.54611382559244,15.397808286943684,15.717584618992628,1.1483055386487546,-0.3197763320489439,1.0883055386487546,15.211808286943684,6.961808286943684,0.6818450039762557
122.53065272248725,-48.55266389988692,206.7134561664284,94.60506083383522,15.090623624034452,14.196273386199932,13.602206058646814,0.8943502378345194,0.5940673275531179,0.8343502378345193,14.010273386199932,5.760273386199932,0.7848337097542916
122.0090313601506,-48.71553302250132,785.58001127687,95.50122096844026,15.335258744046303,14.127797555661974,13.396944017271656,1.207461188384329,0.7308535383903187,1.1474611883843289,13.941797555661974,5.691797555661974,0.7919574014897562
121.76327575777968,-48.79757298658746,1061.1830297814854,104.8470282468174,11.048521893803107,10.41419770579058,10.131740570071976,0.6343241880125277,0.2824571357186034,0.5743241880125276,10.22819770579058,1.9781977057905795,2.1814746043531623
122.56704578698869,-48.546764875505794,169.8317508623622,102.21043030619302,12.946053453981715,12.205426898100288,11.759402851540612,0.7406265558814269,0.4460240465596765,0.6806265558814268,12.019426898100289,3.7694268981002885,1.4290162448666024
122.66085438544376,-48.51524625017892,64.10935519288468,99.54181976395968,16.381612253370644,16.07436850046215,14.969227335118038,0.3072437529084943,1.1051411653441114,0.24724375290849432,15.88836850046215,7.63836850046215,0.6221450221811423
121.90096261687826,-48.75230867104803,907.2664255940886,100.44453423406128,15.57278112448848,14.460955787478872,13.8144892944673,1.1118253370096092,0.6464664930115713,1.0518253370096091,14.274955787478872,6.024955787478872,0.7621466467875253
122.05338755636564,-48.709782735355674,741.6137441327887,106.3892563271484,11.82791479459673,11.136867150116052,10.799172434688,0.6910476444806779,0.3376947154280518,0.6310476444806778,10.950867150116052,2.7008671501160517,1.7495664249419742
122.01746546605438,-48.72057583059867,781.1564763441401,106.01490748250605,14.150373156616023,13.36776064927986,12.981152370450896,0.7826125073361627,0.3866082788289642,0.7226125073361627,13.18176064927986,4.931760649279861,0.9733298450582152
122.2951247136,-48.63343368675625,472.94354172189367,104.36720926925268,16.10953884969456,14.935634212556067,14.766987356285052,1.1739046371384916,0.1686468562710157,1.1139046371384915,14.749634212556067,6.499634212556067,0.7214599246380514
122.19863704428576,-48.662400112306216,579.2474430814763,102.98146421934666,15.329621592181333,14.534599210908352,13.709582474198935,0.7950223812729806,0.8250167367094168,0.7350223812729806,14.348599210908352,6.098599210908352,0.7558343533507127
122.00490758096316,-48.721924651042706,793.4238572505305,102.552246088608,16.534545607048596,15.8137735553431,15.15512616096687,0.7207720517054952,0.6586473943762314,0.6607720517054951,15.6277735553431,7.377773555343101,0.6453090173028355
121.85340911490243,-48.77057061732811,962.1166542946024,105.54978215058613,15.611914742253926,14.939881605091289,14.279375265876457,0.6720331371626376,0.660506339214832,0.6120331371626375,14.753881605091289,6.503881605091289,0.7210958624207467
122.1794940524418,-48.66960449801941,601.2718263054516,104.72914596257506,15.656597684073216,14.469079191800905,14.221618145599678,1.1875184922723108,0.2474610462012272,1.1275184922723107,14.283079191800905,6.033079191800905,0.7614503549884939
122.69748957921476,-48.50786572410688,26.028787321471683,105.29560507713224,16.642330888561084,15.54849305096372,14.66466001819877,1.0938378375973643,0.8838330327649491,1.0338378375973643,15.36249305096372,7.112493050963719,0.6688895065810028
122.60070485260762,-48.5386485916371,133.98609018024453,105.61336371445168,14.425543781480972,13.60297718010474,12.973479603131809,0.8225666013762325,0.6294975769729305,0.7625666013762324,13.41697718010474,5.166977180104739,0.9171986274750055
122.44713004970946,-48.586994961404635,304.85814375423234,105.7632600908442,15.241363428418278,14.84271493725454,14.06903511273729,0.3986484911637387,0.7736798245172505,0.3386484911637387,14.65671493725454,6.40671493725454,0.7294244339496109
122.41919033554912,-48.60011090609035,338.73385418464227,111.76510833162958,10.015666892893831,9.485071546177055,9.337665892798745,0.5305953467167761,0.1474056533783105,0.4705953467167761,9.299071546177055,1.0490715461770552,2.9916712168813007
121.95038577544504,-48.740675319510224,854.9449692278691,105.29811401292832,16.48532940541712,15.90032370276454,15.00688924653572,0.5850057026525786,0.8934344562288192,0.5250057026525785,15.71432370276454,7.46432370276454,0.6376156708653742
121.9549079430442,-48.739482461350185,850.0750580824762,105.56731100325108,15.781108095350923,15.445307190354104,15.087479589968105,0.3358009049968196,0.357827600385999,0.2758009049968196,15.259307190354104,7.009307190354104,0.6777736693982197
122.15695457323515,-48.67918633831898,627.9082868949351,108.30699077641304,13.938934163685923,13.053545655999118,12.668772580667236,0.8853885076868053,0.3847730753318821,0.8253885076868053,12.867545655999118,4.617545655999118,1.086073775500386
121.84485550741714,-48.7753273934406,972.9205833772924,108.5005665901427,15.509120299909622,14.54704549081629,14.00416093237995,0.9620748090933322,0.5428845584363398,0.9020748090933322,14.36104549081629,6.11104549081629,0.7547675293586038
122.32268956771188,-48.62914841702979,445.1476144468038,110.272828484938,15.988657745877926,14.840048095203462,14.217369868339487,1.148609650674464,0.6226782268639752,1.088609650674464,14.654048095203462,6.404048095203462,0.7296530204111318
122.20038178170952,-48.67296957171671,584.4789391974156,118.25551732967672,10.201909855724102,9.195844824719176,8.75773380546341,1.0060650310049262,0.438111019255766,0.9460650310049261,9.009844824719176,0.7598448247191758,3.5122793155054834
121.88701775563068,-48.76345258252896,927.0529393383866,109.91107965543408,15.814472629890169,14.813668092244113,14.176778520031805,1.000804537646056,0.6368895722123078,0.9408045376460559,14.627668092244113,6.377668092244113,0.7319141635219333
121.99777135301971,-48.73098709171718,805.7143942652833,112.00492906988696,16.274789184874788,15.814740393804422,15.61778454846422,0.4600487910703652,0.1969558453402022,0.40004879107036523,15.628740393804422,7.3787403938044225,0.6452230761062736
122.55848150206856,-48.55992993818066,186.1811468400041,116.57250100661878,14.515257791157628,13.265794645265164,12.595952336746766,1.2494631458924648,0.6698423085183975,1.1894631458924647,13.079794645265164,4.829794645265164,0.9976626414708133
122.37954339647274,-48.614439969607695,384.0138591717202,114.42743371179868,14.602088404909583,13.491216016814825,12.68358680023527,1.1108723880947586,0.8076292165795547,1.0508723880947586,13.305216016814825,5.055216016814825,0.9438689050782805
122.3406246648028,-48.62947677644476,429.079850142132,118.4018675496214,16.04889272570891,15.092217364210676,15.49388080032753,0.9566753614982346,-0.4016634361168538,0.8966753614982346,14.906217364210676,6.656217364210676,0.7080385116390849
122.4335602511222,-48.600737801674846,326.0971589558001,118.79691184986868,14.981373611299524,14.695296044546948,14.063364604637338,0.2860775667525761,0.6319314399096108,0.22607756675257612,14.509296044546948,6.259296044546948,0.7420603390388331
122.39021347883497,-48.61362409915727,373.7998731607605,117.88301445331484,17.015117628703624,16.626095535768528,15.799815111341031,0.3890220929350967,0.8262804244274964,0.3290220929350967,16.440095535768528,8.190095535768528,0.5731026190427976
122.280516584004,-48.648256024461155,495.7859052559364,118.48806780902706,12.399319389020066,12.081089324800802,11.886782718884543,0.3182300642192643,0.1943066059162586,0.2582300642192643,11.895089324800802,3.645089324800802,1.456646816710933
122.18082393983052,-48.68125728086069,607.5744556093423,121.3172458921874,15.215020144327262,14.002278827953974,13.388611564912257,1.212741316373288,0.6136672630417177,1.152741316373288,13.816278827953974,5.566278827953974,0.8219107342382562
122.08216367253291,-48.71043371482385,715.9079258514429,119.49539831021448,16.644208194283994,16.395098824202837,15.689645243787544,0.2491093700811575,0.705453580415293,0.1891093700811575,16.209098824202837,7.959098824202837,0.593635660070859
122.52938042159232,-48.57248134820521,220.7651074543612,121.24390518733304,16.370438266542678,15.998452569421898,14.519390966182671,0.3719856971207793,1.4790616032392272,0.3119856971207793,15.812452569421898,7.5624525694218985,0.6288931049402757
122.2774505083804,-48.65560464353561,503.31785752541833,127.27540512195584,10.070900601795248,9.490790692732393,9.30557589775012,0.5801099090628554,0.1852147949822722,0.5201099090628554,9.304790692732393,1.054790692732393,2.981376753081693
122.5852615863872,-48.55683334258753,159.8581694571057,123.8814754406664,15.333246274182256,14.160251858579914,13.477227468702775,1.1729944156023429,0.6830243898771382,1.1129944156023428,13.974251858579914,5.724251858579914,0.7879212692645788
122.07502449263052,-48.71618075287027,726.0815677276507,124.3721510130773,15.081237436274447,13.957824549650622,13.45922119372702,1.123412886623825,0.4986033559236027,1.063412886623825,13.771824549650622,5.521824549650622,0.832519141560647
122.02853747677828,-48.72976622566925,777.0018965250861,123.35446399159932,16.467023567530383,16.274962503508366,15.131230992619864,0.1920610640220168,1.143731510888502,0.1320610640220168,16.088962503508366,7.838962503508366,0.6043144441325897
122.04356166646303,-48.72581200826545,760.8262185534718,124.2800736324224,14.9911497322839,14.382263345938243,13.828793489620631,0.608886386345656,0.5534698563176121,0.5488863863456559,14.196263345938243,5.9462633459382435,0.7688917132052935
122.0066180675312,-48.74240613889726,805.0064788022792,131.4679717141641,12.17092990110505,11.390006095942118,11.016739743871613,0.7809238051629315,0.3732663520705053,0.7209238051629314,11.204006095942118,2.954006095942118,1.6229969520289411
122.30353165510222,-48.64777839534662,474.5879576269745,127.6701888355994,14.136618791516652,13.409165013830064,13.048178712106536,0.7274537776865877,0.3609863017235284,0.6674537776865876,13.223165013830064,4.973165013830064,0.9634492580632802
122.1292308327293,-48.701941646916914,667.7243240330549,127.8081527463712,15.425076771291655,14.574759241117563,14.370248185064714,0.8503175301740917,0.2045110560528495,0.7903175301740917,14.388759241117564,6.1387592411175635,0.752392065047066
122.67811235126814,-48.53169013101021,59.187770882628584,129.5528950327295,14.873032782958624,14.1135901465986,13.669713640364147,0.7594426363600242,0.4438765062344529,0.6994426363600241,13.9275901465986,5.6775901465986,0.7953478059253342
121.79627921692922,-48.805179046990865,1036.066201215276,129.1988434760559,16.46563285206761,16.224999100450937,15.357341082848604,0.2406337516166736,0.8676580176023325,0.1806337516166736,16.038999100450937,7.788999100450937,0.6087556355154723
122.07673803533308,-48.72212108618145,728.3435413532532,133.2721336814733,15.36970840261373,14.112953847343665,13.73191146065899,1.2567545552700654,0.3810423866846744,1.1967545552700654,13.926953847343665,5.676953847343665,0.7954996500657164
121.76989666195536,-48.81629536347518,1067.098622561758,133.436861351269,14.27645514123224,13.667804474286934,13.200951081530214,0.6086506669453069,0.46685339275672,0.5486506669453068,13.481804474286934,5.231804474286934,0.9017284777269818
122.4417357537946,-48.607818302485185,323.2734496710924,132.02796070059065,17.08696076652002,16.15302512420586,14.513141893361682,0.9339356423141574,1.6398832308441786,0.8739356423141573,15.967025124205861,7.717025124205861,0.6151533222928124
121.94100089099103,-48.76554365692433,879.3863676640901,135.57538676954218,15.945987875657927,14.841556352249627,14.078887288733211,1.1044315234082998,0.762669063516416,1.0444315234082997,14.655556352249627,6.4055563522496275,0.7295237412357463
122.58263576605503,-48.56602189100057,168.22963212662918,135.34933491957014,16.62768405483084,15.454329417301803,15.657083102000712,1.1733546375290371,-0.2027536846989086,1.113354637529037,15.268329417301803,7.018329417301803,0.6770003356598454
122.56340526560278,-48.57288444503999,190.15046002103284,136.46470307422808,15.049955548327464,13.840747726964414,13.028724710711646,1.2092078213630495,0.812023016252768,1.1492078213630494,13.654747726964414,5.404747726964414,0.860457928792583
122.19376396510008,-48.69271516580162,603.2165615232678,142.58153554896322,15.83576245578265,15.03169599211646,14.943670178156829,0.8040664636661905,0.0880258139596303,0.7440664636661904,14.84569599211646,6.595695992116459,0.7132260578185893
122.33920518993637,-48.651267701835295,444.474395419972,147.72461200735464,12.453689324859225,11.872912309342231,11.61149268825713,0.5807770155169933,0.2614196210851016,0.5207770155169933,11.686912309342231,3.4369123093422314,1.5029083757017263
122.45884045212144,-48.614291580084995,311.95666467682594,148.26178243819345,14.793845626974075,13.673644511821994,13.14282101404677,1.1202011151520814,0.5308234977752235,1.0602011151520814,13.487644511821994,5.237644511821994,0.9003348324061151
122.13178581498796,-48.71649580302877,674.7724896620912,148.91119546800795,14.973289043375273,14.230998281919009,13.700561212403604,0.7422907614562639,0.5304370695154041,0.6822907614562639,14.044998281919009,5.794998281919009,0.7818572901212278
122.12346883194496,-48.7227086403168,686.316725609309,153.9219485271705,13.460956702659493,12.436606710641833,11.770450589638315,1.02434999201766,0.6661561210035174,0.9643499920176599,12.250606710641833,4.000606710641833,1.355984564094198
121.98954806357337,-48.76341407185264,833.9673216234938,153.1623427365411,15.122151149038416,14.193338491463935,13.911800343141644,0.9288126575744808,0.2815381483222907,0.8688126575744808,14.007338491463935,5.757338491463935,0.7850852721602342
121.77482322730768,-48.8315627044468,1072.3548501410426,156.55103185496785,13.445873851101576,12.665027432266298,12.2603899852225,0.7808464188352779,0.4046374470437985,0.7208464188352779,12.479027432266298,4.229027432266298,1.2560504983834948
122.4958125054718,-48.607098229651655,273.74086439312634,154.28647537267113,16.361538157007043,15.620536350374886,14.738293781507736,0.7410018066321573,0.8822425688671505,0.6810018066321573,15.434536350374886,7.184536350374886,0.6624856577444546
121.82204193779415,-48.81813341754859,1020.9476916173326,157.8834156605531,13.696429468220188,13.055525155569423,12.74745076759493,0.6409043126507648,0.3080743879744929,0.5809043126507647,12.869525155569423,4.6195251555694234,1.0852077444383774
121.8580107040204,-48.80676711149456,981.0560325767996,157.35726345417896,15.69965953431055,14.717464044563156,14.148453782879931,0.9821954897473936,0.5690102616832249,0.9221954897473936,14.531464044563156,6.281464044563156,0.7401602247517295
122.62701980000296,-48.56890592551445,129.8435707822518,158.4697917302567,15.81171455157572,15.6216448904434,15.59209995043007,0.1900696611323198,0.0295449400133307,0.1300696611323198,15.4356448904434,7.185644890443401,0.6623871208494755
122.59321965831198,-48.5794983351989,167.41171296846332,158.3982257370421,16.020740080320568,15.471610245681044,14.556456686984676,0.5491298346395244,0.9151535586963676,0.48912983463952436,15.285610245681044,7.035610245681044,0.6755191217987677
122.47710801925162,-48.61710405026984,297.21196217384926,159.9730822761566,15.17634945654986,14.371004651885846,13.889292983401786,0.8053448046640135,0.4817116684840599,0.7453448046640134,14.185004651885846,5.935004651885846,0.7698567441240703
122.17576851322094,-48.71027242293984,630.8605075214875,159.05879259376115,15.625319046539946,15.098861483459016,14.559493209814375,0.5264575630809301,0.5393682736446408,0.46645756308093006,14.912861483459016,6.662861483459016,0.707469015703513
122.44084421410082,-48.628502518806116,337.5100825690313,160.0370927752766,14.997723684167768,14.100348740748348,13.623391580142789,0.89737494341942,0.4769571606055596,0.83737494341942,13.914348740748348,5.664348740748348,0.7985076868668715
121.92475181054698,-48.791738558255936,910.8960948139162,164.78777931675663,11.62986649052395,10.48289758527819,9.83785259928531,1.1469689052457603,0.6450449859928806,1.0869689052457603,10.29689758527819,2.04689758527819,2.1252656120451174
122.42203592485588,-48.63659591056573,359.82342988392156,163.07400738004586,15.152844118550131,14.004801502484534,13.130308070905263,1.148042616065597,0.8744934315792712,1.088042616065597,13.818801502484535,5.5688015024845345,0.8213087323616453
122.52511714810954,-48.60534414761523,246.01790939753283,164.49192782920016,15.387104778868958,14.802876462203203,14.213162887736685,0.5842283166657545,0.5897135744665185,0.5242283166657544,14.616876462203203,6.366876462203203,0.7328391603825826
122.4498767184007,-48.62954572049846,329.99430230588587,165.34775260980024,14.98031370287869,13.99831410163913,13.484425153971422,0.9819996012395596,0.5138889476677075,0.9219996012395597,13.81231410163913,5.56231410163913,0.8228568621088441
122.63981972362863,-48.57043896980711,119.23420593583144,166.10278307700486,14.249047979131182,13.52498613525845,13.066445706906803,0.7240618438727324,0.4585404283516467,0.6640618438727324,13.33898613525845,5.08898613525845,0.9358101268133245
122.21047277695064,-48.704929604945455,595.9343147294276,166.49066151761582,15.561464133626956,14.98196570556461,14.37417109584883,0.5794984280623456,0.6077946097157803,0.5194984280623456,14.79596570556461,6.54596570556461,0.7174886538087477
121.82074965819449,-48.82624102578505,1027.2929209838892,168.51259898313322,14.638214681359074,13.829574237007693,13.276001852327433,0.808640444351381,0.55357238468026,0.748640444351381,13.643574237007693,5.393574237007693,0.8631243298049825
122.38581712890218,-48.65670954511878,405.7174641493949,175.15913408242665,12.49472832165504,11.774115582339723,11.374253089248906,0.7206127393153174,0.3998624930908168,0.6606127393153174,11.588115582339723,3.3381155823397233,1.524863203924506
122.13464865361875,-48.731786291492135,682.0167623402798,171.15709332733422,17.16543001674722,15.96713600189202,15.633665325884031,1.1982940148551986,0.3334706760079893,1.1382940148551985,15.78113600189202,7.531136001892021,0.6316767998318203
122.55878819821302,-48.60138790766485,212.90414655221676,173.5694099891989,14.534394553963669,13.958487254273994,13.453470881369327,0.5759072996896748,0.5050163729046666,0.5159072996896747,13.772487254273994,5.522487254273994,0.8323609961391607
121.81815171193,-48.83124433485024,1032.8417153142582,174.31522254756078,15.030355952112984,14.04765086242949,13.579307457789708,0.9827050896834936,0.4683434046397821,0.9227050896834936,13.86165086242949,5.6116508624294905,0.8110833169202353
122.11725476358706,-48.74686574835028,707.4960704201283,184.50910570638973,10.48027904940709,9.890728633914913,9.638134618844363,0.5895504154921767,0.2525940150705494,0.5295504154921766,9.704728633914913,1.4547286339149128,2.609767481342344
122.48763211838693,-48.625997346411154,293.446714043664,176.7016639019591,14.838197952547876,13.878712700144616,13.389747979644188,0.95948525240326,0.4889647205004284,0.8994852524032599,13.692712700144616,5.442712700144616,0.8513981056473076
122.23617356095524,-48.70577238515393,573.1674655972437,178.6020611551021,14.605938663066656,13.797609778827413,13.34889010559072,0.8083288842392431,0.4487196732366936,0.748328884239243,13.611609778827413,5.361609778827413,0.8707522118707312
122.51649860548656,-48.61732453233636,261.6289999105127,177.21845109001777,16.35671538569216,15.146225787479848,14.682467785088956,1.2104895982123107,0.4637580023908914,1.1504895982123107,14.960225787479848,6.710225787479848,0.7034092182160131
122.29556828373978,-48.68570080585717,506.334323916326,176.36725013792602,14.1770533766866,14.132552255202471,13.53018154030336,0.0445011214841279,0.6023707148991111,-0.015498878515872096,13.946552255202471,5.696552255202471,0.7908227572812285
121.8747967643212,-48.81787940075623,972.926744702966,179.73451975387715,13.777809670150136,12.839434233843882,12.290834013362923,0.938375436306254,0.5486002204809584,0.8783754363062539,12.653434233843882,4.403434233843882,1.1797475226933016
122.34962084453888,-48.67416699955001,449.8526322112279,183.63374390058584,12.635627211842294,11.856971722581717,11.422867706523498,0.7786554892605775,0.4341040160582192,0.7186554892605774,11.670971722581717,3.420971722581717,1.506450728315174
121.89867933978928,-48.810213028647375,946.3640996446362,179.23643998201453,15.189013794030956,14.023554489395226,13.472172487456264,1.1654593046357302,0.5513820019389613,1.1054593046357302,13.837554489395226,5.587554489395226,0.8168335877579576
122.0612585710609,-48.76054795720859,767.075800804255,179.57854652139864,16.5981887820293,15.496010604998292,15.60139925883506,1.1021781770310088,-0.1053886538367692,1.0421781770310088,15.310010604998292,7.060010604998292,0.6734276624287179
121.97916907309416,-48.785976257072136,857.8440344155921,179.83362474773054,15.614562941982886,14.851112448501524,14.469741809779524,0.7634504934813613,0.3813706387220001,0.7034504934813612,14.665112448501525,6.4151124485015245,0.7287046472712979
121.8085531207494,-48.83938679701633,1046.7423267873703,181.50230780271377,14.30810882400662,13.07421622696676,12.457371644800777,1.2338925970398602,0.6168445821659834,1.1738925970398602,12.88821622696676,4.63821622696676,1.0770304007020426
121.98882904189492,-48.79043417152748,851.9404516189612,190.0534169375061,14.584852481348287,13.694106757060752,12.921737904304372,0.8907457242875356,0.7723688527563795,0.8307457242875356,13.508106757060752,5.258106757060752,0.8954517966105026
122.49990991008823,-48.62762415418507,283.3705874241742,184.21343246910016,15.634724998617068,15.240375033004977,14.89974307853124,0.3943499656120917,0.3406319544737375,0.3343499656120917,15.054375033004977,6.804375033004977,0.6953392828852877
122.07831570034324,-48.760071207371695,751.3000522102801,186.1532597195597,15.441446524443975,14.4786198572537,13.585718325845562,0.962826667190276,0.8929015314081372,0.902826667190276,14.2926198572537,6.042619857253699,0.7606325836639687
122.50001858833342,-48.630892691123115,285.3973709127573,188.7449981290817,15.72318410898437,15.075855991117308,14.683235720532435,0.6473281178670618,0.3926202705848727,0.5873281178670617,14.889855991117308,6.639855991117308,0.709440915047088
122.38344370936028,-48.667508883884146,414.86945292354613,188.97114921769423,16.23811404833894,15.080520645796474,14.722305178415125,1.1575934025424657,0.3582154673813491,1.0975934025424656,14.894520645796474,6.644520645796474,0.7090410875031594
122.0927027379615,-48.76080675649894,738.726335599566,193.26656650920012,14.40428859543507,13.306204293064336,12.60472190298053,1.098084302370733,0.7014823900838056,1.038084302370733,13.120204293064337,4.8702042930643366,0.9880194300641925
122.48796516431226,-48.63577705379925,299.50170520221127,190.26482427101615,15.65567253080885,14.743968299436212,14.278609794105844,0.9117042313726388,0.4653585053303679,0.8517042313726388,14.557968299436212,6.307968299436212,0.7378884314768962
122.19183466853306,-48.72806594029818,627.7574130639586,190.36030091425255,16.424849384911383,15.36453762505628,15.36520696745449,1.060311759855102,-0.0006693423982095,1.000311759855102,15.178537625056281,6.928537625056281,0.6846967749951759
122.64091753820348,-48.589862136632426,130.91749464160128,193.20442362913704,15.108988864939388,13.911063041185256,13.24884070361158,1.1979258237541313,0.6622223375736773,1.1379258237541312,13.725063041185257,5.4750630411852566,0.843678137898973
121.83192703283838,-48.8415974796316,1026.953685461251,194.37303947621885,14.19333083940743,13.202181638001912,12.719755146267492,0.991149201405518,0.4824264917344205,0.931149201405518,13.016181638001912,4.766181638001912,1.0224243174992034
122.71589177586218,-48.56665651705765,47.78145752162611,193.83175206770585,14.972305048850338,14.227649612966392,13.744501537432328,0.7446554358839457,0.4831480755340642,0.6846554358839456,14.041649612966392,5.791649612966392,0.782144318888595
122.2377101883296,-48.71732434215837,579.2308397202245,195.13421742584373,14.262043342489868,13.361224939905986,12.945131104751752,0.900818402583882,0.4160938351542338,0.8408184025838821,13.175224939905986,4.925224939905986,0.9748895029769807
122.60572972024109,-48.60467211863482,172.4813397275492,198.3165422361717,15.980414808645753,15.051029801199828,15.316392186063448,0.9293850074459248,-0.2653623848636197,0.8693850074459248,14.865029801199828,6.615029801199828,0.711568874182872
122.07859379949724,-48.769277274375774,756.9641322446654,198.93677892710335,15.73394700426234,14.93756662800177,14.551942298353932,0.7963803762605703,0.3856243296478379,0.7363803762605703,14.75156662800177,6.50156662800177,0.7212942890284197
122.43138964294988,-48.661710339518336,367.6385670698722,201.5630866746665,12.631659608250873,11.827036226808024,11.419790812877237,0.8046233814428483,0.4072454139307879,0.7446233814428482,11.641036226808025,3.3910362268080245,1.5131030607093279
122.58356297308347,-48.61321792328695,198.1479513807502,200.47408813485828,14.964819982577406,14.13917092528132,13.75057239190694,0.8256490572960864,0.3885985333743793,0.7656490572960863,13.95317092528132,5.70317092528132,0.7897282064044583
122.38395400141448,-48.67614750399292,420.0058679901981,201.05167656775805,14.65503776540849,13.938907584287232,13.50501782880263,0.7161301811212581,0.4338897554846017,0.6561301811212581,13.752907584287232,5.502907584287232,0.8370334173860015
121.9248810681105,-48.81780034531248,927.4552703783836,200.73278845278583,15.093567104722736,14.284396414505215,13.782679831622229,0.8091706902175204,0.5017165828829864,0.7491706902175204,14.098396414505215,5.848396414505215,0.7772803073281245
122.40517214684384,-48.67324013535893,398.8857495364776,206.15025426281431,10.460647417698237,9.980595143160768,9.858694537209464,0.4800522745374689,0.1219006059513034,0.4200522745374689,9.794595143160768,1.5445951431607678,2.536240337413917
122.74631038198945,-48.56634736016464,20.00435902495509,206.58837688574116,14.96807719366858,14.049801585382172,13.468483871059489,0.9182756082864092,0.5813177143226831,0.8582756082864091,13.863801585382172,5.613801585382172,0.8105700762156182
122.00935318143492,-48.79633961428406,837.1170432246378,206.85970521868273,13.525243670765182,12.695036031536688,12.203111133147402,0.8302076392284938,0.4919248983892856,0.7702076392284938,12.509036031536688,4.259036031536688,1.242921736202699
121.8902238810382,-48.8332224823716,968.742671869355,207.36692669699943,15.340985270091553,14.46357646766007,13.921123288100748,0.8774088024314821,0.5424531795593222,0.8174088024314821,14.27757646766007,6.0275764676600705,0.7619220170577082
122.49787116419812,-48.64571392463644,296.9812552940141,208.15829668225467,14.114428437764811,13.176580000245798,12.684092967006196,0.9378484375190136,0.4924870332396018,0.8778484375190136,12.990580000245798,4.740580000245798,1.033091666564251
122.3296376919192,-48.703094632629735,486.6960158474716,214.8200474975377,9.570465693610933,9.027771347910958,8.88517780747867,0.5426943456999744,0.1425935404322889,0.48269434569997444,8.841771347910958,0.5917713479109583,3.8157092448972616
122.0898877227781,-48.775013467378386,750.4117910737137,211.61657781635964,12.718263814804851,11.913979763617904,11.539006149893073,0.8042840511869471,0.3749736137248316,0.7442840511869471,11.727979763617904,3.4779797636179044,1.4937822747515768
122.43101529273116,-48.671472360404344,374.31346719669216,214.8029807781599,13.956466214912592,13.165562886921416,12.856398559485667,0.7909033279911757,0.3091643274357487,0.7309033279911756,12.979562886921416,4.729562886921416,1.0376821304494102
122.20251146502784,-48.741833168666,626.954511918235,213.83098668800284,14.968524362452191,14.217572501658216,13.942914456262356,0.7509518607939754,0.27465804539586,0.6909518607939753,14.031572501658216,5.781572501658216,0.7830080712864387
122.14250875329228,-48.76036762631461,693.2881444541483,213.8032468380508,16.208980136439614,15.010941394190942,14.477957278277264,1.1980387422486718,0.5329841159136777,1.1380387422486717,14.824941394190942,6.574941394190942,0.7150050233550621
122.51089502094824,-48.64623045373079,285.5121762573291,214.4667329380648,14.751589082815096,14.473167534980291,13.727426967767482,0.2784215478348049,0.7457405672128097,0.21842154783480489,14.287167534980291,6.037167534980291,0.7610999255731179
122.11238554130894,-48.77123050222357,727.5848002008224,215.95543098781408,14.310213352587038,13.481868453345434,12.903983990812518,0.8283448992416034,0.577884462532916,0.7683448992416033,13.295868453345435,5.0458684533454345,0.946099573633476
121.85667344534434,-48.84920220186575,1009.3706755333478,215.25807859024567,16.780126539937342,15.973210624382403,15.17845914974167,0.8069159155549386,0.7947514746407336,0.7469159155549385,15.787210624382404,7.5372106243824035,0.6311368333882308
122.76686908884145,-48.56707676533263,1.848492965984482,216.5015974548439,15.659732443469483,15.282453109717526,14.791143663498763,0.3772793337519573,0.4913094462187626,0.3172793337519573,15.096453109717526,6.846453109717526,0.6917325905956406
122.40143189944952,-48.682647298891105,408.37656643159704,217.4631695500906,14.215576357969914,13.385153369537727,12.941136907167524,0.8304229884321863,0.4440164623702038,0.7704229884321863,13.199153369537727,4.949153369537727,0.9691793095421333
121.87476394413252,-48.84610079509449,990.9894267362998,218.5974899060154,16.1844250768194,15.057329979836028,14.370621395264884,1.127095096983373,0.6867085845711447,1.067095096983373,14.871329979836029,6.621329979836029,0.7110288588711976
121.92040918192188,-48.83678239261124,943.654958568896,224.9884102076099,12.190889147319028,11.133808063140094,10.525763717538648,1.0570810841789342,0.6080443456014457,0.9970810841789342,10.947808063140094,2.6978080631400942,1.751095968429953
122.26067807163317,-48.73077460240282,567.0953476021907,223.4102961477791,15.083697252565416,14.109680892462109,13.662130281662616,0.9740163601033078,0.4475506107994924,0.9140163601033078,13.923680892462109,5.673680892462109,0.7962806961169968
122.61662673880473,-48.62150017206617,173.58050596551027,226.09221681198144,13.779765165711233,13.038152819295922,12.589207611813356,0.7416123464153106,0.4489452074825664,0.6816123464153105,12.852152819295922,4.602152819295922,1.0928081415580342
121.97332537247254,-48.82073667572338,885.4172616260652,225.21892227245064,14.329872141416836,13.08691406511864,12.316403418558808,1.242958076298196,0.7705106465598313,1.182958076298196,12.90091406511864,4.65091406511864,1.0714750965105952
121.84314656544475,-48.859756961532405,1028.3727075346894,224.11171092327297,15.990531545243206,15.115381919277471,14.158380493363133,0.8751496259657348,0.9570014259143385,0.8151496259657347,14.929381919277471,6.679381919277471,0.7060529783476454
122.474540516346,-48.66404830497317,330.04440161584205,223.29289019573875,15.853773548132342,14.613901397077578,13.84377578015535,1.2398721510547634,0.770125616922229,1.1798721510547634,14.427901397077578,6.177901397077578,0.7490370231076362
122.49219930973608,-48.65992161751995,311.35905482726315,225.21576694612816,15.72818529094543,15.65065517377924,15.180358971489802,0.077530117166189,0.4702962022894379,0.017530117166189005,15.46465517377924,7.21465517377924,0.6598084289974009
122.1656023318708,-48.76330349950044,674.2470352669337,227.65226106815916,14.741015913117945,13.887990506356,13.701941825278931,0.8530254067619456,0.186048681077068,0.7930254067619456,13.701990506356,5.451990506355999,0.8491840837105002
121.800288270435,-48.87572957024943,1077.4126909356207,228.11803892054328,15.581417102452004,14.679822108286658,14.098453485754018,0.9015949941653468,0.58136862253264,0.8415949941653469,14.493822108286658,6.243822108286658,0.7433866764325723
122.57770506327437,-48.637772966708376,219.4594995644215,231.62424911057184,15.74736226506701,15.653611806850174,15.109802325288053,0.0937504582168369,0.5438094815621213,0.03375045821683691,15.467611806850174,7.217611806850174,0.6595456171688734
122.70407887449772,-48.59901147392614,79.64880257643837,233.05346228452584,16.514188331109683,16.54088661052126,15.136829775024763,-0.0266982794115762,1.4040568354964955,-0.08669827941157619,16.35488661052126,8.104886610521259,0.5806767457314437
122.22277487033176,-48.74909024252666,613.2702523861224,232.43271492060776,17.256263802391828,16.615304196380333,15.349134401929902,0.6409596060114957,1.2661697944504304,0.5809596060114957,16.429304196380333,8.179304196380333,0.5740618492106372
122.52552797151354,-48.65935575919561,280.7905966505415,238.7670564737844,15.420939166631817,14.412716623548988,14.104856686286396,1.0082225430828284,0.3078599372625916,0.9482225430828284,14.226716623548988,5.976716623548988,0.7662814322672297
122.4857746875456,-48.670300826779666,323.92771316844943,236.69808566244745,16.05007088811357,15.567559912028315,14.323027147910215,0.4825109760852548,1.2445327641181,0.4225109760852548,15.381559912028315,7.131559912028315,0.6671946744863719
121.95891470108496,-48.83461412813924,907.3682160883328,238.2419341856549,14.925556449299789,14.102349290962367,13.603845008718311,0.8232071583374214,0.4985042822440562,0.7632071583374214,13.916349290962367,5.666349290962367,0.7980302828385261
122.18874864024512,-48.764727402744406,654.1890795266802,239.45000330451904,13.308037261088742,12.473060959125965,12.070341176985451,0.8349763019627776,0.4027197821405135,0.7749763019627776,12.287060959125965,4.037060959125965,1.3400358303823903
121.85654782318588,-48.866330216131296,1020.423464903672,238.8028380349225,15.67902909170897,14.474210250001958,13.82960089298956,1.2048188417070111,0.6446093570123974,1.144818841707011,14.288210250001958,6.038210250001958,0.7610105499998322
122.2374013287407,-48.75119194776149,601.3728396402228,241.5502058434871,14.350623254269586,13.652860521346184,13.187620046272652,0.6977627329234011,0.4652404750735321,0.637762732923401,13.466860521346184,5.2168605213461845,0.9052946483151152
121.86452628823548,-48.86571292847145,1012.7986791039116,241.3077869547733,15.597421265511544,14.932994570672331,14.885695379609665,0.6644266948392126,0.0472991910626667,0.6044266948392125,14.746994570672332,6.4969945706723315,0.7216861796566574
122.29760238632048,-48.73654904033064,537.3678026709273,247.0954150542079,14.985020442360332,13.952908113042238,13.59876776870155,1.0321123293180945,0.3541403443406885,0.9721123293180944,13.766908113042238,5.516908113042238,0.8336923821149206
121.9327516421467,-48.8500034528743,940.929760709068,248.3977987545698,13.65832299158361,12.600598168014828,11.923501951126893,1.0577248235687815,0.6770962168879358,0.9977248235687814,12.414598168014829,4.1645981680148285,1.2842383014935126
121.83291320893515,-48.8799459278315,1050.5344649345427,247.62902222904708,15.402160875895312,14.730223172815078,13.7439873831898,0.6719377030802338,0.9862357896252778,0.6119377030802338,14.544223172815078,6.294223172815078,0.7390665851872791
122.30721467771988,-48.73967667271208,530.6822112396171,255.4947866854636,13.169899135665691,12.230847920691884,11.794957099038296,0.9390512149738068,0.4358908216535884,0.8790512149738068,12.044847920691884,3.7948479206918844,1.4233671287351368
122.71992346372116,-48.60839751469644,71.43339068966503,252.77143581169992,15.673201983870475,14.802956503273288,14.247204900192443,0.8702454805971875,0.5557516030808447,0.8102454805971875,14.616956503273288,6.366956503273288,0.7328322997194325
121.85181398405544,-48.877812104006146,1032.0456922950164,252.6316374061536,16.367581635248385,15.573361120908585,15.800093992843596,0.7942205143398002,-0.2267328719350114,0.7342205143398002,15.387361120908585,7.137361120908585,0.6666790114747925
122.34483690404517,-48.72686528690682,488.3101957351911,253.96596967183143,15.589108375607935,14.410714308289208,14.030553452408306,1.1783940673187274,0.3801608558809022,1.1183940673187274,14.224714308289208,5.974714308289208,0.7664530592894965
122.3288427374018,-48.73325511815977,506.9352423197501,255.90869910038057,16.25689770431988,15.09383444588906,15.041197141164377,1.1630632584308191,0.0526373047246835,1.103063258430819,14.90783444588906,6.65783444588906,0.7078999046380806
121.84129440343423,-48.88356153504891,1045.248072032258,256.13223108096076,14.378583762661084,13.629819157714715,13.01133555559732,0.7487646049463681,0.6184836021173954,0.688764604946368,13.443819157714715,5.1938191577147155,0.9107931555453521
122.2693762588991,-48.751912918610785,572.8694716023092,256.1660017582486,15.052177688437984,14.07710788568638,13.340860495269194,0.9750698027516052,0.7362473904171853,0.9150698027516051,13.89110788568638,5.641107885686379,0.8040538000066596
122.57998698463942,-48.65744839889959,230.21393927945172,259.5905917423338,13.89166324688315,13.084750092519409,12.596938055583951,0.8069131543637411,0.4878120369354572,0.7469131543637411,12.898750092519409,4.648750092519409,1.0724218345227587
122.35352894383668,-48.72725254927293,480.68713646726593,258.21318830452225,14.72362827511988,13.514006573616635,12.899855217223426,1.209621701503245,0.6141513563932097,1.149621701503245,13.328006573616635,5.078006573616635,0.9384302494778485
122.22381207800083,-48.76828277380188,624.7146923407914,259.25473015109577,15.264773210246345,14.347029186443924,14.115303829397895,0.9177440238024204,0.2317253570460291,0.8577440238024203,14.161029186443924,5.911029186443924,0.7719117840190922
122.03378426233752,-48.826017127683,834.0173845602591,258.03620424131145,15.985924581310602,14.980255820011616,14.520076059087147,1.0056687612989863,0.4601797609244684,0.9456687612989862,14.794255820011616,6.544255820011616,0.7176352154275758
122.4781743551011,-48.69025013772722,343.77847409096427,260.8102226278945,15.21100700674752,14.223157258517686,13.740757814513929,0.9878497482298344,0.4823994440037573,0.9278497482298345,14.037157258517686,5.787157258517686,0.7825293778413412
122.30717474499065,-48.746112062556136,534.880618287336,264.3185746152332,14.659953280310546,13.654310816624935,13.15515500170574,1.0056424636856107,0.4991558149191952,0.9456424636856107,13.468310816624935,5.2183108166249355,0.9049485551235951
122.47179136240196,-48.69563510492488,353.0589152016902,265.4605199620993,15.032030325811345,14.367791305880363,13.728762424764112,0.6642390199309816,0.6390288811162517,0.6042390199309815,14.181791305880363,5.931791305880363,0.7701321737816832
122.41228405539763,-48.714082320605776,418.93171231071386,265.2695720882994,14.090796066399337,13.395753988483596,12.942110969366444,0.6950420779157405,0.4536430191171519,0.6350420779157404,13.209753988483596,4.959753988483596,0.9666496163845963
122.62186038108652,-48.650838662545944,187.97940724524975,268.5749459051409,13.678424815764023,12.7799387863554,12.32539706323896,0.8984860294086232,0.4545417231164403,0.8384860294086232,12.5939387863554,4.3439387863554,1.2057767809695126
122.4980795220552,-48.68766797119501,324.07121847166775,265.8140595147832,16.094671038274686,15.835825032655356,14.404647082351625,0.2588460056193309,1.4311779503037307,0.1988460056193309,15.649825032655356,7.399825032655356,0.6433488859861907
122.36911527165438,-48.73058572358782,468.7287093073389,269.4548690471419,13.856296069380974,12.9892201320026,12.561287179918708,0.8670759373783739,0.4279329520838928,0.8070759373783738,12.8032201320026,4.5532201320026005,1.1142161922488625
122.09270705983806,-48.82192143954192,778.0135871435284,277.34132464399966,8.931507806654382,8.331872527863844,8.152001457539985,0.5996352787905384,0.179871070323859,0.5396352787905383,8.145872527863844,-0.10412747213615603,5.1442433558962986
122.40805870692304,-48.72032779458012,426.8095258933561,272.0344317199015,12.091228923223383,11.350078947721093,10.99800569803197,0.7411499755022906,0.3520732496891234,0.6811499755022905,11.164078947721093,2.9140789477210927,1.6429605261394538
122.38500859769756,-48.72649180981265,451.68154332891254,270.63163636102274,13.787601428516815,12.72991862840028,12.132637988535407,1.0576828001165346,0.5972806398648736,0.9976828001165345,12.54391862840028,4.293918628400281,1.227660600074877
122.3956635903089,-48.72294544238033,439.7326832107731,270.32197786582844,15.050248602954111,14.028815754922796,13.694852430496493,1.0214328480313153,0.3339633244263034,0.9614328480313152,13.842815754922796,5.592815754922796,0.8155780584843328
122.58969363556326,-48.66320881890085,225.1773012136616,271.6715170183671,15.924774071036856,14.846278113848255,14.356003097538844,1.0784959571886006,0.4902750163094111,1.0184959571886005,14.660278113848255,6.410278113848255,0.7291190188130068
121.95762749010356,-48.85953892547316,924.4985495042,272.0160872782561,15.851706489724098,15.443633552425489,14.565536068929108,0.4080729372986091,0.8780974834963811,0.3480729372986091,15.257633552425489,7.007633552425489,0.6779171240778152
122.64946344765544,-48.64585346968919,159.7284016212078,273.6503524844845,14.680918141632535,13.56166131358527,12.796181279791869,1.1192568280472646,0.765480033793402,1.0592568280472645,13.37566131358527,5.125661313585271,0.9270580956216968
122.3302554533258,-48.74624614154114,514.0631450523482,274.3563811179447,14.782017086319131,13.708053170163817,13.454811778927375,1.0739639161553145,0.2532413912364415,1.0139639161553144,13.522053170163817,5.272053170163817,0.8921236753018165
122.206101997219,-48.78462154527772,651.2962745605843,274.17903170202453,13.791648716552784,12.965700304190667,12.606071537025858,0.8259484123621164,0.3596287671648088,0.7659484123621163,12.779700304190667,4.529700304190667,1.124506116916583
122.13681482042972,-48.80718249382315,728.5846285842113,275.76811835163403,14.114714917032934,13.1666787019185,12.771820772764476,0.9480362151144348,0.394857929154023,0.8880362151144348,12.9806787019185,4.7306787019184995,1.0372172075339587
122.59913423929116,-48.66289668250255,216.42464023331172,275.3110129163355,15.683375601326588,14.861646121072656,13.859226330880752,0.8217294802539321,1.0024197901919043,0.7617294802539321,14.675646121072656,6.425646121072656,0.7278017610509152
122.17103101743352,-48.797361955396056,691.2716914340668,276.78901385114716,14.551454971104924,13.61127587134356,13.066313482013603,0.9401790997613642,0.5449623893299567,0.8801790997613641,13.42527587134356,5.17527587134356,0.9152182579748324
121.9127005968285,-48.87741110238711,976.6313414271754,277.69450001199897,12.804002324437016,12.196615286932577,11.895204344238172,0.6073870375044397,0.3014109426944049,0.5473870375044396,12.010615286932577,3.760615286932577,1.4309743806816495
122.67492824155684,-48.64135480675665,133.7310082563412,278.4801286722898,13.62961294213039,12.68454425263256,12.245808469128688,0.9450686894978304,0.438735783503871,0.8850686894978304,12.49854425263256,4.248544252632559,1.2475118894732553
122.6611907080365,-48.64668420518558,149.65165959531038,279.8518517604973,12.984953194857727,11.94760002008601,11.37315096394444,1.0373531747717166,0.5744490561415709,0.9773531747717166,11.76160002008601,3.5116000200860107,1.4863111066475532
122.1262142882736,-48.81250027680382,741.6076911080345,278.5851094593222,16.513579864748124,15.800745988840044,14.559913130214753,0.7128338759080801,1.240832858625291,0.6528338759080801,15.614745988840044,7.364745988840044,0.6464670232142183
121.95818601415348,-48.87153323071838,931.6749047604524,288.76570850864,9.318092662491662,8.835066135800071,8.658236084732467,0.4830265266915905,0.1768300510676042,0.4230265266915905,8.649066135800071,0.3990661358000711,4.183601013472591
122.31923477383496,-48.75565918467469,530.1343338512638,282.58112912044606,12.39618707928857,11.632848383546133,11.225403875487666,0.7633386957424371,0.4074445080584663,0.703338695742437,11.446848383546133,3.1968483835461328,1.5562559147675261
121.99606781257232,-48.85660788563524,887.8046391083261,284.2017590927818,15.796661793873955,15.234087049113803,14.207703603425418,0.5625747447601519,1.026383445688385,0.5025747447601518,15.048087049113803,6.7980870491138035,0.6958782529331026
122.51471961804026,-48.69852281384345,316.06232366877015,287.85540614937065,12.402820167995792,11.403214479591108,10.869571563817312,0.9996056884046832,0.5336429157737967,0.9396056884046833,11.217214479591108,2.9672144795911084,1.6163927602044459
122.71255118764893,-48.63540085023285,95.77360169823017,286.5823758144309,15.24394201441086,14.259012395147492,13.793974950509416,0.9849296192633687,0.4650374446380763,0.9249296192633687,14.073012395147492,5.823012395147492,0.7794560804159293
122.32932057179518,-48.75433319792098,520.1435299088033,285.0654150619119,14.770101938789796,13.869821382136973,13.383295500568993,0.9002805566528238,0.4865258815679798,0.8402805566528238,13.683821382136973,5.433821382136973,0.8535198974445861
122.1464001980757,-48.81551313343835,725.2675935122079,291.2916169125228,15.181136423760409,14.249559243913057,13.697855702388104,0.931577179847352,0.5517035415249527,0.871577179847352,14.063559243913057,5.813559243913057,0.7802663505217381
122.04941550693712,-48.84758951653885,833.7094105004353,294.33252255286146,12.70175311520596,11.598074857343075,10.981004336640767,1.1036782578628852,0.617070520702308,1.0436782578628852,11.412074857343075,3.1620748573430753,1.5639833650348722
122.19721854300585,-48.802874743802654,671.1115936368986,295.49495267319463,11.33948925368346,10.618376900733065,10.32353542350192,0.7211123529503958,0.2948414772311452,0.6611123529503957,10.432376900733065,2.1823769007330647,2.01441889940022
122.36975691356926,-48.75289036459834,482.5987919253812,300.35873447917066,9.759694416142668,9.197317592930156,9.032820409203737,0.5623768232125119,0.1644971837264197,0.5023768232125119,9.011317592930157,0.7613175929301566,3.5096283327257183
122.10241712873808,-48.840918212916314,781.4363775242448,307.5866592248625,9.2312194410525,8.752267725898722,8.631007384712811,0.4789517151537783,0.121260341185911,0.4189517151537783,8.566267725898722,0.3162677258987223,4.341670705102439
122.38807824272286,-48.74343697459165,459.8858829617967,295.21203586501593,15.555842103120709,14.75038826773313,14.484291495894407,0.8054538353875778,0.2660967718387237,0.7454538353875777,14.564388267733131,6.314388267733131,0.7373381484800173
122.4316314475959,-48.732238402457334,413.1929252210228,298.48075178125714,14.814289019423349,13.807318295310813,13.055472814523752,1.006970724112536,0.7518454807870611,0.946970724112536,13.621318295310813,5.371318295310813,0.8684354068008289
122.57332704619832,-48.688751823588234,256.64259388130824,299.6535617929197,16.62356210171448,15.517656645928378,15.148737799695873,1.105905455786102,0.3689188462325052,1.045905455786102,15.331656645928378,7.081656645928378,0.6715722874918533
122.00899475238096,-48.86615050986294,882.2189895382768,302.7948547951576,15.438878051590867,14.366790021213763,13.889561107327104,1.0720880303771043,0.477228913886659,1.0120880303771043,14.180790021213763,5.930790021213763,0.7702179981816775
122.28219808352806,-48.78104121562126,580.0811511752802,301.655071646047,16.28999033375485,15.088550230809242,14.851284122892404,1.2014401029456092,0.2372661079168381,1.1414401029456092,14.902550230809242,6.652550230809242,0.7083528373592078
122.73468100465978,-48.642266945058445,80.2328646305524,305.56259935354353,17.31402601341907,16.428886935234647,15.58490113456842,0.8851390781844231,0.8439858006662266,0.825139078184423,16.242886935234647,7.992886935234647,0.590632272423587
122.68503476787882,-48.65904320656356,136.1406683359352,307.0881864084711,15.438583250060766,14.389079600969833,13.762702065702026,1.0495036490909335,0.6263775352678067,0.9895036490909335,14.203079600969833,5.953079600969833,0.7683074627740144
121.92105437383682,-48.89620603948291,981.0907080920748,307.0957553395878,14.860371969639312,13.95766335257682,13.38534236158558,0.9027086170624924,0.5723209909912388,0.8427086170624924,13.77166335257682,5.5216633525768195,0.8325576090441682
122.32368271434704,-48.771900666707666,536.6160883355024,306.789651734295,15.402388024592904,14.427452112600925,13.754364904707284,0.9749359119919792,0.6730872078936407,0.9149359119919791,14.241452112600925,5.991452112600925,0.7650183903484922
122.14637635680737,-48.83638640883553,738.7291269552513,319.98599338961685,9.081291606742862,8.561188774291214,8.446788076372599,0.5201028324516486,0.1144006979186151,0.46010283245164857,8.375188774291214,0.1251887742912139,4.7064577945349555
122.63399505887791,-48.675365494275766,192.99791360663872,307.433774338358,16.355107894569336,15.231900948951392,14.670267031480208,1.1232069456179443,0.561633917471184,1.0632069456179443,15.045900948951392,6.795900948951392,0.6960656329470236
122.57530894449044,-48.6942761680166,258.4482002060414,308.08284640826946,15.948078334387748,15.325638600178497,14.729502711662215,0.6224397342092516,0.5961358885162813,0.5624397342092515,15.139638600178497,6.889638600178497,0.6880309771275575
122.51876178402912,-48.71134190965337,320.7424839982691,307.17899151224435,17.286567047711085,16.770411377894145,15.418538538734646,0.5161556698169392,1.3518728391594994,0.45615566981693917,16.584411377894146,8.334411377894146,0.5602745441871871
122.04271911876488,-48.863003445775455,849.6688874768814,312.7117223633487,14.944767557111415,13.782848659910206,13.142271126241868,1.161918897201209,0.6405775336683384,1.101918897201209,13.596848659910206,5.346848659910206,0.8742747516123373
122.23342294079454,-48.80576456330489,640.2013772647626,314.86167478744017,14.085899145525577,13.287851197007738,12.804366099414716,0.7980479485178389,0.4834850975930216,0.7380479485178388,13.101851197007738,4.851851197007738,0.992399146168608
122.18141174282034,-48.821591269350826,697.4867966591108,314.5111836372936,15.13991421600457,14.55572539882074,14.861821864130668,0.5841888171838292,-0.3060964653099276,0.5241888171838291,14.36972539882074,6.119725398820741,0.7540235372439366
121.89094110516672,-48.911961061943586,1018.4283495538758,316.12475405277894,15.890853964413154,14.730305605123757,13.990822801301476,1.1605483592893968,0.7394828038222805,1.1005483592893968,14.544305605123757,6.294305605123757,0.7390595195608208
121.87597418493696,-48.91804808687552,1035.86742077543,318.2175416919588,16.08542796031576,15.106504548358972,14.776731459286667,0.9789234119567868,0.3297730890723045,0.9189234119567868,14.920504548358972,6.670504548358972,0.7068138958549453
122.20856962657982,-48.82845926354834,677.3368556794202,335.4894023603278,9.021874962181872,8.466747550721953,8.329661057012967,0.5551274114599192,0.1370864937089866,0.4951274114599192,8.280747550721953,0.030747550721953232,4.886754675894453
121.93358165905003,-48.9023551447527,973.6853802110628,320.838073309096,16.20526488249349,15.107810808572957,14.435096136333428,1.0974540739205343,0.672714672239529,1.0374540739205342,14.921810808572957,6.671810808572957,0.7067019306937465
122.79540743029384,-48.634200004371095,19.990371274480104,320.8105959668678,15.517310649110524,14.574643255659966,14.057837148891304,0.9426673934505576,0.5168061067686622,0.8826673934505576,14.388643255659966,6.138643255659966,0.7524020066577172
122.2449593580888,-48.80783448919549,631.0962794766422,322.614845113772,14.13927520279084,13.318925309758734,12.735927634844334,0.8203498930321054,0.5829976749144006,0.7603498930321053,13.132925309758734,4.882925309758734,0.984983732898484
121.916434101022,-48.90778779748484,992.6831024458056,321.1010371661477,16.11362241185201,15.49504819097149,14.57524704460791,0.6185742208805198,0.9198011463635803,0.5585742208805198,15.30904819097149,7.05904819097149,0.6735101550595866
122.16215039293498,-48.83246893915848,721.9293901372189,321.29096692678286,15.238519927326331,15.163220298043145,14.571873986413394,0.0752996292831866,0.591346311629751,0.015299629283186608,14.977220298043145,6.727220298043145,0.7019525458820162
122.3996280619535,-48.76041613076912,460.43974474258704,323.46506797334837,14.646759762671891,13.697572330539137,13.34089857103561,0.9491874321327548,0.3566737595035274,0.8891874321327549,13.511572330539137,5.261572330539137,0.8946247847577061
122.60259683722352,-48.69906642789784,236.87518653505944,326.39907855051155,14.792267107819749,14.136763029002148,13.782071865076638,0.6555040788176001,0.3546911639255103,0.5955040788176,13.950763029002148,5.7007630290021485,0.7899345975141016
122.53824047979032,-48.72250458533553,310.37868354187435,330.8607252999776,11.446431438143964,10.742092136907406,10.434220970199824,0.7043393012365584,0.3078711667075815,0.6443393012365584,10.556092136907406,2.306092136907406,1.9469539315462971
122.52241503150772,-48.72366880047661,325.4563050292991,325.6595204272726,15.61353768862526,15.029709018813234,14.645218370596616,0.5838286698120267,0.3844906482166177,0.5238286698120267,14.843709018813234,6.593709018813234,0.7133963698160085
122.78256834706578,-48.64273229824616,37.20060298487186,326.93257493209774,15.465080813651207,14.926676553975996,14.655354462299648,0.538404259675211,0.2713220916763479,0.478404259675211,14.740676553975996,6.490676553975996,0.7222277239449146
122.50477435499369,-48.73006703342261,345.5813525508446,326.8636313822352,16.11613748493437,15.65906630644758,15.012820655158768,0.4570711784867907,0.6462456512888117,0.3970711784867907,15.47306630644758,7.2230663064475795,0.6590607727602151
122.34966794079187,-48.77954635155183,518.0469736766582,328.38340175088587,14.61038041875093,13.367298757504232,12.772021004442369,1.2430816612466984,0.5952777530618629,1.1830816612466983,13.181298757504232,4.931298757504232,0.9734400692319448
121.96518708437476,-48.896697097717464,941.45560024164,326.3625463173924,16.851179438095485,16.203266043141756,15.967127561010738,0.6479133949537292,0.2361384821310181,0.5879133949537292,16.017266043141756,7.767266043141756,0.6106874628318439
122.38070720345436,-48.77037047996848,484.0149748397745,329.04266999515306,14.366731041274749,13.22152983840602,12.533840385948928,1.1452012028687282,0.6876894524570929,1.0852012028687281,13.03552983840602,4.7855298384060205,1.014362567330825
122.25382962482102,-48.81056491636076,624.832066756133,330.14205075642735,14.020260132472195,13.263235696639514,12.873087551721676,0.7570244358326814,0.3901481449178376,0.6970244358326814,13.077235696639514,4.827235696639514,0.9982732996655705
122.68635493891956,-48.677323504555225,146.89381955149503,332.710937743045,14.270642730781926,13.107773518901372,12.334603865897783,1.1628692118805546,0.7731696530035883,1.1028692118805545,12.921773518901372,4.671773518901372,1.06234908548065
122.42552784049153,-48.75674430211885,434.62061210309395,329.5067235194649,15.362490112986956,14.398680939377131,13.742723498002135,0.9638091736098248,0.655957441374996,0.9038091736098248,14.212680939377131,5.962680939377131,0.7674844909105316
121.88322253615748,-48.92480531598543,1033.6250922286788,330.5720775792179,14.814511155369525,14.188527124625097,13.834770420516872,0.6259840307444282,0.3537567041082248,0.5659840307444282,14.002527124625097,5.752527124625097,0.7854976750321346
122.4497386786306,-48.749257583855666,407.8529772206632,329.5982756344608,15.24604335114869,14.758478225626328,13.948980303598692,0.4875651255223623,0.8094979220276368,0.4275651255223623,14.572478225626329,6.3224782256263286,0.7366447235177433
122.36459924710032,-48.776883264138505,502.81086861115904,331.10301602642767,13.92282109326096,13.185029377127035,12.847932717836866,0.7377917161339251,0.3370966592901698,0.6777917161339251,12.999029377127036,4.7490293771270355,1.0295710928637354
122.73019813632104,-48.66177031212191,97.0533100306171,330.3443630338297,16.028666902867982,15.087444641174192,14.694103316481474,0.94122226169379,0.3933413246927184,0.8812222616937899,14.901444641174193,6.6514446411741925,0.7084476021850692
122.70415751876811,-48.67163330370834,127.06645055434272,332.6025550284705,13.710589909741229,12.592182736617149,11.966727624780294,1.11840717312408,0.625455111836855,1.0584071731240798,12.406182736617149,4.156182736617149,1.2879200527299974
122.49867254515252,-48.735651283697514,354.7339731155461,331.90696524984673,15.44895730988704,14.343164892533212,13.818595390846344,1.105792417353829,0.5245695016868677,1.0457924173538289,14.157164892533212,5.907164892533212,0.7722430092114391
122.6115713583431,-48.69966634197698,229.1458894675279,331.0868091512746,14.388542859219342,13.376393229688253,12.884058585734238,1.0121496295310894,0.492334643954015,0.9521496295310894,13.190393229688253,4.940393229688253,0.9712697974607579
122.44477235411166,-48.75744206266737,417.66076016821506,338.704540854645,10.628052080718817,9.893853188156,9.626800042320172,0.7341988925628176,0.2670531458358276,0.6741988925628175,9.707853188156,1.4578531881559993,2.6072110278723644
122.6198370391364,-48.70153426262869,222.8858408806489,337.20848322083697,13.694846699582126,12.684152067459769,12.148762372381196,1.010694632122357,0.5353896950785728,0.950694632122357,12.498152067459769,4.248152067459769,1.2476834704863513
122.0078543264328,-48.89095913134275,899.1635405070003,336.4595670464248,16.86571425901383,15.648197674537249,15.691576968349231,1.2175165844765825,-0.0433792938119825,1.1575165844765825,15.462197674537249,7.212197674537249,0.6600268733744667
122.80320983187934,-48.64526204375272,20.18351270523684,339.34169265796754,15.434011923608889,14.176419158397657,13.501259971426707,1.257592765211232,0.6751591869709497,1.197592765211232,13.990419158397657,5.740419158397657,0.7865355007087723
122.58468827626832,-48.71725360465882,264.9350902222576,343.6299152239497,13.4988535446377,12.854076142067202,12.501840897529592,0.6447774025704991,0.35223524453761,0.584777402570499,12.668076142067202,4.418076142067202,1.1733416878455993
122.19144078375072,-48.83559482228663,697.4373311174714,338.02257613180325,15.28418849089982,14.534070134451497,14.03174601278268,0.7501183564483238,0.502324121668817,0.6901183564483238,14.348070134451497,6.098070134451497,0.7558797027613003
122.3499140030935,-48.789818506410604,524.4760349348389,342.5962155791598,13.08672456527666,12.238909182059272,11.728785068738572,0.8478153832173874,0.5101241133206997,0.7878153832173873,12.052909182059272,3.802909182059272,1.4215757373201616
121.95389084249445,-48.913061735768615,962.1602305034766,344.1337297733814,11.7377863947017,11.022671877082718,10.646380665333703,0.7151145176189821,0.3762912117490149,0.6551145176189821,10.836671877082718,2.5866718770827184,1.806664061458641
121.93002390052452,-48.91719763819019,986.4048487246406,339.77914492119316,15.289506229366648,14.21648747385076,13.563594224119566,1.0730187555158874,0.6528932497311946,1.0130187555158874,14.03048747385076,5.78048747385076,0.7831010736699349
122.73821159486432,-48.67023438361571,95.34298525692968,345.40594720198743,15.87365163410183,14.889797650153442,14.290404305421246,0.9838539839483876,0.5993933447321957,0.9238539839483877,14.703797650153442,6.453797650153442,0.7253887728439907
122.56674632051936,-48.72487738541794,286.13382370739794,346.3680625899153,13.769506802587507,12.920205314780707,12.418988040413792,0.8493014878067999,0.5012172743669154,0.7893014878067999,12.734205314780707,4.4842053147807075,1.1444101747834405
122.38731824206062,-48.78117283640061,485.0351192699906,346.7010501125271,13.548495265257946,12.853144758502896,12.48621368647783,0.6953505067550498,0.366931072025066,0.6353505067550498,12.667144758502896,4.4171447585028965,1.1737491681549828
122.17320735800924,-48.84843075425839,722.207735674362,347.93018804273225,13.30079117224464,12.63738000432054,12.281032458284573,0.6634111679240995,0.3563475460359679,0.6034111679240994,12.45138000432054,4.201380004320541,1.2681462481097634
122.15649427566014,-48.85200177468206,739.6291450851903,345.75035760448424,16.78438854382718,16.506992265958523,16.621995572392418,0.2773962778686574,-0.1150033064338948,0.2173962778686574,16.320992265958523,8.070992265958523,0.5836895763592425
122.2263157754644,-48.83191004724204,663.5067558098692,347.77491312420943,14.66892419989971,13.84781197236348,13.52021384098168,0.8211122275362293,0.3275981313817997,0.7611122275362292,13.66181197236348,5.4118119723634805,0.858772142958715
122.4599468210286,-48.75936813003773,405.1833249400892,347.8482659576862,16.13843228185817,15.270591223917677,14.736883548746915,0.8678410579404918,0.5337076751707617,0.8078410579404918,15.084591223917677,6.834591223917677,0.6927493236641992
122.3652173062668,-48.793045919794,512.7221823424592,353.562609506856,12.941447511099875,11.791405388887789,11.145949797267756,1.150042122212087,0.6454555916200331,1.0900421222120869,11.605405388887789,3.355405388887789,1.5210210246916025
122.326387389608,-48.8036916758664,554.7405849524146,351.6121625695846,13.007778161529034,11.832351455356452,11.192552617070492,1.1754267061725816,0.6397988382859605,1.1154267061725816,11.646351455356452,3.396351455356452,1.5119218988096772
122.8030835396234,-48.65400210827616,26.02867013406731,351.2559556153359,14.423190387373465,13.585334635875627,12.959622385526483,0.8378557514978375,0.6257122503491441,0.7778557514978375,13.399334635875627,5.149334635875627,0.9214087800751345
122.39711971732687,-48.78102357616032,476.07157551458874,350.6859098920935,14.348678955377286,13.48421681358228,13.112724225087588,0.8644621417950056,0.3714925884946929,0.8044621417950055,13.29821681358228,5.048216813582281,0.9455391694860468
121.99332172443908,-48.90491127221056,921.2603006782296,349.5327150050021,14.878836033243076,13.951621282437864,13.277478981966826,0.9272147508052112,0.6741423004710381,0.8672147508052113,13.765621282437865,5.5156212824378645,0.8339994666909643
122.63535456415902,-48.709826400512355,214.2595434144336,355.2627044563061,14.47479700271051,13.329001667893726,12.64731540970158,1.1457953348167838,0.6816862581921459,1.0857953348167837,13.143001667893726,4.893001667893726,0.9825791474344518
122.38661662924912,-48.78741390897481,489.7153792159463,354.97063303102937,12.965410489425256,12.119076958746714,11.692455279816585,0.8463335306785424,0.4266216789301289,0.7863335306785424,11.933076958746714,3.683076958746714,1.448205120278508
122.37381541527364,-48.78998099318343,502.958700620374,353.02612745632194,14.72471240730652,13.490597624634391,13.061925790909823,1.234114782672128,0.4286718337245681,1.1741147826721279,13.304597624634392,5.0545976246343916,0.9440164759395203
122.71333317530475,-48.68556047668917,127.87443174438856,355.65075809827516,13.841043104602567,13.06258397077723,12.74057817997131,0.7784591338253382,0.3220057908059193,0.7184591338253381,12.87658397077723,4.626583970777229,1.0821195127849623
121.98900665921386,-48.91009319238559,928.486369116267,354.8461061757213,13.871340514843489,12.812964067328544,12.155934488036644,1.058376447514945,0.6570295792918994,0.998376447514945,12.626964067328544,4.376964067328544,1.191328220543762
122.49179301450847,-48.75546698627869,373.84116056827105,356.14547920712823,13.927652087826427,13.08145603340408,12.602703230003224,0.8461960544223466,0.478752803400857,0.7861960544223465,12.89545603340408,4.645456033404081,1.073862985385715
122.76760436113724,-48.66812887067295,67.37761469929208,355.23819008317633,16.51488878401463,15.758622398439654,14.919876369074627,0.7562663855749765,0.8387460293650264,0.6962663855749764,15.572622398439654,7.322622398439654,0.6502113423609197
122.22991036583352,-48.83844080592186,664.4696667149603,358.2791804539192,13.878109536025567,12.989280076632772,12.444438065992388,0.8888294593927952,0.5448420106403837,0.8288294593927952,12.803280076632772,4.553280076632772,1.1141899664731623
122.7727625367986,-48.66701310815335,61.98130600082403,355.9426529334592,16.39422460316211,15.562493849203396,15.10087728463322,0.8317307539587162,0.4616165645701748,0.7717307539587162,15.376493849203396,7.126493849203396,0.6676449911819204
122.45484023699932,-48.768447843841166,415.69968900101816,358.1222430944784,15.66191157451445,14.759584347030252,14.256341626988828,0.9023272274841982,0.503242720041424,0.8423272274841982,14.573584347030252,6.323584347030252,0.7365499131116927
122.30759349865858,-48.814425760993615,578.6856134633289,358.34466032218205,15.613211144488265,14.63013193808773,13.967475581003868,0.983079206400534,0.6626563570838631,0.923079206400534,14.44413193808773,6.194131938087731,0.7476458338781945
122.39591452307126,-48.78682691054707,480.9245702859706,358.1386031206282,14.316096141079328,13.336707553355868,12.844779636661713,0.9793885877234594,0.4919279166941557,0.9193885877234593,13.150707553355868,4.900707553355868,0.9807402429491678
121.85922600128,-48.95228919724926,1072.899510078405,358.35378197144615,16.969394281900396,16.266050091050715,14.928293504932856,0.7033441908496805,1.3377565861178589,0.6433441908496804,16.080050091050715,7.830050091050715,0.6051066585732697
122.41208626865702,-48.78356909283622,464.18455562583665,360.5803768985663,17.18488299679867,16.54026507164136,15.23663132973617,0.6446179251573092,1.303633741905191,0.5846179251573091,16.35426507164136,8.104265071641361,0.580731993631879
122.00602137546916,-48.91145531693923,913.9677289779588,363.89696060959307,11.8103494632509,11.222294136894938,10.96014675100143,0.5880553263559616,0.2621473858935079,0.5280553263559615,11.036294136894938,2.786294136894938,1.7068529315525311
122.39053307400852,-48.793176936033376,489.9088526476661,364.5572536971966,15.114880747024042,14.155512125874582,13.502404312281728,0.9593686211494604,0.6531078135928539,0.8993686211494605,13.969512125874582,5.719512125874582,0.7883275320678931
122.65105794105934,-48.713593648918696,202.51663120132233,367.194996586663,14.810361876386148,13.849611781275964,13.259919007133895,0.9607500951101836,0.589692774142069,0.9007500951101837,13.663611781275964,5.413611781275964,0.8583426431045995
122.20276082037256,-48.86029501504814,703.1241471608918,376.7852946359458,10.118498408542308,9.507526486505313,9.323063155757218,0.6109719220369954,0.1844633307480947,0.5509719220369953,9.321526486505313,1.071526486505313,2.951252324290437
122.78047967212574,-48.673040493872485,58.95143298340636,367.53899367063815,15.323177830792744,14.18881611996341,13.500030870659248,1.1343617108293331,0.6887852493041624,1.074361710829333,14.002816119963411,5.752816119963411,0.7854729040031363
122.1047572865685,-48.88606575489269,808.3540249306795,370.6801047475868,11.327321280245137,10.659188312101572,10.375888864792076,0.6681329681435653,0.2832994473094956,0.6081329681435652,10.473188312101572,2.2231883121015716,1.9884058439492143
122.61851409211216,-48.727394822921795,240.95378472398085,372.0946484335775,12.692309943662565,11.641285289560477,11.058200958059636,1.051024654102088,0.5830843315008405,0.991024654102088,11.455285289560477,3.205285289560477,1.5543810467643384
122.41122784023302,-48.78963228216756,468.8939072233416,368.5371443221029,15.86403558483909,14.86989781066818,14.542375376168106,0.9941377741709108,0.3275224345000733,0.9341377741709107,14.68389781066818,6.43389781066818,0.727094473371299
122.28604219073053,-48.831159750025485,608.9978030319655,372.15407268102376,15.797888103757131,14.62018302467482,14.393039475704128,1.1777050790823118,0.227143548970691,1.1177050790823118,14.43418302467482,6.1841830246748195,0.7484985978850155
122.5337950738816,-48.75574123205321,336.03348845943316,374.5444128370153,14.768344181285254,13.921072518023584,13.262107271114877,0.8472716632616706,0.6589652469087071,0.7872716632616705,13.735072518023584,5.485072518023584,0.8412895127443721
122.23744893904974,-48.84571756933155,662.3480977587199,371.4849961137461,15.374492754224846,14.73637235183488,14.082335794793032,0.6381204023899656,0.6540365570418487,0.5781204023899655,14.55037235183488,6.300372351834881,0.7385395126998674
122.60628738779144,-48.7322862821054,255.2005329048334,373.5380409776194,16.447287067191933,15.494444642248448,14.927692323158976,0.9528424249434851,0.5667523190894723,0.8928424249434852,15.308444642248448,7.058444642248448,0.6735618878072759
122.01687897220926,-48.91516695675088,906.527878694426,373.5861631371196,15.090789274747614,14.341972712893906,14.135965105256483,0.7488165618537082,0.2060076076374226,0.6888165618537081,14.155972712893906,5.905972712893906,0.7723451960376653
122.69639844244855,-48.70383978610853,155.1429729553414,373.38536765053914,15.868393857139065,15.871065876101566,15.147969988053765,-0.0026720189625013,0.7230958880478013,-0.0626720189625013,15.685065876101566,7.435065876101566,0.6402163665687497
122.56351630814083,-48.747532045843535,303.81293699456444,376.0507533366549,12.767584601290771,11.758995473478722,11.211574887484735,1.0085891278120496,0.5474205859939865,0.9485891278120495,11.572995473478722,3.3229954734787217,1.5282232281158397
122.57485044380913,-48.745155852512944,292.01629054189993,377.6635776717891,14.40557121186539,13.445493581755835,12.87003494910826,0.960077630109554,0.5754586326475746,0.9000776301095541,13.259493581755835,5.0094935817558355,0.9547799407173575
122.30660130842551,-48.82869546513218,588.8123551625804,377.5251031779972,13.941872951482123,12.945824156397432,12.477575321964654,0.9960487950846916,0.468248834432778,0.9360487950846916,12.759824156397432,4.509824156397432,1.1332019315761237
122.0934488212242,-48.89356632572186,823.4046647214417,376.213047191461,15.097540548832605,13.859161258235105,13.279059995539638,1.2383792905975,0.5801012626954662,1.1783792905975,13.673161258235105,5.423161258235105,0.856063790648441
121.98041389812384,-48.92895051152455,948.3461414321062,377.18276677802606,15.349475576554788,14.47854600799357,13.836619104232078,0.870929568561218,0.6419269037614921,0.8109295685612179,14.29254600799357,6.04254600799357,0.7606389136005511
122.73608767411982,-48.69372823523585,112.64103484472976,376.674546070546,16.733900604176807,15.68786052457535,14.96736173955204,1.0460400796014555,0.7204987850233113,0.9860400796014555,15.501860524575351,7.251860524575351,0.6565012867044132
122.39303683693085,-48.801724632129776,493.1861161098924,377.3633608234317,14.957039192320217,13.984191512259857,13.431360222660626,0.9728476800603598,0.5528312895992311,0.9128476800603598,13.798191512259857,5.548191512259857,0.8262270254834433
122.54784505685556,-48.75530848383786,323.0474695073738,379.98409590931345,16.188985008147544,15.455834162041072,15.538644580943773,0.7331508461064722,-0.0828104189027012,0.6731508461064721,15.269834162041072,7.019834162041072,0.6768713575393367
122.54894988430516,-48.75874740919227,324.28771144551035,385.1756308499283,15.896209524266718,15.1864006817906,14.73102854241421,0.709808842476118,0.4553721393763901,0.6498088424761179,15.0004006817906,6.7504006817906,0.69996565584652
122.17272784126376,-48.87720941254165,741.1855186436052,387.2956660606822,15.594173607858377,14.373838732498074,13.709965761348585,1.2203348753603027,0.6638729711494893,1.1603348753603027,14.187838732498074,5.937838732498074,0.7696138229287366
122.05891125348072,-48.918718074483,870.7985008319248,396.2173507926579,12.238755499544594,11.150454047885114,10.569378281212416,1.0883014516594791,0.5810757666726989,1.028301451659479,10.964454047885114,2.7144540478851145,1.7427729760574429
122.04681516876433,-48.91550253939176,879.6705953944737,386.6842301142101,14.51429263095367,13.695206133511771,13.126206305033149,0.8190864974418997,0.5689998284786224,0.7590864974418996,13.509206133511771,5.259206133511771,0.8951894454119638
122.2759667313026,-48.847390109741696,628.5983970420218,390.165708156596,14.3314179128385,13.22978471140915,12.725948496259203,1.1016332014293493,0.5038362151499474,1.0416332014293492,13.04378471140915,4.793784711409151,1.010923036912854
122.11095340512054,-48.89929776273345,811.2616678726461,391.5029295398612,14.290258612690074,13.142673019579648,12.5810363291252,1.147585593110426,0.5616366904544492,1.087585593110426,12.956673019579648,4.7066730195796485,1.0472195751751465
122.4854094967526,-48.78367869916429,397.9526165088874,392.12048458071973,13.55115739567457,12.482623307297043,11.866581472354914,1.0685340883775272,0.6160418349421288,1.0085340883775271,12.296623307297043,4.046623307297043,1.3358523030575435
122.44318337511314,-48.79551999870587,443.8197654218289,390.2889532774393,14.423343790499755,13.495793199719945,13.052793873722942,0.927550590779811,0.4429993259970022,0.8675505907798109,13.309793199719945,5.059793199719945,0.9427766227941042
122.71901759057396,-48.710539501970835,139.07429649889283,392.3322722240707,14.50565733718329,13.717291327584183,13.193810068229588,0.7883660095991072,0.523481259354595,0.7283660095991071,13.531291327584183,5.281291327584183,0.88991911500832
122.65399017410714,-48.73141453608125,211.5024390977292,392.88672817507586,15.389510894872789,14.382182120877411,14.063107878559272,1.0073287739953771,0.3190742423181394,0.9473287739953771,14.196182120877411,5.9461821208774115,0.7688986753533648
122.45955855002164,-48.79162019049787,426.483114368329,391.9457348144903,15.12805185921526,14.57500221100641,14.042339271656356,0.5530496482088498,0.5326629393500539,0.49304964820884983,14.38900221100641,6.13900221100641,0.7523712390565934
122.45348918754668,-48.79535310226832,434.3944536388691,394.47067948346063,15.203372096168522,14.32602361781501,13.841522627756875,0.877348478353511,0.4845009900581356,0.817348478353511,14.140023617815011,5.890023617815011,0.7737122613301419
121.9972961468782,-48.93650072037765,937.9198804364012,394.69109477829846,15.153689366827638,14.02323307305356,13.12275001094044,1.1304562937740776,0.9004830621131212,1.0704562937740776,13.83723307305356,5.587233073053561,0.8169102893849458
121.95061295641426,-48.950276030708494,988.9571125610918,393.9928156795883,16.282465587909932,15.937632258785165,15.719591198784125,0.3448333291247678,0.21804106000104,0.2848333291247678,15.751632258785165,7.501632258785165,0.634299354774652
121.9242490191554,-48.962131672242734,1020.383748405425,399.22792405076154,12.760515431058607,11.82165428035074,11.322519953752678,0.9388611507078668,0.4991343265980621,0.8788611507078667,11.63565428035074,3.3856542803507406,1.5142990488109465
122.77191538139633,-48.6967052783267,82.20024190603849,396.24546463343626,14.346714751976918,13.19936130264893,12.480150991579684,1.1473534493279889,0.7192103110692454,1.0873534493279888,13.01336130264893,4.76336130264893,1.0235994572296128
122.3361899475498,-48.83376814086023,565.3420040185636,397.10388997776846,14.986124347299668,13.754145410510915,13.294889776385489,1.231978936788753,0.4592556341254266,1.171978936788753,13.568145410510915,5.318145410510915,0.8811243906735317
122.18523785139529,-48.88312004762375,733.6843927027625,400.7278523294308,11.05025182047586,10.369403928115718,10.073672331207105,0.6808478923601431,0.2957315969086131,0.620847892360143,10.183403928115718,1.9334039281157178,2.218124058814413
122.51123348788646,-48.781581502659314,373.244499990255,400.31327712802903,15.85501666994086,14.725983121485124,14.067690036151683,1.1290335484557357,0.6582930853334403,1.0690335484557356,14.539983121485124,6.289983121485124,0.739430018158418
122.46422096476348,-48.7949745754495,424.44717333975234,398.54561731278454,15.288365322837487,14.832845054498131,14.256245232473134,0.455520268339356,0.5765998220249973,0.395520268339356,14.646845054498131,6.396845054498131,0.7302704239001602
121.87523295491285,-48.978279868734845,1075.027148604633,400.87793085530336,14.859455409018558,14.116966323778632,13.553378203443671,0.7424890852399262,0.5635881203349609,0.6824890852399261,13.930966323778632,5.680966323778632,0.7945421272800992
122.47713507557336,-48.79325621170421,411.65712900933113,401.7180764938572,12.962666818433458,12.27765584382954,11.924693226394623,0.6850109746039177,0.3529626174349172,0.6250109746039176,12.09165584382954,3.8416558438295407,1.4129653680378798
122.25990816842068,-48.86018136853892,651.3804867613657,400.91117783233375,14.53575217371036,13.557370542721424,12.892095042174107,0.9783816309889364,0.6652755005473168,0.9183816309889363,13.371370542721424,5.121370542721424,0.928082029577842
122.33001259103082,-48.839117790856264,574.3888399844121,401.8184558333878,14.3583024762953,13.435834879864151,13.030074007884018,0.9224675964311492,0.4057608719801333,0.8624675964311492,13.249834879864151,4.999834879864151,0.9570848582142367
122.7653209480186,-48.707413073184874,95.17515733491118,408.0599199120962,14.835893444646135,13.913589169163254,13.284300846955148,0.9223042754828814,0.6292883222081063,0.8623042754828814,13.727589169163254,5.477589169163254,0.8430753119042236
122.55265380514568,-48.77221483476277,329.7090113867461,405.2386165637237,15.861743285969292,15.960597291132052,15.249172080068846,-0.0988540051627602,0.7114252110632062,-0.15885400516276021,15.774597291132052,7.524597291132052,0.6322580185660399
122.30362921389286,-48.851590368363645,606.3066594592682,407.7117453230194,14.62520419798924,13.462559829676,12.875491608489057,1.1626443683132397,0.5870682211869429,1.1026443683132396,13.276559829676,5.026559829676,0.9507073133727729
122.088250218455,-48.91757677172575,843.5412928248112,407.04475912631943,14.376136079163524,13.453651788620457,12.764650640114724,0.9224842905430676,0.6890011485057332,0.8624842905430676,13.267651788620457,5.017651788620457,0.9528330958973911
122.0066421306086,-48.941997469799425,932.9953102348452,406.1967896111069,16.008583812149396,15.613349942712132,15.37265856462282,0.3952338694372646,0.2406913780893109,0.3352338694372646,15.427349942712132,7.177349942712132,0.6631244495366994
122.72472618117324,-48.720819520654835,140.64012520399297,408.8826816675748,15.445149675371235,14.208447869985736,13.742603094362552,1.2367018053854988,0.465844775623184,1.1767018053854987,14.022447869985736,5.7724478699857364,0.7837901825726512
122.74461405420868,-48.71672390198077,119.98607368264464,411.8629962221413,12.66202025665131,11.737047747095543,11.2187436981645,0.9249725095557668,0.5183040489310429,0.8649725095557668,11.551047747095543,3.3010477470955433,1.5331005006454348
122.679617358022,-48.73513208647768,190.76700965049827,409.0293300159811,15.916636765568368,14.87665686442287,14.243012469231074,1.0399799011454984,0.633644395191796,0.9799799011454984,14.69065686442287,6.44065686442287,0.7265151259066112
122.57954105584218,-48.765939732525034,301.31964656968205,408.1828430562349,16.700089018551434,15.537581077517524,15.104728649494536,1.16250794103391,0.4328524280229882,1.10250794103391,15.351581077517524,7.101581077517524,0.6698594597762201
122.35715158243684,-48.844270710779526,553.1960102704141,420.46689258860937,11.31464863264882,10.476519373107651,10.06503896467784,0.8381292595411693,0.4114804084298118,0.7781292595411693,10.290519373107651,2.040519373107651,2.130484149275558
122.6938989235412,-48.73533622206728,177.99376848875636,415.46858794396786,14.12867269911791,13.037192956488957,12.413680325408414,1.0914797426289535,0.6235126310805423,1.0314797426289535,12.851192956488957,4.601192956488957,1.0932280815360815
122.60903459955034,-48.760874733892145,271.3622643886601,413.91874236909774,15.336157786843522,14.189835850117037,13.497478139795364,1.1463219367264852,0.6923577103216729,1.0863219367264851,14.003835850117037,5.753835850117037,0.7853854985613969
122.2932334636998,-48.86100661213773,621.7915364181703,416.2224845996474,13.143774214959452,12.325971000098123,11.877735984883262,0.8178032148613283,0.4482350152148608,0.7578032148613283,12.139971000098123,3.8899710000981234,1.4022286666448613
122.10237188209584,-48.917504839295304,830.7300472817429,412.91675974758664,16.095579548370115,15.26026950985602,14.4346032165929,0.8353100385140948,0.8256662932631205,0.7753100385140947,15.07426950985602,6.82426950985602,0.6936340420123411
122.3827826895787,-48.83324448785354,522.8883525192927,416.26237647416656,13.833362671662204,12.63550769761823,11.98736992201396,1.197854974043974,0.6481377756042708,1.1378549740439738,12.44950769761823,4.19950769761823,1.2689653822920242
122.6198779331081,-48.76036926385895,261.2334531636201,417.8907976481101,13.54843219127947,12.62824364216169,12.038139489852227,0.92018854911778,0.590104152309463,0.8601885491177801,12.44224364216169,4.19224364216169,1.2721434065542605
122.03434505824752,-48.942488094826295,908.2686811025682,418.5553987252169,13.75920862739278,12.991389922881996,12.5082742249482,0.767818704510784,0.4831156979337958,0.707818704510784,12.805389922881997,4.5553899228819965,1.1132669087391267
121.98126268508982,-48.9571665385082,965.6628298052816,416.38298967935174,15.683214439246129,14.69469434087562,13.972464097606666,0.9885200983705094,0.7222302432689531,0.9285200983705093,14.50869434087562,6.2586943408756195,0.7421119136392327
122.5818227626896,-48.77243025226855,303.48750722141193,418.0643190702978,15.309782320238352,14.201397737913702,13.477650351379427,1.10838458232465,0.7237473865342743,1.04838458232465,14.015397737913702,5.765397737913702,0.784394479607397
122.08163630155715,-48.92770500515887,856.0299521460419,418.18279270430975,15.505823296797336,15.384691414220129,14.666264816320158,0.1211318825772078,0.7184265978999704,0.06113188257720781,15.198691414220129,6.948691414220129,0.6829693073525605
122.46604591234752,-48.812264456773455,434.02982071241786,423.055164370764,14.410410457759813,13.554793947094804,13.049079099199393,0.8556165106650084,0.5057148478954119,0.7956165106650084,13.368793947094805,5.1187939470948045,0.9286968989887399
122.37387654031802,-48.83935349516443,534.8961101291579,420.8495641638184,15.970469642259912,15.194273887421234,14.618540993122457,0.7761957548386782,0.5757328942987776,0.7161957548386781,15.008273887421234,6.758273887421234,0.6992908096496085
122.09766056215902,-48.926508384352694,840.7780922208455,423.30965958831706,17.704577888048394,16.62746138253782,15.797927991341938,1.077116505510574,0.8295333911958824,1.017116505510574,16.44146138253782,8.19146138253782,0.5729812104410826
122.56322423838772,-48.78307837519972,327.2317040500267,424.6778442672388,13.889866676801184,13.337226228139937,13.036063004764944,0.5526404486612471,0.3011632233749921,0.49264044866124707,13.151226228139937,4.901226228139937,0.9806164682847879
122.2677055335299,-48.881078771134256,657.8333127106346,432.9424497841805,10.127762483745697,9.596787050649054,9.466920679770556,0.5309754330966427,0.1298663708784975,0.47097543309664275,9.410787050649054,1.1607870506490539,2.850265140378047
122.1623571822393,-48.90903828775776,771.0666120984977,426.6639366346715,13.749891213604116,12.576931241943372,11.91252521510912,1.1729599716607435,0.6644060268342518,1.1129599716607435,12.390931241943372,4.140931241943372,1.2945925816497745
122.31214407434976,-48.86419839761692,606.7662702154063,428.65778477462186,15.09098498214233,13.998538445815107,13.699797974487256,1.092446536327223,0.2987404713278518,1.032446536327223,13.812538445815107,5.5625384458151075,0.8228033254304858
122.67868013391715,-48.74946569015828,200.9806697992408,428.269556298459,16.735964057974293,16.261442489623608,15.426001537815496,0.4745215683506849,0.8354409518081116,0.4145215683506849,16.075442489623608,7.825442489623608,0.6055162231445682
122.56728179148172,-48.78742781194138,326.39890279770407,432.3855667755835,13.539857561511994,12.93281190739348,12.638958071027025,0.6070456541185134,0.2938538363664555,0.5470456541185134,12.74681190739348,4.4968119073934805,1.1388947905153524
122.08057211159095,-48.936474380437765,862.6280063774756,429.79749355045544,15.384208731548645,14.701566308587804,13.84698250760735,0.682642422960841,0.8545838009804534,0.6226424229608409,14.515566308587804,6.265566308587804,0.7415228878353312
122.85032868707611,-48.69751693631381,11.871570048254076,431.3155170804836,14.346321567858269,13.611438346280586,13.304907411058048,0.7348832215776824,0.306530935222538,0.6748832215776823,13.425438346280586,5.175438346280586,0.9151794855466784
122.37613279529523,-48.84634065853213,537.3850628206394,431.4068839179871,15.050010325986444,14.16420967937565,13.62776255636232,0.885800646610793,0.5364471230133301,0.825800646610793,13.97820967937565,5.7282096793756505,0.7875820274820872
121.99769683768876,-48.96212731306239,953.9899288275658,430.13417899565326,16.979207143069697,16.304457057158583,16.03247320103355,0.6747500859111142,0.2719838561250327,0.6147500859111141,16.118457057158583,7.868457057158583,0.6016927060303482
122.03101013014737,-48.957777047389534,921.0957713874628,438.1887468859721,13.74416555229957,12.936843335243491,12.547153439885046,0.807322217056079,0.3896898953584458,0.7473222170560789,12.750843335243491,4.500843335243491,1.1371310408309727
122.61030284851849,-48.776466159807725,280.38552771021665,435.8418198503491,16.54381132962217,15.490392302437586,14.35205413635359,1.0534190271845834,1.1383381660839955,0.9934190271845833,15.304392302437586,7.054392302437586,0.6739092312196355
122.42569879395656,-48.83513412150795,485.3345024051444,437.1877750130411,16.65367730363567,15.834369332030596,15.16230325083028,0.8193079716050757,0.672066081200315,0.7593079716050757,15.648369332030596,7.398369332030596,0.6434782815972804
122.2959847821986,-48.87872990509776,630.7646825679732,441.742771142156,14.211601747029958,13.38314922092193,12.939822864367622,0.8284525261080287,0.4433263565543068,0.7684525261080286,13.19714922092193,4.947149220921929,0.9696575722799943
122.67624093618215,-48.76034790367064,210.29532131018135,442.13251471925224,14.72717336274892,13.94809167586237,13.569113474471388,0.7790816868865491,0.3789782013909821,0.719081686886549,13.76209167586237,5.51209167586237,0.8348417591692071
122.02381997868537,-48.96278539840863,930.806673123776,442.04947184665025,15.67709559799841,14.522944502151288,13.86438631394448,1.154151095847121,0.6585581882068077,1.094151095847121,14.336944502151288,6.0869445021512885,0.7568333283870324
121.91618694214353,-48.994531306383195,1048.4010616360806,440.4587892951404,16.236406586855598,15.317542583119833,14.512773172651382,0.9188640037357648,0.8047694104684506,0.8588640037357649,15.131542583119833,6.881542583119833,0.6887249214468715
122.44905092323786,-48.83361983556384,463.2549911170083,445.09276562486946,12.288295713451896,11.512419830661289,11.142974113649547,0.7758758827906078,0.3694457170117413,0.7158758827906078,11.326419830661289,3.0764198306612887,1.5830178154086025
122.16119571988642,-48.92146410524043,780.1205104690771,443.2577934188996,15.575683894992242,14.319333575221096,13.738672041992317,1.256350319771146,0.5806615332287794,1.196350319771146,14.133333575221096,5.883333575221096,0.7742856935524776
122.5826157284797,-48.79704444369148,318.81313878898436,452.1597053455112,11.805781591459445,10.709106425946253,10.105467441856844,1.096675165513192,0.6036389840894092,1.036675165513192,10.523106425946253,2.273106425946253,1.9634467870268737
122.47912230684965,-48.82305058655598,429.2237255894672,443.45478010459794,16.819729420853836,16.5673236632194,15.11435044870672,0.2524057576344347,1.4529732145126817,0.19240575763443468,16.3813236632194,8.131323663219401,0.5783267854916088
122.54471986795603,-48.80546299400443,358.5269682128858,447.43795030502446,14.211590842292516,13.0881360817065,12.531156812444388,1.123454760586016,0.5569792692621114,1.0634547605860158,12.9021360817065,4.6521360817065,1.0709404642534064
122.41552937389748,-48.845009716899995,500.9292305268383,446.3994788915282,15.0424118220028,14.020980855133836,13.350651305453102,1.021430966868964,0.6703295496807335,0.961430966868964,13.834980855133836,5.584980855133836,0.8174477504794256
122.26568090627929,-48.892096276873005,666.7805361048721,447.22109047814087,15.642515155478977,14.88699246292361,14.222235551401488,0.7555226925553669,0.6647569115221224,0.6955226925553668,14.70099246292361,6.45099246292361,0.7256292174636906
122.05457838744876,-48.957135709401335,899.389606316393,447.2487898980306,16.022056534183417,15.399949982109137,14.912850068869677,0.6221065520742801,0.4870999132394598,0.5621065520742801,15.213949982109137,6.963949982109137,0.6816614301049312
122.51642597813482,-48.81682035406141,391.4757630021051,450.8853524897239,15.82829728144564,15.162143692229831,14.213261536568952,0.6661535892158081,0.9488821556608792,0.6061535892158081,14.976143692229831,6.726143692229831,0.7020448263803002
122.73095317731564,-48.75022126630583,154.25341549821553,451.85399995922967,14.948295758318572,14.208536880723678,13.68572209185766,0.7397588775948947,0.5228147888660182,0.6797588775948946,14.022536880723678,5.772536880723678,0.7837825530808277
121.90678202520752,-49.006170671998376,1064.3440653362204,452.5390375571838,15.277833773979207,14.247227133099525,13.853597457488814,1.0306066408796823,0.3936296756107111,0.9706066408796823,14.061227133099525,5.811227133099525,0.7804662457343264
122.50546221669713,-48.82166159670545,404.5278003983363,452.8293392474261,14.368516006322846,13.214822739133163,12.726888958973635,1.1536932671896825,0.487933780159528,1.0936932671896824,13.028822739133163,4.7788227391331635,1.0171571920278486
122.4495601604944,-48.83976312500112,466.7841462144306,453.7422701068026,13.58705567233447,13.229833896986282,12.675313934066294,0.3572217753481883,0.5545199629199882,0.2972217753481883,13.043833896986282,4.793833896986282,1.0109025429223826
122.3888687541398,-48.85943614247603,534.3672215563493,454.822954547852,14.826195634410634,14.056241816848624,13.828608084592648,0.7699538175620102,0.2276337322559758,0.7099538175620101,13.870241816848624,5.620241816848624,0.8090332027974875
122.6047959981488,-48.79387976999068,296.71692623998564,457.3505419508559,14.861536961902493,14.135485689627002,13.794950936477743,0.726051272275491,0.3405347531492584,0.666051272275491,13.949485689627002,5.699485689627002,0.7901227331571928
121.89761430877404,-49.013858170158045,1077.542468120403,459.2786923335175,14.355494306986662,13.216447341857004,12.611004027319389,1.1390469651296584,0.6054433145376148,1.0790469651296584,13.030447341857004,4.780447341857004,1.0164802742262486
122.40005327603998,-48.85971075222652,524.4433185861266,459.9735579229067,15.1846190248614,14.217757957284425,13.570445556808316,0.9668610675769748,0.6473124004761086,0.9068610675769748,14.031757957284425,5.781757957284425,0.7829921750899065
121.99478714461468,-48.98472345050158,971.1075287432616,460.01176808654,15.448371513612344,14.715883024111482,13.615651013866852,0.7324884895008612,1.10023201024463,0.6724884895008612,14.529883024111482,6.2798830241114825,0.7402957407904444
122.85414048352794,-48.72039490442845,23.45024776280388,464.2874044613837,14.017916698234956,13.254672218062437,13.033722322833174,0.7632444801725189,0.2209498952292623,0.7032444801725188,13.068672218062437,4.818672218062437,1.0005532424739847
122.36181961951915,-48.87403921121398,568.2608753275283,463.3383711267999,14.87534666475273,13.991209778655774,13.5970587034395,0.8841368860969556,0.3941510752162749,0.8241368860969556,13.805209778655774,5.555209778655774,0.8245522119116904
121.9275459581507,-49.00621257821639,1045.6130462626302,461.31717274754067,17.2149888500699,16.192541424191855,15.763209459839638,1.0224474258780454,0.4293319643522171,0.9624474258780453,16.006541424191855,7.756541424191855,0.6116407622940573
122.4201709380611,-48.85792056449373,505.1132656249884,466.10592280243975,14.760439120367506,13.83722462352582,13.38495913003356,0.9232144968416858,0.452265493492261,0.8632144968416857,13.65122462352582,5.40122462352582,0.8612986693858838
121.91773128652429,-49.013288047688825,1059.0059802328171,466.93868916201546,14.579969713424031,13.446499233376525,12.845747219515433,1.1334704800475066,0.6007520138610918,1.0734704800475066,13.260499233376525,5.010499233376525,0.9545399556715113
122.56651893674264,-48.812635794425475,343.5100925875442,466.6303642332387,13.877988758142552,13.005078040382353,12.62691896329498,0.8729107177601989,0.378159077087373,0.8129107177601989,12.819078040382353,4.569078040382353,1.1072783573327207
122.53077477643056,-48.82329635865437,382.7303636190884,465.9201072404959,16.60586451013845,15.711481236950704,14.99037208875461,0.8943832731877457,0.7211091481960938,0.8343832731877456,15.525481236950704,7.275481236950704,0.6544016678266041
122.645454810873,-48.78780871831756,256.03695546046,466.51401524263576,16.343275699753107,15.464928879798334,14.471513027330351,0.878346819954773,0.993415852467983,0.818346819954773,15.278928879798334,7.028928879798334,0.6760918103029999
122.60822630769704,-48.80001596909048,297.62095509901775,467.23849027462313,16.033606786422542,15.29463715563393,14.76792687346902,0.7389696307886116,0.5267102821649097,0.6789696307886115,15.10863715563393,6.8586371556339305,0.690688243802806
122.28109124963834,-48.90687377647617,662.4109171806153,474.0762101395711,14.39785900997174,13.44480168352001,12.7431370721811,0.953057326451729,0.7016646113389111,0.893057326451729,13.25880168352001,5.00880168352001,0.9549450527963612
122.75871326174482,-48.75581044506859,132.84323857812376,471.49778928845194,17.128818666826053,16.030878575797384,15.291291682932648,1.0979400910286683,0.739586892864736,1.0379400910286682,15.844878575797384,7.5948785757973845,0.6260107932624548
122.2748824766358,-48.91933323323955,676.0692231678485,488.5570026306988,8.586318890077782,8.130492993276617,8.017680587096223,0.4558258968011657,0.1128124061803941,0.3958258968011657,7.944492993276617,-0.30550700672338316,5.528695194653732
122.64213004295152,-48.79505203867084,263.76792271319874,475.01257415316246,16.123747930042295,15.143956925918724,14.613525721118624,0.9797910041235712,0.5304312048001005,0.9197910041235713,14.957956925918724,6.707956925918724,0.7036036920641093
122.42515865678828,-48.86401003203965,504.5605704966452,476.5955246259346,14.229493655186856,13.367407345168331,12.716826295167758,0.8620863100185243,0.6505810500005733,0.8020863100185243,13.181407345168331,4.931407345168331,0.9734141562666483
122.60107469652,-48.809891407289335,310.51877455371203,477.7059819566485,13.74765794490806,12.88047586882932,12.38837474420199,0.8671820760787394,0.4921011246273306,0.8071820760787394,12.69447586882932,4.44447586882932,1.1617918073871725
122.15167492631343,-48.953610202668465,809.4245863572014,483.4303861879859,10.773495161451628,10.114627118012807,9.844664308429746,0.6588680434388205,0.2699628095830615,0.5988680434388205,9.928627118012807,1.6786271180128072,2.426577812534976
122.85274172344758,-48.729890643776706,30.948334745455437,476.6807153228488,16.006132606071876,15.11886427328763,14.28662534250708,0.887268332784247,0.8322389307805498,0.8272683327842469,14.93286427328763,6.682864273287629,0.7057544908610603
122.67609804435028,-48.78576366431656,227.0318321242304,476.9038994476787,16.31105632283814,16.14360479899864,14.449366651577597,0.1674515238394995,1.6942381474210446,0.10745152383949949,15.957604798998641,7.707604798998641,0.6159906845334541
122.46433416326704,-48.8522868011063,461.5759811391241,477.24833091447016,16.741389252247785,16.077496530298866,15.58053795954508,0.663892721948919,0.4969585707537867,0.603892721948919,15.891496530298866,7.641496530298866,0.6218669750845452
122.6164329125903,-48.80587555399268,294.0329536430733,478.79989563312375,16.780908555639254,15.822757639362306,15.070384075557117,0.9581509162769476,0.7523735638051896,0.8981509162769477,15.636757639362306,7.3867576393623064,0.6445104320566839
122.47724557403671,-48.848996917458955,447.78045063534154,478.2566151290338,15.37834702942797,14.318030636585943,13.728067218396486,1.0603163928420258,0.5899634181894573,1.0003163928420258,14.132030636585943,5.882030636585943,0.7743973740069192
121.92016831146096,-49.02072813977533,1061.5651961007318,478.2081686915434,15.95685480305374,14.858252296366482,14.475669215118332,1.098602506687259,0.3825830812481499,1.0386025066872588,14.672252296366482,6.422252296366482,0.7280926603114445
122.03485816433891,-48.98835436526047,937.2463182246794,481.8902945939989,15.084417465630448,14.217215654358442,13.780302335479242,0.8672018112720057,0.4369133188792009,0.8072018112720056,14.031215654358443,5.7812156543584425,0.7830386581978478
122.70227454010508,-48.7806502697469,200.0559207778193,481.1757964857141,16.47080565914185,15.737786575896685,15.580011107668644,0.7330190832451642,0.1577754682280403,0.6730190832451641,15.551786575896685,7.301786575896685,0.6520634154758502
121.91686727443896,-49.025316134090794,1067.481715044873,483.1406332969436,15.66731537913106,14.716675278366898,14.283848452291544,0.9506401007641614,0.4328268260753543,0.8906401007641613,14.530675278366898,6.280675278366898,0.7402278332828374
121.96099842179764,-49.012265393469896,1019.2752463094386,483.7104456340264,15.177301492624512,14.382113594302291,13.85366257949351,0.7951878983222205,0.5284510148087804,0.7351878983222204,14.196113594302291,5.946113594302291,0.7689045490598037
122.58053608752456,-48.822586372824944,337.3375431187667,486.2936424699194,14.82574029052452,13.882591381621303,13.508390542674844,0.9431489089032166,0.374200838946459,0.8831489089032165,13.696591381621303,5.446591381621303,0.8504725112040072
122.12399903434884,-48.96422676318489,841.2484716139251,486.3251035927405,14.976218025190018,13.86576874598726,13.226547779298446,1.1104492792027578,0.6392209666888142,1.0504492792027578,13.67976874598726,5.429768745987261,0.8544870037984947
122.0454378256762,-48.98656131499915,926.5418097255592,483.8829441616907,15.779204597097513,14.779735693011595,14.484508849885016,0.9994689040859176,0.2952268431265796,0.9394689040859177,14.593735693011595,6.343735693011595,0.7348226548847204
122.81147051855464,-48.75049866434876,81.73118176935702,487.0285742717712,16.01553978607447,14.942372675320806,14.44698791368172,1.0731671107536638,0.4953847616390856,1.0131671107536637,14.756372675320806,6.506372675320806,0.7208823421153595
122.72496672270331,-48.77840327025258,178.10025569733796,487.8821099282928,15.615604140759736,14.92865249663476,14.282610166865563,0.6869516441249761,0.6460423297691964,0.6269516441249761,14.74265249663476,6.49265249663476,0.7220583574313063
122.80294768809668,-48.75487753191387,92.29642399085652,489.3384523860546,15.90173920243216,14.88716946718928,14.517675254164589,1.0145697352428815,0.3694942130246907,0.9545697352428815,14.70116946718928,6.451169467189279,0.7256140456694904
122.54986916401346,-48.83510808739152,373.1794379039577,490.3093233848419,16.14205995891322,15.562328290388306,15.28488999921625,0.5797316685249125,0.2774382911720554,0.5197316685249125,15.376328290388306,7.126328290388306,0.6676597075210394
122.39945386880784,-48.88266530684991,539.8697353357611,491.2330249000607,14.166813698580942,13.25862670617508,12.747730608486156,0.9081869924058612,0.5108960976889243,0.8481869924058612,13.07262670617508,4.822626706175081,0.9993731723900376
122.32163676593758,-48.90819195165047,626.6551420801825,493.13109524,14.617280183891529,13.58828857186034,13.113574134828706,1.028991612031188,0.4747144370316345,0.9689916120311879,13.40228857186034,5.152288571860341,0.9207038635333278
122.59037699224648,-48.823538243690344,329.07418421006525,491.8240464607153,15.291994902939956,14.04802503234217,13.48983938064531,1.2439698705977855,0.55818565169686,1.1839698705977855,13.86202503234217,5.612025032342171,0.8109940263728912
122.789363839241,-48.76221614323654,109.36924753852269,493.51540744722735,15.08635903082664,14.181115254729312,13.46650935379705,0.9052437760973292,0.714605900932261,0.8452437760973293,13.995115254729312,5.745115254729312,0.7861329781660591
122.24311642270985,-48.93306778864868,713.6194075685204,493.94141029492073,15.102546264287223,14.34416894857611,14.02877434665634,0.7583773157111136,0.3153946019197704,0.6983773157111135,14.15816894857611,5.90816894857611,0.7721569472649049
121.97007992831364,-49.0179442416526,1014.7134045360737,495.3471998840256,14.97141531397452,14.22811694816068,13.86135106804695,0.743298365813839,0.3667658801137303,0.683298365813839,14.04211694816068,5.792116948160681,0.7821042615862274
122.60979892666276,-48.82434392002677,312.0685355872361,501.2705318293875,12.539956631122823,11.774324674679397,11.359866239649,0.7656319564434266,0.4144584350303972,0.7056319564434266,11.588324674679397,3.338324674679397,1.5248167389601341
122.595478888292,-48.825876421051504,325.9932154311115,497.22108262811696,14.999874892595823,13.913299991591591,13.321985839075143,1.0865749010042318,0.591314152516448,1.0265749010042318,13.727299991591591,5.477299991591591,0.8431443201883703
122.21630807759831,-48.94372154492061,744.6968884857175,497.2122350303838,14.49129552955064,13.562796152174975,12.879233484607534,0.9284993773756652,0.6835626675674416,0.8684993773756653,13.376796152174975,5.126796152174975,0.9267872818673355
122.517286058756,-48.85070714913935,412.7448271246692,497.74372228092653,15.134388392157993,14.123636432293743,13.487811138834871,1.0107519598642494,0.635825293458872,0.9507519598642493,13.937636432293743,5.687636432293743,0.7929503968389932
122.57417005104486,-48.83407176024127,350.5686759047348,499.31223237429293,15.564283221148855,14.5857500153601,14.36483903293157,0.9785332057887556,0.2209109824285295,0.9185332057887556,14.3997500153601,6.1497500153601,0.75144999868342
122.88608196060456,-48.73625186527361,5.030991064510755,499.83888001379194,16.094276147279835,16.113529434946383,15.522824666456463,-0.0192532876665474,0.5907047684899194,-0.0792532876665474,15.927529434946383,7.677529434946383,0.6186640502269882
122.7813467263666,-48.77116568507623,122.47087909953176,502.30771304745303,14.6381250304834,13.730897607771874,13.209916717200768,0.9072274227115252,0.5209808905711064,0.8472274227115253,13.544897607771874,5.294897607771874,0.8866721617817119
122.05205526757553,-48.99799056016204,927.906536175199,502.3998550044896,16.436685842401378,15.341612933377752,14.780591918661868,1.0950729090236262,0.5610210147158838,1.0350729090236261,15.155612933377752,6.905612933377752,0.6866617485676213
122.02700733215268,-49.00517337937861,955.129679406842,501.7279757526388,16.467970295584998,15.856230442032354,14.64470109281875,0.6117398535526437,1.2115293492136043,0.5517398535526437,15.670230442032354,7.420230442032354,0.6415350718193463
122.03813345552726,-49.00339128419597,943.9418688144826,503.9633333485726,15.417977272284642,14.23998344554274,13.347555405819971,1.1779938267419023,0.892428039722768,1.1179938267419023,14.05398344554274,5.803983445542739,0.7810871332391939
122.4312140651358,-48.88253460354395,511.1159784386514,504.6101362857933,15.609448910604051,14.559046291961744,14.365495396323052,1.0504026186423072,0.1935508956386922,0.9904026186423072,14.373046291961744,6.123046291961744,0.753738889260422
121.93454220562607,-49.03853032604248,1059.979856284563,508.7586957767464,11.060463524753372,10.41689518693588,10.113785535490692,0.6435683378174915,0.3031096514451885,0.5835683378174914,10.23089518693588,1.9808951869358804,2.179267574325189
122.62612121977206,-48.821565666157035,295.52431121850964,504.47544960272614,17.53756836949969,16.928739861827236,15.49177135920102,0.608828507672456,1.436968502626215,0.548828507672456,16.742739861827236,8.492739861827236,0.5462009011709125
122.30378988865782,-48.92497230688232,653.6200682651331,508.591110860132,13.410577806028003,12.261549193271318,11.594613126679905,1.1490286127566858,0.666936066591413,1.0890286127566857,12.075549193271318,3.8255491932713177,1.4165446237174848
122.70130886627868,-48.80067879277396,214.02415345180657,508.2046097290674,15.745181636288224,15.100937502280434,14.783277461723976,0.6442441340077902,0.3176600405564578,0.5842441340077902,14.914937502280434,6.664937502280434,0.7072910712331056
122.84257897792492,-48.75741321127642,58.19065195917088,509.958312494825,16.29016187876943,15.147363205348706,14.633637856280007,1.1427986734207227,0.5137253490686984,1.0827986734207227,14.961363205348706,6.711363205348706,0.7033117252558253
122.71097138605924,-48.79760051796108,203.29096787114116,508.150669200916,16.284252176541724,15.073660666175291,14.854441360797898,1.2105915103664326,0.2192193053773934,1.1505915103664326,14.887660666175291,6.637660666175291,0.7096290857564036
121.97711458566415,-49.028394044019706,1015.0591823108188,512.6911412064335,12.034156109946167,11.226921103099922,10.76348566232922,0.8072350068462448,0.4634354407707022,0.7472350068462448,11.040921103099922,2.7909211030999224,1.704539448450039
122.81287930482146,-48.766217161964775,90.76911640143597,509.16173437389693,16.89143646640482,15.904272121745286,15.210138361171769,0.9871643446595328,0.6941337605735178,0.9271643446595328,15.718272121745287,7.4682721217452865,0.6372647002893079
122.80663176954896,-48.76822182814987,97.72181945196176,509.20515302071,16.566454172232408,15.349716927019967,14.838487138205425,1.2167372452124408,0.5112297888145427,1.1567372452124407,15.163716927019967,6.913716927019967,0.6859671205411456
122.75652647175856,-48.784977446432784,153.9186692438049,510.5067093099027,14.5504648608857,13.512391583574455,12.926944796679624,1.0380732773112449,0.5854467868948312,0.9780732773112448,13.326391583574456,5.0763915835744555,0.9388156448288232
122.12040188964228,-48.98790883871359,859.7345029781858,517.3765385233104,11.392460821775275,10.697050696903808,10.370064423170083,0.6954101248714668,0.3269862737337252,0.6354101248714668,10.511050696903808,2.2610506969038084,1.9694746515480959
122.71052390726142,-48.801947086679405,206.5376963693404,513.9135377235889,16.579592831054985,15.363808486718767,14.824983745900768,1.2157843443362175,0.5388247408179989,1.1557843443362175,15.177808486718767,6.927808486718767,0.6847592725669628
122.5099201707644,-48.86970346055644,431.74987088060874,520.6516285632729,13.000309405226748,12.24408706439245,11.828463341218228,0.756222340834297,0.4156237231742228,0.6962223408342969,12.058087064392451,3.808087064392451,1.4204250968016774
122.46509448389652,-48.88010714910808,478.9626899083827,515.7532423442941,14.783902525024608,13.754400588256374,13.085558028040772,1.0295019367682343,0.6688425602156016,0.9695019367682343,13.568400588256374,5.318400588256374,0.8810634959842745
122.6151592707996,-48.83412357539402,313.6101703774883,516.9819721976568,13.982533779731783,12.944818774593486,12.42238412983773,1.0377150051382973,0.5224346447557551,0.9777150051382972,12.758818774593486,4.508818774593486,1.13364178611535
122.80056782936018,-48.776732923308586,108.7747172637412,518.2387004112273,15.890540607835662,14.743894703343114,14.071407728395224,1.146645904492548,0.6724869749478906,1.086645904492548,14.557894703343115,6.3078947033431145,0.7378947397134473
122.36547766257418,-48.9125235873977,589.8892347064758,517.7461574240616,16.25057834690423,15.534144491204694,15.759808004633069,0.7164338556995364,-0.2256635134283744,0.6564338556995364,15.348144491204694,7.098144491204694,0.6701590436110262
122.1898948821952,-48.970941608901406,786.0918340019142,523.4387758598531,12.298824532366387,11.150884652139602,10.53173172706307,1.1479398802267848,0.6191529250765324,1.0879398802267848,10.964884652139602,2.7148846521396024,1.742557673930199
122.77012422119842,-48.79040134914431,145.2016448844842,523.8065021938787,13.435359454369916,12.5121509493718,12.052891697499508,0.9232085049981152,0.4592592518722931,0.8632085049981153,12.326150949371801,4.076150949371801,1.322933959649837
122.66230980966404,-48.82364062001526,264.22224162225666,522.8818199105492,14.875045606672884,13.74739002650819,13.181209570326049,1.127655580164694,0.566180456182142,1.0676555801646939,13.56139002650819,5.311390026508191,0.8827364709469091
122.6237975284282,-48.83797020510184,308.32542459421,525.9669177989239,12.46769555934864,11.76434720899594,11.39172419226094,0.7033483503526998,0.372623016735,0.6433483503526998,11.57834720899594,3.3283472089959396,1.5270339535564579
122.71561088128364,-48.80882647472897,206.4474893337721,525.5319973282435,16.52471347808328,15.356743601912552,14.754220407221837,1.16796987617073,0.6025231946907148,1.10796987617073,15.170743601912552,6.920743601912552,0.6853648341217813
122.63163082516428,-48.83464437655878,299.0874726716599,524.7734810546403,14.200154193619962,13.29940502925829,12.953711415744298,0.900749164361672,0.3456936135139923,0.840749164361672,13.11340502925829,4.86340502925829,0.9896419816542718
122.22546416447966,-48.96767578678818,751.8900611894823,534.0191287240091,8.840031705431521,8.32419265742458,8.213086628725913,0.5158390480069404,0.1111060286986678,0.45583904800694036,8.13819265742458,-0.11180734257541936,5.158904926734892
122.57762417238644,-48.85300590100953,359.78972213617675,526.7604019072166,14.48340889945823,13.64923544324582,13.22147754538537,0.8341734562124099,0.4277578978604488,0.7741734562124098,13.46323544324582,5.21323544324582,0.906159723770884
122.13685430705138,-48.99111486533202,846.9506690001988,528.7382241094195,13.905797504293073,13.02254881060158,12.483522695526268,0.8832486936914936,0.5390261150753108,0.8232486936914936,12.83654881060158,4.586548810601579,1.0996348953618091
122.59789848966687,-48.85146126262669,340.4913241718803,533.3421531199241,10.174915095590592,9.629067497283128,9.518109862005357,0.5458475983074642,0.1109576352777708,0.4858475983074642,9.443067497283128,1.1930674972831277,2.823853865859259
122.54432275589916,-48.8671218807671,399.0295700118287,531.8435106616632,14.11280629121668,13.116346802109092,12.446525895819502,0.996459489107588,0.6698209062895906,0.9364594891075879,12.930346802109092,4.680346802109092,1.0585982740772724
122.09528704588747,-49.0044821952844,893.0593728300689,529.5677379350052,14.973323034113903,14.10095830094334,13.514496023761936,0.8723647331705635,0.5864622771814041,0.8123647331705635,13.91495830094334,5.66495830094334,0.7983622236385213
122.37279604144668,-48.92178616839957,589.2871279398946,533.5832147538486,11.23032422372984,10.484551749190585,10.142865861537643,0.7457724745392547,0.3416858876529414,0.6857724745392546,10.298551749190585,2.048551749190585,2.1239122052077035
122.3403454126506,-48.93167979154195,624.9727781572929,533.3537547133192,14.685328206101335,13.764200037553858,13.193016467512985,0.9211281685474776,0.5711835700408727,0.8611281685474776,13.578200037553858,5.328200037553858,0.878724991038284
121.98866645241692,-49.04119794110826,1012.8408349831116,535.1743342213784,12.864025053839637,12.11506146390535,11.69424434181328,0.7489635899342861,0.4208171220920711,0.6889635899342861,11.92906146390535,3.6790614639053505,1.4490974524654776
122.67995863562209,-48.826599429447086,250.23259774289676,534.5316198032218,14.694051161434896,13.666834689521606,13.28495671936929,1.02721647191329,0.3818779701523151,0.9672164719132899,13.480834689521606,5.230834689521606,0.9019599036368896
122.83316041769888,-48.78080724026642,82.04295021878465,537.9112178782209,15.083581838723724,14.016087659381464,13.494275049732146,1.06749417934226,0.5218126096493183,1.00749417934226,13.830087659381464,5.580087659381464,0.8186154449203326
122.1514771971263,-48.99317819637032,835.0850485062729,537.757242508523,14.34312509129692,13.17909843808516,12.48676091547842,1.16402665321176,0.6923375226067403,1.10402665321176,12.99309843808516,4.743098438085161,1.0320423174645164
122.57718711838578,-48.86430665586194,367.5483101917965,542.0705543085286,12.259007640700936,11.460372319093128,11.031199908270356,0.7986353216078079,0.4291724108227726,0.7386353216078079,11.274372319093128,3.0243723190931284,1.594583929090416
122.12007303425531,-49.00809396260721,873.0192584885315,544.9999993920665,10.290591993367665,9.722280758981778,9.52750256231621,0.5683112343858863,0.1947781966655686,0.5083112343858862,9.536280758981778,1.2862807589817784,2.7475884699239996
122.66356479980502,-48.83585907557357,271.07115095457056,540.168676427227,15.249540152582377,14.129626996967362,13.448308672501508,1.1199131556150146,0.6813183244658543,1.0599131556150145,13.943626996967362,5.693626996967362,0.7915208302691523
122.50196333875569,-48.88667704013885,449.9679105219129,540.5345030811964,15.637893051797906,14.8568463075242,14.560027764804993,0.7810467442737057,0.2968185427192082,0.7210467442737056,14.6708463075242,6.420846307524201,0.7282131736407829
121.95115452147226,-49.05754785267005,1057.1636793678497,541.9204405513955,12.987476479930862,12.234928243211524,11.848941102335877,0.7525482367193383,0.3859871408756472,0.6925482367193383,12.048928243211524,3.798928243211524,1.422460390397439
122.27640995602142,-48.95766777459068,699.4638834143291,541.8784089442878,15.60438390236246,14.849182176153525,14.970920691502393,0.7552017262089361,-0.1217385153488681,0.695201726208936,14.663182176153525,6.413182176153525,0.7288700991868408
122.6709651847045,-48.83650186079208,264.8157472008623,544.2331240427667,15.03539592972293,13.937553738307916,13.421023381968206,1.0978421914150136,0.5165303563397092,1.0378421914150135,13.751553738307916,5.501553738307916,0.8373564942674293
122.3309584386264,-48.94375503953311,641.2577319699235,545.9455686999192,15.12183711224715,13.875348366604571,13.301724340475834,1.2464887456425782,0.5736240261287371,1.1864887456425781,13.689348366604571,5.439348366604571,0.8522009579693637
122.384107747914,-48.926313976264275,582.0168128145981,544.6197773534101,15.693337195327333,15.00732083470813,15.19976904891292,0.6860163606192025,-0.1924482142047896,0.6260163606192024,14.82132083470813,6.57132083470813,0.7153153570250175
122.34756111948472,-48.938428912857866,622.8330120833517,545.6938162016138,15.432684524175333,14.608769753569712,13.91183794036248,0.8239147706056205,0.6969318132072324,0.7639147706056204,14.422769753569712,6.172769753569712,0.7494768782654533
122.10155011652724,-49.01471449701263,893.9884407358131,546.286399241467,16.110403900382,15.09691068854225,14.380105224226435,1.0134932118397495,0.716805464315815,0.9534932118397494,14.91091068854225,6.66091068854225,0.7076362266963786
122.61148946177254,-48.85737667644222,332.0891859142185,547.2874309780852,15.73679659760717,14.781793962163436,14.154135712585402,0.9550026354437352,0.6276582495780332,0.8950026354437353,14.595793962163436,6.345793962163436,0.7346462318145627
122.16678956489858,-48.996100685960734,823.1533429726578,548.2511567422775,14.38847151878001,13.369321501017684,12.791723277790402,1.0191500177623265,0.577598223227282,0.9591500177623264,13.183321501017684,4.933321501017684,0.9729573690753256
122.6836616862024,-48.83582673210192,252.92277605236455,548.771044923492,16.154235426085116,15.47177831348921,14.817865176417964,0.6824571125959054,0.6539131370712461,0.6224571125959053,15.28577831348921,7.03577831348921,0.6755047159866391
122.67038680921408,-48.84173389783567,268.75572783628303,551.1551362638926,14.615062823649511,13.724619529327883,13.334719908604482,0.8904432943216278,0.3898996207234013,0.8304432943216278,13.538619529327883,5.2886195293278835,0.8881703395922097
122.58956041491582,-48.86634778209879,357.718053773117,550.1770403673231,15.4626006962522,14.765630983196353,14.189822086981934,0.6969697130558465,0.5758088962144186,0.6369697130558465,14.579630983196353,6.329630983196353,0.7360316300117412
122.49345901703823,-48.8973036439016,464.5487076698048,551.4775984251576,13.282529290146543,12.049599457135669,11.330030684963814,1.2329298330108749,0.7195687721718542,1.1729298330108748,11.863599457135669,3.6135994571356687,1.4636445650809624
122.37665226888804,-48.934819170798,594.2541587481462,553.1221705380254,16.294259476946063,15.41859814843111,14.706952460797227,0.875661328514953,0.711645687633883,0.815661328514953,15.23259814843111,6.98259814843111,0.6800630158487619
122.29824012583008,-48.96310636735167,683.2883913491469,558.6212514611099,10.72606278554493,9.973121090719342,9.667438772316991,0.7529416948255871,0.3056823184023507,0.6929416948255871,9.787121090719342,1.5371210907193422,2.5423554712296292
121.93829006895734,-49.07094210551096,1077.3458879543246,554.9630083717213,15.106970011042169,14.404684710281062,13.890008126996731,0.7022853007611065,0.5146765832843307,0.6422853007611065,14.218684710281062,5.968684710281062,0.766969881975909
122.23915603255844,-48.98250935200373,749.1133984983494,560.2104749765406,13.806483706776875,13.05702675135738,12.647291167610714,0.749456955419495,0.4097355837466665,0.6894569554194949,12.87102675135738,4.62102675135738,1.0845507962811463
122.16327568330098,-49.00162387563267,829.8813745829341,554.3594341389862,15.310363000234585,14.426417313113587,13.92798323286528,0.8839456871209972,0.4984340802483071,0.8239456871209971,14.240417313113587,5.990417313113587,0.7651070874474069
122.83880406991648,-48.79397140596749,85.59270319534676,558.3756821281027,13.5394941394761,12.821809294734305,12.398823154269223,0.717684844741795,0.4229861404650812,0.6576848447417949,12.635809294734305,4.385809294734305,1.1874584335537417
122.6826578904955,-48.841872844449576,257.7796268959616,556.6249728162,14.229555198675532,13.518023511828448,12.927596232056173,0.7115316868470849,0.5904272797722747,0.6515316868470848,13.332023511828448,5.082023511828448,0.9374716619500296
122.6526287431318,-48.85135482488976,291.05539465352166,556.7057161385421,16.14425136421782,15.732828407348842,14.972513557350853,0.4114229568689769,0.7603148499979895,0.3514229568689769,15.546828407348842,7.296828407348842,0.6525041415689918
122.82809090511915,-48.797313935384416,97.44721206928634,558.3190139422678,15.643159011044515,14.737774805019852,14.924919894475664,0.9053842060246636,-0.1871450894558126,0.8453842060246637,14.551774805019852,6.301774805019852,0.7384193024268699
122.70332563256837,-48.838403440287024,236.87332403755505,560.7668043118937,13.877656222355348,12.94026565005299,12.431010056376811,0.937390572302359,0.509255593676178,0.877390572302359,12.75426565005299,4.504265650052989,1.1356337781018173
122.67736383934472,-48.846120952925624,265.3300344208696,560.1691271621918,13.550776403227658,12.773965394830649,12.34029559051812,0.7768110083970097,0.4336698043125278,0.7168110083970096,12.587965394830649,4.337965394830649,1.2083901397615913
122.56201342354392,-48.88187222619099,392.67839164506984,559.6555940478613,13.94943957787109,12.837532662128345,12.134696234241318,1.111906915742745,0.7028364278870267,1.051906915742745,12.651532662128345,4.401532662128345,1.1805794603188493
122.36908394900522,-48.942285217269195,605.9180363655491,560.1513119146872,15.254945193319546,14.31603377153329,14.153857976132045,0.9389114217862566,0.1621757954012448,0.8789114217862566,14.13003377153329,5.88003377153329,0.7745685338685752
122.8045477442964,-48.809160071069506,126.4477037463545,564.3644644023854,14.906354831532976,13.929336494827348,13.366510262586129,0.977018336705628,0.5628262322412194,0.9170183367056279,13.743336494827348,5.493336494827348,0.8393174273707465
122.27629206863055,-48.975081165902175,710.8237127927247,565.7546614659158,13.28665642708184,12.505819039679691,12.10853761320212,0.7808373874021495,0.397281426477571,0.7208373874021494,12.319819039679691,4.069819039679691,1.3257041701401349
122.43697953855516,-48.924588010838406,533.2108519249815,564.7952452886703,16.573345403180728,16.228558402683813,14.81261543364448,0.3447870004969147,1.4159429690393337,0.2847870004969147,16.042558402683813,7.792558402683813,0.6084392530947722
122.7282973652082,-48.8359945515042,212.7800182473183,568.2222759223531,13.877356456481149,12.940028903110138,12.401756643518915,0.937327553371011,0.5382722595912224,0.877327553371011,12.754028903110138,4.504028903110138,1.1357373548893148
122.40796425069384,-48.93938197885553,568.9745742273261,572.7287394093694,12.38824360476923,11.309739878586056,10.74099066145291,1.0785037261831736,0.5687492171331456,1.0185037261831735,11.123739878586056,2.873739878586056,1.6631300607069721
122.31116838985656,-48.9660993824093,673.564911498808,568.2253468711805,15.117985375368134,14.735084370916848,13.949133114932865,0.3829010044512859,0.7859512559839832,0.3229010044512859,14.549084370916848,6.299084370916848,0.7386499110642702
122.5679234016764,-48.887937545591754,391.3003103891836,570.5068477740167,16.67666805130468,15.49764575957495,14.89065477533189,1.17902229172973,0.6069909842430601,1.11902229172973,15.31164575957495,7.061645759574951,0.6732875063221471
122.34696752908368,-48.95941310212091,636.9562704148836,574.2608318294996,12.577983713439233,11.753357900149808,11.299202776069462,0.8246258132894244,0.4541551240803461,0.7646258132894244,11.567357900149808,3.3173579001498084,1.5294760221889314
122.08182873293016,-49.0405411065444,928.3813011024888,573.4957203748054,14.804148795162574,13.928452300927797,13.512680738212351,0.8756964942347771,0.4157715627154452,0.8156964942347771,13.742452300927797,5.492452300927797,0.839528428187685
122.68987133055744,-48.85067832611763,257.03053544522743,571.7961776441713,15.29490090391068,14.690347281652372,14.025864993789831,0.6045536222583081,0.6644822878625405,0.5445536222583081,14.504347281652372,6.254347281652372,0.742484518715511
122.63044279825472,-48.870623041495286,323.6397782104722,573.5865147345193,12.598803013716733,11.76120721594379,11.330079589809168,0.8375957977729431,0.4311276261346215,0.7775957977729431,11.57520721594379,3.3252072159437898,1.527731729790269
122.46357324388129,-48.92129543832953,507.0922075152496,571.628829436586,16.098241411133877,15.308685175458416,14.924657901001796,0.7895562356754606,0.3840272744566206,0.7295562356754606,15.122685175458416,6.872685175458416,0.6894841278178501
122.09062960097188,-49.03721732351336,918.3080723304556,572.6341321551578,15.885023130347928,14.78719238055726,14.145594739096698,1.0978307497906687,0.641597641460562,1.0378307497906687,14.60119238055726,6.35119238055726,0.7341835102379493
122.6969439788682,-48.84948832860835,249.87573134997757,573.2092036126312,15.706504521783494,15.396551979076932,14.085804551936064,0.3099525427065615,1.3107474271408677,0.24995254270656148,15.210551979076932,6.960551979076932,0.6819526875076916
122.43511951741276,-48.93513054246389,541.7314837407832,578.4724738726144,11.291270290901764,10.543167618753326,10.241465864302503,0.7481026721484376,0.3017017544508231,0.6881026721484376,10.357167618753326,2.1071676187533264,2.075953766474551
122.39087355191182,-48.94891369037572,590.5654946156327,578.532579387205,10.46350146770058,9.80750693309534,9.598700431443676,0.6559945346052398,0.2088065016516633,0.5959945346052398,9.62150693309534,1.3715069330953398,2.6778579638310855
122.72355550979414,-48.842319449556626,221.19402368057987,574.8449201290244,14.633042183633652,13.993346718143767,13.47347001112322,0.6396954654898845,0.519876707020547,0.5796954654898845,13.807346718143767,5.5573467181437675,0.8240422604429647
122.20181797750313,-49.00711332248761,798.6604724995283,578.2126277201476,13.433371274466428,12.764077434355144,12.447276154331934,0.6692938401112833,0.3168012800232098,0.6092938401112833,12.578077434355144,4.328077434355144,1.2127161224696243
122.11041345487152,-49.03489465572645,898.9740843551839,577.7848032698604,16.570722020648095,16.572326826691214,15.06058667408898,-0.0016048060431188,1.5117401526022327,-0.0616048060431188,16.386326826691214,8.136326826691214,0.5778820598496699
122.5105461826614,-48.91151240360856,458.38023359342503,578.2799377349423,15.819168962300028,14.964420782732985,14.180221289508657,0.8547481795670429,0.7841994932243281,0.7947481795670428,14.778420782732985,6.528420782732985,0.7189925043371728
122.68555504535328,-48.85947300807893,266.6706071657775,581.9914153500462,16.212869044382177,15.482738811998464,14.747790052993416,0.7301302323837131,0.7349487590050483,0.670130232383713,15.296738811998464,7.046738811998464,0.6745652446858459
122.16308685086852,-49.02153200701027,842.8769534498146,581.6534702524978,15.870593729294466,14.92081596027684,14.37689768456859,0.9497777690176256,0.5439182757082506,0.8897777690176256,14.73481596027684,6.4848159602768405,0.7227300605476994
122.19432896225835,-49.01210307120197,808.6306735582564,581.9026699995319,16.44876224342268,15.372732136058358,15.301617018574117,1.076030107364323,0.0711151174842417,1.016030107364323,15.186732136058358,6.9367321360583585,0.683994388337855
122.75816096599466,-48.838094670969056,187.23097497879235,583.9719327582214,16.522191492906146,15.594032039318824,15.170319046164918,0.9281594535873214,0.4237129931539058,0.8681594535873214,15.408032039318824,7.158032039318824,0.6648415965049934
122.43014785188238,-48.94160947277111,550.4190185191903,585.2450730567351,14.276508741718995,13.7243265984024,13.404927381422858,0.5521821433165961,0.3193992169795407,0.4921821433165961,13.5383265984024,5.288326598402399,0.8882402435630639
122.57592731324212,-48.89763576644387,390.4033634219059,587.2374249211728,15.08499913568553,14.47650704147471,13.755811757656428,0.6084920942108205,0.7206952838182819,0.5484920942108205,14.29050704147471,6.04050704147471,0.7608136821593107
122.51093479507726,-48.91830297094857,462.44696962299,587.7625101056775,15.691553970718331,14.660656657130202,14.0660940139788,1.0308973135881292,0.5945626431514022,0.9708973135881291,14.474656657130202,6.224656657130202,0.7450294293888399
122.28031929536792,-48.99098928581255,717.4738269728809,589.321419931378,13.031179630434364,12.22222019007087,11.731618976400808,0.8089594403634948,0.490601213670061,0.7489594403634947,12.03622019007087,3.7862201900708694,1.4252844022064735
122.29798599109164,-48.98869238721251,700.0627422317422,593.6640396831415,11.478074697802604,10.70916815344071,10.366677213099134,0.7689065443618937,0.3424909403415768,0.7089065443618936,10.52316815344071,2.273168153440711,1.9634159232796446
122.206912708675,-49.01612782831381,799.8811854043525,592.7607860255919,13.070827735359568,12.06489941356558,11.452816367307472,1.0059283217939878,0.6120830462581086,0.9459283217939878,11.87889941356558,3.6288994135655805,1.4602445747632042
122.7659089246041,-48.84244163131121,183.09423160745433,593.267418497176,15.831367275751,14.751706940631175,14.37775302135858,1.079660335119824,0.373953919272596,1.019660335119824,14.565706940631175,6.315706940631175,0.7372251193744708
122.17694815345308,-49.02428633976792,832.1545479025444,591.3005653027634,15.937115821755388,16.071751251887747,15.323253359455856,-0.1346354301323593,0.7484978924318906,-0.1946354301323593,15.885751251887747,7.635751251887747,0.6223776664988669
122.01890794280936,-49.07448060867105,1006.9109367427244,593.7023299278519,15.152861113012843,14.136807492788654,13.779259305715874,1.0160536202241897,0.3575481870727799,0.9560536202241896,13.950807492788654,5.700807492788654,0.7899307863324012
122.25661867531475,-49.00418375464844,747.3642371278806,597.3996963825984,13.978852837227269,13.185141874661795,12.712546544060014,0.7937109625654735,0.4725953306017807,0.7337109625654734,12.999141874661795,4.749141874661795,1.0295242188909188
122.275461067446,-48.9994329522144,727.3103245750925,598.8619004586925,15.951686984481205,14.794103505256489,13.94073687645565,1.1575834792247155,0.8533666288008384,1.0975834792247154,14.608103505256489,6.358103505256489,0.7335911281208725
122.04750940796846,-49.07003980142984,978.2760645834416,599.6249785255328,14.496499149880885,13.509085341458496,12.94674752961893,0.9874138084223888,0.5623378118395657,0.9274138084223889,13.323085341458496,5.073085341458496,0.9396046344246771
122.89723220728852,-48.80744474634718,41.77117382643802,602.1071543457376,14.41452050584518,13.431424452781195,12.726581143873831,0.983096053063985,0.704843308907364,0.9230960530639849,13.245424452781196,4.9954244527811955,0.9581373464953966
122.24831541683491,-49.01106628291258,759.2935549145016,603.338486102564,13.523225142744751,12.515662842829627,11.810470941637607,1.007562299915124,0.7051919011920198,0.9475622999151239,12.329662842829627,4.079662842829627,1.321397506262038
122.015169956676,-49.07997425524976,1013.8055039138916,599.6913280265173,15.75439522804992,14.680923715871073,14.824061714478855,1.0734715121788485,-0.1431379986077825,1.0134715121788485,14.494923715871073,6.244923715871073,0.7432922529253366
122.79691320122758,-48.83906080339494,152.93538311221084,602.0141759306096,15.951242278706069,14.85910248990056,13.902349012145352,1.092139788805509,0.9567534777552068,1.032139788805509,14.67310248990056,6.423102489900559,0.728019786579952
122.44796084348316,-48.94851080402271,538.8425803356413,602.3161626582329,14.992094841912625,14.28753483330925,13.712320084969088,0.7045600086033748,0.5752147483401622,0.6445600086033747,14.10153483330925,5.85153483330925,0.7770113000020643
122.46233861101688,-48.944782865639866,523.4629812738096,603.3353206641254,15.505785417165637,14.60483252336557,14.167317080823803,0.900952893800067,0.4375154425417662,0.840952893800067,14.41883252336557,6.16883252336557,0.7498143551400941
122.63479892868656,-48.89227260513723,333.84301068537275,605.136065579666,14.125544408045776,13.320832605593113,12.779941947843678,0.8047118024526636,0.5408906577494346,0.7447118024526636,13.134832605593113,4.884832605593113,0.984528582756189
122.0669321652924,-49.06836693884251,959.693526899496,605.5011345971357,14.831024540062458,13.87145503559909,13.32479959104116,0.9595695044633672,0.5466554445579312,0.8995695044633671,13.685455035599091,5.435455035599091,0.8531300483229443
122.2244885294884,-49.02062415676652,786.9392842774762,606.3815924549042,13.97200434004918,13.033593158036854,12.515678683919976,0.9384111820123257,0.5179144741168784,0.8784111820123257,12.847593158036855,4.5975931580368545,1.0948029933588763
122.1625883894722,-49.03970549955082,855.034070552381,606.4315851274196,14.059886181394742,13.150819610723673,12.64464564926148,0.9090665706710688,0.5061739614621921,0.8490665706710687,12.964819610723673,4.714819610723673,1.0438251621984698
122.04479600177284,-49.07563332932169,984.3137271127798,606.1798405597525,14.978325742516503,13.835086219585913,13.090725022276516,1.1432395229305907,0.7443611973093969,1.0832395229305907,13.649086219585913,5.399086219585913,0.8618089703260892
122.8358492898381,-48.83116882467673,112.6705504967351,608.0249715882687,13.600404393820783,12.816281505668838,12.44545920651727,0.7841228881519449,0.3708222991515679,0.7241228881519448,12.630281505668838,4.3802815056688384,1.1898768412698832
122.55818463369346,-48.91929789501238,420.5076091819412,609.3457465241657,15.311361252832407,14.413714859178082,14.010648819247788,0.8976463936543251,0.4030660399302945,0.837646393654325,14.227714859178082,5.977714859178082,0.7661958692133073
122.78266249719712,-48.85072418915773,173.4226133803774,611.8378198938103,15.321956062531854,14.193304082500278,13.201490033832725,1.1286519800315755,0.9918140486675532,1.0686519800315755,14.007304082500278,5.757304082500278,0.7850882214999763
122.7199599706586,-48.87042265190919,242.82181940183983,611.8009697776926,14.796017510823926,13.86384258506072,13.440322030796573,0.9321749257632064,0.4235205542641473,0.8721749257632063,13.67784258506072,5.42784258506072,0.8549466558377828
122.3901316482954,-48.973197030650766,606.9774691808744,611.5579692852901,14.833566882897347,13.956786770327405,13.524881737852851,0.8767801125699428,0.4319050324745532,0.8167801125699428,13.770786770327405,5.520786770327405,0.8327667934445967
122.180234298339,-49.03809651959676,838.0932097663305,611.677158540297,14.930852753524396,14.2083140293108,13.835373421348155,0.7225387242135959,0.3729406079626454,0.6625387242135958,14.0223140293108,5.772314029310801,0.7838016546305029
122.0262903938388,-49.08499780035041,1007.005066995696,611.2812763283289,15.608516695419166,14.562191444041304,14.144754450633997,1.046325251377862,0.417436993407307,0.986325251377862,14.376191444041304,6.126191444041304,0.7534693047964597
122.48262322888432,-48.94777331037619,507.1259616411256,616.0994580667876,13.092514760624027,11.882114059220628,11.167061767090184,1.2104007014033993,0.7150522921304443,1.1504007014033992,11.696114059220628,3.446114059220628,1.500863542395416
122.59319888316044,-48.91113829646059,383.637817803673,613.156382596111,15.221385816518566,14.167879409734498,13.856810729573326,1.0535064067840685,0.3110686801611724,0.9935064067840684,13.981879409734498,5.731879409734498,0.7872674791656145
122.11984916302168,-49.05842081104563,905.6038600865588,614.1244933067308,15.460159698576602,14.416927440362567,13.863627431451285,1.0432322582140348,0.5533000089112825,0.9832322582140347,14.230927440362567,5.980927440362567,0.76592050511178
122.61671412948844,-48.90675922883283,359.5928478562115,617.235664512086,16.055588081855102,14.938808519920707,14.62795274815539,1.1167795619343952,0.3108557717653166,1.0567795619343952,14.752808519920707,6.502808519920707,0.7211878411496537
122.59965505881382,-48.91555682199703,380.7014457600137,621.9826584026777,14.416130390091409,13.73369760288623,13.223413238065064,0.6824327872051796,0.5102843648211657,0.6224327872051796,13.54769760288623,5.297697602886229,0.8860039811294227
122.37567366730518,-48.98638317346024,628.5526687312553,623.5101327771474,16.18945266076889,14.981892634575914,14.932201185340958,1.2075600261929758,0.049691449234956,1.1475600261929757,14.795892634575914,6.545892634575914,0.7174949170363503
122.4809115386892,-48.953492770808985,512.3856890351155,623.2168469770777,14.38158068925302,13.302077882878605,12.728992773777154,1.079502806374416,0.5730851091014504,1.019502806374416,13.116077882878605,4.866077882878605,0.9890041415857876
122.3663796531824,-48.99024488027303,639.429060642954,624.85932340365,16.50544580943401,16.320600439965034,15.26627676766083,0.1848453694689773,1.0543236723042035,0.12484536946897731,16.134600439965034,7.884600439965034,0.6002577386697748
122.20027918234176,-49.0424920103103,822.8635631144158,626.1957970412118,15.44021716136572,14.467100158172183,14.217090471677892,0.9731170031935364,0.2500096864942911,0.9131170031935365,14.281100158172183,6.031100158172183,0.7616199864423844
122.80561403217314,-48.85467761427158,155.3354664896575,627.1555394511747,14.6058817512485,13.55493122376065,13.16478491024058,1.0509505274878492,0.39014631352007,0.9909505274878492,13.36893122376065,5.118931223760651,0.9286641397843902
122.10999673265638,-49.07515126293816,925.2458855415566,632.9809646298851,10.242167963324736,9.227788422779437,8.723644588716297,1.014379540545299,0.5041438340631395,0.954379540545299,9.041788422779437,0.7917884227794367,3.4547808389970136
122.63964819260568,-48.90726436064443,339.2594425978943,627.7690689479366,15.305901323068753,14.470947488922386,13.718410059692674,0.8349538341463667,0.7525374292297116,0.7749538341463666,14.284947488922386,6.034947488922386,0.7612902152352241
122.29001499345314,-49.01700025933464,725.5496952860263,629.1723847537603,12.10153379161339,11.340684391650283,10.95957099683338,0.7608493999631065,0.3811133948169036,0.7008493999631065,11.154684391650283,2.9046843916502834,1.6476578041748584
122.82901053181769,-48.85204489996122,132.53209145564574,633.6524488339415,15.878048272212425,14.649761850781417,14.466606645542596,1.228286421431008,0.1831552052388207,1.168286421431008,14.463761850781417,6.213761850781417,0.7459632699330214
122.78576465146168,-48.866573256375354,181.0151528278396,634.8820632933187,15.353842886824904,14.4781271576095,14.00756475475928,0.8757157292154041,0.47056240285022,0.815715729215404,14.2921271576095,6.0421271576094995,0.7606748150620429
122.7934718022018,-48.86563001550368,173.45452685960657,636.9146213315456,14.963627141376582,14.367773919017433,13.803627264930023,0.5958532223591497,0.5641466540874092,0.5358532223591497,14.181773919017433,5.931773919017433,0.7701336640842201
122.04771239994476,-49.09704855326913,995.4369380726324,636.8751037701938,14.3734738579518,13.52046714715823,13.125692915501109,0.8530067107935704,0.3947742316571219,0.7930067107935703,13.33446714715823,5.084467147158231,0.9368885217008769
122.60191439727748,-48.927735941621286,386.6080474310087,639.6506969032839,14.752870283146024,13.76627552008904,13.346400597917269,0.9865947630569832,0.4198749221717719,0.9265947630569833,13.58027552008904,5.330275520089041,0.8782297054332973
122.8848038736013,-48.841080901285565,75.07763825824014,642.7622832856067,14.296047778663178,13.379320801284935,12.913192614703297,0.9167269773782428,0.4661281865816384,0.8567269773782429,13.193320801284935,4.943320801284935,0.9705711724206405
122.75893113391918,-48.87902877842525,213.3459818935176,640.3747112650543,16.57618679716732,15.329289540574448,14.641536010748002,1.246897256592872,0.6877535298264466,1.186897256592872,15.143289540574449,6.8932895405744485,0.687718039379333
122.59118846428026,-48.93362833385175,400.1112542402528,643.1340740485641,14.89795274413969,14.00353976902673,13.55519717537696,0.8944129751129601,0.4483425936497696,0.8344129751129601,13.81753976902673,5.56753976902673,0.821609827845894
122.46912543601177,-48.97122547854219,534.5269404233673,642.5202149605357,15.198340148764782,14.043465966947355,13.32183328527702,1.1548741818174264,0.7216326816703358,1.0948741818174264,13.857465966947355,5.607465966947355,0.8120819851602903
122.69432036590732,-48.90270760065818,287.0346968802514,645.0088473576747,14.423087262487314,13.2979276795619,12.61897351981618,1.1251595829254146,0.6789541597457198,1.0651595829254146,13.1119276795619,4.8619276795619,0.9899945310136377
122.86730119924351,-48.84928691928558,96.23291387616284,646.4239977536081,15.128471460466962,14.261924385837752,13.669491750810444,0.8665470746292101,0.5924326350273077,0.80654707462921,14.075924385837752,5.825924385837752,0.779206481213907
122.29172016297008,-49.03031205388861,732.6200590553502,648.1845337659543,16.00148371490093,15.940390368680893,15.690135413683963,0.0610933462200389,0.2502549549969295,0.0010933462200388988,15.754390368680893,7.504390368680893,0.6340541894505873
122.11390004829536,-49.08483694052175,927.9603410099198,647.9488057976065,14.331168230497672,13.426559017751863,12.85209595300408,0.9046092127458092,0.5744630647477837,0.8446092127458091,13.240559017751863,4.990559017751863,0.9592984162183055
122.8924503028686,-48.84345879891712,69.75407451180466,649.3253069513364,14.949551530944184,13.860480153696438,13.178724255965134,1.0890713772477465,0.6817558977313034,1.0290713772477464,13.674480153696438,5.424480153696438,0.855749054231532
122.71926845237743,-48.89947367237893,262.4509123005768,651.306800962936,14.733799537527409,13.836665643269678,13.321861530711011,0.8971338942577312,0.5148041125586662,0.8371338942577311,13.650665643269678,5.400665643269678,0.8614320624015543
122.49762281493248,-48.96958568273696,507.7939275231821,652.4343951655236,15.052206071788516,14.045165982196528,13.502304506923736,1.0070400895919889,0.542861475272792,0.9470400895919888,13.859165982196528,5.609165982196528,0.8116762997031014
122.3440425351678,-49.0168734210627,676.7982244230941,651.9338243352456,15.58929878610778,14.624189994443809,13.96628715260826,0.9651087916639708,0.6579028418355488,0.9051087916639708,14.438189994443809,6.188189994443809,0.7481551433333878
122.49197817512976,-48.97284424777072,514.9962174581071,654.4952912314028,15.203733491077326,13.985131394208354,13.394819703504666,1.218602096868972,0.5903116907036878,1.1586020968689719,13.799131394208354,5.549131394208354,0.8260027354730065
122.37168547034864,-49.009412398868825,647.0687407419554,653.4365613664975,15.696062065481712,15.36152730835544,14.643458549551037,0.3345347571262724,0.718068758804403,0.2745347571262724,15.17552730835544,6.92552730835544,0.6849548021409624
122.36367169853476,-49.014699384788486,657.7115753203332,657.2896657955807,14.774494756852384,14.05322747777765,13.48914588543835,0.7212672790747341,0.5640815923392992,0.661267279074734,13.86722747777765,5.61722747777765,0.8097525337121517
122.53938677034198,-48.9593603368092,463.5290804524184,656.2528219174469,15.639073603873207,14.518349655231292,13.735586833887613,1.1207239486419152,0.7827628213436792,1.060723948641915,14.332349655231292,6.082349655231292,0.7572271724087465
122.4287877947071,-48.99525330808086,586.4603090573179,658.3005986371153,13.733099420202713,12.87812172742766,12.403495909377831,0.8549776927750532,0.4746258180498284,0.7949776927750531,12.69212172742766,4.44212172742766,1.162821744250399
122.33725081432792,-49.02357448513028,687.2534883557411,658.2525180266805,14.00953379260146,12.89052983499879,12.29238482634119,1.1190039576026702,0.5981450086575997,1.0590039576026702,12.70452983499879,4.454529834998789,1.1573931971880298
122.32431881310949,-49.02687903797359,701.038861185609,657.3004489182094,16.148204080800625,14.96974426121152,14.701964420247744,1.1784598195891045,0.2677798409637759,1.1184598195891045,14.78374426121152,6.53374426121152,0.7185362061818698
122.88425379841073,-48.85533186517578,84.93872338221708,662.0292218260186,14.19169680997022,13.168235180819655,12.694553217239768,1.0234616291505638,0.473681963579887,0.9634616291505638,12.982235180819655,4.732235180819655,1.036568674658477
122.5157397819262,-48.970217369306496,491.8894247095936,661.0393910002911,14.59010123890642,13.630621575972969,13.235975442510291,0.959479662933452,0.3946461334626772,0.899479662933452,13.444621575972969,5.194621575972969,0.9106016693700871
122.39234553664396,-49.00835380982212,627.7763867656643,660.7706325576156,16.848755208062656,15.961988893506325,15.001449859701976,0.8867663145563309,0.9605390338043484,0.8267663145563309,15.775988893506325,7.525988893506325,0.6321343205772156
122.69401821596914,-48.91686320253018,296.561435747947,664.2769966813865,14.645590653867597,13.872158138559447,13.302106024473249,0.7734325153081496,0.5700521140861987,0.7134325153081496,13.686158138559447,5.436158138559447,0.8529622623892229
122.25204252888786,-49.05395061969772,783.6302921115007,663.8508565069249,15.501595894403511,14.357770073079768,14.184725495777366,1.1438258213237429,0.1730445773024023,1.0838258213237428,14.171770073079768,5.921770073079768,0.7709911365931628
122.40910193326484,-49.00711371320935,611.8830644784307,666.1990906410069,14.5524867094277,13.696796516877576,13.102363657104409,0.8556901925501244,0.5944328597731676,0.7956901925501243,13.510796516877576,5.260796516877576,0.8948099221087603
122.14069705550868,-49.09297961090139,909.06626835197,670.4475585858324,11.255390135506335,10.509902041681972,10.137762058729187,0.7454880938243633,0.3721399829527847,0.6854880938243633,10.323902041681972,2.073902041681972,2.1031710568056594
122.05172796728915,-49.11682309447885,1004.5189955874152,665.7740705303216,15.794334985125491,15.53122459575487,14.788698402299518,0.2631103893706221,0.7425261934553511,0.2031103893706221,15.34522459575487,7.095224595754869,0.6704093203638684
122.34280475965836,-49.03102122281536,687.0732969853098,670.8389919568392,11.221266069157418,10.622016045651124,10.419257048219317,0.5992500235062934,0.2027589974318075,0.5392500235062934,10.436016045651124,2.186016045651124,2.011441417194535
122.10745988816367,-49.10434336566434,946.309046997065,672.0651519612958,13.73422560310556,12.597477901368878,11.983230477299932,1.1367477017366827,0.614247424068946,1.0767477017366827,12.411477901368878,4.161477901368878,1.285603418151116
122.2577321109253,-49.05858755314993,781.5018670745415,672.632205086236,14.223161365132665,13.241643157694936,12.72736365713389,0.9815182074377288,0.5142795005610452,0.9215182074377288,13.055643157694936,4.805643157694936,1.0059820176271101
122.31606641403523,-49.04013590519626,717.0482292192679,672.0080606221203,14.667406939698182,13.84774871412178,13.366889765813209,0.8196582255764024,0.4808589483085708,0.7596582255764024,13.66174871412178,5.41174871412178,0.8587872386754845
122.2458295759813,-49.061837794775904,794.318384110228,672.0594739064244,15.47634623164521,14.351506690726694,14.083734153240986,1.124839540918515,0.2677725374857083,1.064839540918515,14.165506690726694,5.915506690726694,0.771527997937712
122.82790129826672,-48.88171349697906,152.9992809958188,673.794683485208,15.907226211271276,15.649261934079371,14.773144557556735,0.2579642771919044,0.876117376522636,0.1979642771919044,15.463261934079371,7.213261934079371,0.6599322725262781
122.0079271589112,-49.141428603290336,1059.754498552113,681.2304453710444,14.341918772106345,13.521089222102464,12.95849473534541,0.8208295500038805,0.5625944867570549,0.7608295500038804,13.335089222102464,5.085089222102464,0.9367400719982756
122.4955564612151,-48.99011993492328,523.006564028696,679.7267971542232,15.23615366072148,14.143663914739342,13.832731776135722,1.092489745982137,0.3109321386036203,1.032489745982137,13.957663914739342,5.707663914739342,0.7893430930223422
122.023113052897,-49.13614766384735,1042.6927914693913,680.3396181922271,16.196123102787556,15.244872822716305,14.78478077505962,0.9512502800712516,0.4600920476566852,0.8912502800712516,15.058872822716305,6.808872822716305,0.6949537580528882
122.3521985156272,-49.03797232878915,683.1170460574979,684.3752423385251,14.692881556353724,13.770087846970029,13.344098747032838,0.9227937093836952,0.4259890999371905,0.8627937093836953,13.584087846970029,5.334087846970029,0.8773199456094251
122.49727471546626,-48.99423530382642,524.1357055755037,686.1067841795552,14.934337027362217,13.881771515936324,13.529595378369503,1.0525655114258932,0.3521761375668202,0.9925655114258931,13.695771515936324,5.445771515936324,0.8506681609697411
122.3337116891988,-49.04550530484784,704.6367695165558,686.8717245056179,15.455898732332724,14.26932442265903,13.622698010611709,1.1865743096736932,0.646626412047322,1.126574309673693,14.08332442265903,5.833324422659031,0.7785721923435117
122.07170210111482,-49.12536498387034,992.0206826856072,685.9288764331873,15.626211257242169,14.448109305758283,13.821467797581263,1.1781019514838853,0.6266415081770198,1.1181019514838852,14.262109305758283,6.012109305758283,0.7632477737921471
122.80767424620846,-48.89794006205539,181.8518215952039,687.2860471221649,16.63685999136642,15.385115638870998,14.398057031313927,1.2517443524954237,0.9870586075570706,1.1917443524954237,15.199115638870998,6.949115638870998,0.6829329452396288
122.65443519084776,-48.946393709320205,351.4924787568688,687.7515590032988,16.426959860002512,15.81442961751207,15.46776002466701,0.6125302424904415,0.3466695928450605,0.5525302424904415,15.62842961751207,7.3784296175120705,0.6452507006655938
122.7296980170276,-48.924993505689336,269.7593033592328,690.7573485811287,15.674570655542285,14.897649832331217,14.095749524496028,0.7769208232110678,0.8019003078351883,0.7169208232110678,14.711649832331217,6.461649832331217,0.7247157286573243
122.79966319464236,-48.90360501005798,192.7770363733116,691.5892303594945,15.119225361414957,14.464910682768332,13.97111727105638,0.6543146786466245,0.4937934117119518,0.5943146786466245,14.278910682768332,6.028910682768332,0.7618076557627144
122.08938605311526,-49.12445018675738,975.5122832068946,692.1122724126882,15.343639989351669,14.158656578118704,13.842508249349528,1.184983411232965,0.3161483287691755,1.1249834112329649,13.972656578118704,5.722656578118704,0.7880580075898255
122.06988840024948,-49.1300208910701,996.6453441663408,691.5715697657661,15.25283219063369,14.404203684741388,13.766263738754112,0.848628505892302,0.6379399459872754,0.7886285058923019,14.218203684741388,5.968203684741388,0.7670111127364525
122.72500680966598,-48.927342978258395,275.51906768110786,691.9586538399325,15.483363644369254,14.568848306971814,13.976073681751831,0.9145153373974396,0.5927746252199828,0.8545153373974397,14.382848306971814,6.132848306971814,0.7528987165452731
122.26342527003214,-49.07029318225196,783.9380734611418,691.128266588445,16.292847156434316,16.416268941776703,15.693059705628292,-0.1234217853423871,0.7232092361484117,-0.1834217853423871,16.230268941776703,7.980268941776703,0.5917538718420708
122.18738561588712,-49.09452511145104,868.0262595047122,692.278450235403,15.83877085404809,14.831459034965576,14.573657073328926,1.0073118190825134,0.25780196163665,0.9473118190825134,14.645459034965576,6.395459034965576,0.7303892255743792
122.82674186750332,-48.89644589478367,163.70996158607912,693.4654805628921,15.369201134725644,14.289173794143569,13.633635656190968,1.0800273405820755,0.6555381379526004,1.0200273405820754,14.103173794143569,5.853173794143569,0.776870817644837
122.31117443989802,-49.05716734351556,732.4707860431342,693.3287296164857,16.550460738261147,15.665556183156822,14.97626523655054,0.8849045551043258,0.6892909466062811,0.8249045551043257,15.479556183156822,7.229556183156822,0.6584838948305047
122.41129163894298,-49.02898789899575,624.101157818528,697.160681326403,14.615341794452192,13.415859035340988,12.691128621840424,1.1994827591112038,0.7247304135005646,1.1394827591112038,13.229859035340988,4.979859035340988,0.9618518211118097
122.7045314519533,-48.93869755726936,301.3745263357907,698.7144525577053,15.172397766039744,14.249587779014623,13.542824667318657,0.9228099870251204,0.7067631116959667,0.8628099870251205,14.063587779014624,5.8135877790146235,0.7802639046558895
122.58480728955875,-48.97619629149375,433.6054996783277,698.7739433227769,16.64617304119272,16.116522139474284,15.3474214382059,0.529650901718437,0.7691007012683837,0.469650901718437,15.930522139474284,7.680522139474284,0.6183980320467303
