ra,dec,x_v,y_v,B_mag,V_mag,R_mag,B-V,V-R,B-V_0,V_0,V-R_0
122.4622383963519,-48.50734550263564,239.4067980837336,2.9406144299334014,12.805953425006637,12.252208554565398,12.292994315981057,0.5537448704412391,-0.040785761415659,0.4837448704412391,12.035208554565397,0.008214238584340991
122.10798426751204,-48.61651388507331,632.0650576165172,1.2675086313018795,12.857597917594603,11.564398837604648,11.024687214701506,1.2931990799899555,0.5397116229031411,1.2231990799899555,11.347398837604647,0.588711622903141
122.04768895565684,-48.63888717468957,701.2670482137827,6.413905909750036,14.377226660083783,13.2106620482402,12.729620237566186,1.166564611843583,0.4810418106740144,1.096564611843583,12.9936620482402,0.5300418106740143
122.60997876158632,-48.46555538332989,77.89523784446575,9.394762410233575,13.50510585575935,12.874737579274353,12.619465331191504,0.6303682764849974,0.2552722480828482,0.5603682764849973,12.657737579274352,0.3042722480828482
122.16629787081776,-48.60524886573998,571.7941407328389,10.616284177510378,11.927976540905648,10.920936174595198,10.566167138597788,1.0070403663104504,0.3547690359974105,0.9370403663104503,10.703936174595198,0.4037690359974105
122.52830176184304,-48.491540627509714,169.07251971963044,9.73573714939794,13.809095337635917,13.303972388931737,13.327108768847577,0.5051229487041802,-0.0231363799158401,0.43512294870418017,13.086972388931736,0.025863620084159888
122.2533503614226,-48.5783578841864,475.3073426355399,10.822252084029984,13.706451408030295,12.737758031707688,12.557976223378803,0.9686933763226068,0.1797818083288849,0.8986933763226068,12.520758031707688,0.2287818083288849
121.82375531972134,-48.70791261221604,949.0668326260874,6.7165794004498505,14.95841900737876,13.814172970709004,13.010653508112638,1.144246036669756,0.8035194625963662,1.074246036669756,13.597172970709003,0.8525194625963661
121.79309727173056,-48.72202194289403,985.942361145422,13.246202838877712,11.884760971860343,10.919242555765084,10.642038552951382,0.965518416095259,0.2772040028137024,0.895518416095259,10.702242555765084,0.3262040028137024
121.77126193448504,-48.72771475052624,1009.4245269827596,11.903015716918429,13.86148996827512,12.782126709116604,12.562405032030236,1.0793632591585158,0.2197216770863672,1.0093632591585158,12.565126709116603,0.2687216770863672
122.12302645393804,-48.62078798985231,621.1381540705574,13.549798614044324,12.935812442364426,11.686246301833911,11.1447094887581,1.249566140530515,0.5415368130758118,1.179566140530515,11.46924630183391,0.5905368130758117
122.1580513679642,-48.61286247134593,584.1952929044432,17.57020251299447,11.932597816349736,10.917686125294638,10.56144496584778,1.0149116910550973,0.3562411594468582,0.9449116910550972,10.700686125294638,0.4052411594468582
121.98777262084288,-48.66290993508243,771.1547021150215,14.057331909641572,14.904787012263531,14.291258017005632,13.733250333661044,0.6135289952578997,0.558007683344588,0.5435289952578997,14.074258017005631,0.6070076833445879
122.22862404271548,-48.594574717945626,508.2535972269162,22.54233643335108,14.07858405841931,13.429704567965574,13.12171047231574,0.6488794904537354,0.3079940956498337,0.5788794904537353,13.212704567965574,0.3569940956498337
121.74544034725356,-48.74764974659994,1045.5968431066992,28.527684052723497,12.10096428410981,11.20125873504539,10.931392995079756,0.8997055490644215,0.269865739965633,0.8297055490644214,10.984258735045389,0.318865739965633
122.49188146074296,-48.51438967628398,217.0383642919236,25.379001316354532,15.008308113659272,13.58125573722764,13.28765720421825,1.4270523764316323,0.2935985330093889,1.3570523764316322,13.364255737227639,0.34259853300938886
122.24762682904635,-48.595716148324975,491.71871625467406,32.23132288822218,13.239596652904984,12.504855282097877,12.372821316971567,0.7347413708071073,0.1320339651263093,0.6647413708071073,12.287855282097876,0.1810339651263093
121.93166289141232,-48.69281859064065,841.318174782266,31.482898140645464,12.827584448776962,11.663596303522278,11.21156596980499,1.1639881452546843,0.4520303337172873,1.0939881452546842,11.446596303522277,0.5010303337172872
122.11099290110504,-48.6419016407565,645.6592723780989,37.470082508029485,13.799396132363666,12.489860305451446,12.201696996332709,1.3095358269122208,0.2881633091187368,1.2395358269122208,12.272860305451445,0.33716330911873676
122.38501175947452,-48.553408712273,339.49213948029325,32.96725114654515,10.80356332874502,9.838076628666212,9.560650526029892,0.9654867000788075,0.2774261026363191,0.8954867000788076,9.621076628666211,0.3264261026363191
122.33010093905123,-48.57143839395126,401.0715381479818,34.17309352377556,15.428967239317643,13.280577635201611,12.667790652907575,2.1483896041160317,0.6127869822940362,2.078389604116032,13.06357763520161,0.6617869822940361
122.50751159142848,-48.51685308334591,204.4356093196127,35.49662371648958,14.543071740220933,13.5145047573667,13.296365057605083,1.0285669828542332,0.2181396997616165,0.9585669828542331,13.2975047573667,0.2671396997616165
122.4069166464169,-48.5506947004049,317.8264981676662,38.649460912748694,12.406857551948612,11.441642106440057,11.239726986721363,0.9652154455085552,0.2019151197186932,0.8952154455085553,11.224642106440056,0.2509151197186932
122.08559190772374,-48.6494784252784,673.6159979523318,37.09140600150342,13.984380637700148,12.850351634299209,12.537958179747296,1.13402900340094,0.3123934545519127,1.0640290034009399,12.633351634299208,0.3613934545519127
122.43376322628062,-48.54257255291693,288.1613834922289,39.039134331341,11.587072550076604,10.70010958020656,10.5233454014273,0.8869629698700443,0.1767641787792602,0.8169629698700442,10.483109580206559,0.2257641787792602
122.0572415527134,-48.65915968153739,705.6017340586329,38.36679190157038,13.488923628037366,12.465540499063442,12.067373572513532,1.023383128973924,0.3981669265499103,0.9533831289739239,12.248540499063441,0.4471669265499103
122.5564593356706,-48.504213972818306,151.73152801519768,39.27681898151178,15.662635473715962,15.24993190121261,14.131895594600175,0.4127035725033519,1.118036306612435,0.34270357250335187,15.03293190121261,1.167036306612435
122.00317145877072,-48.67867652676017,767.2660849444796,42.28731180130255,15.62103522600412,14.029065301690569,13.35344601595722,1.5919699243135508,0.6756192857333492,1.5219699243135507,13.812065301690568,0.7246192857333491
122.29327582657812,-48.58682519969304,444.48936223331714,39.53892195013136,14.862621287146736,14.05127254968441,13.697651254883574,0.8113487374623247,0.3536212948008366,0.7413487374623247,13.83427254968441,0.4026212948008366
122.07505912717671,-48.65695912182052,687.9956904000567,42.907258395057255,13.26920639411608,12.10678968047144,11.724767719532355,1.1624167136446406,0.3820219609390847,1.0924167136446405,11.88978968047144,0.4310219609390847
121.93019674501836,-48.70180112411871,848.3993305187264,43.2328268192179,12.798153882495406,11.67213248189354,11.209972509629974,1.126021400601866,0.4621599722635654,1.056021400601866,11.45513248189354,0.5111599722635654
121.86504708184022,-48.72145213150424,920.1730681778372,42.78470238640136,14.784731012270232,14.458769369266951,14.975299940852686,0.3259616430032803,-0.5165305715857347,0.2559616430032803,14.241769369266951,-0.4675305715857347
122.58628770428248,-48.498627173023664,120.9888401765708,44.50046357351155,16.272671089848707,15.402762368028991,13.574781084099564,0.8699087218197157,1.827981283929427,0.7999087218197156,15.18576236802899,1.8769812839294269
122.38505315560232,-48.564273027404354,346.49633379985136,47.903473573918795,12.25008103365552,11.380923730699331,11.11476432029945,0.8691573029561894,0.2661594103998812,0.7991573029561894,11.16392373069933,0.3151594103998812
121.82413514628114,-48.73848532536145,968.2283694051464,49.00695867894319,14.852725470367744,13.96624140950862,14.11780834873437,0.8864840608591251,-0.1515669392257503,0.8164840608591251,13.749241409508619,-0.1025669392257503
122.32290967736532,-48.58435819664981,415.96664124598885,48.83921599881277,15.00884496977585,13.793637815695025,13.34354937052622,1.2152071540808258,0.4500884451688041,1.1452071540808257,13.576637815695024,0.4990884451688041
122.21309206565438,-48.622912721545134,540.6521365967327,54.86330025828677,13.623866439716323,12.82624825064346,12.649043915312523,0.797618189072864,0.177204335330936,0.7276181890728639,12.609248250643459,0.22620433533093598
122.1817939930058,-48.632244133884534,575.1049740222268,54.34158977105496,13.351115922344556,12.27390947955914,12.072957672623538,1.0772064427854158,0.2009518069356026,1.0072064427854157,12.05690947955914,0.2499518069356026
122.2962773655985,-48.59690383673395,448.278259061741,54.6710455591689,14.886260228568313,14.270061338202815,13.983394446490898,0.6161988903654976,0.286666891711917,0.5461988903654975,14.053061338202815,0.335666891711917
122.05253223930475,-48.672128841332665,718.2100936499514,54.21326691613244,15.477752712841136,14.095537713638214,13.998865261225854,1.3822149992029225,0.0966724524123598,1.3122149992029224,13.878537713638213,0.1456724524123598
122.22970346330412,-48.61865008660497,522.8097274280711,56.095293423646865,13.89793484142197,13.058895152738554,12.741944732784324,0.8390396886834157,0.3169504199542299,0.7690396886834157,12.841895152738553,0.3659504199542299
121.90819157978324,-48.72005096425403,880.0711498958923,59.06728470488855,12.44791948927811,11.724877443278148,11.62758187187861,0.7230420459999625,0.0972955713995382,0.6530420459999624,11.507877443278147,0.1462955713995382
122.42978029052622,-48.55708653187883,301.1997857044664,57.25072659480316,13.514533905257288,12.374442590806844,12.270256568635125,1.1400913144504443,0.104186022171719,1.0700913144504443,12.157442590806843,0.153186022171719
122.08325612551404,-48.66750037066603,687.3219298970547,60.892783949775,14.26046637684512,12.698938761123022,12.276611029016808,1.5615276157220972,0.4223277321062149,1.4915276157220971,12.481938761123022,0.47132773210621487
122.33205783028252,-48.589755083386684,411.1478115728492,60.17195976273667,15.4744151888347,14.546495928650783,14.07232298578621,0.9279192601839164,0.4741729428645733,0.8579192601839163,14.329495928650783,0.5231729428645733
122.27695758458296,-48.60818452219934,473.1216271220537,61.9055816826828,15.69386089575529,14.61656371766926,14.508772850361648,1.0772971780860292,0.107790867307612,1.0072971780860291,14.39956371766926,0.156790867307612
122.19869575974852,-48.6321256201464,559.6730140651728,61.386113554489505,13.59625224021119,12.516660123731386,12.218381337023535,1.0795921164798037,0.2982787867078507,1.0095921164798036,12.299660123731385,0.3472787867078507
122.67174197233368,-48.485814975040235,34.997159283429724,63.915817966474975,15.261049707070558,14.604786121952191,14.456867112121383,0.6562635851183671,0.147919009830808,0.5862635851183671,14.38778612195219,0.19691900983080798
122.00893282503164,-48.69539139786048,772.7509536973157,67.73620575158066,12.923617379955225,12.271139699158644,12.142075791594054,0.6524776807965811,0.1290639075645892,0.582477680796581,12.054139699158643,0.17806390756458917
122.22215576292017,-48.62979610109359,536.8588906358486,68.19364901618034,13.397112960198571,12.57768335750403,12.356642718642169,0.8194296026945409,0.2210406388618615,0.7494296026945408,12.36068335750403,0.27004063886186147
122.34433364530209,-48.59319243776925,402.2218006824605,70.1536619441436,15.852998010715773,15.059867968256786,15.015617797118558,0.7931300424589871,0.044250171138227,0.723130042458987,14.842867968256785,0.09325017113822698
122.1644029743906,-48.65073866623296,602.8206723504521,72.36025727017801,13.819280141665546,12.978347190370911,12.83512346471377,0.8409329512946346,0.1432237256571404,0.7709329512946346,12.76134719037091,0.19222372565714038
122.42014807506256,-48.5772534610796,323.03467945347273,80.7967425871272,11.547645654480911,10.438520264796953,10.082630682120358,1.1091253896839586,0.3558895826765944,1.0391253896839585,10.221520264796952,0.40488958267659436
122.27089910806907,-48.62006250671957,486.2999007384919,75.63694324592495,15.250252481788884,14.136548973496668,14.19030932987312,1.1137035082922164,-0.0537603563764523,1.0437035082922164,13.919548973496667,-0.004760356376452314
121.95723533307054,-48.71683770119749,833.4589218828156,75.37249500454898,15.073518191223808,14.187959077484717,13.49485596370108,0.8855591137390917,0.6931031137836374,0.8155591137390916,13.970959077484716,0.7421031137836374
122.4611096297552,-48.56257895616999,276.3088597016349,78.26242663404508,14.853502266075925,14.169642473678628,13.69975218216303,0.6838597923972962,0.4698902915155987,0.6138597923972962,13.952642473678628,0.5188902915155986
122.00916762002429,-48.701482244320744,776.4442522756676,76.21925118105649,12.883175743119176,12.135329793709476,12.003288419236938,0.747845949409701,0.1320413744725375,0.6778459494097009,11.918329793709475,0.1810413744725375
121.96940304909222,-48.71529768148705,821.4198980312536,78.39987642080177,14.80079877525884,13.773312063424076,13.391150064806858,1.027486711834765,0.3821619986172173,0.957486711834765,13.556312063424075,0.43116199861721727
122.59118209027152,-48.523368189362166,132.66999950769429,80.5449606481747,14.690394256823552,13.683667003903343,13.35830777885747,1.006727252920209,0.3253592250458741,0.9367272529202089,13.466667003903343,0.3743592250458741
122.07056390458142,-48.69091937789703,713.9000671946914,87.72286728986023,10.176823422399838,9.564301066325768,9.541830161497863,0.61252235607407,0.0224709048279052,0.54252235607407,9.347301066325768,0.07147090482790519
122.03119877618074,-48.708483173540664,760.926994195628,95.19198672340796,12.906686427812827,11.738697287100893,11.40532928200446,1.167989140711935,0.3333680050964318,1.0979891407119349,11.521697287100892,0.38236800509643176
121.91404044154493,-48.734575873274906,884.0481533765764,81.54232407729097,15.821717052914533,13.682192693310832,14.01277068775529,2.1395243596037012,-0.3305779944444591,2.0695243596037014,13.465192693310831,-0.28157799444445913
122.48301217930522,-48.56173854382835,255.87278559347573,86.53419047945074,15.185141996575704,14.0037308233309,14.106963868952064,1.181411173244804,-0.1032330456211649,1.111411173244804,13.786730823330899,-0.05423304562116492
121.98299140652324,-48.716988506176655,810.1614440631686,86.4783808990817,15.845293689275742,14.488513177903044,14.46888067220645,1.3567805113726976,0.0196325056965953,1.2867805113726976,14.271513177903044,0.06863250569659529
122.09245311867213,-48.68617326256578,690.9711835965718,90.48903999052942,12.454193824149954,11.504884683180254,11.390956105480791,0.9493091409696994,0.1139285776994629,0.8793091409696994,11.287884683180254,0.1629285776994629
121.95917559200988,-48.73041751784953,840.3941764863724,94.89057451735688,16.178456124095415,14.506995623126407,13.53365409543615,1.6714605009690082,0.9733415276902572,1.6014605009690082,14.289995623126407,1.0223415276902572
122.28997530669048,-48.628158581895185,474.20854542304784,94.91744207065555,16.06942531367954,14.792313523317388,15.352001812055274,1.277111790362154,-0.5596882887378865,1.207111790362154,14.575313523317387,-0.5106882887378865
122.59298969945958,-48.53565096649415,139.0357498098801,98.16982463175653,14.652000647774198,13.871316870014082,13.81651835713172,0.7806837777601157,0.0547985128823622,0.7106837777601156,13.654316870014082,0.10379851288236219
122.24460891200049,-48.64760970366976,527.9655988957766,102.2625279293714,17.75557489454237,14.819993642008749,14.754272517524807,2.9355812525336216,0.0657211244839413,2.8655812525336217,14.602993642008748,0.11472112448394128
122.4021344001974,-48.60056118675673,354.5091055047924,105.06167141868296,18.509350684380696,15.29766954461981,16.163547104658587,3.211681139760886,-0.8658775600387774,3.141681139760886,15.08066954461981,-0.8168775600387774
121.978951373445,-48.7313653929326,823.0440870069957,104.5607023977342,15.725329884093227,15.422222258424291,14.140000397739517,0.303107625668936,1.2822218606847748,0.233107625668936,15.20522225842429,1.3312218606847748
122.50659950018267,-48.57191747802666,241.07567342819576,110.65702086491166,13.387380022790223,12.88501901430796,12.76736683071648,0.5023610084822625,0.1176521835914812,0.4323610084822625,12.66801901430796,0.1666521835914812
122.21382520097048,-48.66342331365842,566.1184941441231,110.8634899179484,13.522104418748768,12.444855605445182,12.262537594925815,1.0772488133035854,0.1823180105193671,1.0072488133035853,12.227855605445182,0.2313180105193671
122.55813614066804,-48.55489006474466,183.21223482944572,109.51065985635395,13.891941169279926,13.327740118187153,13.377677094955793,0.5642010510927733,-0.0499369767686399,0.4942010510927733,13.110740118187152,-0.0009369767686399147
121.80717902072944,-48.79611812922642,1020.3937925680642,121.29376084970252,11.165141728777858,10.730671544075944,10.821946386567229,0.4344701847019134,-0.0912748424912841,0.3644701847019134,10.513671544075944,-0.04227484249128412
122.46917553592624,-48.59125405975791,287.61342204814224,121.08673948608244,11.666496630693077,10.860191600238068,10.724899371767124,0.8063050304550092,0.1352922284709432,0.7363050304550092,10.643191600238067,0.18429222847094318
122.38595247112708,-48.61509266185808,378.6194085056832,118.07202774135664,15.415698317066749,14.971748163304293,15.434601854512932,0.4439501537624561,-0.4628536912086396,0.3739501537624561,14.754748163304292,-0.41385369120863963
122.57539885704206,-48.5586125196909,169.96861036508685,122.06457084204337,14.328812744956004,13.252804656620995,13.048530645647848,1.0760080883350085,0.2042740109731475,1.0060080883350084,13.035804656620995,0.2532740109731475
122.53059947464526,-48.57238382946397,219.59524688970507,121.63541638486558,15.4476929933304,14.343975681652614,14.075836757731835,1.1037173116777854,0.2681389239207785,1.0337173116777854,14.126975681652613,0.31713892392077847
122.1949631542889,-48.68008080385242,593.9825271889204,125.72276869195996,15.112398446969056,14.14824371026048,14.413845330403005,0.9641547367085757,-0.2656016201425242,0.8941547367085756,13.93124371026048,-0.2166016201425242
122.52893415673566,-48.5772716996781,224.28748500920332,127.62342964263132,15.124998449872647,14.158211897783367,13.773950144504171,0.96678655208928,0.3842617532791959,0.8967865520892799,13.941211897783367,0.43326175327919586
122.57962823930626,-48.56391012550862,169.58249400403437,131.1552548912896,14.474100254192352,13.411523327247396,13.110333497399324,1.0625769269449563,0.3011898298480719,0.9925769269449563,13.194523327247396,0.3501898298480719
121.91742048339265,-48.76998943969756,903.6334906750365,131.74172717390752,15.51563067635005,17.53410812121977,15.646848913921207,-2.0184774448697205,1.8872592072985623,-2.0884774448697203,17.31710812121977,1.9362592072985623
122.56783024276156,-48.5667728150836,182.1539033049677,129.99088022698876,14.270045386036475,13.32650694858936,13.12109054652985,0.9435384374471152,0.2054164020595106,0.8735384374471151,13.10950694858936,0.25441640205951055
122.37804665228548,-48.627371907062326,393.75287455099794,131.54377270503264,15.08367744558424,14.0780343052277,13.996518453499643,1.0056431403565398,0.0815158517280565,0.9356431403565397,13.8610343052277,0.1305158517280565
122.2010909052785,-48.686948526391106,592.849592185877,137.7751049564715,15.050833402475025,13.85041859665191,14.058179327006584,1.2004148058231152,-0.2077607303546749,1.1304148058231152,13.633418596651909,-0.15876073035467492
122.50506640658789,-48.59440920019998,257.09428268871994,140.85756944316495,14.2237611011224,13.464887465986171,13.141907856028103,0.7588736351362293,0.3229796099580682,0.6888736351362292,13.247887465986171,0.37197960995806817
122.01772258453109,-48.74520000020986,796.7205899149259,140.01486813822285,15.462051956115957,14.419332166884857,13.99344874759161,1.0427197892311,0.4258834192932461,0.9727197892310999,14.202332166884856,0.47488341929324607
122.00811640913268,-48.75105146264587,809.1914627022054,144.00181515632923,14.425254092454502,13.464512440723878,13.217689950155124,0.9607416517306238,0.2468224905687535,0.8907416517306237,13.247512440723877,0.2958224905687535
121.81035066564502,-48.81133723792961,1027.2214348712848,143.60165231396414,11.211615459588234,10.596753567605049,10.612766491593453,0.6148618919831854,-0.0160129239884039,0.5448618919831854,10.379753567605048,0.03298707601159609
122.71533545992204,-48.528434571765246,23.28423248500646,141.21703416051955,14.613622100471424,13.95741516448256,13.584613556825772,0.6562069359888643,0.3728016076567879,0.5862069359888642,13.74041516448256,0.42180160765678787
122.22763314489292,-48.68199920684736,565.5715659445187,142.2853773312038,12.160151690378656,11.492896175165791,11.41051673506774,0.6672555152128652,0.0823794400980517,0.5972555152128651,11.27589617516579,0.1313794400980517
121.99129910396728,-48.756517882967344,827.9575783809034,144.40996688897584,14.056034538822065,13.391765680513346,13.124044725836647,0.6642688583087182,0.2677209546766992,0.5942688583087181,13.174765680513346,0.3167209546766992
121.80094517301492,-48.818561618672035,1040.3641325252297,149.60435797114468,11.234260098082578,10.63443002366994,10.63115971142384,0.5998300744126368,0.0032703122461015,0.5298300744126367,10.41743002366994,0.052270312246101486
122.28995368828188,-48.68457268004417,510.6971741028964,172.4189771570335,6.728609020457263,6.254085166373949,6.240126356890211,0.4745238540833139,0.0139588094837384,0.40452385408331387,6.0370851663739495,0.06295880948373839
122.72327833924594,-48.531015703625165,17.766653387056245,148.19686002293156,16.315778932988586,14.613027938328337,14.748793688863568,1.7027509946602493,-0.1357657505352314,1.6327509946602492,14.396027938328336,-0.08676575053523142
122.3132626506678,-48.66206086565453,474.9956493539089,151.45244663155717,11.881910384064636,11.206876704103006,11.037954869312076,0.6750336799616292,0.1689218347909307,0.6050336799616292,10.989876704103006,0.2179218347909307
122.41113887279016,-48.636343113872655,369.5441703050959,158.05187344244757,11.44679805443182,10.386119225021272,10.03674593435714,1.0606788294105485,0.3493732906641309,0.9906788294105484,10.169119225021271,0.3983732906641309
122.33126695039408,-48.6559221486538,454.6892286496414,150.72080161158937,13.486628383607584,12.706740078688144,12.351483905261142,0.7798883049194405,0.3552561734270014,0.7098883049194404,12.489740078688143,0.4042561734270014
122.42166554337004,-48.62794337554232,354.54540327802664,151.03679927582417,11.559483219100963,10.462684207344758,10.116974614299597,1.0967990117562056,0.3457095930451608,1.0267990117562056,10.245684207344757,0.3947095930451608
121.88292829717425,-48.79562561748008,951.3284179817286,152.5048906723465,15.349313100385698,14.614661666132308,14.464707514398013,0.7346514342533901,0.1499541517342955,0.66465143425339,14.397661666132308,0.19895415173429548
122.22886067881946,-48.69245555926313,571.205743265308,157.18097929940654,12.068083727547108,11.37942398959519,11.327781968257469,0.6886597379519177,0.051642021337722,0.6186597379519176,11.16242398959519,0.10064202133772199
122.13239032716372,-48.72369984019486,678.8606200383242,159.07603313543822,13.943771431681078,13.166097962884312,12.967093187873864,0.7776734687967668,0.1990047750104473,0.7076734687967667,12.949097962884311,0.2480047750104473
122.64717232540282,-48.56135040899349,106.63191572174522,156.82184747784925,14.649260631490105,13.956524519231314,13.530074060889635,0.6927361122587907,0.4264504583416784,0.6227361122587907,13.739524519231313,0.4754504583416784
121.99991076976688,-48.76416298410747,825.0453736354868,158.57674034899867,14.039787483026547,13.320001150190247,13.01525958130397,0.7197863328362999,0.3047415688862767,0.6497863328362998,13.103001150190247,0.35374156888627667
121.96385507722084,-48.77870320472128,867.0754462388078,163.34931487548397,14.356677838766188,13.873653802962115,13.624418461455493,0.4830240358040729,0.2492353415066226,0.4130240358040729,13.656653802962115,0.29823534150662256
122.52108443398376,-48.60497350110566,249.43457323326712,162.24720097975447,14.19512562198073,13.61274601087142,13.44552552537424,0.5823796111093085,0.1672204854971806,0.5123796111093084,13.39574601087142,0.2162204854971806
122.50532160120528,-48.61069222513065,267.45211239622677,163.30908191744163,15.031778645302738,14.461821854287365,14.662549599282595,0.5699567910153736,-0.2007277449952305,0.49995679101537355,14.244821854287364,-0.1517277449952305
122.45690077206176,-48.62732093112988,322.1785034296775,165.311135849856,14.84501346902594,14.070644813500335,13.7498503069809,0.7743686555256044,0.3207945065194355,0.7043686555256043,13.853644813500335,0.36979450651943546
122.3339971239361,-48.67435704391724,464.1442235348517,177.21060603283087,11.57426563559661,10.56820445694195,10.264329818699895,1.0060611786546598,0.3038746382420552,0.9360611786546598,10.35120445694195,0.35287463824205517
122.0910347122559,-48.741519860928406,727.839844876389,166.02640870289468,14.706943629767045,13.910377601646625,14.191567707086538,0.7965660281204201,-0.2811901054399133,0.72656602812042,13.693377601646624,-0.2321901054399133
122.06371416716824,-48.74965227950789,757.8495092622076,165.62768017837277,13.47508418228145,12.66297708003836,12.442816995295866,0.8121071022430897,0.2201600847424938,0.7421071022430896,12.44597708003836,0.26916008474249375
122.44201873291397,-48.63403907970021,340.0389734190999,168.1410629586409,14.938093439023834,13.72137204234198,13.56326852446319,1.216721396681855,0.1581035178787893,1.146721396681855,13.504372042341979,0.20710351787878928
122.17392770999236,-48.716834258853105,636.758696703948,167.29769616962835,12.198925728253627,11.43216211170184,11.397419960148392,0.7667636165517866,0.0347421515534485,0.6967636165517865,11.21516211170184,0.0837421515534485
122.143163153685,-48.7267998923543,671.0836031442279,167.91797472774886,13.892733381052434,13.12834037064569,12.841857400216355,0.764393010406744,0.2864829704293345,0.694393010406744,12.91134037064569,0.3354829704293345
122.08007895135104,-48.7448081335743,739.8918160272755,165.90230133450575,14.438055641080508,13.596497089738916,13.581689896675906,0.841558551341592,0.0148071930630102,0.7715585513415919,13.379497089738916,0.06380719306301019
122.34612502688252,-48.66558277011449,447.46473509610246,170.34779480318232,11.764977402971844,10.73284202579616,10.409994312906267,1.0321353771756847,0.3228477128898923,0.9621353771756846,10.51584202579616,0.37184771288989227
122.5979701466986,-48.5854278190613,166.96870334193727,168.57950798240327,11.41497624497766,10.907531627611938,11.000599437081616,0.5074446173657226,-0.0930678094696784,0.43744461736572254,10.690531627611938,-0.04406780946967841
121.83030510893823,-48.82449471521014,1017.509959179275,170.1243041677835,12.998819812127904,12.327425070952415,12.274042868240056,0.6713947411754884,0.0533822027123598,0.6013947411754883,12.110425070952415,0.10238220271235979
122.18337720771194,-48.71974975026777,630.0665820067093,175.3274108174143,11.443260588891269,10.68756390230505,10.590715628783638,0.7556966865862194,0.0968482735214113,0.6856966865862193,10.470563902305049,0.14584827352141128
122.6366307492512,-48.58089646758776,128.95215341716045,179.06113889753595,12.591422903309583,11.578691271882754,11.30837360211178,1.0127316314268295,0.2703176697709732,0.9427316314268295,11.361691271882753,0.3193176697709732
122.60118069061087,-48.59335829517656,169.22806882538103,180.83978843842817,11.40966987267181,10.89964340966541,10.965057677500893,0.5100264630063993,-0.0654142678354823,0.4400264630063993,10.68264340966541,-0.01641426783548232
121.9514228813714,-48.79305457794076,887.5445968002178,177.8578013859803,14.94973580205508,16.07117262463444,15.378806347765634,-1.1214368225793585,0.692366276868805,-1.1914368225793586,15.854172624634439,0.741366276868805
122.01510812942286,-48.773905267257355,817.5077567535324,178.41628441151957,14.806719582745917,14.267190297649108,13.48805015685932,0.5395292850968083,0.7791401407897887,0.4695292850968083,14.050190297649108,0.8281401407897886
122.00091243239444,-48.77802835207224,833.0277529680286,178.0857735308266,14.620035327878718,14.389137071997188,13.942583829647464,0.2308982558815291,0.446553242349724,0.1608982558815291,14.172137071997188,0.495553242349724
122.10257948368329,-48.74834647972649,721.7576664884908,180.31643656379728,14.430095020675044,13.813044302226702,13.582229818224215,0.6170507184483416,0.2308144840024866,0.5470507184483415,13.596044302226701,0.2798144840024866
122.54088621188852,-48.61387252438802,237.26749174993083,182.9818107130531,13.381211222690018,12.47794178961012,12.132251579172925,0.9032694330798972,0.3456902104371959,0.8332694330798971,12.26094178961012,0.3946902104371959
122.0479111969671,-48.76508821002356,782.0972172857377,180.17052045712603,14.95498439752214,13.916436056158332,13.627588031002484,1.038548341363807,0.2888480251558487,0.968548341363807,13.699436056158332,0.33784802515584866
122.1801523057222,-48.72933293179499,639.1676783787788,187.13098480304515,11.520910033775795,10.804348606451809,10.73056567906371,0.7165614273239864,0.0737829273880983,0.6465614273239864,10.587348606451808,0.12278292738809829
122.20324531144772,-48.72304754789761,614.1745402999187,188.3187131371664,12.784439635748184,11.73732674357608,11.506500826206674,1.0471128921721036,0.2308259173694065,0.9771128921721035,11.52032674357608,0.2798259173694065
121.88381071684304,-48.82203017545263,967.4039262351516,189.2487845044768,13.63983362956493,12.911825574623975,12.773536618135749,0.728008054940954,0.1382889564882266,0.6580080549409539,12.694825574623975,0.18728895648822658
122.23734412352132,-48.71581953502473,578.5913846435793,192.9099739316314,12.562319823450116,11.829009020433077,11.783719339050064,0.733310803017039,0.0452896813830125,0.6633108030170389,11.612009020433076,0.0942896813830125
122.09624662372332,-48.75785790175403,733.6168479055307,190.7133009569716,14.052975701087234,13.467336221985414,13.083607496244667,0.58563947910182,0.3837287257407471,0.51563947910182,13.250336221985414,0.4327287257407471
122.48564342064353,-48.6406962520425,304.80421266589826,196.01717643504455,15.180009997638162,14.297281313990348,14.108592498289305,0.8827286836478141,0.1886888157010435,0.812728683647814,14.080281313990348,0.2376888157010435
122.196424416379,-48.72931881978899,624.4034136403025,194.03626502433465,11.42702828981272,10.618874679256834,10.484486276944516,0.8081536105558857,0.134388402312318,0.7381536105558857,10.401874679256833,0.18338840231231798
122.54944334238748,-48.621835999559806,234.6935561546576,197.59090887430472,13.52849525164612,12.53510041016601,12.229978715874037,0.9933948414801108,0.305121694291973,0.9233948414801108,12.318100410166009,0.354121694291973
122.32220610518414,-48.6957245168404,488.6635244117765,201.51985265155423,12.719830687479991,12.05513810320184,12.137426247603187,0.6646925842781517,-0.0822881444013479,0.5946925842781516,11.838138103201839,-0.03328814440134792
122.63995421384531,-48.59692706635997,136.40256675064128,202.4735487812258,14.069454137716134,13.399259906210672,13.389558605513566,0.6701942315054623,0.009701300697106,0.6001942315054623,13.182259906210671,0.05870130069710599
122.3679992280474,-48.68013365530473,437.05335874583216,199.69386707033465,12.096371577461102,11.247045656656068,11.06048955021849,0.8493259208050343,0.1865561064375782,0.7793259208050343,11.030045656656068,0.23555610643757818
122.2211532379265,-48.730068921447064,602.4668763296085,205.59667565669872,14.244250399716345,12.754282403169784,12.453496622674622,1.4899679965465609,0.3007857804951612,1.4199679965465608,12.537282403169783,0.3497857804951612
121.96783647637784,-48.80545677658291,880.6033033413561,201.86474735882592,14.597876856575002,13.803358137602295,13.780750247743896,0.7945187189727072,0.0226078898583992,0.7245187189727071,13.586358137602295,0.07160788985839919
121.98793288734088,-48.80191342982776,860.1115486476657,205.47670690243675,13.436027111537626,12.712923098210744,12.57852363145878,0.723104013326882,0.1343994667519652,0.653104013326882,12.495923098210744,0.1833994667519652
121.875580600812,-48.83564673826636,983.5690013608668,204.54017441951692,14.246792426120187,13.042736475980051,12.74740249931922,1.2040559501401358,0.2953339766608316,1.1340559501401357,12.825736475980051,0.3443339766608316
122.44610894194818,-48.65950036174788,352.86041724461234,204.84513249069417,16.472216699290268,15.32743956103417,14.679067643718628,1.1447771382560976,0.6483719173155418,1.0747771382560976,15.11043956103417,0.6973719173155417
122.03568628838065,-48.786777764954536,807.10722910039,204.84112583747185,15.375901278448488,13.949418829560909,13.404666853942873,1.4264824488875796,0.5447519756180359,1.3564824488875795,13.732418829560908,0.5937519756180358
122.341032817486,-48.6931961618507,469.95965077970527,206.09584712267824,13.539359040531886,12.675530024023072,12.49916326068248,0.8638290165088147,0.1763667633405923,0.7938290165088147,12.458530024023071,0.22536676334059227
122.10658122166645,-48.76865028538312,731.1868580775397,209.94362243772707,14.750787775194995,13.514433574912054,13.11632693434048,1.2363542002829409,0.3981066405715747,1.1663542002829408,13.297433574912054,0.4471066405715747
122.02936679818768,-48.79436145088765,817.7038202609092,212.60322590303971,14.817136033219196,13.694255827707469,13.482058446666574,1.122880205511727,0.2121973810408945,1.052880205511727,13.477255827707468,0.2611973810408945
122.31540230633074,-48.70744842521163,502.4163028094276,214.71754330103403,13.507811017911264,12.763390074135186,12.929975425565251,0.7444209437760776,-0.166585351430065,0.6744209437760775,12.546390074135186,-0.11758535143006502
121.93464073229694,-48.82879339230846,925.64227260309,219.98708621214027,12.600023922931817,11.672780650534255,11.316758767881558,0.9272432723975612,0.3560218826526977,0.8572432723975612,11.455780650534255,0.4050218826526977
122.65681107768005,-48.60207009876109,124.48141463877651,216.8066028350998,14.396560727508971,13.796326429044662,13.63016335700252,0.6002342984643096,0.1661630720421421,0.5302342984643096,13.579326429044661,0.21516307204214208
122.393094767564,-48.686576527822695,418.48058246578336,219.28661696670972,13.254914279492876,12.435155449087231,12.28292635671463,0.8197588304056449,0.1522290923726021,0.7497588304056448,12.21815544908723,0.2012290923726021
122.57990494274765,-48.629689761824466,212.19847846271512,221.4867397441332,14.343115091422106,13.298634455649728,13.033450879478226,1.0444806357723788,0.265183576171502,0.9744806357723788,13.081634455649727,0.314183576171502
122.20115625461916,-48.74898628237637,632.795724862927,223.0877041205047,15.45965903871978,14.799898663655872,14.73208216170726,0.6597603750639074,0.067816501948613,0.5897603750639073,14.582898663655872,0.11681650194861298
122.59194157692929,-48.629571413411355,201.2134209020232,226.51283125618951,14.42460999985521,13.44546204424628,13.17894872934983,0.97914795560893,0.26651331489645,0.9091479556089299,13.22846204424628,0.31551331489645
122.25676459409414,-48.73469224151404,573.172516015604,227.12548382054837,15.629617173821943,14.014220479767529,13.407937440771978,1.6153966940544144,0.6062830389955511,1.5453966940544144,13.797220479767528,0.6552830389955511
121.8969592024582,-48.8473880071499,971.6932890925108,229.7151538912949,12.506057895696197,11.273983186808442,10.819857681136703,1.2320747088877546,0.4541255056717386,1.1620747088877545,11.056983186808441,0.5031255056717385
122.45680802626748,-48.67282066253885,351.8129439408037,227.71940498817807,9.912222931568325,9.504959478363764,9.72641409877942,0.4072634532045605,-0.2214546204156562,0.33726345320456047,9.287959478363764,-0.1724546204156562
121.9202598424608,-48.839090746722015,945.2672150971466,228.1044449027941,14.206725955709704,13.15603987424124,12.96678932329996,1.0506860814684646,0.1892505509412796,0.9806860814684646,12.939039874241239,0.2382505509412796
121.80479438313554,-48.87770883079035,1074.5904727452307,232.73745056991217,13.952973732176204,13.25231964937433,13.273553395280038,0.7006540828018739,-0.0212337459057074,0.6306540828018738,13.03531964937433,0.027766254094292588
122.44836077257864,-48.68373691580259,366.556183169128,239.07771922302365,9.58797866362065,9.163444393991997,9.31033732237349,0.4245342696286531,-0.1468929283814937,0.3545342696286531,8.946444393991996,-0.09789292838149372
122.4037931295425,-48.692695465705015,412.7527869354872,232.270465167203,13.306436515663762,12.58647736955997,12.430535246674063,0.7199591461037915,0.1559421228859072,0.6499591461037915,12.36947736955997,0.20494212288590719
122.4327870220122,-48.68671970388316,382.6036044652997,236.49283006018123,9.64615009475644,9.236223138930209,9.392218433853044,0.409926955826231,-0.1559952949228353,0.339926955826231,9.019223138930208,-0.1069952949228353
122.35042935503822,-48.71028695385854,472.50881920997585,233.5874887696952,15.415120131501386,14.516181611776386,14.586648420728228,0.8989385197250002,-0.0704668089518421,0.8289385197250001,14.299181611776385,-0.02146680895184211
122.5412131083374,-48.651377705738696,261.38627134884564,234.57056457320044,14.311714307162102,12.931225748717898,12.489978207037437,1.3804885584442044,0.4412475416804611,1.3104885584442043,12.714225748717897,0.4902475416804611
121.9629036613126,-48.83206181558158,902.118385235072,236.41124867589463,14.203984657116274,13.208270573024794,12.999906467120187,0.99571408409148,0.2083641059046073,0.9257140840914799,12.991270573024794,0.2573641059046073
122.53106579785424,-48.65794232257299,274.85329198701106,239.20997325205593,13.746502809855656,12.589536755137155,12.18739892568464,1.1569660547185006,0.4021378294525153,1.0869660547185005,12.372536755137155,0.4511378294525153
122.62269680970572,-48.631827887453746,174.8182894765184,242.87124742307336,11.877678904270462,10.909803430369127,10.6769783291999,0.9678754739013352,0.2328251011692277,0.8978754739013353,10.692803430369127,0.28182510116922765
121.95801682789768,-48.837180278807786,909.8254822255788,241.39622330827916,14.174934752280912,13.33057801700884,13.067570707702195,0.844356735272072,0.2630073093066443,0.7743567352720719,13.11357801700884,0.3120073093066443
122.27247478647163,-48.738754008503406,561.5599921799732,239.40544678225191,15.396996951497208,14.100477893570016,13.218594100178906,1.296519057927192,0.8818837933911094,1.2265190579271918,13.883477893570015,0.9308837933911094
122.051318096294,-48.81199266261571,809.1275431362687,246.15538735673277,15.55990600490588,13.959316023207863,13.6479179306532,1.6005899816980165,0.3113980925546631,1.5305899816980164,13.742316023207863,0.3603980925546631
122.74253476589811,-48.59869853103925,44.604053912015274,249.27292960967063,13.435581222789958,12.414770022756004,12.309134102333347,1.020811200033954,0.1056359204226566,0.9508112000339539,12.197770022756004,0.1546359204226566
122.47913777006448,-48.682954618433186,338.16472288284285,251.2122525117164,13.652035413573424,12.280925615928592,11.818011263510977,1.3711097976448323,0.4629143524176147,1.3011097976448323,12.063925615928591,0.5119143524176146
122.3512416115608,-48.72223787895018,479.5117759037225,250.34825335947056,15.80723335129467,16.35444004362606,15.090587343774644,-0.5472066923313896,1.263852699851416,-0.6172066923313897,16.13744004362606,1.3128526998514158
121.87478315359424,-48.87058584675354,1006.6175953405292,252.33519151378712,14.43687534116359,13.736012224095084,13.775137463340522,0.700863117068506,-0.0391252392454379,0.630863117068506,13.519012224095084,0.00987476075456209
122.54342791697832,-48.66446444247083,267.8992362765949,253.4751560389524,13.538366915818328,12.642170755668351,12.10456711479105,0.8961961601499766,0.5376036408773004,0.8261961601499765,12.42517075566835,0.5866036408773003
122.60620448601247,-48.64505365489814,198.3858944032459,253.89201131805584,13.813796635488846,12.820883903024583,12.582988952133352,0.992912732464262,0.2378949508912313,0.9229127324642621,12.603883903024583,0.2868949508912313
122.70528298971716,-48.61461728540679,88.76301774296152,254.95942370156345,14.088920708776708,13.043229382979431,12.674153787745563,1.0456913257972769,0.369075595233868,0.9756913257972768,12.826229382979431,0.418075595233868
122.24306680491844,-48.76011944505803,602.0032432963361,256.2329598148398,15.016248686544492,13.559510847556927,13.280085580683169,1.4567378389875645,0.2794252668737584,1.3867378389875644,13.342510847556927,0.3284252668737584
121.81561739599206,-48.89044665888185,1072.9068633561455,254.83537073860248,15.916140638682007,14.980602080064584,15.264407129990436,0.9355385586174236,-0.2838050499258528,0.8655385586174236,14.763602080064583,-0.23480504992585283
122.76998035769856,-48.59522201193695,17.46684443398037,256.4032053775963,14.998073170168713,14.669032966024956,14.459770715036097,0.329040204143757,0.2092622509888588,0.259040204143757,14.452032966024955,0.2582622509888588
122.08309520643095,-48.81139985369819,779.9564055334948,258.7950293652555,14.803431006346983,14.666229474476973,14.27530087425726,0.1372015318700103,0.3909286002197127,0.0672015318700103,14.449229474476972,0.4399286002197127
122.3154619929408,-48.740599776962625,523.8084588634061,260.28357837473806,15.34379542301096,13.524517682333917,12.96328042496441,1.8192777406770428,0.5612372573695072,1.7492777406770428,13.307517682333916,0.6102372573695072
122.15169430077368,-48.790555743546165,704.4020884744673,259.2182955395836,16.74109625179392,14.960162788451992,14.282966756476226,1.7809334633419276,0.6771960319757664,1.7109334633419275,14.743162788451992,0.7261960319757663
122.4405077985094,-48.70325609340491,386.3429448670114,262.50183045471823,18.324562146298167,15.759714406999484,15.45390768565794,2.564847739298683,0.3058067213415434,2.494847739298683,15.542714406999483,0.3548067213415434
122.60252503318438,-48.65234622553623,206.4742962489925,262.30534335679783,13.482213456361718,12.55606443826392,12.324282066600755,0.9261490180977976,0.231782371663165,0.8561490180977975,12.33906443826392,0.280782371663165
122.48463906988935,-48.691038744454346,338.4356306917345,264.6676894092631,13.621121044479384,12.25111401642699,11.807978804422326,1.3700070280523935,0.4431352120046643,1.3000070280523934,12.03411401642699,0.4921352120046643
122.17256822972686,-48.78769454189725,683.6503191548832,264.14970261932035,12.957060425465388,12.252693711699758,12.29398807536293,0.70436671376563,-0.041294363663173,0.6343667137656299,12.035693711699757,0.007705636336826985
122.74381428511732,-48.60855519902343,49.89748823411187,263.33059493591855,13.41780022535596,12.45307574359325,12.236495932615725,0.96472448176271,0.2165798109775245,0.89472448176271,12.236075743593249,0.2655798109775245
122.69811291973278,-48.62378830913544,101.25388969240164,264.425935663175,13.682016857575686,12.83007168564714,12.595485755081215,0.8519451719285467,0.2345859305659239,0.7819451719285466,12.613071685647139,0.28358593056592385
122.59295059255268,-48.65808351359579,218.88655839823,266.0463846572229,14.21515097300637,13.69618462763252,13.66033831169511,0.5189663453738493,0.0358463159374107,0.44896634537384933,13.47918462763252,0.08484631593741068
122.22466191362176,-48.77679230231205,629.4359527180792,271.3128109774186,14.037932835268215,13.125866652529,13.08915218824565,0.9120661827392152,0.0367144642833494,0.8420661827392153,12.908866652529,0.08571446428334939
122.30265872544022,-48.75392180993793,544.0216553247375,273.120513098732,15.072479688075743,13.669419767652466,13.415597299747391,1.403059920423278,0.2538224679050742,1.333059920423278,13.452419767652465,0.30282246790507417
122.61785919295212,-48.65585067465454,194.8727278888543,273.7212416820196,14.387869874661147,13.430085297437245,13.11626267393148,0.9577845772239026,0.3138226235057644,0.8877845772239026,13.213085297437244,0.3628226235057644
122.1875984552288,-48.79105433256086,672.2021585898699,275.1558687847475,10.28760850991458,9.913254207333102,9.960592114584678,0.3743543025814784,-0.0473379072515758,0.3043543025814784,9.696254207333102,0.0016620927484241876
122.41428846889951,-48.723440669151856,423.1870490468608,278.9756460158807,15.00523731101828,13.0133933877956,12.483122143708869,1.99184392322268,0.5302712440867321,1.9218439232226798,12.7963933877956,0.579271244086732
122.35538525428296,-48.73973755306909,487.0914326254923,276.15319085659337,17.170513970245903,16.657909434876853,15.395541085488944,0.51260453536905,1.2623683493879092,0.44260453536905003,16.440909434876854,1.3113683493879091
122.32002086946248,-48.75181062508531,526.9324653056793,277.6300299945082,13.854950972681092,12.646267524196809,12.318226721839036,1.2086834484842832,0.3280408023577728,1.1386834484842832,12.429267524196808,0.37704080235777276
122.24403331624372,-48.775129463079885,610.8187014830046,277.2733841887801,15.059567179760425,13.810275609495829,14.04505808110569,1.249291570264596,-0.2347824716098614,1.1792915702645959,13.593275609495828,-0.18578247160986142
122.21135727564368,-48.78568396311056,647.2221034870216,277.8745499360572,14.37895651288243,13.547378820950202,13.681353225696077,0.8315776919322282,-0.1339744047458744,0.7615776919322281,13.330378820950202,-0.08497440474587442
122.17831780803353,-48.80287982254186,688.2285796616802,287.4709696881204,9.528619140060682,9.061588913098008,9.172871589253631,0.4670302269626738,-0.1112826761556231,0.3970302269626738,8.844588913098008,-0.06228267615562311
122.09525549119736,-48.82465998432323,777.4663392176632,282.18818226690513,12.67490662217948,12.253848225347255,12.132219174430071,0.4210583968322243,0.1216290509171837,0.3510583968322243,12.036848225347255,0.1706290509171837
122.60029211813377,-48.66884772978827,219.2565118649543,283.9701831702344,15.01883786379712,14.03733439311022,13.970226119839458,0.981503470686901,0.0671082732707617,0.911503470686901,13.820334393110219,0.11610827327076169
122.49029188852354,-48.70086167779304,339.7014697324711,280.5736872827078,17.227004857188557,14.876185098425127,14.506737409794248,2.3508197587634303,0.3694476886308795,2.2808197587634305,14.659185098425127,0.4184476886308795
122.67945504201492,-48.652390126653806,136.84340790514696,295.5600045088622,9.201661930087688,8.69476279650399,8.811979523824798,0.5068991335836976,-0.1172167273208071,0.43689913358369764,8.47776279650399,-0.06821672732080711
122.12608079219292,-48.814816686740365,743.2192346328652,281.7143909965972,16.223324164725003,14.418098456129444,13.95908173442129,1.8052257085955592,0.4590167217081546,1.7352257085955591,14.201098456129444,0.5080167217081546
121.84704396221169,-48.90294802541182,1052.416869896931,285.2589148271946,14.470613670490389,13.40581080733009,13.023081242208852,1.064802863160299,0.3827295651212381,0.994802863160299,13.18881080733009,0.4317295651212381
122.21403392245898,-48.789607389541864,647.3290865305711,284.40615322632834,14.765971678669242,14.221780290947487,14.578779810424267,0.5441913877217548,-0.3569995194767799,0.4741913877217548,14.004780290947487,-0.3079995194767799
122.00359827830044,-48.856906755438295,881.1767496745497,287.7928781419708,15.100047787550867,14.791933388947385,13.521744839207017,0.3081143986034824,1.270188549740368,0.23811439860348238,14.574933388947384,1.319188549740368
122.19644422294672,-48.79932216734919,669.5220224777139,290.28197805115093,9.897364136491236,9.48670748922219,9.586421008887722,0.4106566472690449,-0.0997135196655314,0.3406566472690449,9.26970748922219,-0.050713519665531406
122.11357226165354,-48.826547309700594,762.0936394532905,292.54576039890145,12.89506512243127,12.335834601484944,12.318606650598078,0.5592305209463255,0.0172279508868662,0.4892305209463255,12.118834601484943,0.06622795088686619
122.08883833415872,-48.83440868521157,789.5447858457683,292.8810044852277,13.877371631308272,13.468548955182644,13.444284253718871,0.4088226761256273,0.0242647014637729,0.3388226761256273,13.251548955182644,0.0732647014637729
122.32332276153602,-48.761305717818594,530.0862792904109,292.0824443980134,14.621192539078477,13.455151233234805,13.233974759052275,1.166041305843672,0.2211764741825295,1.096041305843672,13.238151233234804,0.2701764741825295
122.29946204070322,-48.772423270499885,558.8804928714915,297.1748195606994,10.680315819895432,10.169124752181036,10.246808626066944,0.511191067714396,-0.077683873885908,0.44119106771439603,9.952124752181035,-0.028683873885908012
122.03698659981956,-48.853396646745566,848.6914729020168,297.06857365431483,13.674812985087712,12.737735593182858,12.566605114395768,0.9370773919048538,0.1711304787870897,0.8670773919048538,12.520735593182858,0.2201304787870897
122.2772679823498,-48.78001298041476,583.8798986002396,298.1412199918921,15.01505673250471,14.286971158226146,14.231330413626976,0.7280855742785644,0.0556407445991702,0.6580855742785643,14.069971158226146,0.1046407445991702
122.01189241880668,-48.86241414019681,877.1988179798793,298.8759422649343,15.111357184582555,14.093845975827255,13.531324930379604,1.0175112087553,0.5625210454476512,0.9475112087552999,13.876845975827255,0.6115210454476512
122.39911568514292,-48.7442651922455,450.4306381172388,301.07112561056243,14.53808544270622,14.022541972017326,13.540672961909856,0.5155434706888951,0.4818690101074701,0.44554347068889505,13.805541972017325,0.53086901010747
122.31881848835712,-48.77119947281931,540.5656293695818,303.7507608688713,11.287488785650492,10.68105479569205,10.737509922836596,0.6064339899584414,-0.0564551271445452,0.5364339899584414,10.46405479569205,-0.007455127144545215
122.06152206967823,-48.850819762009145,824.8227461109352,303.89785859027535,14.07138254237589,13.334443267730936,13.044297564613908,0.7369392746449535,0.2901457031170285,0.6669392746449534,13.117443267730936,0.33914570311702846
122.379448091037,-48.753625851219454,474.3025080629962,305.51173869282593,15.329235840922722,14.226330144065832,14.040736908901309,1.1029056968568902,0.1855932351645233,1.0329056968568902,14.009330144065832,0.2345932351645233
122.49899027911697,-48.717119863744614,342.3967844222859,306.6163638848716,14.067960203234144,13.338397728906443,13.101927978330064,0.7295624743277003,0.2364697505763793,0.6595624743277002,13.121397728906443,0.2854697505763793
122.48686869081769,-48.72248964527998,356.85962609935723,308.7822488467227,14.39452930105894,13.74103383885466,13.434206426077305,0.6534954622042797,0.3068274127773556,0.5834954622042796,13.52403383885466,0.3558274127773556
122.21946870291308,-48.804069802471346,651.7388951139546,306.59706389336566,14.414343667854226,13.4146226963556,13.151506966680596,0.9997209714986256,0.2631157296750039,0.9297209714986256,13.1976226963556,0.3121157296750039
122.44051250174238,-48.73781677505216,408.774616362381,309.9423825651905,14.175259471381011,13.052990567351651,12.716363553604875,1.12226890402936,0.3366270137467761,1.05226890402936,12.83599056735165,0.3856270137467761
122.41560838939544,-48.743990196753145,435.32284670820474,307.75192288608037,13.744228160488715,12.743492059016765,12.28852348673706,1.0007361014719507,0.4549685722797054,0.9307361014719506,12.526492059016764,0.5039685722797054
122.6015527166629,-48.68852381381484,230.94540160427937,311.49337395551146,13.177512758109309,12.709731461186948,12.74988212056896,0.4677812969223609,-0.0401506593820126,0.3977812969223609,12.492731461186947,0.008849340617987388
122.05440439568972,-48.85877037311216,836.3728746041415,311.82715619009053,13.57762944818642,12.796298151340508,12.550653690126776,0.7813312968459112,0.2456444612137325,0.7113312968459111,12.579298151340508,0.2946444612137325
122.38127162132646,-48.75978164787451,476.6414836478924,314.74412149819585,15.03826001945326,14.042594140117403,13.766734994689894,0.9956658793358564,0.2758591454275088,0.9256658793358563,13.825594140117403,0.32485914542750877
122.31373148948944,-48.78151316383411,551.842584394064,315.7483801462423,11.391588200416347,10.831156572310478,10.868937471006918,0.560431628105869,-0.0377808986964396,0.490431628105869,10.614156572310478,0.011219101303560387
122.21921020501831,-48.812633256901734,657.4979930306214,318.25796445706976,14.166332108946431,13.062076537193718,12.736273079425688,1.104255571752713,0.3258034577680302,1.0342555717527129,12.845076537193718,0.3748034577680302
122.14554080626422,-48.834270620068835,738.1230878373244,316.7220171581656,11.930576490766756,11.17559779050284,11.039070623245143,0.7549787002639157,0.1365271672576966,0.6849787002639156,10.95859779050284,0.18552716725769658
122.00852783640435,-48.87406164594819,887.7159414133075,313.48644212310364,16.043826058182916,14.32951080019494,14.14286063122719,1.714315257987975,0.1866501689677502,1.644315257987975,14.11251080019494,0.23565016896775018
122.5166989549044,-48.71795587226348,326.91236695602464,315.3669297680967,15.21759991690364,14.991350641114996,14.571926927781464,0.2262492757886427,0.4194237133335328,0.1562492757886427,14.774350641114996,0.4684237133335328
121.939201233755,-48.896875106798895,965.0907648205716,315.65861062697104,15.329006172411786,14.381721777757338,13.937909749737194,0.9472843946544476,0.4438120280201438,0.8772843946544475,14.164721777757338,0.4928120280201438
122.44264343653552,-48.74288792543216,410.13812260626145,317.81593612475433,13.504824580762044,12.447438802381006,12.015118521644643,1.057385778381038,0.4323202807363628,0.987385778381038,12.230438802381006,0.4813202807363628
122.68488275056195,-48.667066904040794,141.52235357617806,318.0188355573114,11.668071412515538,11.266851377839943,11.41537166857989,0.4012200346755943,-0.1485202907399472,0.3312200346755943,11.049851377839943,-0.09952029073994723
122.42983084528066,-48.75054489079432,426.7036301685364,322.83886794836604,13.723836661373152,12.63372339077621,12.268467599296654,1.0901132705969427,0.3652557914795551,1.0201132705969427,12.416723390776209,0.4142557914795551
122.57916340689584,-48.704807873592685,261.8227093253591,324.18490903075786,15.215472795698442,15.095886793629402,14.209660197472118,0.11958600206904,0.8862265961572842,0.04958600206904,14.878886793629402,0.9352265961572841
122.38335220749198,-48.76583023159621,478.67877284522945,323.93901112878603,15.326156354668356,14.288043610659832,14.041077435043425,1.038112744008524,0.2469661756164072,0.968112744008524,14.071043610659832,0.2959661756164072
122.44976090879412,-48.74658264404123,406.0959021284412,325.93637251300976,13.825356863320486,12.952442398114812,12.561291999885182,0.8729144652056746,0.3911503982296302,0.8029144652056746,12.735442398114811,0.4401503982296302
122.44137078049611,-48.74863342114829,415.01985719333896,325.15703031833687,13.420602951846217,12.414243986306465,12.004231587102367,1.0063589655397518,0.4100123992040974,0.9363589655397517,12.197243986306464,0.45901239920409737
122.32361528423488,-48.7847796291273,545.0107672741418,324.4518064007267,13.843940922229544,12.687071295985788,12.341203289704277,1.156869626243756,0.3458680062815116,1.086869626243756,12.470071295985788,0.3948680062815116
122.81294877439048,-48.634356133423346,4.220300866226734,328.62937977025996,17.57544850555364,16.105245379935912,15.120814593897837,1.4702031256177293,0.9844307860380752,1.4002031256177292,15.888245379935912,1.0334307860380751
122.41962841932738,-48.75555623055531,439.1881570167714,325.3506043063919,14.118694258316015,12.833494477920537,12.491173686637032,1.2851997803954784,0.3423207912835053,1.2151997803954784,12.616494477920536,0.3913207912835053
122.14343275291084,-48.84570460193941,747.3927400866542,331.55197916739263,12.062274432338048,11.246307290040182,11.087834198867306,0.8159671422978665,0.1584730911728762,0.7459671422978664,11.029307290040181,0.20747309117287618
122.22642881530004,-48.82156810085539,656.730543346149,333.60821976511284,14.67069046373619,13.475879657924796,13.183677599380276,1.194810805811393,0.2922020585445199,1.124810805811393,13.258879657924796,0.3412020585445199
121.961762974691,-48.90224546498,948.1088000205456,332.55829433969103,17.503705671709614,14.770712101498722,14.703245554234604,2.7329935702108923,0.067466547264118,2.6629935702108924,14.553712101498721,0.11646654726411798
122.40953743372523,-48.76661298187755,455.4918001938826,336.2117302941893,15.410199592246451,14.267895114928004,14.08302526671332,1.1423044773184472,0.1848698482146851,1.0723044773184471,14.050895114928004,0.2338698482146851
122.6834277290064,-48.68244037577936,152.88644937585943,338.45963335789367,14.592910096187277,13.63813528598146,13.698514724029788,0.9547748102058158,-0.0603794380483275,0.8847748102058157,13.42113528598146,-0.011379438048327514
122.6416966372677,-48.69737257026234,200.39344700620185,340.92354258899275,14.259195470905569,13.404429773259912,13.251210602636592,0.8547656976456572,0.1532191706233199,0.7847656976456572,13.187429773259911,0.2022191706233199
122.53915984661997,-48.72875829085424,313.6176926844738,339.83425212902745,16.25478663415328,16.978038062143796,16.145255356703952,-0.7232514279905153,0.8327827054398433,-0.7932514279905154,16.761038062143797,0.8817827054398433
122.58670955983683,-48.715350569542586,261.86612060247296,341.88993609650373,14.632635577200766,14.013071526990172,13.496054843073011,0.6195640502105935,0.517016683917161,0.5495640502105934,13.796071526990172,0.566016683917161
122.51440861755547,-48.74088224518851,343.89904385581286,345.8374545781998,13.402008435723475,12.773926570253684,12.636264985701075,0.6280818654697917,0.1376615845526085,0.5580818654697917,12.556926570253683,0.18666158455260848
122.74991122333614,-48.67384967383883,87.12702658732603,355.4189794353007,12.772669444072935,11.794688869427292,11.583944377079284,0.9779805746456436,0.2107444923480077,0.9079805746456435,11.577688869427291,0.25974449234800767
122.7118013678674,-48.68115539132962,126.37870724617248,348.9529694519543,17.474639008944752,17.233642985917978,15.845458273602013,0.2409960230267742,1.3881847123159652,0.1709960230267742,17.01664298591798,1.4371847123159651
122.41736007207008,-48.77398525490643,453.1969534651451,349.67927371989464,16.176276491227465,14.400758633312927,13.90935260947256,1.7755178579145383,0.4914060238403674,1.7055178579145382,14.183758633312927,0.5404060238403674
121.9204835730014,-48.92828004085925,1002.129083920318,351.0261740462106,14.002583040811654,13.217243440758084,13.135799251989177,0.78533960005357,0.0814441887689074,0.7153396000535699,13.000243440758084,0.1304441887689074
122.6016636239351,-48.718107487973114,250.13592507271613,352.1062980886038,16.27470994982524,15.4525615482122,14.670163290317351,0.82214840161304,0.7823982578948492,0.75214840161304,15.2355615482122,0.8313982578948491
122.43733751032585,-48.76969288686981,432.3399210517516,352.3365124487939,17.035557430183093,15.94025967817842,16.071439865734302,1.095297752004674,-0.1311801875558824,1.025297752004674,15.723259678178419,-0.08218018755588241
122.73894033656538,-48.6769539137764,99.08204439722208,354.9268537332105,12.774641609631544,11.851203660815669,11.623825999800436,0.9234379488158756,0.2273776610152325,0.8534379488158756,11.634203660815668,0.2763776610152325
122.49455230823868,-48.75368756316679,370.188469515314,354.88723911126897,14.549846831749736,13.633190979684697,13.266600334858603,0.9166558520650394,0.3665906448260934,0.8466558520650393,13.416190979684696,0.41559064482609337
122.6399641544895,-48.71040302131766,210.4666805116355,358.03964681685807,13.484798043046188,12.78725760961826,12.64077453815681,0.6975404334279283,0.14648307146145,0.6275404334279282,12.57025760961826,0.19548307146145
122.1951387529739,-48.852304362694845,704.8650445588613,362.56441387904465,12.400726781397514,11.613277610818123,11.47974527649911,0.7874491705793911,0.133532334319014,0.7174491705793911,11.396277610818123,0.182532334319014
121.91317444590776,-48.93843990094709,1015.2415273025752,361.94379997354815,13.705179572221102,12.886253148882604,12.78053034533285,0.8189264233384979,0.1057228035497548,0.7489264233384978,12.669253148882603,0.1547228035497548
121.92694664284411,-48.93338953354825,999.5513735203548,360.7816794890075,13.70105717920574,12.921945520074114,12.836367128408124,0.779111659131626,0.0855783916659902,0.709111659131626,12.704945520074114,0.13457839166599017
122.20619738611909,-48.850160813912126,693.4801713053025,364.31347359412774,12.023474802104284,11.092721493056382,10.802563900152332,0.9307533090479012,0.2901575929040501,0.8607533090479011,10.875721493056382,0.33915759290405006
122.22338144396934,-48.84537598805238,674.8507035598445,365.03652505320395,13.003279874099269,11.766862190201367,11.30334930292725,1.2364176838979013,0.463512887274117,1.1664176838979012,11.549862190201367,0.5125128872741169
122.39084671689912,-48.79379610339519,490.02658464283786,365.5414248231322,16.436532698202296,15.911006658007553,15.049901948472089,0.5255260401947428,0.8611047095354643,0.4555260401947428,15.694006658007552,0.9101047095354642
122.82552879537654,-48.66202444145737,10.99172395782197,371.97023702466817,10.892003939583708,10.21508807819739,10.181389573996826,0.676915861386318,0.0336985042005633,0.6069158613863179,9.998088078197389,0.0826985042005633
122.32813209672209,-48.81950701949887,563.3973654185667,374.0799917143794,14.44147807132418,13.540270123832975,13.33404131104281,0.9012079474912048,0.2062288127901652,0.8312079474912049,13.323270123832975,0.2552288127901652
121.96846852046284,-48.928160331473066,958.6437607516564,371.06206425358505,17.02640880361813,18.80862841105388,16.868610761711444,-1.7822196074357528,1.9400176493424368,-1.8522196074357529,18.591628411053883,1.9890176493424367
122.13086019005364,-48.8791122961509,780.2721409306226,372.1678868474812,14.717343041130697,14.429491459774372,14.18841348847757,0.2878515813563247,0.2410779712968018,0.2178515813563247,14.212491459774371,0.2900779712968018
122.46027282249838,-48.78117792760276,419.0547070119701,377.9203339493112,11.652920020417604,10.92669977145219,10.843690932983744,0.7262202489654133,0.0830088384684462,0.6562202489654132,10.70969977145219,0.1320088384684462
122.68664760153736,-48.709898258124234,167.92022887826278,377.4795190922836,18.21115188633143,16.569885441828607,16.53118732777946,1.641266444502822,0.0386981140491471,1.571266444502822,16.352885441828608,0.0876981140491471
122.13116391038848,-48.88544674880714,784.0744216047345,381.00832769724934,12.745760440364094,11.829626773126344,11.57212913506322,0.9161336672377498,0.2574976380631248,0.8461336672377497,11.612626773126344,0.3064976380631248
122.60451487074585,-48.7364253088573,259.5025528697039,378.4504968809967,14.784546483791615,13.764656256271811,14.035557500703298,1.019890227519804,-0.2709012444314869,0.949890227519804,13.54765625627181,-0.2219012444314869
122.18871029074644,-48.86884775262286,721.3445614406793,382.5792926135426,15.269830575690188,14.005075427957424,13.74730931851258,1.264755147732764,0.2577661094448444,1.194755147732764,13.788075427957423,0.3067661094448444
121.91554284640932,-48.9505441200194,1020.8425381719616,379.60962013053455,14.355962115272046,13.517335892291484,13.204396458739142,0.8386262229805617,0.3129394335523425,0.7686262229805616,13.300335892291484,0.3619394335523425
122.47308831371716,-48.77987817446983,406.622445973268,381.62592003794936,12.55227585329445,11.704371489286894,11.59254077424479,0.8479043640075563,0.1118307150421031,0.7779043640075562,11.487371489286893,0.16083071504210308
122.31022411959502,-48.829940127285994,586.3414422335951,380.7785297034653,14.036471458626629,13.441967439864223,13.286303403110104,0.5945040187624056,0.1556640367541195,0.5245040187624055,13.224967439864223,0.20466403675411948
122.2676228041923,-48.843106984340714,633.3753590156704,380.73000797894787,15.417263957920555,14.135771224141784,13.792713520599222,1.2814927337787712,0.3430577035425628,1.211492733778771,13.918771224141784,0.3920577035425628
121.93839674592488,-48.945015647181016,996.6359694142384,381.60890265462245,13.350214330329509,12.3104437759458,12.092835090838552,1.0397705543837097,0.2176086851072476,0.9697705543837096,12.093443775945799,0.26660868510724756
121.99715328328357,-48.928141325107646,932.6889352318376,383.1243810707073,14.643981678392247,14.010449155018144,13.63152373685676,0.6335325233741038,0.3789254181613835,0.5635325233741038,13.793449155018143,0.42792541816138346
122.23766459273553,-48.85318640689547,666.9744551926792,381.84163164742665,13.469477728721492,12.067629502907472,11.536791444847902,1.4018482258140192,0.5308380580595706,1.3318482258140192,11.850629502907472,0.5798380580595706
122.5825209570751,-48.74642751867137,285.909514072975,382.7054053056931,14.162445090750014,12.940391457363134,12.615906825226178,1.2220536333868797,0.3244846321369561,1.1520536333868796,12.723391457363133,0.3734846321369561
122.06901650181484,-48.90723625875207,854.2853100673066,384.6890954963913,14.16733430815218,13.592553532228862,13.231799192081006,0.5747807759233172,0.3607543401478565,0.5047807759233172,13.375553532228862,0.4097543401478565
122.45843744226066,-48.78965617611094,426.22101270110846,388.7702417881895,11.743472836945816,11.01535707996855,10.960246136866166,0.7281157569772656,0.0551109431023846,0.6581157569772655,10.79835707996855,0.10411094310238458
121.95192621325604,-48.94488621833972,984.3180644557314,387.1244483255991,13.375418164885724,12.304587858659492,12.131587037118331,1.0708303062262328,0.1730008215411604,1.0008303062262327,12.087587858659491,0.22200082154116038
122.3014875813604,-48.83791376890915,599.3980152161805,388.0107613406907,13.85916458629918,13.184780244747046,13.015746082392493,0.674384341552134,0.1690341623545528,0.6043843415521339,12.967780244747045,0.21803416235455278
122.12162893626744,-48.89510630770563,798.912559076953,390.2562244863892,12.75694037839212,11.758512689755252,11.512215183899654,0.998427688636868,0.2462975058555976,0.9284276886368681,11.541512689755251,0.29529750585559755
122.76516533155235,-48.69186969105783,85.13446781289838,386.7019231385556,13.788718162015604,12.855542514463654,12.628740506891091,0.93317564755195,0.2268020075725623,0.8631756475519501,12.638542514463653,0.2758020075725623
122.61083743090964,-48.74184672829526,257.3219814924879,388.6048432817545,13.23651598116567,12.209320714452488,11.97253458311069,1.027195266713182,0.2367861313417982,0.957195266713182,11.992320714452488,0.2857861313417982
122.33391278785042,-48.8318233389823,566.1418031224438,393.4618080539112,14.85033116717725,13.91307420620542,13.570499973578436,0.9372569609718298,0.3425742326269851,0.8672569609718297,13.69607420620542,0.3915742326269851
122.0336609993326,-48.92169583138271,895.5410764251071,389.65344815276165,16.47487217556902,15.933242910499594,14.4513926858323,0.5416292650694245,1.4818502246672942,0.47162926506942454,15.716242910499593,1.5308502246672941
122.23475476475174,-48.861561689098586,675.0117941035297,392.1158474727278,14.235688714616812,13.263580160686688,12.980472283551228,0.9721085539301236,0.2831078771354605,0.9021085539301237,13.046580160686688,0.33210787713546047
122.35810730999115,-48.8253229945889,540.0597870678718,394.85334117422934,15.367970902251432,14.608112882400116,15.13833464470447,0.7598580198513165,-0.5302217623043539,0.6898580198513165,14.391112882400115,-0.48122176230435393
122.06227170204508,-48.91558430036342,865.7471930849545,393.32506332146966,14.009549102669183,13.321726231062447,12.900719922207577,0.6878228716067358,0.4210063088548708,0.6178228716067358,13.104726231062447,0.47000630885487077
122.60106557919306,-48.75147592709556,272.43551778081815,397.60358013456073,13.11532390671138,12.063909139222794,11.726614046489304,1.051414767488586,0.3372950927334894,0.981414767488586,11.846909139222793,0.3862950927334894
122.74058629959248,-48.705112477129475,116.02543147044727,394.21524988460897,16.146098401360582,14.281679572058929,14.214975651408274,1.8644188293016537,0.0667039206506547,1.7944188293016536,14.064679572058928,0.11570392065065468
122.64139690887248,-48.73966183160283,228.27093254324657,398.76639912074495,14.08708487766748,12.958370959084736,12.460177404867109,1.1287139185827453,0.498193554217627,1.0587139185827452,12.741370959084735,0.5471935542176269
122.56605319704973,-48.763930534566185,312.2017112656226,399.6315530281154,13.741986248969429,13.28918943075946,13.268902561595024,0.4527968182099684,0.0202868691644368,0.3827968182099684,13.07218943075946,0.06928686916443678
122.63305892686076,-48.74127964900478,236.8638417820123,397.3933186614376,13.904996027834336,12.86327226391995,12.433468368409056,1.041723763914387,0.4298038955108936,0.971723763914387,12.646272263919949,0.4788038955108936
122.30556811081736,-48.844384667552205,599.8937700704239,398.6383739801492,14.464966160579817,13.61543378320054,13.210481577058982,0.8495323773792762,0.4049522061415587,0.7795323773792762,13.39843378320054,0.4539522061415587
122.7314102987754,-48.71296741766461,129.46080363135016,401.011740739269,16.180990957945063,14.960557797707295,14.455078856937764,1.2204331602377678,0.5054789407695317,1.1504331602377678,14.743557797707295,0.5544789407695316
122.536396744419,-48.776320327665815,347.07606919473966,403.89099838223734,16.56057235211028,14.491142777109555,14.176431196790585,2.0694295750007257,0.3147115803189706,1.9994295750007256,14.274142777109555,0.3637115803189706
122.31985222348996,-48.84400381575372,586.7350207240845,404.2000547594052,14.67012835986938,13.959614600272008,13.2406927877344,0.7105137595973723,0.7189218125376087,0.6405137595973722,13.742614600272008,0.7679218125376086
122.1437980138892,-48.898266531213686,780.9039040557075,403.9896924517356,14.468111341488498,13.892289064193788,13.999559247591026,0.5758222772947104,-0.1072701833972384,0.5058222772947103,13.675289064193787,-0.05827018339723841
122.44291009336683,-48.8067946329566,451.38665696136223,405.64728627658405,16.462723556996817,14.753671799102674,14.858888260291977,1.7090517578941429,-0.1052164611893022,1.6390517578941428,14.536671799102674,-0.05621646118930221
121.91699341441202,-48.970515086562635,1032.3074238190693,407.72305309637426,13.098257558235602,12.258194846037544,11.928244550029849,0.8400627121980584,0.329950296007695,0.7700627121980583,12.041194846037543,0.378950296007695
122.59057327058424,-48.761596473398235,288.5177058436993,406.9690779885069,13.370275831423305,12.354568079885516,11.966692757198985,1.0157077515377892,0.387875322686531,0.9457077515377892,12.137568079885515,0.436875322686531
122.51311085006296,-48.78593998375722,374.3826741892132,407.09805438986234,15.056991108957142,13.84681009844586,13.597604695549524,1.2101810105112811,0.2492054028963366,1.140181010511281,13.62981009844586,0.29820540289633657
122.82113329714171,-48.69360100308112,35.681613060289095,413.3016061880385,12.02541449693016,11.171719338866966,11.00593625533832,0.8536951580631946,0.1657830835286464,0.7836951580631946,10.954719338866965,0.2147830835286464
122.02399641127296,-48.94123548673859,916.81873378382,412.4660764165532,15.051903539088071,14.178685981180267,14.831450764696946,0.8732175579078039,-0.6527647835166785,0.8032175579078038,13.961685981180267,-0.6037647835166786
122.07827788243551,-48.92670007892126,858.4195786092108,415.381136913392,13.782570251182731,12.653399663946148,12.135477752169276,1.1291705872365831,0.5179219117768721,1.059170587236583,12.436399663946148,0.566921911776872
121.94715543151676,-48.967708297784306,1003.2455141639437,416.5404390538801,13.980955523910804,13.38355139500351,13.14396269895154,0.5974041289072947,0.2395886960519693,0.5274041289072946,13.16655139500351,0.2885886960519693
122.12920109598495,-48.91060763641096,802.0425891899648,414.7812864154054,15.664263312300598,14.4023706225477,14.102319566191545,1.261892689752898,0.3000510563561551,1.1918926897528979,14.1853706225477,0.3490510563561551
122.45290526551608,-48.81045367816195,444.7287949639325,414.9460669133102,12.113081018229662,11.382966947770017,11.29695933864048,0.7301140704596456,0.0860076091295365,0.6601140704596455,11.165966947770016,0.1350076091295365
122.62387507154264,-48.758575080019504,256.45072729821766,417.1510189298783,14.466366277862928,13.476605413400106,13.203431256998144,0.9897608644628216,0.2731741564019625,0.9197608644628217,13.259605413400106,0.3221741564019625
122.2177003166957,-48.886536004162565,706.5447312403624,419.1988515807041,15.919806557358234,13.756305162449834,13.486935984453744,2.163501394908399,0.26936917799609,2.093501394908399,13.539305162449834,0.31836917799609
122.56927253962694,-48.78035438508616,319.99191313236986,423.53954232538985,13.116799309809686,11.851619658245705,11.479663372602612,1.2651796515639813,0.3719562856430922,1.1951796515639812,11.634619658245704,0.4209562856430922
122.20262784851252,-48.89338911088031,724.5870112576779,422.2224862479836,16.445134609456577,13.907117016366335,13.342845329351071,2.5380175930902418,0.564271687015264,2.468017593090242,13.690117016366335,0.6132716870152639
122.60714710296428,-48.76696125580012,277.0375945726766,421.45228493549587,14.832419927631229,13.567625585896485,13.191957228632122,1.2647943417347438,0.3756683572643631,1.1947943417347437,13.350625585896484,0.4246683572643631
122.0358032769,-48.945420659309725,908.833129643906,423.2062289652525,15.005724359362496,14.36834428660405,14.594493975262504,0.6373800727584467,-0.2261496886584542,0.5673800727584466,14.151344286604049,-0.1771496886584542
122.78856079908516,-48.71227141323602,77.35768047306999,424.7668437998858,16.83336372323232,18.534849077769007,14.955355797441358,-1.701485354536686,3.5794932803276485,-1.771485354536686,18.317849077769008,3.6284932803276484
122.34862201786672,-48.850395882125945,564.8706978666489,425.2417152830529,13.75069898471615,12.754636152607183,12.517669400433585,0.9960628321089668,0.2369667521735987,0.9260628321089668,12.537636152607183,0.2859667521735987
122.63693964521488,-48.760228714807745,245.72442398973928,425.04132917008815,14.93962440215978,13.692300829866973,13.498587838033712,1.2473235722928069,0.1937129918332605,1.1773235722928068,13.475300829866972,0.24271299183326048
122.51329261031124,-48.79992857986842,383.3179405144686,426.3677444007188,13.924253843100225,12.83939068855256,12.601666672379029,1.084863154547664,0.2377240161735319,1.0148631545476638,12.62239068855256,0.2867240161735319
122.15906874258808,-48.91177065665555,775.7983561591071,429.027927541405,12.684361872926702,11.557682992106336,11.23394461864833,1.126678880820366,0.3237383734580064,1.056678880820366,11.340682992106336,0.37273837345800637
121.8877418084522,-48.99367946147135,1073.5619905461947,427.34115877366673,16.270138016225495,13.6758630056496,13.203704881352191,2.5942750105758954,0.4721581242974082,2.5242750105758955,13.458863005649599,0.5211581242974082
122.63046917252032,-48.76417048860346,254.14350774855276,427.65999000506474,14.81102083140445,13.426745662863894,13.084157476751756,1.3842751685405563,0.3425881861121382,1.3142751685405563,13.209745662863893,0.3915881861121382
122.82693243731666,-48.70669112677875,39.030040527436675,433.7372903421348,11.929056387775235,10.919355035981402,10.70752595071129,1.009701351793833,0.2118290852701125,0.9397013517938329,10.702355035981402,0.2608290852701125
122.49192995330314,-48.81049946520272,409.49450978160354,431.7168599985389,11.73874327533886,10.748008450997643,10.513904897135014,0.9907348243412172,0.2341035538626297,0.9207348243412172,10.531008450997643,0.2831035538626297
122.34283018207589,-48.86044477101581,576.6105367057347,436.5741614924826,13.979113147814983,12.88988899938225,12.745381767259891,1.0892241484327323,0.1445072321223595,1.0192241484327322,12.67288899938225,0.19350723212235948
122.1799607162242,-48.90877227952751,754.9880074824058,433.7581667577293,13.73879518761639,12.596403746154444,12.325444414391946,1.142391441461946,0.2709593317624978,1.072391441461946,12.379403746154443,0.3199593317624978
122.62737215487428,-48.77164532385543,261.81952281577907,436.5748239654927,14.259153517161836,13.106129531854217,12.833611400133366,1.1530239853076196,0.2725181317208509,1.0830239853076196,12.889129531854216,0.32151813172085086
122.36710332579868,-48.85309347047935,549.9188680270346,436.8276203258682,13.17683330125201,12.176882847095913,11.840766726736796,0.9999504541560976,0.336116120359117,0.9299504541560977,11.959882847095912,0.38511612035911696
121.92487610984269,-48.98801916993266,1036.3825162731014,435.1413978429297,14.214641700416577,13.85102974725504,13.6389721336566,0.363611953161536,0.2120576135984411,0.293611953161536,13.63402974725504,0.2610576135984411
122.65451142959088,-48.76446837306449,232.6166337076668,438.4190023964357,14.27963299557308,13.395487495011126,13.338964503385643,0.884145500561953,0.0565229916254832,0.8141455005619529,13.178487495011126,0.10552299162548319
122.56133620553024,-48.79238787699229,335.0015953921767,436.6353816079785,13.928671185460797,12.76238952843488,12.392018728258996,1.166281657025916,0.3703708001758841,1.096281657025916,12.54538952843488,0.4193708001758841
122.47060088185565,-48.82239112262198,436.49344485060504,438.90213491908565,13.459049331462994,12.597920662932756,12.323411800091156,0.8611286685302382,0.2745088628415999,0.7911286685302381,12.380920662932756,0.3235088628415999
122.4435554882844,-48.83078941346911,466.3817648584329,438.8578136242659,18.186764416764664,14.226973073396127,13.352545894334316,3.959791343368536,0.8744271790618114,3.889791343368536,14.009973073396127,0.9234271790618114
122.5100856859911,-48.812918115896665,394.6646316832417,442.81438651608374,12.577617605049529,11.824152924360272,11.70426858680726,0.7534646806892571,0.119884337553012,0.683464680689257,11.607152924360271,0.168884337553012
122.70715535615544,-48.75164684499765,176.68156461683014,443.5378542325517,14.523655576615068,13.6538981112763,13.370939076815713,0.8697574653387683,0.2829590344605872,0.7997574653387682,13.4368981112763,0.33195903446058717
122.15035338726337,-48.92473939399776,792.0257676284475,443.170135202568,13.444784023200713,12.448815986987269,11.966858669805475,0.9959680362134442,0.4819573171817932,0.9259680362134441,12.231815986987268,0.5309573171817932
122.72008551162344,-48.749074260537085,163.31903596910354,445.59185955123183,13.90147294909253,12.91394602018098,12.704030429062202,0.9875269289115512,0.2099155911187775,0.9175269289115513,12.69694602018098,0.2589155911187775
122.49100570405297,-48.82172976036078,417.63039477345666,446.7305769602896,14.699964568186749,13.56447395441934,13.225716847042792,1.1354906137674092,0.3387571073765478,1.0654906137674092,13.347473954419339,0.3877571073765478
122.0300912761076,-48.96354347510532,925.626983967606,445.7369056455961,14.933250570304168,14.89594243637467,14.716502986271305,0.037308133929498,0.1794394501033647,-0.03269186607050201,14.678942436374669,0.2284394501033647
121.92420481612638,-49.01056521366595,1051.4164984680435,465.9076802394637,7.244309672220363,6.766278741702112,6.862072878808875,0.4780309305182513,-0.0957941371067629,0.4080309305182513,6.549278741702112,-0.04679413710676292
122.44490498000546,-48.83706672125932,469.2382599418937,448.0508225581995,16.269234824943688,13.82610351858354,13.121466133868733,2.443131306360147,0.7046373847148075,2.3731313063601474,13.60910351858354,0.7536373847148075
122.32647905765876,-48.87404992003978,600.1889542082639,448.2948160519813,14.576437382835069,13.615743067503796,13.741172709165824,0.9606943153312724,-0.125429641662027,0.8906943153312723,13.398743067503796,-0.07642964166202701
122.65761337037192,-48.77160974112778,234.47839635823195,449.5435375107996,14.11751044633486,13.289738500064754,13.069365122264596,0.8277719462701061,0.2203733778001577,0.757771946270106,13.072738500064753,0.2693733778001577
122.53003256819304,-48.81842416729056,380.22978227763974,458.9182356429899,10.912792760035336,10.248103499160411,10.26017464435323,0.6646892608749244,-0.0120711451928183,0.5946892608749244,10.03110349916041,0.03692885480718169
122.6266620681792,-48.78204545545375,269.2475299560717,450.5274666495261,14.861629245959575,13.834549767634565,13.252374688348173,1.0270794783250103,0.582175079286392,0.9570794783250103,13.617549767634564,0.6311750792863919
122.2412735775948,-48.90518969515696,697.2846471601559,454.8456263475082,13.825092014719829,12.968388913203611,12.735347311825842,0.8567031015162172,0.2330416013777689,0.7867031015162171,12.751388913203611,0.2820416013777689
122.40615781735336,-48.85539865499863,516.1332523726019,456.6595628720286,12.631359925679783,11.846021926027923,11.737684358236294,0.7853379996518601,0.1083375677916294,0.7153379996518601,11.629021926027923,0.15733756779162938
122.37718206115396,-48.864345068126305,548.1048021172105,456.57724935096667,12.291141953588742,11.408944091508683,11.172223426957322,0.8821978620800586,0.2367206645513615,0.8121978620800585,11.191944091508683,0.28572066455136147
122.16254325307628,-48.93173156045685,785.5172857785221,457.9465256897877,13.352878650288122,12.524187324977062,12.08544901922354,0.8286913253110608,0.438738305753521,0.7586913253110608,12.307187324977061,0.487738305753521
122.11126075392804,-48.945972496193,841.0080805114717,455.83282029887863,14.78382574612628,14.149710015729204,13.819849578136658,0.6341157303970757,0.3298604375925453,0.5641157303970756,13.932710015729203,0.3788604375925453
122.80296320770758,-48.73146157513453,76.92825825681469,457.27901679752995,14.139174783530876,13.831298274064254,13.858968205257971,0.307876509466622,-0.0276699311937171,0.23787650946662198,13.614298274064254,0.02133006880628289
122.42471293322022,-48.8527724432937,497.6708454024629,460.97903922371023,12.94565142743588,12.049329403453386,11.90408968350476,0.8963220239824938,0.145239719948627,0.8263220239824938,11.832329403453386,0.194239719948627
122.27953723523316,-48.8949143047777,656.0848375305065,456.9833970205981,15.190352099724292,14.293776069330848,14.973819145909076,0.8965760303934438,-0.6800430765782277,0.8265760303934437,14.076776069330847,-0.6310430765782278
122.08617574742298,-48.957476221008925,871.0646134415047,461.0571653499459,14.761041178920845,14.151223599941376,14.230413908841513,0.6098175789794684,-0.0791903089001362,0.5398175789794684,13.934223599941376,-0.030190308900136215
122.33146378012968,-48.88046953780628,599.8410688649951,459.23549413601233,13.09181076110282,12.119147010337306,11.881176245039908,0.9726637507655144,0.2379707652973977,0.9026637507655144,11.902147010337305,0.2869707652973977
122.32017373906262,-48.88443917855278,612.6071148232874,459.8808186304108,12.955697707201953,12.07677983981884,11.834612279991646,0.8789178673831124,0.2421675598271946,0.8089178673831123,11.85977983981884,0.29116755982719456
122.2759219622964,-48.90048606332298,662.95102413094,463.1021659366759,15.226368309431097,14.527488973112527,15.141248292757137,0.6988793363185692,-0.6137593196446094,0.6288793363185692,14.310488973112527,-0.5647593196446095
122.55968757399398,-48.81574743706534,351.7059592090321,467.96628785534625,14.939016048422882,13.406947952641804,12.886990477046549,1.532068095781078,0.5199574755952554,1.4620680957810779,13.189947952641804,0.5689574755952553
122.3647421926406,-48.87318573770513,565.0685017849362,463.41226704308315,12.755515557046095,11.808232266084024,11.53050340112882,0.947283290962071,0.2777288649552041,0.8772832909620709,11.591232266084024,0.3267288649552041
122.65817590282629,-48.781944760916744,240.72017496424385,463.9518217928732,13.938911999489257,13.207249002064817,12.858011873350806,0.73166299742444,0.3492371287140106,0.6616629974244399,12.990249002064816,0.39823712871401057
122.65166012499364,-48.78574283543679,249.08451573886953,466.35289231301056,15.07456488810133,15.345561005351405,14.151510021954245,-0.2709961172500748,1.19405098339716,-0.3409961172500748,15.128561005351404,1.24305098339716
122.51981195553796,-48.82775435441831,395.53125419741366,467.3369049952057,11.038283838172513,10.390600426348596,10.392545395860315,0.6476834118239161,-0.0019449695117188,0.577683411823916,10.173600426348596,0.04705503048828119
122.32220485998346,-48.89040717834417,614.6343164816197,468.9433086497737,13.141965254071462,12.258012377035987,11.979529272241018,0.8839528770354743,0.2784831047949687,0.8139528770354743,12.041012377035987,0.32748310479496867
122.81495781320676,-48.73642464070444,69.35159238644357,469.2655865291038,14.377109647254064,13.693140660662012,13.438903724212055,0.6839689865920526,0.2542369364499564,0.6139689865920526,13.476140660662011,0.30323693644995636
122.18250342984254,-48.93455919915065,769.3114847442084,470.2890703740414,13.645644645026511,13.066480107424924,12.661384232965869,0.5791645376015868,0.4050958744590556,0.5091645376015868,12.849480107424924,0.4540958744590556
122.05101060043968,-48.97451273048535,913.772302732412,469.6539988051015,15.8805610825089,15.469732347120138,14.674687107517515,0.4108287353887618,0.7950452396026222,0.3408287353887618,15.252732347120137,0.8440452396026221
122.3886541140648,-48.87133883782035,542.2771516844296,471.0742429560256,12.387515728444525,11.53907323277443,11.307433954487182,0.8484424956700956,0.2316392782872469,0.7784424956700955,11.322073232774429,0.2806392782872469
122.53587235846705,-48.82615900667884,379.99034825788584,472.0324456046682,10.96326092804779,10.294683502390106,10.313238250527435,0.6685774256576842,-0.0185547481373298,0.5985774256576841,10.077683502390105,0.03044525186267019
122.08619823794092,-48.9645763804011,875.6084401243901,470.83427797995785,14.36744650735892,13.912350030846213,13.776073707667424,0.4550964765127077,0.1362763231787891,0.3850964765127077,13.695350030846212,0.1852763231787891
122.87980262362662,-48.72178056037926,1.1894197644410818,477.3089501001697,14.38467019527276,13.330815383458129,13.377474008095888,1.053854811814631,-0.0466586246377591,0.9838548118146309,13.113815383458128,0.0023413753622408898
122.4608591473232,-48.85077484990029,463.7315992212841,473.6872072099564,15.872455811962286,15.353334194097725,14.138711123270834,0.5191216178645615,1.2146230708268906,0.44912161786456145,15.136334194097724,1.2636230708268905
122.1508920606608,-48.94837925355909,806.7628047488333,475.90592283508016,15.040566193437126,13.456606739196896,13.105430549588103,1.5839594542402295,0.3511761896087932,1.5139594542402295,13.239606739196896,0.4001761896087932
122.11972229216224,-48.955161147763256,839.2770068816392,472.0484412066453,14.9188001616339,14.098289991033369,13.710726124660894,0.8205101706005316,0.3875638663724743,0.7505101706005315,13.881289991033368,0.4365638663724743
122.36820540066016,-48.88123033990664,567.1528376235702,475.9358269464147,14.126620034915948,13.238358631280516,12.90257040293746,0.8882614036354326,0.3357882283430555,0.8182614036354325,13.021358631280515,0.3847882283430555
122.408466569555,-48.867681663821045,522.0149516938925,474.50830411813234,12.9330354672826,12.268323212231916,12.181229213426072,0.6647122550506843,0.0870939988058445,0.5947122550506843,12.051323212231916,0.1360939988058445
122.33665088755222,-48.89118534095581,602.0927665777178,476.1628725727912,13.048840084407258,12.080326830087143,11.784779098423655,0.9685132543201148,0.295547731663488,0.8985132543201149,11.863326830087143,0.344547731663488
122.8176622199092,-48.741811695869146,70.44344550682696,477.8124315077926,15.89760371076287,14.23096864956484,13.927148011595284,1.6666350611980292,0.3038206379695563,1.5966350611980291,14.01396864956484,0.35282063796955626
122.69938749047778,-48.78245478857786,203.84231648547737,482.4040900213208,15.06321563012397,13.773715676833216,13.533122613930244,1.289499953290754,0.2405930629029722,1.219499953290754,13.556715676833216,0.28959306290297215
122.78565757474992,-48.75683419158822,109.18736014314564,484.5425530105349,12.772697638456489,12.07820042716768,11.927810265931395,0.6944972112888088,0.1503901612362845,0.6244972112888088,11.86120042716768,0.19939016123628447
122.33839501693488,-48.89624588648257,603.7938579250998,483.85618324775896,13.106647240606351,12.225981389467096,11.917060699286004,0.8806658511392556,0.3089206901810915,0.8106658511392555,12.008981389467095,0.35792069018109146
122.35235355337896,-48.89364738988058,589.5087700093026,486.2325878890479,14.517112940773387,13.317776268106892,12.878906005817196,1.1993366726664956,0.4388702622896954,1.1293366726664955,13.100776268106891,0.4878702622896954
122.03136156742076,-48.99281205930448,943.2649371529498,486.55109282092405,15.62074489775804,15.161362649316052,14.299272929782196,0.4593822484419885,0.8620897195338557,0.3893822484419885,14.944362649316052,0.9110897195338556
121.9163021141413,-49.02709826466462,1069.1322327599364,485.3576873118544,11.720787505817237,11.559571839604368,11.540896332986136,0.1612156662128683,0.0186755066182318,0.09121566621286831,11.342571839604368,0.0676755066182318
122.74307032986658,-48.772833438568625,158.1123897102271,488.0627627626615,14.319675117966844,13.468717853606416,13.35768033633408,0.850957264360428,0.1110375172723348,0.7809572643604279,13.251717853606415,0.16003751727233478
122.0985418183619,-48.971583727077025,868.9670249695125,485.68706125273013,16.846001426814194,15.35991742982313,15.216009162616196,1.4860839969910646,0.1439082672069336,1.4160839969910646,15.142917429823129,0.19290826720693358
122.4768442033385,-48.857738489429266,453.8235637980419,490.08064900801526,15.463015759000276,14.454654178851792,14.109897957969508,1.0083615801484846,0.3447562208822834,0.9383615801484846,14.237654178851791,0.3937562208822834
122.71743307187565,-48.78537002237838,189.45873617150565,494.17833426812456,15.053852210030511,13.979018344830587,13.630385273482936,1.074833865199924,0.3486330713476508,1.004833865199924,13.762018344830587,0.3976330713476508
122.17317600163034,-48.95349437001335,789.9370162523666,492.3721638571181,14.789230282563471,13.702712262950794,13.599365634361448,1.0865180196126776,0.103346628589346,1.0165180196126775,13.485712262950793,0.152346628589346
122.518407167908,-48.84846158871224,410.27190893611026,495.1432204114204,13.99874207504337,13.161417416339631,12.798650727825338,0.8373246587037393,0.3627666885142933,0.7673246587037392,12.94441741633963,0.41176668851429327
122.80054887760458,-48.76173939959001,98.96096310460008,497.69793906515287,12.52675107211031,11.759048677140392,11.643363826902837,0.767702394969918,0.1156848502375549,0.6977023949699179,11.542048677140391,0.1646848502375549
122.34345644197283,-48.90392594524033,604.1965607924586,496.5596766870337,14.0800026648433,13.259079729465276,12.978175430362494,0.8209229353780252,0.2809042991027812,0.7509229353780251,13.042079729465275,0.3299042991027812
122.75617171170973,-48.77595094234216,148.32758074744464,497.9889044069992,14.04318463456142,13.166541500954116,13.156439606790729,0.8766431336073044,0.0101018941633874,0.8066431336073043,12.949541500954115,0.05910189416338739
122.6913828428265,-48.79425690941092,218.78427299029127,495.12777619502526,14.336167882031036,13.194960116744976,12.957874510170322,1.14120776528606,0.237085606574654,1.0712077652860599,12.977960116744976,0.286085606574654
122.32447759553322,-48.912571607232984,626.9247046328422,500.355886557226,11.280521160247233,10.394585131535566,10.217746818954476,0.8859360287116669,0.1768383125810899,0.8159360287116668,10.177585131535565,0.22583831258108988
122.2946613539302,-48.91869171039333,657.7985088808899,496.0817195386888,12.808452049601833,11.648053560749304,11.492962095389862,1.160398488852529,0.1550914653594421,1.0903984888525289,11.431053560749303,0.2040914653594421
122.2692968113446,-48.927420607344715,686.3376594934872,497.2966238857315,14.867314786398936,14.055042331823682,13.840813604409991,0.812272454575254,0.2142287274136904,0.7422724545752539,13.838042331823681,0.2632287274136904
122.2074618172402,-48.94564730389753,753.9251366542732,496.1091185314815,16.84166793482697,16.747952353829064,16.374470589796182,0.0937155809979053,0.3734817640328813,0.0237155809979053,16.530952353829065,0.4224817640328813
122.05526512019902,-48.99338977918155,922.053972574222,497.4227482797274,14.160526444292213,13.462056606244069,13.22151370883093,0.698469838048144,0.2405428974131389,0.6284698380481439,13.245056606244068,0.2895428974131389
122.81121735745258,-48.75829108745106,87.07048297865335,497.58952215420135,12.484777405996038,11.699193042061406,11.658601072333294,0.7855843639346318,0.040591969728112,0.7155843639346318,11.482193042061406,0.08959196972811198
122.55296042199534,-48.83995592057352,373.54588984818224,498.28425184713217,16.81859924456889,14.67739558105263,14.67737137378932,2.1412036635162597,2.4207263310316307e-05,2.07120366351626,14.46039558105263,0.049024207263310304
122.31505980196684,-48.92113384231512,640.9653594292772,508.11069553060406,11.2381277934574,10.346831423564716,10.168669300663652,0.8912963698926841,0.1781621229010639,0.8212963698926841,10.129831423564715,0.22716212290106388
122.61264126378524,-48.821811761949135,307.85142555269033,499.0198994305565,11.136023289024989,10.612116542941408,10.718653295295123,0.5239067460835809,-0.1065367523537155,0.4539067460835809,10.395116542941407,-0.05753675235371551
121.94630855403902,-49.03047562773135,1044.2012713152387,502.6095186942205,11.733889512638523,11.0138386964735,10.9132670202044,0.7200508161650241,0.1005716762690998,0.650050816165024,10.796838696473499,0.14957167626909978
122.17746972973576,-48.96136752169789,791.1346084162606,505.0149683475505,12.871622647589788,12.1159061896494,11.998124382395858,0.7557164579403892,0.1177818072535412,0.6857164579403892,11.898906189649399,0.1667818072535412
122.70099089927804,-48.79646079774419,211.5530323551151,502.28768165719487,15.020695203695489,14.034751399748403,13.632653017231522,0.9859438039470856,0.4020983825168809,0.9159438039470855,13.817751399748403,0.4510983825168809
122.66668607562698,-48.80838715147309,250.30909434316948,503.85831716884866,13.03712719825223,11.885314577540148,11.630879496396537,1.1518126207120822,0.2544350811436118,1.0818126207120822,11.668314577540148,0.3034350811436118
122.28467870382072,-48.92694115564316,672.1428576001194,503.17274815922224,14.281654182513224,13.679289735786364,13.544749068447938,0.6023644467268596,0.1345406673384257,0.5323644467268596,13.462289735786364,0.1835406673384257
121.96071535360244,-49.02711600605902,1029.043723303627,504.0375832100144,11.950911235235273,11.211890718265964,11.116134699317076,0.7390205169693083,0.0957560189488884,0.6690205169693082,10.994890718265964,0.1447560189488884
122.63090888838808,-48.830047220353144,296.7386314668757,518.1609176384053,8.892053761699247,8.308310782409654,8.42459310763487,0.5837429792895925,-0.1162823252252156,0.5137429792895924,8.091310782409654,-0.06728232522521561
122.18380794738128,-48.958872136195765,783.805031776872,504.26799949125495,13.492249147738915,12.743689109276884,12.579844888118846,0.7485600384620312,0.1638442211580386,0.6785600384620312,12.526689109276884,0.21284422115803858
122.23033934566732,-48.946791622202504,734.0123509563056,507.3821433781044,13.833247125902975,12.793284382657808,12.721103719262238,1.0399627432451677,0.072180663395569,0.9699627432451676,12.576284382657807,0.12118066339556899
122.15521544252567,-48.968415638525734,815.7634406248092,505.2873560802706,13.13685200037202,12.370064990127185,12.377143103231177,0.7667870102448351,-0.0070781131039918,0.696787010244835,12.153064990127184,0.04192188689600819
122.51791018913832,-48.857585714759885,416.6565922342944,507.4477745479711,13.99366660163353,13.171323826851213,12.752354993055796,0.8223427747823173,0.4189688337954163,0.7523427747823173,12.954323826851212,0.46796883379541626
122.1319048540963,-48.97786611508658,842.8893176026977,508.4256264277618,15.766733475711291,15.123224787284178,14.950077706366423,0.6435086884271133,0.1731470809177544,0.5735086884271132,14.906224787284177,0.2221470809177544
122.6843107993371,-48.8077418069272,233.98140897512857,510.5616069179469,12.781046213874006,11.699973683367354,11.411181563795315,1.0810725305066526,0.2887921195720384,1.0110725305066526,11.482973683367353,0.33779211957203836
122.5625586396164,-48.84409692019715,367.5799632315796,508.0800649255225,16.272426122615027,14.23803486058666,13.96518836739641,2.0343912620283664,0.2728464931902508,1.9643912620283663,14.02103486058666,0.32184649319025077
122.50434451301116,-48.861539217613824,431.4715280916934,507.06362040785336,14.133631188617937,13.508263820351416,13.399628510343756,0.6253673682665202,0.10863531000766,0.5553673682665201,13.291263820351416,0.15763531000765998
122.043892673678,-49.006961976751505,941.035642518529,511.30397047585785,12.72888078800502,11.80776128688255,11.541637978474208,0.9211195011224688,0.2661233084083427,0.8511195011224688,11.59076128688255,0.3151233084083427
121.94406295142024,-49.03841692354998,1051.313156522291,512.6008023495103,11.770547237518432,11.074202768250837,10.98824909535912,0.6963444692675953,0.0859536728917174,0.6263444692675952,10.857202768250836,0.1349536728917174
122.17017559833076,-48.96979039734642,803.1460223303569,513.508060021283,12.800186899265444,12.044031870770542,11.906670267552483,0.7561550284949021,0.1373616032180589,0.6861550284949021,11.827031870770542,0.1863616032180589
122.47107167721684,-48.877858211117896,472.1076001287914,515.2220944665194,12.543070830348768,11.864986727240654,11.785359908218132,0.6780841031081142,0.079626819022522,0.6080841031081141,11.647986727240653,0.128626819022522
122.82228564673292,-48.76844560223373,83.74281265500343,516.281591914614,13.117684212365251,12.442827365209643,12.384893643046135,0.674856847155608,0.0579337221635078,0.604856847155608,12.225827365209643,0.10693372216350779
122.80603900736055,-48.772605839822845,101.13166152012371,514.9522293512755,12.35359581155145,11.667766511663777,11.613782232794836,0.6858292998876738,0.0539842788689401,0.6158292998876738,11.450766511663776,0.10298427886894009
121.95955371727176,-49.0375658278283,1036.7860519525111,517.9366493873208,11.706102634765331,11.002579298499656,10.893531200567372,0.7035233362656754,0.1090480979322841,0.6335233362656754,10.785579298499655,0.15804809793228408
122.75816340221871,-48.78855042206339,154.7814583390126,516.107584958473,14.605234744323807,13.7012788427931,13.620884212613344,0.9039559015307076,0.0803946301797555,0.8339559015307076,13.484278842793099,0.1293946301797555
122.18308623195524,-48.96828025722844,790.5207060148629,516.8970039415481,12.762928530722045,11.987250494682058,11.808206572227144,0.7756780360399862,0.1790439224549143,0.7056780360399861,11.770250494682058,0.22804392245491428
122.2320777361372,-48.9546029123667,737.4851041005029,518.8553618980571,13.8539988610804,12.8786196891999,12.836617212923048,0.9753791718805012,0.0420024762768509,0.9053791718805011,12.661619689199899,0.09100247627685089
122.54032522514233,-48.85986091962512,397.90928316504744,520.1708691452378,17.682102514178872,15.330526397616875,14.619467112448676,2.351576116561997,0.7110592851681989,2.281576116561997,15.113526397616875,0.7600592851681989
122.70490625762604,-48.80818397296128,215.68572205909868,520.0388237711102,13.78260169368076,12.76027827522248,12.373542674930114,1.0223234184582797,0.3867356002923667,0.9523234184582796,12.54327827522248,0.4357356002923667
122.4042694155777,-48.90608687788343,550.7125342098285,525.4431871723696,14.52683348353639,13.578129776924635,13.249748186557106,0.948703706611754,0.3283815903675293,0.878703706611754,13.361129776924635,0.3773815903675293
122.19553984685147,-48.96884520705086,779.6461196957503,522.9473339502289,15.800910793317293,13.887328699092777,13.455166603774408,1.913582094224516,0.4321620953183682,1.843582094224516,13.670328699092776,0.4811620953183682
122.58104396484389,-48.8503169804244,354.9518100675102,524.54006218067,17.435839642546394,17.20299755651801,15.505122886176586,0.2328420860283842,1.6978746703414238,0.16284208602838418,16.98599755651801,1.7468746703414237
122.72373468470737,-48.80953427128361,199.58122804866716,530.0033001525102,15.403694110598796,14.370322079677086,13.813984765234096,1.0333720309217096,0.55633731444299,0.9633720309217095,14.153322079677086,0.6053373144429899
122.19919165727676,-48.973745293757,779.5106150339411,531.2301985852174,17.193055585645727,15.02020628270932,13.934411412127492,2.172849302936406,1.0857948705818288,2.102849302936406,14.80320628270932,1.1347948705818287
122.5173844758016,-48.87634911052311,429.33821565096855,532.9642656972464,15.471544255109348,14.787081975975282,14.445140343174346,0.6844622791340669,0.3419416328009355,0.6144622791340668,14.570081975975281,0.39094163280093547
122.50012040786412,-48.88055426314651,447.6489113718247,531.3453045885104,15.414491847889124,14.644262629954149,14.5094108458019,0.7702292179349755,0.1348517841522483,0.7002292179349754,14.427262629954148,0.1838517841522483
122.3297496357558,-48.93448443486218,636.3480980152799,532.6978105198381,14.410205837053564,13.369204715631689,13.263601716078036,1.0410011214218748,0.1056029995536533,0.9710011214218748,13.152204715631688,0.1546029995536533
122.23319222759422,-48.96415387505787,742.6442407238794,532.4548200956162,15.2339920888818,13.850179495308842,13.85386042301478,1.3838125935729586,-0.0036809277059379,1.3138125935729585,13.633179495308841,0.04531907229406209
122.84397944920792,-48.77575847330198,68.96970666029515,535.6801137750517,14.00437086199683,13.3811942943057,13.201145775754023,0.6231765676911287,0.1800485185516773,0.5531765676911287,13.1641942943057,0.2290485185516773
122.31264708015416,-48.94167885187501,656.4336422776879,535.3072019286129,14.842715070467223,14.03184480674735,14.420472967009434,0.8108702637198739,-0.3886281602620851,0.7408702637198739,13.814844806747349,-0.3396281602620851
122.06368187606252,-49.01942672923293,931.1823716520144,536.7962637563402,13.42241868105332,13.016445413963645,13.0294928911412,0.405973267089676,-0.0130474771775546,0.335973267089676,12.799445413963644,0.03595252282244539
122.8518186330718,-48.77286874648296,60.00096117430864,535.1169887826821,14.433516206144844,13.632051888606464,13.4834722946725,0.8014643175383807,0.1485795939339631,0.7314643175383806,13.415051888606463,0.1975795939339631
122.82593524805267,-48.78304916175434,90.0315514421535,537.8556328696591,14.388161114600768,13.63748072771957,13.546210451994217,0.7506803868811982,0.0912702757253534,0.6806803868811981,13.42048072771957,0.1402702757253534
122.638953590207,-48.84274241397693,297.7667486709051,539.0220373724743,10.347926815621166,9.657580336655352,9.893749501928196,0.6903464789658145,-0.2361691652728446,0.6203464789658144,9.440580336655351,-0.1871691652728446
122.29864234192084,-48.95069940197126,674.902597340069,541.7471464782791,14.54020033984384,14.10485252677413,13.79206334029774,0.4353478130697112,0.3127891864763885,0.3653478130697112,13.887852526774129,0.36178918647638847
122.81461629278871,-48.790962901925646,105.43304638534038,543.7973832576689,15.01140480035361,13.926260444283855,13.743902111757148,1.085144356069755,0.1823583325267073,1.0151443560697548,13.709260444283855,0.2313583325267073
122.22480790558326,-48.976020453935384,757.8672101560949,545.2104434128632,13.935990390133869,12.943429451779034,12.538663270598914,0.9925609383548348,0.4047661811801202,0.9225609383548348,12.726429451779033,0.4537661811801202
122.72046593421382,-48.82231658931219,210.89289847641325,546.1077002451597,16.115441243094327,14.441101083490418,13.994975043944272,1.6743401596039096,0.4461260395461455,1.6043401596039095,14.224101083490417,0.4951260395461455
122.23436594689052,-48.97335308956346,747.5233064490844,545.5957696536709,14.155931851880007,13.252313024587544,13.005860560987353,0.9036188272924636,0.2464524636001908,0.8336188272924636,13.035313024587543,0.2954524636001908
122.64928775899982,-48.84511984480783,289.9972623984911,546.7230098886071,13.84458366808917,12.980843269171205,12.722479582991165,0.8637403989179653,0.25836368618004,0.7937403989179652,12.763843269171204,0.30736368618004
122.74874377171396,-48.81514228844596,180.6923829447371,548.4697598346655,15.210253865987696,14.25730911079303,14.426080607063284,0.9529447551946664,-0.1687714962702546,0.8829447551946663,14.040309110793029,-0.1197714962702546
122.29880155062524,-48.95752848192261,679.175048285411,551.1967219146851,14.132231296835542,13.209249619054251,13.006274228519242,0.9229816777812908,0.2029753905350091,0.8529816777812909,12.99224961905425,0.25197539053500906
122.07030110705068,-49.02909433774889,931.4220358624286,552.8878639320375,13.12877253488948,12.473258220650392,12.392108899343809,0.6555143142390882,0.081149321306583,0.5855143142390882,12.256258220650391,0.130149321306583
122.42157333801708,-48.92055327725219,544.4866241274098,552.6838047666324,13.95093276312469,13.040659159427424,12.913005415669186,0.9102736036972664,0.1276537437582376,0.8402736036972664,12.823659159427423,0.17665374375823759
122.08448800724008,-49.023508446823136,915.0344883080188,551.1850315601239,14.270716297757954,14.043798640897368,14.486569583965096,0.2269176568605857,-0.4427709430677282,0.1569176568605857,13.826798640897367,-0.3937709430677282
122.82252842918886,-48.79496034733212,100.9193068503926,552.6914616136158,13.215098588713934,12.405490703932347,12.222292751972558,0.8096078847815864,0.183197951959789,0.7396078847815863,12.188490703932347,0.23219795195978898
122.2602623915815,-48.97149294643624,722.9625081938159,554.0221495026099,14.144854286251205,13.219136455558084,12.928528370751192,0.9257178306931202,0.2906080848068928,0.8557178306931201,13.002136455558084,0.3396080848068928
122.85592277740044,-48.78658711895409,65.3072215776877,555.6732767562443,13.610959734979083,12.887217267126454,12.804700229742078,0.7237424678526292,0.0825170373843757,0.6537424678526291,12.670217267126453,0.1315170373843757
122.75801721085118,-48.816970712071154,173.52615355964735,554.9745109880248,15.365628196224955,14.291909170815336,14.43004929999555,1.0737190254096198,-0.1381401291802149,1.0037190254096198,14.074909170815335,-0.08914012918021491
122.73646914317024,-48.82362421429426,197.3152524852995,554.7966180215534,15.647536765998597,14.099126414059365,14.043080239238083,1.548410351939232,0.0560461748212812,1.478410351939232,13.882126414059364,0.10504617482128119
122.1184633252383,-49.016598599407146,879.9434864960219,556.0175126553236,13.15881368121062,12.530204126753368,12.446465602628791,0.6286095544572525,0.0837385241245769,0.5586095544572525,12.313204126753368,0.13273852412457687
121.98192944157262,-49.06094579652142,1031.5775776276948,559.526605674673,12.774456407443427,12.040267315847238,11.895955471952016,0.7341890915961891,0.1443118438952222,0.664189091596189,11.823267315847238,0.19331184389522219
122.65992410983164,-48.84976053616129,283.4350139657156,557.6568684336244,14.568453309836636,13.46505576257629,13.453066792634324,1.1033975472603466,0.0119889699419655,1.0333975472603465,13.24805576257629,0.06098896994196549
122.77782931886198,-48.813090689834034,153.11754734331407,558.2095260600685,19.83081231143125,18.73249847557628,15.220341995225134,1.0983138358549702,3.5121564803511447,1.0283138358549702,18.51549847557628,3.5611564803511446
122.65265266966274,-48.85742960493149,295.00077333927555,565.042803015907,14.343738748866803,13.138332657574589,13.020756963637334,1.2054060912922149,0.1175756939372547,1.1354060912922148,12.921332657574588,0.1665756939372547
122.06941650510012,-49.03485727880638,935.922902047678,560.4438072495155,14.216381554145896,13.242257499595985,13.144504064437918,0.974124054549911,0.0977534351580668,0.904124054549911,13.025257499595984,0.14675343515806677
122.84123152216586,-48.79669486306704,85.19140410306164,563.1542718437986,13.013835982201869,12.251074947762836,12.090773871906311,0.7627610344390323,0.1603010758565251,0.6927610344390323,12.034074947762836,0.20930107585652508
122.23216968020542,-48.987169318569805,758.42241315196,563.6537935334895,13.61768897982024,12.603331976613005,12.241848926019696,1.0143570032072358,0.3614830505933089,0.9443570032072357,12.386331976613004,0.41048305059330886
122.01073906158184,-49.05402366873818,1001.1529707708524,562.1113565614239,12.817582880350722,12.004449207172591,11.782512852278709,0.8131336731781307,0.2219363548938826,0.7431336731781306,11.78744920717259,0.27093635489388257
122.49989485553183,-48.90299097968016,462.4423921162618,562.0332594230388,14.995675337724734,14.34090928124272,14.135139893853204,0.6547660564820141,0.2057693873895161,0.5847660564820141,14.12390928124272,0.2547693873895161
122.63444767354774,-48.861406968475805,314.0136735573176,562.6723864471967,14.675728400178738,13.976551762966706,13.292763611838684,0.699176637212032,0.6837881511280219,0.629176637212032,13.759551762966705,0.7327881511280219
122.60350884775173,-48.87348708529046,349.79382819618667,565.9511633176185,15.295109835141195,14.56400369760303,13.64151971465838,0.7311061375381662,0.9224839829446498,0.6611061375381662,14.347003697603029,0.9714839829446498
122.06542159168286,-49.040209036978766,942.96454099275,566.1233919650937,14.52447112016861,13.19288084993594,12.89026507027843,1.3315902702326703,0.3026157796575095,1.2615902702326702,12.975880849935939,0.3516157796575095
122.46212734842932,-48.91697436577291,505.58900388027314,565.0811774952415,14.479535905479004,13.816680168090503,13.543013467336614,0.6628557373885009,0.2736667007538891,0.5928557373885008,13.599680168090503,0.3226667007538891
122.42046101938404,-48.931009099621406,552.274107355091,566.5625757651235,13.841467123206208,12.974911615664045,12.914580837442283,0.8665555075421629,0.0603307782217612,0.7965555075421629,12.757911615664044,0.10933077822176118
122.30575704505316,-48.96663943961328,678.7941291343523,566.6681578166038,14.359450255148545,13.251468327777138,13.08897772668756,1.1079819273714069,0.1624906010895781,1.0379819273714068,13.034468327777137,0.2114906010895781
122.39194176275063,-48.94021213100172,583.9608450465491,567.040360177465,14.19931341207591,13.144929558099635,12.904292240276718,1.0543838539762742,0.2406373178229177,0.9843838539762741,12.927929558099635,0.2896373178229177
122.20019890789963,-49.00005526931849,795.5687032619328,567.8247449623049,15.424006555287232,15.534049554235402,14.9620676927056,-0.1100429989481703,0.5719818615298013,-0.1800429989481703,15.317049554235401,0.6209818615298013
122.03707642102866,-49.04953975762132,974.5211210028648,567.0236152902313,12.66442755033118,11.891170269967136,11.74343009538453,0.7732572803640441,0.147740174582605,0.703257280364044,11.674170269967135,0.19674017458260498
122.51028778414988,-48.90404353938005,453.75498059676545,567.9224148856064,14.870091820990272,14.024821220796246,13.854830716867031,0.8452706001940253,0.1699905039292151,0.7752706001940253,13.807821220796246,0.2189905039292151
122.47563096345054,-48.914946903465555,492.0948090680524,568.0671492471712,14.468884131639337,14.307651036759482,14.194663019128903,0.1612330948798543,0.1129880176305793,0.09123309487985429,14.090651036759482,0.1619880176305793
122.45776343561975,-48.923086491267,513.4942600367023,571.6059758432452,15.250457708925635,14.276533485618218,13.71151465124588,0.9739242233074172,0.5650188343723386,0.9039242233074172,14.059533485618218,0.6140188343723385
122.6311693878008,-48.87041272204362,322.8474106137431,573.6102186996159,13.916764557065846,13.291277371548423,12.926403262286172,0.6254871855174233,0.3648741092622511,0.5554871855174233,13.074277371548423,0.4138741092622511
122.02715857558675,-49.05929347527772,989.7259628475072,576.2720007305903,12.419968897821803,11.61132148391692,11.479477160217536,0.8086474139048843,0.1318443236993829,0.7386474139048842,11.394321483916919,0.1808443236993829
122.39016935772985,-48.94753883903205,590.3090870291184,576.344920450789,13.373233615010756,12.3658711563756,12.101770850547515,1.0073624586351553,0.2641003058280855,0.9373624586351552,12.1488711563756,0.3131003058280855
122.80902584489216,-48.816504842199,127.2267788665652,576.3566759918984,17.01784174354905,14.372679926954357,14.410043934281978,2.645161816594692,-0.0373640073276213,2.5751618165946923,14.155679926954356,0.011635992672378685
122.23617387865266,-48.99512434694314,759.9464750962535,576.2839929136359,13.837950497160474,12.718246990167138,12.233641879028118,1.1197035069933357,0.4846051111390199,1.0497035069933356,12.501246990167138,0.5336051111390199
122.68707603926296,-48.8571916327086,263.8082409017149,579.5193061537389,11.033862581112988,10.295815396451228,10.259774147915843,0.7380471846617596,0.0360412485353851,0.6680471846617595,10.078815396451228,0.08504124853538508
122.46703519030945,-48.92492135697879,506.326359017932,578.0833588372838,14.331986692333402,13.720607381289652,13.36634989120602,0.6113793110437502,0.354257490083631,0.5413793110437501,13.503607381289651,0.403257490083631
122.65972784908573,-48.86583090081576,294.1083451767262,579.599386256275,14.92122282878439,13.48603464364776,13.362108244305094,1.4351881851366315,0.1239263993426647,1.3651881851366314,13.269034643647759,0.17292639934266468
122.11932913739692,-49.037028189998466,892.3076466533735,584.4818270343319,13.55315697483639,12.956759754182883,12.703121728011824,0.5963972206535075,0.2536380261710587,0.5263972206535075,12.739759754182883,0.30263802617105867
122.72604002346785,-48.85858542600256,229.59757595498908,598.2007465895365,8.909672976251347,8.422009264485453,8.58877603665328,0.4876637117658937,-0.1667667721678274,0.4176637117658937,8.205009264485453,-0.11776677216782741
122.59833109633406,-48.8869615424118,363.2487824589327,582.2055806454972,14.967625022285972,14.775937502359954,13.963516022257403,0.1916875199260186,0.8124214801025502,0.12168751992601859,14.558937502359953,0.8614214801025502
122.91188495911004,-48.78997822488049,17.079396938735286,584.5526075269936,16.60922732997641,15.668006901171928,14.529994974487964,0.9412204288044812,1.138011926683964,0.8712204288044811,15.451006901171928,1.1870119266839638
122.90298203400611,-48.79203959062247,26.460310026333776,583.5153521650001,15.701687239539435,14.723425577933504,13.8859718549798,0.9782616616059308,0.837453722953704,0.9082616616059307,14.506425577933504,0.886453722953704
122.553849073438,-48.90252413937215,413.49082564395593,584.4829413238517,13.046449785045482,12.24697619331492,12.105687025051472,0.7994735917305622,0.141289168263448,0.7294735917305621,12.02997619331492,0.190289168263448
122.20092550341327,-49.011412315434896,802.2376417079771,583.7446057577595,15.014984475145337,14.669100137688838,14.455101352210823,0.3458843374564981,0.2139987854780152,0.2758843374564981,14.452100137688838,0.2629987854780152
122.41200161816413,-48.94937858958795,571.8189542456711,588.1733800875991,14.121206348376058,12.953334771444334,12.734379132380868,1.1678715769317236,0.2189556390634663,1.0978715769317235,12.736334771444334,0.2679556390634663
122.22895009769684,-49.00534876682579,773.0592074699354,587.275821256713,15.674447162204512,14.715733004961065,13.710212928795215,0.9587141572434472,1.0055200761658494,0.8887141572434472,14.498733004961064,1.0545200761658493
122.0710418423439,-49.053612904699825,946.5086802640732,586.9332248993713,15.396150828408183,13.292279041384822,12.793964174262616,2.103871787023362,0.4983148671222057,2.033871787023362,13.075279041384821,0.5473148671222057
122.43746806226628,-48.94206286762531,544.1142004393844,588.9897318719344,12.955974936628529,12.323291668998689,12.201285100670546,0.6326832676298402,0.1220065683281426,0.5626832676298401,12.106291668998688,0.1710065683281426
122.16313544429484,-49.02748590986208,846.6687960351661,589.86068345876,13.242138822945275,12.214460276145264,11.99310298852096,1.0276785468000114,0.2213572876243041,0.9576785468000113,11.997460276145263,0.2703572876243041
122.39372573572516,-48.95626369441631,592.7594617375634,589.839026522623,13.531781513986475,12.538467199780854,12.337414551684512,0.9933143142056212,0.2010526480963417,0.9233143142056213,12.321467199780853,0.2500526480963417
122.89418000061058,-48.79945934250916,39.272493233713455,589.8565149648726,16.254501854814713,14.555826811638983,14.137302878999998,1.6986750431757294,0.4185239326389851,1.6286750431757293,14.338826811638983,0.46752393263898506
122.79446042897663,-48.83226524874308,150.69087708205896,591.6491589497664,15.277571676935594,14.325906673756457,14.149615828799002,0.9516650031791372,0.1762908449574549,0.8816650031791371,14.108906673756456,0.22529084495745488
122.69515459036737,-48.86661058949362,262.68339101603567,595.9024072534578,10.958837325013928,10.219783192100412,10.18808939538069,0.7390541329135161,0.0316937967197219,0.669054132913516,10.002783192100411,0.08069379671972189
122.64413623602996,-48.88122524851405,318.2159355082245,594.0015304331914,12.55474895999614,11.866502521241037,11.751064079105182,0.6882464387551028,0.1154384421358543,0.6182464387551028,11.649502521241036,0.1644384421358543
122.60137704983916,-48.89179227043387,363.65297123424295,590.1358393982949,15.144225935128206,15.041043179969344,14.037681777498143,0.103182755158862,1.0033614024712012,0.03318275515886199,14.824043179969344,1.0523614024712011
122.09212068347816,-49.04996252763447,925.1579348958978,590.7956855689664,14.69336387056455,14.16287852382793,14.084225435169856,0.5304853467366204,0.0786530886580738,0.4604853467366204,13.945878523827929,0.1276530886580738
122.83518371243473,-48.820734268609826,106.42205509420782,593.4512559189697,15.737543437596308,14.827821754873588,14.85759165690376,0.9097216827227204,-0.0297699020301713,0.8397216827227203,14.610821754873587,0.019230097969828688
122.38658732626128,-48.96063954159643,602.0312708989632,592.8070237355324,14.24717638646268,13.024889549546478,12.81941087392684,1.2222868369162023,0.2054786756196378,1.1522868369162023,12.807889549546477,0.2544786756196378
122.57069152115672,-48.90534000423666,400.1429696520574,595.5595100120132,13.821203169756728,12.909438823929676,12.644548760619015,0.911764345827052,0.264890063310661,0.8417643458270521,12.692438823929676,0.313890063310661
122.53248272968268,-48.919365547523775,443.7152777874354,598.4374712128156,12.95602816762541,12.31980574486102,12.175069734540129,0.6362224227643907,0.1447360103208907,0.5662224227643906,12.10280574486102,0.1937360103208907
122.06080777249062,-49.06271241910451,961.5816138188486,595.1418534653506,16.24086406545277,13.514340546003242,13.100750529908993,2.726523519449527,0.4135900160942487,2.6565235194495274,13.297340546003241,0.4625900160942487
122.54891110902744,-48.91409580691078,425.4774510667197,598.2402553812595,12.755164531346304,12.034035385199818,11.931896648392694,0.7211291461464864,0.1021387368071238,0.6511291461464863,11.817035385199818,0.1511387368071238
122.0403366548046,-49.070903435031305,985.2966375776654,597.7944981388404,14.186450391618823,12.924855313650482,12.826914533420698,1.261595077968341,0.0979407802297842,1.1915950779683409,12.707855313650482,0.14694078022978418
122.61078284725376,-48.89409221487922,356.6749577444686,597.3240823158709,15.499839620840238,15.529473900152908,14.298936819610812,-0.0296342793126704,1.2305370805420957,-0.09963427931267041,15.312473900152908,1.2795370805420956
122.49282458509155,-48.932180668743555,487.79621905024015,599.0616462696964,15.728030040614485,15.679993307391152,15.799900383757976,0.0480367332233324,-0.1199070763668235,-0.021963266776667607,15.462993307391152,-0.07090707636682352
122.21783128115912,-49.019109344620354,791.9622555379358,601.4809306304469,14.014577696186524,13.174065537957327,12.760358948385274,0.8405121582291972,0.4137065895720528,0.7705121582291972,12.957065537957327,0.4627065895720528
122.5683511582332,-48.91258918202061,406.9753755833579,604.498726945572,12.959665801764409,12.242136115278008,12.05354827557782,0.7175296864864009,0.1885878397001885,0.6475296864864009,12.025136115278007,0.23758783970018849
122.41125858994184,-48.96127813064776,580.2078604907572,604.1927482300988,13.846621281894016,12.88205478376388,12.831048342293755,0.9645664981301358,0.0510064414701254,0.8945664981301358,12.66505478376388,0.10000644147012538
122.80162011396652,-48.8400831546343,149.3638877252697,605.4460768074565,15.340023745958142,14.330996248027798,13.860666101159886,1.0090274979303435,0.4703301468679122,0.9390274979303435,14.113996248027798,0.5193301468679121
122.1058657633162,-49.05541773070598,916.2752812155898,604.095698972236,14.688201135450218,14.543452192165311,14.553570544421326,0.144748943284906,-0.0101183522560148,0.074748943284906,14.326452192165311,0.038881647743985184
122.66093357870088,-48.88482251153969,305.42616365779105,606.1483138365451,12.555095153474342,11.80789355302304,11.665263771651528,0.7472016004513016,0.1426297813715127,0.6772016004513015,11.59089355302304,0.19162978137151268
122.32307416458086,-48.990383706793374,678.5433792056945,606.6419727774243,15.362348287494724,14.64920727572628,13.857524584739418,0.7131410117684442,0.7916826909868622,0.6431410117684442,14.43220727572628,0.8406826909868621
122.21513124580756,-49.0246715114366,797.9845203568515,607.9834049279458,13.840877751831773,13.041991653142372,12.7666544318696,0.7988860986894011,0.2753372212727711,0.728886098689401,12.824991653142371,0.3243372212727711
122.48581897122249,-48.93965906803869,498.97182092989016,606.3300895344087,15.050555276700027,14.281985672323133,14.067699509902829,0.7685696043768946,0.2142861624203043,0.6985696043768945,14.064985672323132,0.2632861624203043
121.98605676366915,-49.09582066509545,1050.2110089216667,609.2687321611407,13.402814580239898,12.561197112824187,12.466677294953822,0.8416174674157109,0.0945198178703652,0.7716174674157108,12.344197112824187,0.1435198178703652
122.16736793753876,-49.04024316380861,851.072622965255,609.1904834188683,14.10682584116768,12.6857319038275,12.478496160193744,1.4210939373401796,0.2072357436337562,1.3510939373401796,12.4687319038275,0.2562357436337562
122.55887106224148,-48.920255634047834,420.5128397154088,610.9532324348535,13.054172831381392,12.363051910208345,12.266610258885642,0.6911209211730469,0.0964416513227028,0.6211209211730468,12.146051910208344,0.1454416513227028
122.64865235400168,-48.89429494581041,322.6793216868774,613.8566035969667,12.948781350753883,12.221051124728794,12.087328332754042,0.7277302260250895,0.1337227919747512,0.6577302260250895,12.004051124728793,0.1827227919747512
122.52094163227964,-48.93386153146707,463.5497955630013,613.3866524357267,14.62977877760502,13.282368568002488,12.66545947185175,1.3474102096025329,0.6169090961507369,1.2774102096025328,13.065368568002487,0.6659090961507368
122.08165593886584,-49.0685779176149,946.5581327696352,611.9938196653544,18.02567764496658,14.758189304144146,14.8411586463352,3.2674883408224353,-0.0829693421910544,3.1974883408224355,14.541189304144146,-0.03396934219105441
122.03768453078408,-49.08396243158485,996.0710558659767,614.6490617089639,14.564372266621412,13.417219142742464,12.844779937280096,1.1471531238789474,0.5724392054623682,1.0771531238789473,13.200219142742464,0.6214392054623681
121.97118031263854,-49.10566715378204,1069.9301112398457,616.5776745905262,12.982766206294777,12.212133336867788,12.10632924212268,0.7706328694269882,0.1058040947451086,0.7006328694269881,11.995133336867788,0.1548040947451086
122.46641779740204,-48.95106393027385,523.8672616090114,613.6963616479388,15.526236267894827,14.961460909874107,14.460731996288972,0.5647753580207198,0.5007289135851352,0.49477535802071976,14.744460909874107,0.5497289135851351
122.77537338313866,-48.856980042806406,184.08991442512016,617.2619401287092,13.08696944736602,12.150104712080472,11.94411566915161,0.936864735285548,0.2059890429288611,0.8668647352855481,11.933104712080471,0.2549890429288611
122.70269989596385,-48.87791809596403,263.27716279729447,614.6433148002845,11.327430980792062,10.608064086393318,10.558882371418427,0.7193668943987443,0.0491817149748907,0.6493668943987443,10.391064086393317,0.09818171497489069
122.38858405985265,-48.97596343276435,610.1655468326305,614.6974458910611,15.142289790059344,13.332858434465727,12.984377072248146,1.8094313555936168,0.3484813622175817,1.7394313555936167,13.115858434465727,0.3974813622175817
122.90480281360512,-48.81507753376982,39.96777499122891,615.8317780246941,14.986183556185717,15.545811717327432,14.67088147284998,-0.5596281611417151,0.8749302444774525,-0.6296281611417152,15.328811717327431,0.9239302444774524
122.39979602862388,-48.97472678398506,599.2603814938464,617.7733718618887,14.532300156754788,13.325292473968071,13.099406849518443,1.2070076827867169,0.2258856244496279,1.1370076827867168,13.10829247396807,0.2748856244496279
122.30792163664616,-49.00366505977187,700.7913668939005,618.4512680472945,15.928354867936669,15.97153389533179,14.674239479314906,-0.0431790273951211,1.297294416016884,-0.1131790273951211,15.75453389533179,1.346294416016884
122.47804919818076,-48.95149890207931,513.6688974691199,619.258668675713,16.289024772051203,15.114312917168917,14.80148071796268,1.174711854882286,0.3128321992062375,1.1047118548822858,14.897312917168916,0.3618321992062375
121.99516291088058,-49.10208476354255,1046.0199702508708,621.7161451075526,13.696393219273562,12.80301380586693,12.750792038419103,0.8933794134066311,0.0522217674478273,0.823379413406631,12.58601380586693,0.1012217674478273
122.85780480053651,-48.83654703311837,96.4192662850792,624.8787085681182,12.30483655046426,11.650148845642,11.598179186552567,0.6546877048222601,0.0519696590894334,0.5846877048222601,11.433148845642,0.1009696590894334
122.21075593219167,-49.036282670407736,809.4181958059047,622.0921720348092,14.250084338731607,12.935362770535754,12.549236328155809,1.3147215681958535,0.3861264423799451,1.2447215681958534,12.718362770535753,0.4351264423799451
122.58829422600168,-48.9197034912685,393.64091923087153,622.799364628171,15.055298133865325,14.131734343487642,13.67351571259611,0.923563790377683,0.4582186308915315,0.8535637903776829,13.914734343487641,0.5072186308915314
122.76718381098448,-48.86657154888864,197.75229818112453,626.8681466944365,13.042230014909489,12.085148065404567,11.902973312642434,0.9570819495049214,0.1821747527621333,0.8870819495049214,11.868148065404567,0.23117475276213328
122.7317394124096,-48.87626103335738,236.02873609362013,624.8713118561368,14.335167781312236,13.712827088377592,13.607046379827928,0.6223406929346442,0.1057807085496644,0.5523406929346442,13.495827088377592,0.1547807085496644
122.66450905964456,-48.899015469847505,311.4754604083843,627.1376297339598,13.7609517831662,13.05573352736068,12.7610967082333,0.7052182558055211,0.2946368191273798,0.635218255805521,12.838733527360679,0.3436368191273798
122.0918568195461,-49.07562987394222,941.8986089808952,625.993348426217,14.748755258844191,13.492051308118198,13.374754387540996,1.2567039507259938,0.1172969205772016,1.1867039507259938,13.275051308118197,0.16629692057720158
122.00673944709324,-49.10094766790665,1034.858333963978,625.0144555110787,13.806460577195928,13.30810786323191,13.307660442692702,0.4983527139640173,0.0004474205392082,0.4283527139640173,13.09110786323191,0.04944742053920819
122.29092209937848,-49.017890881205936,725.3082234494744,630.7808007568271,12.88225231974006,11.883379789881806,11.587190296055898,0.9988725298582536,0.2961894938259082,0.9288725298582536,11.666379789881805,0.3451894938259082
122.53184028511028,-48.94265560174387,459.4528115689976,630.1112071476015,14.37111541457394,12.99679987425729,12.590752093558825,1.3743155403166494,0.406047780698465,1.3043155403166493,12.77979987425729,0.45504778069846497
122.06037773269048,-49.08832544907191,978.4226931105316,630.2020251475817,15.259625475944471,14.393121550574206,13.54898332515013,0.8665039253702655,0.844138225424075,0.7965039253702655,14.176121550574205,0.893138225424075
122.09213044755924,-49.08129722245172,945.2959088320158,633.9048466585642,13.676103311671472,12.759460017643756,12.564783375296802,0.9166432940277164,0.1946766423469537,0.8466432940277164,12.542460017643755,0.2436766423469537
121.99530632474142,-49.10973648549096,1050.797140968726,632.3088617130852,14.076066053041083,13.557505204971829,13.940079857150176,0.5185608480692547,-0.3825746521783468,0.4485608480692547,13.340505204971828,-0.3335746521783468
122.92896796047428,-48.82042852091565,21.717359950073487,633.6232461105801,16.488004561304844,16.137313988431256,14.586690677403109,0.3506905728735887,1.550623311028147,0.2806905728735887,15.920313988431255,1.599623311028147
122.85527528036418,-48.844542936646874,103.94880363644016,634.730866968025,12.279603467962769,11.664272963986216,11.601725854008652,0.6153305039765531,0.0625471099775634,0.545330503976553,11.447272963986215,0.11154710997756338
122.22845658189313,-49.04060911323944,796.2613139151638,635.5298330420342,16.406956694970884,14.055585835399407,13.351155145437795,2.3513708595714764,0.7044306899616117,2.2813708595714766,13.838585835399407,0.7534306899616117
122.26512896385476,-49.03079813481499,756.8877792253576,637.5790455428153,13.584329931142053,12.319153353928222,11.913057001478329,1.2651765772138308,0.406096352449893,1.1951765772138307,12.102153353928221,0.455096352449893
122.40875987192602,-48.98643829927538,598.7799485245409,637.6692466439961,14.863580560942694,13.558582499357742,13.206459077576667,1.3049980615849517,0.3521234217810747,1.2349980615849516,13.341582499357742,0.4011234217810747
122.58282761847782,-48.933350342974734,407.46100172339686,639.1712133931552,12.743350500940952,12.07008968239064,11.93938891314224,0.6732608185503128,0.1307007692483992,0.6032608185503128,11.853089682390639,0.1797007692483992
122.13783006678668,-49.07013709706065,896.9423709988864,637.8245442477854,17.07977178132555,15.45544618838642,15.185266719572493,1.6243255929391314,0.2701794688139269,1.5543255929391313,15.238446188386419,0.3191794688139269
122.88479785643996,-48.83880859829035,73.58969372328897,639.6496444212038,14.747115765997036,13.869991134741811,13.49980601554816,0.8771246312552243,0.3701851191936516,0.8071246312552243,13.65299113474181,0.4191851191936516
122.5725305067942,-48.93857549157563,420.1412850314423,641.9270246620624,12.8472991388795,12.177703521815634,12.130837053732703,0.6695956170638659,0.0468664680829302,0.5995956170638659,11.960703521815633,0.09586646808293019
122.59754508772136,-48.930078925498826,392.07151180422056,640.9907674480809,14.705067813961511,13.998524349364706,13.499108024804755,0.7065434645968054,0.4994163245599505,0.6365434645968053,13.781524349364705,0.5484163245599505
122.33849280055055,-49.01130477493573,678.1917100382693,641.9279440683293,15.635354726140696,14.398872240286645,13.98952291098928,1.2364824858540509,0.4093493292973651,1.1664824858540508,14.181872240286644,0.4583493292973651
122.14422468973775,-49.06946452294974,890.7483549849035,639.5982359269792,17.743028613049976,15.278153449250718,15.054904133159944,2.464875163799258,0.223249316090774,2.394875163799258,15.061153449250718,0.27224931609077396
122.05634482294629,-49.09823451805563,988.4213588286312,642.1389639050801,14.512754829838537,13.799989110205573,13.407466352362174,0.712765719632964,0.3925227578433983,0.6427657196329639,13.582989110205572,0.4415227578433983
122.36178206032956,-49.005123691387794,653.2101794990425,643.3364987969916,15.027502879042965,14.569286302508733,13.943157516666847,0.4582165765342321,0.6261287858418854,0.3882165765342321,14.352286302508732,0.6751287858418853
122.25293361854928,-49.04066478094329,774.2471481021421,645.9705249195871,13.092307746981731,11.886208907494042,11.448188838612772,1.206098839487689,0.4380200688812703,1.136098839487689,11.669208907494042,0.4870200688812703
122.34680995638246,-49.010860005919696,670.4118085819922,644.8507670927374,14.74866899416614,13.754484925999074,13.413613431951973,0.9941840681670656,0.3408714940471018,0.9241840681670657,13.537484925999074,0.3898714940471018
122.1547860090302,-49.072458046522335,883.1620980051072,648.172666686396,19.53556117646023,15.211331355022894,15.052063964613229,4.324229821437337,0.1592673904096653,4.254229821437336,14.994331355022894,0.2082673904096653
122.81944339889084,-48.86755566153877,151.32582086458166,650.7588417242954,16.323268630393414,17.67551988231821,15.383081965129184,-1.352251251924795,2.292437917189025,-1.422251251924795,17.45851988231821,2.3414379171890247
122.37067653190384,-49.008880032279755,647.6324774089526,652.2765109046,15.633518237545118,15.545269868739773,14.252818066015433,0.0882483688053454,1.29245180272434,0.01824836880534539,15.328269868739772,1.3414518027243398
122.29749344136708,-49.03237452192419,728.753669109134,653.4666910979699,14.711479826993866,13.742026442718675,13.766697632801488,0.9694533842751908,-0.0246711900828131,0.8994533842751908,13.525026442718675,0.02432880991718689
122.87822949732303,-48.85191292218835,88.1166002458347,654.7441705407138,15.517813914074711,14.449774291177794,14.12026339203264,1.068039622896917,0.3295108991451538,0.9980396228969168,14.232774291177794,0.3785108991451538
122.4626964610978,-48.98377858602806,548.4727315763208,657.0048963679925,13.878744749993952,13.011569805999825,12.899190984322091,0.8671749439941276,0.1123788216777335,0.7971749439941276,12.794569805999824,0.16137882167773349
122.28894917830684,-49.03485566492735,738.0534369739831,653.2518644399214,15.428554524624492,14.384250414203708,14.198987825047803,1.044304110420784,0.1852625891559043,0.9743041104207839,14.167250414203707,0.23426258915590428
122.25261260465356,-49.04766833383861,779.0595213117898,655.4589936470408,13.06683154227584,11.83109718723528,11.38188455089919,1.2357343550405613,0.4492126363360889,1.1657343550405612,11.614097187235279,0.49821263633608887
122.02277201929034,-49.120375376073135,1032.878484415651,658.4898405431991,12.10120056654845,11.047158145449409,10.74009350091996,1.054042421099041,0.3070646445294489,0.9840424210990408,10.830158145449408,0.3560646445294489
122.2362204531171,-49.05669067168188,799.6483128656056,660.9184539507536,13.037233449420008,11.934570284455186,11.640911912521467,1.102663164964822,0.2936583719337182,1.032663164964822,11.717570284455185,0.3426583719337182
122.18051105225967,-49.074471047345114,861.288883063399,661.8039049931069,12.866428276562186,12.348428324291993,12.312705578806751,0.517999952270193,0.0357227454852413,0.447999952270193,12.131428324291992,0.08472274548524128
122.91717613991416,-48.84435158720321,48.07575049139928,661.2500360693919,13.68738215079987,12.784582257708562,12.494736030221492,0.9027998930913076,0.2898462274870699,0.8327998930913076,12.567582257708562,0.3388462274870699
122.75929977811424,-48.89422535015802,222.96692085573076,661.3493726843507,14.73378427596442,13.31662873716042,12.885493125767765,1.4171555388039998,0.431135611392655,1.3471555388039997,13.099628737160419,0.480135611392655
122.86210050123664,-48.86111702028576,108.68678003335984,660.3693248579183,15.738358080717544,14.743121097658548,14.244498207409542,0.9952369830589962,0.4986228902490062,0.9252369830589962,14.526121097658548,0.5476228902490061
122.61373180524104,-48.94018498540587,384.0847785475609,661.7847941913673,13.37421340971761,12.609264111028777,12.454054024011398,0.7649492986888333,0.1552100870173784,0.6949492986888333,12.392264111028776,0.2042100870173784
122.70977267960984,-48.913908140109655,280.44386328028395,667.0002426009582,11.06721066808412,10.632786086897513,10.786007010768229,0.4344245811866081,-0.153220923870716,0.3644245811866081,10.415786086897512,-0.10422092387071602
122.00615033524716,-49.128037809571346,1052.7652360286895,662.053512777233,12.88690360965398,11.978200460930855,11.56028557545008,0.9087031487231254,0.4179148854807746,0.8387031487231253,11.761200460930855,0.4669148854807746
122.65736451710158,-48.927665344830274,336.6238871645708,663.3381474495792,16.74129304701139,14.628756023633272,13.60244081120279,2.112537023378117,1.0263152124304824,2.042537023378117,14.411756023633272,1.0753152124304823
122.06543394148387,-49.11284406116489,989.6196102609264,666.064798157428,13.581954550267346,12.714168311318572,12.455768591912197,0.8677862389487743,0.2583997194063752,0.7977862389487742,12.497168311318571,0.30739971940637517
122.46625098691888,-48.99056678301276,549.6818810461051,667.8367143290907,13.736098489516198,12.905667486967292,12.674003772759836,0.8304310025489059,0.2316637142074569,0.7604310025489058,12.688667486967292,0.2806637142074569
122.40898895858687,-49.00742661924024,612.1877626053296,666.580572754783,13.906053398277926,13.096676797286616,12.930531715628732,0.8093766009913104,0.1661450816578842,0.7393766009913103,12.879676797286615,0.21514508165788418
122.29420176077736,-49.04356446581255,738.9537467002375,667.4439465856101,15.287157948995702,14.372272428191218,14.428517044376765,0.914885520804484,-0.0562446161855465,0.8448855208044841,14.155272428191218,-0.007244616185546511
122.7272892785982,-48.9106167017863,262.5194540648429,670.0244112242365,11.282269139065184,10.84753938806818,11.02664111249374,0.434729750997004,-0.1791017244255606,0.364729750997004,10.630539388068179,-0.13010172442556062
122.5278396838749,-48.9721736738044,482.26706916525626,668.8933922158993,13.8049382792645,13.092898786814866,12.870800451914416,0.7120394924496338,0.2220983349004495,0.6420394924496338,12.875898786814865,0.2710983349004495
122.19768482138876,-49.076213676612504,846.946923848536,671.455930499362,12.555017863510596,11.95953811275178,11.873558457982996,0.5954797507588161,0.0859796547687832,0.525479750758816,11.74253811275178,0.1349796547687832
122.94996924393818,-48.839501381400225,15.35838045182117,668.8203154073808,15.016749806179964,14.541089851929051,14.119886635401183,0.4756599542509132,0.4212032165278678,0.40565995425091317,14.32408985192905,0.4702032165278678
122.76779193389643,-48.896941897802776,217.1001029538021,668.7284659873618,14.46224330750746,13.181464302054351,12.765306578962106,1.280779005453109,0.4161577230922457,1.210779005453109,12.96446430205435,0.4651577230922457
122.8787665297356,-48.862893475739085,94.84829246934844,670.0057498703782,14.730135282664826,13.821070052800236,13.592455636066251,0.9090652298645896,0.2286144167339845,0.8390652298645895,13.604070052800235,0.27761441673398446
122.61886873826238,-48.947757534819814,384.39978593081736,674.3688061782821,13.335548139452683,12.57604013636074,12.30334268640549,0.759508003091943,0.2726974499552508,0.6895080030919429,12.35904013636074,0.3216974499552508
122.63188150305328,-48.941818859028054,368.80898115492585,671.8061699872716,13.43874894334088,12.560634761577663,12.294054312810792,0.8781141817632161,0.2665804487668719,0.808114181763216,12.343634761577663,0.3155804487668719
122.3714825212998,-49.02339560438375,656.3124068554129,672.5516821443364,15.341541061296535,14.541500890770523,14.184934458509645,0.8000401705260121,0.3565664322608786,0.730040170526012,14.324500890770523,0.4055664322608786
122.06006395037944,-49.11958408742551,998.7855270692976,673.0791998291146,13.628380247054524,12.718184932678504,12.43205847978641,0.9101953143760202,0.2861264528920948,0.8401953143760201,12.501184932678504,0.3351264528920948
122.33779862058826,-49.034876155802,694.0766017903383,674.0077116814177,13.62232977382086,12.677851454592014,12.222747504065063,0.9444783192288462,0.4551039505269507,0.8744783192288461,12.460851454592014,0.5041039505269507
122.17812043702328,-49.0844036196023,869.8435144523568,674.4501403531034,13.130478454439642,12.557557409957896,12.500056601468572,0.5729210444817454,0.0575008084893244,0.5029210444817453,12.340557409957896,0.10650080848932439
122.66139887490888,-48.93694840682693,339.0549004210624,677.7936341057426,16.278376511189972,14.471265538101877,13.55796226407795,1.8071109730880952,0.9133032740239262,1.7371109730880951,14.254265538101876,0.9623032740239261
122.63478405358764,-48.94433340492024,367.8370443151751,676.4980218736848,13.512716048908722,12.689813931697172,12.372748087729914,0.8229021172115498,0.3170658439672582,0.7529021172115498,12.472813931697171,0.36606584396725816
122.14878122114182,-49.09735805421056,904.606362854268,679.8788409948847,15.594484617185618,14.190195841359596,14.04162306560579,1.4042887758260214,0.1485727757538057,1.3342887758260213,13.973195841359596,0.1975727757538057
122.41878118625364,-49.01667824720444,609.373365696771,683.4496409440666,13.932507894097895,13.082198134637848,13.005946666728,0.8503097594600479,0.0762514679098469,0.7803097594600479,12.865198134637847,0.12525146790984687
122.54067965824228,-48.97976864155542,475.6510710817281,684.7995378284616,14.047978713450531,12.874341586427123,12.468317783736872,1.173637127023408,0.4060238026902514,1.103637127023408,12.657341586427123,0.4550238026902514
122.3370256493722,-49.044352467616385,700.9072245878967,686.695033675657,13.657747140957184,12.592126451212929,12.190673312121843,1.0656206897442555,0.4014531390910854,0.9956206897442554,12.375126451212928,0.45045313909108536
122.2119831783566,-49.083144901752235,838.543899716948,687.0273173478358,13.155881908418888,12.456357551786189,12.28651340502712,0.6995243566326987,0.1698441467590683,0.6295243566326987,12.239357551786188,0.2188441467590683
122.06784412857468,-49.12407855736678,994.6675593433708,682.5358996627324,13.84240494176133,12.843942806194448,12.582507481639963,0.998462135566882,0.2614353245544851,0.9284621355668821,12.626942806194448,0.3104353245544851
122.69483543941274,-48.93247657133825,306.03353309199946,686.023768056895,15.301187245469013,14.880365275182312,14.378032622459312,0.4208219702867009,0.5023326527230001,0.35082197028670087,14.663365275182311,0.551332652723
122.68379365391624,-48.93424734546596,317.1302585487758,683.7071534648845,15.840482515920058,14.82554862984906,14.347534218892337,1.0149338860709989,0.4780144109567228,0.9449338860709988,14.608548629849059,0.5270144109567227
122.51005348747582,-48.98929496197744,509.4194977619973,684.7838729015986,12.669577359961036,11.598263709796234,11.291902644750897,1.071313650164802,0.306361065045337,1.001313650164802,11.381263709796233,0.355361065045337
122.46647391410896,-49.0069762608779,560.1422680951856,690.4511978737752,11.070922480723755,10.561927412367291,10.666928088789044,0.5089950683564641,-0.1050006764217528,0.4389950683564641,10.34492741236729,-0.05600067642175281
122.72247979558546,-48.9233936297327,275.20947222090473,685.4610048829439,11.607918354260685,11.076059391682726,11.269278072646449,0.5318589625779584,-0.1932186809637226,0.4618589625779584,10.859059391682726,-0.14421868096372262
122.02503427824864,-49.14128032556171,1044.2568618374407,688.2103770787918,14.429749850801132,13.501230563271944,13.201917775193674,0.9285192875291876,0.2993127880782698,0.8585192875291876,13.284230563271944,0.34831278807826976
122.30115087369929,-49.05648588884967,741.052926962711,688.1421750339923,12.15129906078342,11.46450040509429,11.458613044303696,0.686798655689131,0.0058873607905933,0.616798655689131,11.24750040509429,0.05488736079059329
122.5290011443293,-48.987067441115705,490.9144046483458,689.8209084107663,13.550872180588325,12.576625491103044,12.131960247127571,0.9742466894852804,0.4446652439754732,0.9042466894852803,12.359625491103044,0.4936652439754732
122.49461971508757,-48.99591780271935,527.6196465415645,687.2821957794944,14.867589231312031,13.408514204025847,13.061465882764445,1.4590750272861843,0.3470483212614024,1.3890750272861843,13.191514204025847,0.3960483212614024
122.2008562915887,-49.08837694984568,851.9355203599702,689.516875072614,13.172510182389916,12.45041363861861,12.267740642718827,0.7220965437713058,0.1826729958997823,0.6520965437713058,12.23341363861861,0.2316729958997823
122.09246142158509,-49.12162285606512,970.9258671797608,689.517491853061,16.100623527246036,14.44835121088971,14.587668356530294,1.652272316356326,-0.1393171456405841,1.582272316356326,14.23135121088971,-0.0903171456405841
122.00054418638808,-49.1509257093811,1072.493039780498,691.2032764244449,11.135788639023096,10.5407343680211,10.495538859399376,0.5950542710019953,0.0451955086217239,0.5250542710019952,10.3237343680211,0.09419550862172388
122.85875092579002,-48.88589840750071,127.97778460819244,692.8447789014358,13.939861035771845,12.870724414717214,12.386791391147892,1.0691366210546305,0.4839330235693229,0.9991366210546304,12.653724414717214,0.5329330235693228
122.50590084868767,-48.99619453050283,517.6451959259394,692.4769678912961,14.910478807840756,13.55317744995282,13.251264465235264,1.3573013578879358,0.3019129847175552,1.2873013578879358,13.33617744995282,0.35091298471755517
122.25371755486076,-49.07404614714813,795.1009726772195,692.1756711336116,14.851380918146598,13.69647161281946,13.5612639357443,1.1549093053271378,0.1352076770751598,1.0849093053271377,13.47947161281946,0.18420767707515978
122.78840331359756,-48.90936527945832,206.6873780330007,694.6244006044733,15.536005007637282,14.573523525079157,13.965495169293568,0.9624814825581254,0.6080283557855886,0.8924814825581253,14.356523525079156,0.6570283557855885
122.26380135369968,-49.07335932886483,785.5804279971096,695.5007770368288,14.290280266000082,13.205284404401924,13.01308964365893,1.0849958615981574,0.1921947607429945,1.0149958615981574,12.988284404401924,0.24119476074299448
122.0166695275902,-49.15592169561309,1061.1820297161323,704.8481409973455,11.010766290816024,10.386848163260948,10.38839675827518,0.6239181275550756,-0.0015485950142313,0.5539181275550755,10.169848163260948,0.04745140498576869
122.15518346269587,-49.11037518784948,907.2264796739024,700.4795329393505,16.185895266115935,14.776979003488652,14.5317454680463,1.408916262627283,0.2452335354423525,1.338916262627283,14.559979003488651,0.2942335354423525
122.6346169333478,-48.96302079146174,380.185029360432,702.0442040940238,14.848659879171384,13.980141550637097,13.379420054398604,0.8685183285342877,0.6007214962384921,0.7985183285342876,13.763141550637096,0.6497214962384921
122.55155567914196,-48.99064522891412,472.94414846417726,704.3673106196633,15.23921873559744,13.98098127288574,13.546457878467823,1.2582374627116997,0.4345233944179174,1.1882374627116996,13.76398127288574,0.48352339441791736
122.30845255634544,-49.067520699708695,741.6180144534053,706.3971590891321,11.91176963955922,11.248259555406456,11.224059018805386,0.6635100841527635,0.0242005366010698,0.5935100841527634,11.031259555406455,0.07320053660106979
122.27231389062572,-49.07839174569408,781.1703138173988,706.02023437722,14.0820284816073,13.154121287010208,12.914490427549197,0.9279071945970916,0.2396308594610108,0.8579071945970915,12.937121287010207,0.28863085946101075
122.25972878063178,-49.07969083415909,793.3363268937584,702.4770261331626,14.029360434242363,13.09631795112501,12.934070883028916,0.9330424831173528,0.1622470680960948,0.8630424831173529,12.87931795112501,0.21124706809609478
122.45469653305166,-49.01978611745493,579.0635807824356,703.0116689227355,10.277991316182511,9.343250173195074,9.239684523031332,0.9347411429874376,0.1035656501637412,0.8647411429874376,9.126250173195073,0.15256565016374118
122.43528315496398,-49.02708696455547,601.2752559332503,704.7632760819884,12.043589166127004,10.986782140165468,10.940712497461137,1.056807025961536,0.0460696427043316,0.986807025961536,10.769782140165468,0.09506964270433159
122.9561792938328,-48.86419575749926,26.02858018893273,705.2950210638011,15.498108019580386,15.28674705706642,14.212893314128834,0.2113609625139663,1.073853742937585,0.1413609625139663,15.069747057066419,1.1228537429375849
122.85885689331548,-48.89519238908606,133.9861833677086,705.6130120325487,13.764986381211772,12.786363738484356,12.359025456457635,0.9786226427274158,0.4273382820267208,0.9086226427274158,12.569363738484356,0.4763382820267208
122.10740050011098,-49.128753235789425,962.0640168899791,705.6159135260547,14.852494652720443,13.821349623587809,13.852500051775374,1.0311450291326345,-0.0311504281875656,0.9611450291326344,13.604349623587808,0.01784957181243439
122.70447863154035,-48.94388600934377,304.8151631380351,705.8012235288693,15.862785883599347,16.212649632739502,14.529513214142192,-0.3498637491401553,1.6831364185973108,-0.4198637491401553,15.995649632739502,1.7321364185973107
122.6763512082461,-48.95705273601808,338.73233849372923,711.7656326565522,10.090294970658018,9.625658687126563,9.804665636618182,0.4646362835314548,-0.1790069494916188,0.3946362835314548,9.408658687126563,-0.1300069494916188
122.41261745502266,-49.03669591058671,627.9082709626753,708.3065039813374,14.768777551857225,13.448020783946877,13.55351818324756,1.320756767910348,-0.1054973993006829,1.250756767910348,13.231020783946876,-0.05649739930068291
122.09861846593311,-49.13338137358555,972.9447832877742,708.2845582277531,14.223995176704925,13.377797189407303,13.31569373598258,0.8461979872976215,0.062103453424724,0.7761979872976215,13.160797189407303,0.111103453424724
122.08937838289069,-49.13733941755643,983.805961480343,709.8402350384748,14.92899993751224,14.018344159804032,13.888215194026891,0.9106557777082074,0.1301289657771409,0.8406557777082073,13.801344159804032,0.17912896577714088
122.14104694626364,-49.12155811740319,927.1514175836884,709.8964268949106,17.533985625695607,15.097826436856616,14.074428675410172,2.43615918883899,1.023397761446445,2.3661591888389903,14.880826436856616,1.0723977614464448
122.45632754776008,-49.030386759733965,584.481019949407,718.2552816505305,10.262991947744425,9.320610776370852,9.208030154308156,0.9423811713735724,0.1125806220626959,0.8723811713735723,9.103610776370852,0.16158062206269588
122.4780060900541,-49.0199430274448,558.1894149599176,713.162090383148,13.657135757022294,12.963899918217242,12.983005680245569,0.6932358388050517,-0.0191057620283263,0.6232358388050516,12.746899918217242,0.029894237971673687
122.83850937341424,-48.90835213734432,160.93461436906435,714.8443810786172,12.958354400973365,12.294748777718045,12.15160298353993,0.6636056232553198,0.143145794178114,0.5936056232553197,12.077748777718044,0.19214579417811398
122.63651368995036,-48.971449702068085,383.9800814925681,714.4120537736133,14.837814969831182,13.529172721694376,13.140455789715206,1.308642248136806,0.3887169319791699,1.238642248136806,13.312172721694376,0.4377169319791699
122.8164565623832,-48.91656998781175,186.16812723683057,716.5832470875973,13.68067873762387,12.690973874106913,12.46455138663281,0.9897048635169572,0.2264224874741032,0.9197048635169571,12.473973874106912,0.2754224874741032
122.46930978228892,-49.024959411132095,569.2741677595033,716.3388487002142,10.294393756269216,9.348597447291878,9.245331463955214,0.9457963089773376,0.103265983336664,0.8757963089773375,9.131597447291878,0.15226598333666397
122.69082795313608,-48.95764862818458,326.0964591292791,718.7970568383763,10.10528694900514,9.63302647693602,9.80935237626133,0.4722604720691201,-0.1763258993253096,0.4022604720691201,9.41602647693602,-0.1273258993253096
122.33744359280628,-49.06810524590105,715.9080349293649,719.4963269095576,15.385666347008364,13.913433010435188,13.83301440252596,1.4722333365731757,0.0804186079092286,1.4022333365731756,13.696433010435188,0.1294186079092286
122.73297314071898,-48.9476654701418,281.64998616562514,723.2266293420425,13.82412695004929,12.499322993375488,11.924065194484491,1.3248039566738026,0.5752577988909966,1.2548039566738025,12.282322993375487,0.6242577988909965
122.53534860045202,-49.01238672270453,501.6822825309272,727.264368672002,10.113745920577838,9.587957539836186,9.731387445733327,0.5257883807416519,-0.1434299058971415,0.4557883807416519,9.370957539836185,-0.09442990589714151
122.43674156794488,-49.038724421567466,607.5173924796994,721.3578803606695,13.318015979098394,12.365030997992944,12.202347431598216,0.95298498110545,0.1626835663947279,0.88298498110545,12.148030997992944,0.21168356639472788
122.9193046765268,-48.88759985319578,74.60918215913135,721.3510245612121,14.794399938718463,14.041970743014494,13.624228612328457,0.7524291957039697,0.4177421306860367,0.6824291957039696,13.824970743014493,0.4667421306860367
122.84341065579618,-48.913427706365745,159.85687207058513,723.9081376463388,14.54915815302034,13.590607707117018,13.35991925542351,0.958550445903322,0.2306884516935081,0.888550445903322,13.373607707117017,0.2796884516935081
122.3302784223482,-49.073886229842266,726.0970413749848,724.3968175662343,14.598199077101274,13.4183213330213,13.341167248646713,1.179877744079974,0.0771540843745874,1.1098777440799739,13.2013213330213,0.1261540843745874
122.28336821649398,-49.08749840346184,777.108629687989,723.2141098325781,14.20258910916515,13.509192264087009,13.436148970699174,0.6933968450781407,0.0730432933878351,0.6233968450781406,13.292192264087008,0.1220432933878351
122.5701189777115,-48.99925030247222,461.8464305366654,724.1057986097017,15.011380211361434,14.061581803222818,13.9399624622961,0.9497984081386156,0.1216193409267187,0.8797984081386157,13.844581803222818,0.17061934092671868
122.51578598535542,-49.01853359797853,523.2814367431964,727.3445319176873,11.6763779125065,11.129602947942514,11.26265267485055,0.5467749645639852,-0.1330497269080357,0.4767749645639852,10.912602947942514,-0.08404972690803572
122.29868818791508,-49.083503236560134,760.7415347295263,724.2149591949506,15.11064921896336,14.965199179343257,14.194100573421238,0.145450039620103,0.7710986059220186,0.075450039620103,14.748199179343256,0.8200986059220186
122.26150986867334,-49.100239511304494,805.0081086742556,731.4678336092597,12.262185457510585,11.56737972708206,11.541977526080208,0.6948057304285253,0.0254022010018513,0.6248057304285253,11.350379727082059,0.07440220100185128
122.56009927167688,-49.00497265296746,474.5884338575672,727.6701643492527,14.32567173775745,13.74444517068291,13.543965057329483,0.5812265670745393,0.2004801133534268,0.5112265670745393,13.52744517068291,0.2494801133534268
122.3847575265667,-49.05950884537778,667.7699105803948,727.7814489383807,15.717809648273642,14.179216476512895,13.938042863583568,1.5385931717607466,0.2411736129293267,1.4685931717607466,13.962216476512895,0.2901736129293267
122.64793152871826,-48.97745689672777,377.62954051647864,727.5411021475,14.867708557529768,13.515719647602614,13.110659773477538,1.3519889099271545,0.4050598741250759,1.2819889099271544,13.298719647602613,0.45405987412507587
122.93675797453108,-48.88805241180169,59.20661395774224,729.5231183522727,14.793853825551388,14.132207561419428,13.984524336568196,0.66164626413196,0.1476832248512316,0.59164626413196,13.915207561419427,0.19668322485123158
122.45242265264189,-49.04079984817259,594.7573008966696,730.883417281255,10.29091291506021,9.342803936725026,9.237535424876214,0.948108978335183,0.1052685118488128,0.878108978335183,9.125803936725026,0.1542685118488128
122.34097543713126,-49.07599649042223,717.8393411254059,731.8331675189906,15.2934517242981,13.735666566763475,13.851664983184143,1.5577851575346244,-0.115998416420668,1.4877851575346244,13.518666566763475,-0.066998416420668
122.33234792590584,-49.07985724697357,728.1000733464668,733.4759826088061,15.109808184610976,13.641662671618658,13.481250115594593,1.4681455129923189,0.160412556024065,1.3981455129923188,13.424662671618657,0.209412556024065
122.02340715030311,-49.174649565700584,1067.1361299725604,733.4510416291163,14.93286822890886,14.468585585019987,14.728970028485335,0.4642826438888736,-0.2603844434653481,0.3942826438888736,14.251585585019987,-0.21138444346534813
122.195533883257,-49.1235166264847,879.3861213491556,735.5754886991652,15.217510218350233,14.654442282212514,14.077218639091498,0.5630679361377187,0.577223643121016,0.49306793613771865,14.437442282212514,0.626223643121016
122.84086789994048,-48.92256242165323,168.14060778512368,735.3167393949012,14.939667701006584,14.101372191345614,13.77054706729682,0.8382955096609699,0.3308251240487951,0.7682955096609698,13.884372191345614,0.3798251240487951
122.82147645523835,-48.92949919138681,190.13436164335872,736.4508591581252,14.913695986453655,13.560031209870758,13.160839394800345,1.3536647765828975,0.399191815070413,1.2836647765828975,13.343031209870757,0.448191815070413
122.39820886046144,-49.06529616125708,659.4217763184778,741.4440001237638,14.489689957107135,13.406057664178892,13.263854945477956,1.0836322929282431,0.1422027187009362,1.013632292928243,13.189057664178891,0.1912027187009362
122.17823799687672,-49.13057251211993,899.4944193212505,737.9763512039015,15.28700067157424,16.241712769661593,14.778231074250243,-0.9547120980873522,1.4634816954113496,-1.0247120980873523,16.024712769661594,1.5124816954113496
122.44979845703185,-49.05017085417523,603.203600722441,742.6274554868301,18.986660565063534,14.271429724911902,14.19449564620994,4.715230840151632,0.0769340787019619,4.645230840151632,14.054429724911902,0.12593407870196188
122.5960393410914,-49.00838596844804,444.485767337849,747.7203022610881,12.71155809536569,12.19781167210981,12.313977500322066,0.5137464232558813,-0.1161658282122566,0.44374642325588126,11.980811672109809,-0.06716582821225661
122.25015979039618,-49.11292620214658,823.4128749165842,744.1005058039284,14.473786118575326,13.613977654882342,13.938249968255462,0.8598084636929837,-0.32427231337312,0.7898084636929836,13.396977654882342,-0.27527231337312
122.71636111210871,-48.97116790618813,311.9704952095582,748.2875040335216,14.66062196065992,13.473960211151052,13.22862124542872,1.1866617495088685,0.2453389657223326,1.1166617495088684,13.256960211151052,0.2943389657223326
122.38747834164732,-49.074072047747805,674.7632233574141,748.9334417184265,13.279597000534512,12.21317583746365,11.930333020010004,1.0664211630708618,0.2828428174536466,0.9964211630708617,11.99617583746365,0.3318428174536466
122.7432400431213,-48.96345169485973,282.7487253074407,749.2671674309537,16.55173132114643,15.49286344539208,14.800291783106028,1.0588678757543502,0.6925716622860527,0.9888678757543501,15.27586344539208,0.7415716622860526
122.37911430843708,-49.08029146966194,686.3169035681419,753.9204851213888,13.43457829910784,12.418368039505255,12.149645914763983,1.0162102596025857,0.2687221247412719,0.9462102596025856,12.201368039505255,0.31772212474127187
122.02845857455242,-49.18987155489775,1072.3614119172778,756.5199064656749,13.59699589361087,12.828520321834416,12.665471581585264,0.7684755717764542,0.1630487402491525,0.6984755717764541,12.611520321834416,0.2120487402491525
122.0759429626552,-49.17635146708929,1020.9708842056758,757.8593318211163,13.608768507822273,13.150590920257184,13.137337029403104,0.4581775875650891,0.0132538908540791,0.3881775875650891,12.933590920257183,0.06225389085407909
122.5669957750241,-49.034965187202566,487.92485975163055,771.7517214891838,7.801626407093422,7.428712038059961,7.505513406235472,0.3729143690334604,-0.0768013681755102,0.3029143690334604,7.211712038059962,-0.02780136817551021
122.8855337464996,-48.92538857813975,129.8292924225581,758.4664512818505,14.53696833162365,13.72831121584308,13.570059733577546,0.8086571157805693,0.1582514822655341,0.7386571157805693,13.51131121584308,0.20725148226553408
122.73477720508144,-48.97392259289251,297.21287517793803,759.9740340365998,14.199924373420131,13.235580964880675,12.923228444590078,0.964343408539456,0.312352520290597,0.8943434085394559,13.018580964880675,0.361352520290597
122.58653584467604,-49.01940768540515,460.21751339500986,758.7688504144337,12.687697738275313,12.216432898987126,12.144443455656935,0.4712648392881871,0.0719894433301906,0.40126483928818707,11.999432898987125,0.12098944333019059
122.69827191603274,-48.98540503243459,337.54830028790747,760.0282610486807,15.699175692467096,14.151468351085803,14.131987384115424,1.547707341381292,0.019480966970379,1.477707341381292,13.934468351085803,0.06848096697037899
122.4532985151564,-49.06107989489819,607.1406117168418,759.0899101690203,15.694501823435065,14.544610604072568,14.355514455481572,1.1498912193624964,0.1890961485909965,1.0798912193624963,14.327610604072568,0.23809614859099648
122.1888377142851,-49.143538002878195,898.3184050379106,760.2739043559595,11.71384176917022,10.605323481288986,10.304097777039289,1.1085182878812336,0.3012257042496973,1.0385182878812336,10.388323481288985,0.3502257042496973
122.17930187750548,-49.14974508791947,910.8950070392576,764.7850136080722,11.715490393767372,10.609269079482615,10.299747197324969,1.106221314284756,0.3095218821576466,1.0362213142847558,10.392269079482615,0.3585218821576466
122.4063637057131,-49.07777936917,660.1838297344999,762.0482859206749,15.752056728726082,14.535265717247222,14.293247807425292,1.2167910114788594,0.2420179098219304,1.1467910114788593,14.318265717247222,0.2910179098219304
122.78307378886684,-48.96205714942562,246.01758524959016,764.492342938051,15.534719092901584,14.393656735613629,14.190414033613411,1.1410623572879557,0.2032427020002174,1.0710623572879556,14.176656735613628,0.25224270200021737
122.70739349092236,-48.98640651531074,330.0018725346542,765.3161403671112,15.924696968295962,14.36966283334357,14.064499390107157,1.5550341349523915,0.3051634432364132,1.4850341349523914,14.15266283334357,0.3541634432364132
122.89841660485004,-48.92691095035948,119.24725168843456,766.1152293945079,14.337406277965146,13.645504142341071,13.60664497840233,0.6919021356240744,0.0388591639387421,0.6219021356240744,13.42850414234107,0.08785916393874209
122.46666214120494,-49.062326425511976,595.934095310839,766.4906303228502,15.77498359838818,14.3137683783486,14.104227264073597,1.4612152200395805,0.2095411142750034,1.3912152200395804,14.0967683783486,0.25854111427500337
122.23230393907824,-49.134884199969534,853.6488316835472,766.7302661784775,15.096798945403984,15.566025158619,16.657604627761163,-0.4692262132150162,-1.0915794691421628,-0.5392262132150162,15.349025158619,-1.0425794691421628
122.07473592761248,-49.184458805241235,1027.266825399356,768.5060059324356,13.390728396109754,12.7739770333082,12.7295638901106,0.6167513628015548,0.0444131431976,0.5467513628015548,12.556977033308199,0.0934131431976
122.64301923812934,-49.01372776588931,405.72902443827246,775.1549388393859,12.633629243448173,11.947361853808872,11.884339461976335,0.6862673896393012,0.0630223918325363,0.6162673896393012,11.730361853808871,0.11202239183253629
122.39028027206288,-49.08932157610399,682.1301070687651,771.0616121287504,13.756218572548317,12.72126513643354,12.3644771850229,1.034953436114776,0.3567879514106415,0.964953436114776,12.50426513643354,0.4057879514106415
122.81698959689616,-48.95802275111127,212.88153068285536,773.5725536866328,14.872394635936017,14.135991686537604,13.938874691139684,0.7364029493984123,0.1971169953979199,0.6664029493984123,13.918991686537604,0.2461169953979199
122.3729886167052,-49.10446288415314,707.4897452660082,784.5105528052211,10.549376866960566,10.01517681232088,10.088763803453087,0.5342000546396868,-0.073586991132208,0.4642000546396868,9.798176812320879,-0.02458699113220801
122.78354166201456,-48.97025690618942,250.9710722589214,775.9236897340361,15.298085955283009,14.187816221108548,14.478960966581354,1.1102697341744605,-0.2911447454728062,1.0402697341744604,13.970816221108548,-0.24214474547280623
122.74541606680285,-48.98280290018927,293.461432278906,776.7116638422973,14.308611693796829,13.504866837211232,13.11108573556982,0.8037448565855971,0.3937811016414123,0.7337448565855971,13.287866837211231,0.44278110164141227
122.49250145709618,-49.06305231132266,573.1752295079186,778.4942600383707,14.264835428939346,13.378934669687876,13.274251315129424,0.88590075925147,0.1046833545584515,0.81590075925147,13.161934669687875,0.1536833545584515
122.7744145999421,-48.974072005001354,261.67565494615985,777.2216897100515,17.361790626914075,15.06440044375381,15.37474535728514,2.2973901831602657,-0.3103449135313294,2.227390183160266,14.84740044375381,-0.26134491353132944
122.55259949206332,-49.04281596810354,505.9810049665718,776.3699835453282,8.08147625372759,7.768325830030539,7.739498182184321,0.313150423697051,0.0288276478462181,0.24315042369705098,7.55132583003054,0.0778276478462181
122.12911636936184,-49.17599384615845,972.92635139394,779.7338937021201,13.886766905889733,12.72512845597194,12.529506353690053,1.161638449917792,0.195622102281888,1.091638449917792,12.50812845597194,0.244622102281888
122.60666051549023,-49.03126415316159,449.855820125808,783.6334198422777,12.761670542420458,12.06339946883052,11.91903511646942,0.6982710735899378,0.1443643523610998,0.6282710735899377,11.84639946883052,0.19336435236109978
122.15316239072294,-49.168260661439795,946.3282949932984,779.2253122814336,15.027666741238509,13.880240947032467,13.514644751349906,1.1474257942060415,0.3655961956825617,1.0774257942060415,13.663240947032467,0.4145961956825617
122.31670589161789,-49.11821846234107,766.992694883328,779.5381941038798,15.40331121601492,14.350123243295268,14.15159206817534,1.0531879727196518,0.1985311751199283,0.9831879727196517,14.133123243295268,0.24753117511992828
122.06251292603044,-49.19762586507474,1046.7178415853411,781.4868610162271,14.325812872363176,12.91946173771662,12.744921252500646,1.406351134646556,0.1745404852159744,1.336351134646556,12.70246173771662,0.2235404852159744
122.23408914693138,-49.14390963460384,857.8698344611779,779.8889815562368,14.690456648747022,13.91412050819318,13.50737706289581,0.7763361405538411,0.406743445297371,0.7063361405538411,13.69712050819318,0.455743445297371
122.2438393043134,-49.14834795363372,851.9703754544637,790.1079841650745,14.754209716104851,13.873471956325648,13.348510778879085,0.880737759779203,0.5249611774465635,0.8107377597792029,13.656471956325648,0.5739611774465634
122.95549358405408,-48.92268168284329,65.1577926785249,785.0089373360297,14.872992017626723,13.626831621032434,13.491397950511717,1.2461603965942896,0.1354336705207171,1.1761603965942895,13.409831621032433,0.18443367052071707
122.75772794306344,-48.98442587384014,283.45741728916363,784.2271535744449,14.8284341593803,13.839004308571068,13.663756898941902,0.9894298508092324,0.1752474096291667,0.9194298508092325,13.622004308571068,0.2242474096291667
122.33382642498226,-49.117752722099496,751.300705264677,786.1528512421705,14.05999473493273,12.949713601158496,12.709141460304505,1.110281133774233,0.2405721408539918,1.040281133774233,12.732713601158496,0.2895721408539918
122.75810513589182,-48.987671168656455,285.2438892063027,788.8346304062396,14.57095718135328,13.762309306337928,13.527722807999352,0.8086478750153532,0.2345864983385759,0.7386478750153531,13.545309306337927,0.28358649833857585
122.64069773029075,-49.02453228434469,414.86960835864096,788.9715032123529,12.305299177518602,11.64907016044794,11.593692029927777,0.6562290170706628,0.0553781305201628,0.5862290170706628,11.432070160447939,0.10437813052016279
122.34830961308552,-49.11845496551288,738.7370386260731,793.256864324904,13.874425310033187,12.929399514538089,12.517329685140044,0.9450257954950984,0.4120698293980442,0.8750257954950984,12.712399514538088,0.4610698293980442
122.74583626806714,-48.99258280358223,299.486875619597,790.2895590939131,13.743083473233275,12.874871282880273,12.62376503604979,0.8682121903530025,0.2511062468304832,0.7982121903530024,12.657871282880272,0.3001062468304832
122.89958534614038,-48.94629690125982,130.942540186658,793.1504084200855,15.517346144755267,14.038253809726871,13.907572214619083,1.4790923350283958,0.1306815951077879,1.4090923350283957,13.821253809726871,0.1796815951077879
122.0860493393358,-49.19980977575867,1026.96264170542,794.3793119030979,14.58524871087969,13.785756516119177,13.560265777498,0.7994921947605125,0.2254907386211773,0.7294921947605124,13.568756516119176,0.2744907386211773
122.97503670470569,-48.9229404357242,47.764528573396795,793.8225465955845,14.905537984310444,14.11642792760802,14.093249983891337,0.7891100567024232,0.0231779437166839,0.7191100567024231,13.89942792760802,0.07217794371668389
122.494163502203,-49.074663325658605,579.2307135591338,795.1339836237169,14.32809709094668,13.047121055835948,12.877833262242468,1.280976035110731,0.1692877935934795,1.210976035110731,12.830121055835948,0.2182877935934795
122.18752296327015,-49.17071134150567,917.0194500332116,797.0770667870049,14.088577212652533,12.883149274478244,12.531163149620909,1.2054279381742887,0.3519861248573352,1.1354279381742887,12.666149274478244,0.4009861248573352
122.15451340175323,-49.18042865444939,952.9511910857462,796.52657892444,14.715289402530171,13.582719156611548,13.166890569773928,1.1325702459186235,0.4158285868376197,1.0625702459186235,13.365719156611547,0.4648285868376197
122.33396414246148,-49.12692018941273,757.1113217332654,798.8028132906629,12.572932952582663,11.800776345129036,11.682505579496192,0.7721566074536277,0.1182707656328432,0.7021566074536276,11.583776345129035,0.16727076563284318
122.20648900662792,-49.16612876538662,897.0175667822667,798.7771095338741,15.33185657606994,13.511384294869108,13.287192811949565,1.820472281200832,0.2241914829195437,1.750472281200832,13.294384294869108,0.27319148291954365
122.68897164272464,-49.01863539353546,367.6337792819159,801.5751739415772,12.537095198348467,11.728692753920347,11.648104686513326,0.8084024444281201,0.0805880674070209,0.7384024444281201,11.511692753920347,0.1295880674070209
122.51205708436552,-49.07189460513014,561.3488138597163,798.9611308365795,16.016055359572334,14.200015205463446,13.912820580168043,1.8160401541088884,0.2871946252954025,1.7460401541088884,13.983015205463445,0.3361946252954025
122.84196130352332,-48.96980864905103,198.17198556238372,800.4702229678393,13.989295464667638,12.691968538039866,12.410066318213184,1.2973269266277718,0.2819022198266818,1.2273269266277718,12.474968538039866,0.3309022198266818
122.64124667480972,-49.033181343924326,420.0227783667314,801.0627041840199,12.265393499180997,11.709373653739164,11.772480286557473,0.556019845441833,-0.0631066328183092,0.486019845441833,11.492373653739163,-0.014106632818309206
122.17959891409171,-49.17577229258658,927.403993497886,800.6942836255027,14.186622417124248,12.953600312958692,12.51407601406702,1.2330221041655562,0.439524298891671,1.1630221041655562,12.736600312958691,0.488524298891671
122.66261534072792,-49.030213118574615,398.8827525289825,806.1457446980753,10.501095733927157,10.064850630132176,10.255070656916237,0.436245103794981,-0.1902200267840612,0.366245103794981,9.847850630132175,-0.1412200267840612
122.45808269548198,-49.08939678385706,621.2321386993651,799.989218853873,15.166174251043364,14.089334308992274,14.481563096582642,1.0768399420510892,-0.3922287875903674,1.0068399420510892,13.872334308992274,-0.3432287875903674
122.62626412436128,-49.03863019649415,437.0429559545771,802.119459748345,13.713886830239447,13.059762096744242,12.945170699023606,0.6541247334952054,0.1145913977206358,0.5841247334952053,12.842762096744242,0.1635913977206358
123.00565575536196,-48.92255161091352,19.99490066331409,806.5537773072035,13.823445768654372,13.077141168046143,12.759231222100848,0.7463046006082283,0.3179099459452956,0.6763046006082283,12.860141168046143,0.3669099459452956
122.2645581869661,-49.15416706238609,837.1073857662512,806.8606494041686,13.718334961625596,12.965482950527734,12.78586226740756,0.7528520110978612,0.1796206831201736,0.6828520110978611,12.748482950527734,0.22862068312017358
122.75581743000065,-49.002489980446526,297.0049754431191,808.1498806806613,11.207141779746816,10.562065450933323,10.58976428668386,0.6450763288134933,-0.0276988357505363,0.5750763288134932,10.345065450933323,0.021301164249463687
122.58668784658704,-49.060234430116665,486.69458282576073,814.818811783481,9.646579592374897,9.170283140384182,9.357591557156669,0.4762964519907147,-0.1873084167724865,0.4062964519907147,8.953283140384181,-0.1383084167724865
122.34554523855678,-49.132669640508134,750.4263311781842,811.607378684277,12.747144675492686,12.02733457261382,12.02143680523085,0.719810102878867,0.0058977673829687,0.649810102878867,11.810334572613819,0.054897767382968685
122.90065045927162,-48.956939992439615,136.98328922851647,808.1756865671565,15.4245902561043,13.524166445668296,13.711162083373392,1.9004238104360045,-0.1869956377050954,1.8304238104360044,13.307166445668296,-0.1379956377050954
122.1706981752412,-49.18467457799213,941.1406233149994,809.1830095589075,12.230677014239728,11.246639922025889,10.943051567296797,0.9840370922138392,0.3035883547290918,0.9140370922138392,11.029639922025888,0.3525883547290918
122.84845352741227,-48.9781711391566,197.82885610761917,814.7168173704223,13.90491254072407,12.690396337159733,12.39304276652916,1.2145162035643366,0.2973535706305732,1.1445162035643366,12.473396337159732,0.3463535706305732
122.68763894883148,-49.02873183864409,375.4312640412026,814.8397901353687,12.342456386723304,11.59363135852294,11.559721881370695,0.7488250282003648,0.0339094771522443,0.6788250282003647,11.376631358522939,0.08290947715224428
122.45876340337308,-49.099234653674195,627.0108547325497,813.780452648347,15.50075825271939,14.518007928918356,14.79076817161524,0.9827503238010332,-0.2727602426968829,0.9127503238010333,14.301007928918356,-0.22376024269688294
122.69422864435212,-49.026332797397835,367.9424858879513,814.3776409974029,12.49773562735184,11.724169903386812,11.697009989913507,0.773565723965028,0.0271599134733051,0.7035657239650279,11.507169903386812,0.07615991347330509
122.88638276202428,-48.96596281629278,155.73339369434044,814.3648211852196,15.746840986003168,14.466589773163497,15.477163716021185,1.280251212839671,-1.010573942857688,1.210251212839671,14.249589773163496,-0.9615739428576882
122.36820435165914,-49.12883998052038,727.585608582009,815.9550558340596,14.19954887349058,13.667320228390745,13.437765912593386,0.5322286450998348,0.2295543157973583,0.4622286450998348,13.450320228390744,0.2785543157973583
123.02632983440522,-48.92323840241052,1.8739545365998225,816.4543435250002,15.15684213408447,14.613580139344522,14.47170230236914,0.5432619947399484,0.1418778369753823,0.4732619947399484,14.396580139344522,0.1908778369753823
122.65875556522072,-49.039668218923744,408.5267835780669,817.4518669730588,10.525514326301645,10.093048806606488,10.2960940758363,0.4324655196951568,-0.203045269229813,0.3624655196951568,9.876048806606487,-0.15404526922981301
122.81741329419704,-48.991007855760856,234.13936212557303,818.9199436562585,15.5421449761654,15.60321547265406,16.00636779510147,-0.0610704964886608,-0.4031523224474078,-0.13107049648866081,15.38621547265406,-0.3541523224474078
122.17515120372562,-49.19480381424549,943.6670812611368,824.9861913381807,12.30871012926465,11.296734572964874,10.993391887376848,1.0119755562997756,0.3033426855880261,0.9419755562997756,11.079734572964874,0.35234268558802606
122.875321209822,-48.97802121647776,173.59450584022713,826.0964577977791,13.988504108767025,13.381546596656936,13.16664704069493,0.606957512110089,0.2148995559620061,0.5369575121100889,13.164546596656935,0.2638995559620061
122.22839701035863,-49.178641808756275,885.4048392415632,825.2218624024226,15.2598014166193,13.461758255641316,13.067267919861363,1.7980431609779846,0.3944903357799525,1.7280431609779845,13.244758255641315,0.4434903357799525
122.097458993027,-49.21796374518954,1028.381671377738,824.1473152848777,15.701605371158934,14.622915751943056,14.095888016635229,1.0786896192158777,0.5270277353078274,1.0086896192158776,14.405915751943056,0.5760277353078274
122.73259467075948,-49.020806442884854,329.8603578720366,823.2668492860025,20.49356222696804,15.401311397633236,14.28635785480383,5.092250829334805,1.1149535428294062,5.022250829334805,15.184311397633236,1.163953542829406
122.75020410906048,-49.01670882661826,311.35932887221793,825.2153760611742,11.356169746953062,10.768984340933592,10.837150938361289,0.5871854060194703,-0.0681665974276963,0.5171854060194703,10.551984340933592,-0.019166597427696316
122.05424527977334,-49.23398985602272,1077.5083008200495,828.0509843220824,15.41511378397319,14.349094954925183,14.319814093917245,1.0660188290480068,0.0292808610079386,0.9960188290480068,14.132094954925183,0.07828086100793859
122.83619214918076,-48.99439517043818,219.4936693370965,831.6447742590964,15.386054680862744,14.368509968392996,14.405696126935776,1.017544712469748,-0.0371861585427808,0.947544712469748,14.151509968392995,0.011813841457219185
122.96329869128564,-48.95533364701681,79.64870474644519,833.0537550626558,16.264407791551633,16.046640602302208,14.964318187445446,0.2177671892494252,1.0823224148567618,0.1477671892494252,15.829640602302208,1.1313224148567618
122.52458003093948,-49.09298937527933,563.8227424934984,833.2389327387351,15.688617940329928,13.97149562335357,13.792440830521633,1.717122316976358,0.1790547928319377,1.647122316976358,13.75449562335357,0.2280547928319377
122.47928492738453,-49.10639463023987,613.2270041657091,832.3386315748301,15.05739518422343,14.138073575158172,14.158744893567413,0.9193216090652588,-0.0206713184092404,0.8493216090652589,13.921073575158172,0.02832868159075959
122.55327222651896,-49.085729177588824,533.3244973469407,835.5159834606085,14.36470949444589,13.111600311751896,13.000072671056136,1.2531091826939935,0.1115276406957601,1.1831091826939935,12.894600311751896,0.1605276406957601
122.74373795142066,-49.02706505320602,323.9480830993619,836.6250821789209,15.739896689936652,15.06539981341386,14.367573414159672,0.6744968765227917,0.697826399254188,0.6044968765227916,14.84839981341386,0.7468263992541879
122.45790165933012,-49.11662308393675,639.0800657897119,837.2780153221654,13.592488637807287,12.63040122570388,12.611263536136008,0.9620874121034078,0.0191376895678718,0.8920874121034077,12.413401225703879,0.06813768956787179
122.21393858097908,-49.19255242137057,907.3702954897176,838.2417196775302,17.487205878833418,15.238415425103424,15.043469639687371,2.2487904537299936,0.1949457854160527,2.178790453729994,15.021415425103424,0.2439457854160527
122.78379888728098,-49.01612276471544,280.80092762157796,838.8497517770643,10.357382389409969,9.776905194185325,9.941496207883777,0.5804771952246437,-0.1645910136984518,0.5104771952246436,9.559905194185324,-0.11559101369845182
122.44510790699252,-49.12217415697487,654.1763876301834,839.4571306058647,13.582571935106406,12.662747408687364,12.636455004377469,0.919824526419042,0.0262924043098955,0.849824526419042,12.445747408687364,0.07529240430989549
122.11089969426884,-49.224564181389695,1020.552123313362,838.8750004258537,15.70143148113501,14.05153503030928,14.135219785761224,1.6498964508257306,-0.0836847554519444,1.5798964508257305,13.83453503030928,-0.03468475545194441
122.49400841363644,-49.10853239428552,601.3921878169526,841.5396016903165,14.66880593297198,14.104155344645632,14.094854445009336,0.564650588326348,0.0093008996362957,0.49465058832634795,13.887155344645631,0.058300899636295686
122.1665734850351,-49.20888576103908,960.4474947152534,840.7352367391738,14.719573882346358,13.279930842650522,13.07372316601741,1.4396430396958362,0.2062076766331113,1.3696430396958361,13.062930842650522,0.2552076766331113
122.83547536184804,-49.00169088212824,224.9259833335031,841.324506988816,14.366780767366905,13.583163237563925,13.52651280358766,0.7836175298029797,0.0566504339762641,0.7136175298029797,13.366163237563924,0.10565043397626409
122.51883614445164,-49.10111534999681,574.269440553641,841.9386249371851,14.614375211013618,13.39682423031797,13.188600688492215,1.2175509806956484,0.2082235418257543,1.1475509806956483,13.17982423031797,0.2572235418257543
122.93784569031573,-48.97034355269184,112.39022902873351,842.5839112007696,15.75935480030326,15.074449566772602,14.424624146770247,0.6849052335306585,0.6498254200023545,0.6149052335306584,14.857449566772601,0.6988254200023545
122.32413386742974,-49.1626699079704,789.0823753058235,843.7435110304841,17.171078295353347,14.224129065712797,14.330052756764632,2.94694922964055,-0.105923691051835,2.8769492296405503,14.007129065712796,-0.05692369105183501
122.5761756873754,-49.08565519703983,512.7060763915521,845.1893709735235,15.64654549413579,13.881191527424086,13.847044205346284,1.7653539667117035,0.0341473220778016,1.6953539667117035,13.664191527424085,0.0831473220778016
122.33945690188976,-49.15952616496514,773.2852157735575,845.9135785829836,18.957391753351494,14.60127783029756,15.477689001998035,4.356113923053934,-0.8764111717004752,4.286113923053934,14.38427783029756,-0.8274111717004753
122.55461877727046,-49.09373867100966,537.331662232432,847.0760389136714,13.247034046152075,12.212221656685722,12.11678809447117,1.034812389466353,0.0954335622145521,0.964812389466353,11.995221656685722,0.14443356221455209
122.18766379713516,-49.207989082027645,940.9263304530516,848.385911819625,13.620509281710977,12.567435697848255,12.26127283524974,1.0530735838627212,0.3061628625985158,0.9830735838627211,12.350435697848255,0.35516286259851576
122.0872119105897,-49.2381202072183,1050.547767621714,847.5710329417939,14.366791239112237,13.465996093854017,13.133632120331702,0.90079514525822,0.3323639735223143,0.8307951452582201,13.248996093854016,0.38136397352231427
122.66461265896396,-49.06318051457126,418.6249179311239,852.1863765171864,13.984225012842316,13.144965735150922,13.019626180668489,0.8392592776913936,0.1253395544824336,0.7692592776913936,12.927965735150922,0.1743395544824336
122.56429688036884,-49.09686506355295,530.6773839161131,855.4930125541053,13.26878954003185,12.20195121692472,12.08775306966272,1.066838323107131,0.1141981472619999,0.9968383231071309,11.984951216924719,0.16319814726199988
122.97929175139372,-48.96465888738418,71.43010756823827,852.7284795922882,13.6017615485628,12.516275179891728,12.230530883634527,1.0854863686710718,0.2857442962572012,1.0154863686710718,12.299275179891728,0.3347442962572012
122.10635465678874,-49.23594556030339,1031.9561436913675,852.620137145507,14.31004384912564,13.420388055026232,13.122949759612222,0.8896557940994079,0.2974382954140093,0.8196557940994078,13.203388055026231,0.3464382954140093
122.6021221467346,-49.08397440167401,488.3104107975224,853.9656694552426,14.048621148592952,12.816380167456444,12.44919929148536,1.232240981136508,0.3671808759710835,1.162240981136508,12.599380167456443,0.4161808759710835
122.58599685339112,-49.09042481691135,506.9955307487247,855.9232851749928,19.844837424215385,14.468008721170966,15.5986085644426,5.376828703044419,-1.130599843271634,5.306828703044419,14.251008721170965,-1.081599843271634
122.09569454579048,-49.24173864793672,1045.2558629523087,856.1109868230211,14.374352298016234,13.73077259492746,13.250145998289462,0.6435797030887738,0.4806265966379985,0.5735797030887737,13.51377259492746,0.5296265966379985
122.52622880857224,-49.109182258276896,572.8800313385916,856.1553873970685,15.953680307621608,14.055456618309927,13.826232868581876,1.8982236893116813,0.2292237497280513,1.8282236893116812,13.838456618309927,0.2782237497280513
122.83862478906929,-49.01404890429447,230.2095221787648,859.5998035035594,14.28855950180686,13.160242597791308,12.974765258993488,1.128316904015552,0.1854773387978205,1.058316904015552,12.943242597791308,0.23447733879782048
122.6108576110492,-49.08433331658777,480.7008510777516,858.1902939674861,13.315199981357267,12.269117113146711,12.018533700235372,1.046082868210556,0.2505834129113395,0.976082868210556,12.05211711314671,0.2995834129113395
122.28931515709222,-49.18379573708931,834.0172891911512,858.0360191395997,16.155370740743102,14.27726867351356,14.050791604201937,1.8781020672295412,0.226477069311624,1.8081020672295411,14.06026867351356,0.27547706931162397
122.73616139033636,-49.047017900365226,343.81344497949544,860.7068847229784,14.963356784146736,14.370496456413765,14.012293163779834,0.5928603277329714,0.3582032926339309,0.5228603277329713,14.153496456413764,0.4072032926339309
122.48046400645109,-49.12566543143114,624.6934287021098,859.2842226838909,11.762604138719766,11.482599298927774,11.55196586447834,0.2800048397919923,-0.0693665655505668,0.2100048397919923,11.265599298927773,-0.020366565550566817
122.44068728580407,-49.14175564590297,670.8604402484319,864.4551010189803,16.642605397086715,13.753913057361167,13.468568698728234,2.888692339725548,0.2853443586329334,2.818692339725548,13.536913057361167,0.3343443586329334
122.15122549360429,-49.22843548547095,986.8258152005208,861.157063696959,13.667415151401276,13.026744233045726,13.156685545988402,0.6406709183555499,-0.1299413129426767,0.5706709183555498,12.809744233045725,-0.0809413129426767
122.56428700759,-49.10330304424219,534.8804786093214,864.3183596714197,12.2582432131808,11.398993170432025,11.281603570557667,0.8592500427487746,0.1173895998743574,0.7892500427487745,11.181993170432024,0.1663895998743574
122.7298369452224,-49.052468346724545,353.05883031818007,865.4604237593262,15.593781776500943,14.523927137152526,14.330555965101327,1.0698546393484172,0.193371172051199,0.9998546393484171,14.306927137152526,0.24237117205119899
122.67001836375395,-49.07102919367907,418.8991385919504,865.2579390463086,12.200246740662674,11.43195517448317,11.390503292061547,0.7682915661795047,0.0414518824216223,0.6982915661795046,11.214955174483169,0.09045188242162229
122.88074765184996,-49.00734368557675,187.9898721222557,868.5706266456557,13.768423024924775,12.940183580642575,12.78485558658918,0.8282394442822003,0.1553279940533958,0.7582394442822002,12.723183580642575,0.2043279940533958
122.75632444614422,-49.04440789059025,324.0025028518483,865.7863496981718,16.24237733233072,15.362849131383989,14.621976447851932,0.87952820094673,0.7408726835320572,0.80952820094673,15.145849131383988,0.7898726835320571
122.62661165132074,-49.0876555684044,468.7244385376083,869.4785118289492,13.17611794082151,12.143038665953332,11.87906499732296,1.033079274868177,0.2639736686303724,0.9630792748681769,11.926038665953332,0.3129736686303724
122.34864304263472,-49.17957528944291,778.0192592708887,877.3397378113162,9.001958277923656,8.466663089889137,8.616081133970361,0.5352951880345191,-0.1494180440812247,0.46529518803451914,8.249663089889136,-0.1004180440812247
122.66576913711336,-49.07729981012237,426.81065996566593,872.0332101622929,12.152480819478583,11.415535540530724,11.359880335930775,0.736945278947859,0.0556552045999492,0.6669452789478589,11.198535540530724,0.10465520459994919
122.64257671703844,-49.0835075055942,451.6846654673025,870.6187011957702,13.301858323382138,12.384239768463194,12.125821777201857,0.9176185549189436,0.2584179912613376,0.8476185549189437,12.167239768463194,0.30741799126133756
122.65318488620905,-49.0799211847732,439.8197868572851,870.2407882219842,12.01681046800725,11.260149807472713,11.1611139331023,0.7566606605345374,0.0990358743704131,0.6866606605345373,11.043149807472712,0.1480358743704131
122.30080320216824,-49.19040006289106,827.9730369771415,871.9661739195683,16.605385012492288,14.125475491513251,13.929764106862535,2.479909520979037,0.1957113846507159,2.409909520979037,13.90847549151325,0.2447113846507159
122.8483600537461,-49.01976762377161,225.22417155776088,871.6210889704437,14.04857454028114,13.188126124703675,12.84686454159575,0.8604484155774639,0.3412615831079257,0.7904484155774638,12.971126124703675,0.3902615831079257
122.21275637194896,-49.217508323061985,924.5330667708944,872.0470253709389,9.633027392952304,9.201321068958494,9.373073554798973,0.4317063239938097,-0.1717524858404786,0.3617063239938097,8.984321068958494,-0.12275248584047863
122.90849584918952,-49.00229987520822,159.76582191888235,873.6363634545836,12.918596392707872,11.95570302339925,11.646153807951867,0.962893369308622,0.3095492154473831,0.8928933693086221,11.73870302339925,0.3585492154473831
122.58751804269065,-49.10338221468053,514.0765665127777,874.3409852025823,12.596424231478808,11.80889571347935,11.757153569578076,0.7875285179994584,0.0517421439012739,0.7175285179994584,11.59189571347935,0.1007421439012739
122.46263547709395,-49.14202807301839,651.3327569254556,874.1565217082939,13.55671668276065,12.662641972045927,12.565040336197944,0.8940747107147224,0.0976016358479832,0.8240747107147224,12.445641972045927,0.1466016358479832
122.39298934385587,-49.16473993913607,728.5957096014771,875.7609007999112,14.447184781874522,13.27764791073972,13.199404163653565,1.1695368711348024,0.0782437470861552,1.0995368711348024,13.06064791073972,0.12724374708615518
122.8578886490468,-49.01943963715448,216.45566844249635,875.2761971543656,15.07195103841848,14.007674051623814,13.63520132706208,1.064276986794665,0.3724727245617334,0.994276986794665,13.790674051623814,0.4214727245617334
122.08280600617512,-49.260021070147346,1068.5839148122343,875.8507305335363,14.73236483695733,13.25174372821838,12.790548842581192,1.4806211087389514,0.4611948856371874,1.4106211087389513,13.034743728218379,0.5101948856371874
122.93417208695084,-48.997729657886694,133.71260783635543,878.4666843428691,12.62436333413782,11.628977108221866,11.46126500385982,0.9953862259159544,0.1677121043620459,0.9253862259159544,11.411977108221866,0.21671210436204588
122.920347358105,-49.00309104900431,149.64863819147007,879.8338145741491,12.510119420608472,11.546246793845096,11.301480652601114,0.9638726267633756,0.2447661412439821,0.8938726267633756,11.329246793845096,0.2937661412439821
122.16761047055722,-49.235454695209285,976.6360336851458,877.703680808564,12.925279566225637,12.49792222486507,12.507479057916637,0.4273573413605671,-0.0095568330515671,0.35735734136056707,12.28092222486507,0.03944316694843289
122.38231625785406,-49.170053416021155,741.6216965115648,878.5309892086077,14.517592990627872,13.490175970562651,13.453369741705764,1.0274170200652204,0.0368062288568875,0.9574170200652203,13.27317597056265,0.08580622885688749
122.213401308781,-49.22947377772814,931.6740059660176,888.7663555603467,9.063153924811695,8.63174960732218,8.798575582297962,0.4314043174895161,-0.166825974975783,0.36140431748951607,8.414749607322179,-0.11782597497578301
122.57648079095542,-49.11282494258219,530.1386484987831,882.5794605044367,12.451307861033056,11.683437531196066,11.620484928367643,0.76787032983699,0.0629526028284228,0.6978703298369899,11.466437531196066,0.11195260282842279
122.363934952368,-49.17704456918345,762.6526910046176,880.341197032802,9.02753868222437,8.493543832848657,8.63945815896996,0.5339948493757127,-0.1459143261213036,0.4639948493757127,8.276543832848656,-0.0969143261213036
122.75850720715788,-49.056591190508065,330.02265678007035,883.4118725242611,12.484767836851994,11.532322906506373,11.37241778585204,0.9524449303456208,0.1599051206543329,0.8824449303456208,11.315322906506372,0.2089051206543329
122.25148004634272,-49.21443572853766,887.7860257683677,884.1570273478898,16.5057821457743,14.802693840421467,14.243723289411902,1.7030883053528338,0.5589705510095655,1.6330883053528338,14.585693840421467,0.6079705510095654
122.77309699056694,-49.055259913624866,316.05643660837836,887.8529803845021,12.53805246027979,11.52365201331721,11.35220553492825,1.0144004469625791,0.17144647838896,0.9444004469625791,11.30665201331721,0.22044647838895998
122.97202451900512,-48.99170584856697,95.77394617741687,886.5816392724795,15.54852707708494,14.722988926907384,16.066063451025233,0.8255381501775556,-1.3430745241178492,0.7555381501775555,14.505988926907383,-1.2940745241178493
122.586974862641,-49.111384680463495,519.7809200504958,885.0827290235032,12.3703019231795,11.63862088813033,11.576979603255683,0.7316810350491707,0.0616412848746463,0.6616810350491706,11.42162088813033,0.11064128487464628
122.24279234532143,-49.21864923611681,898.3054855606329,886.2817724338456,17.935601484261518,15.15371100833863,14.462812245373138,2.7818904759228875,0.6908987629654924,2.7118904759228877,14.93671100833863,0.7398987629654923
122.66802459396024,-49.08865941479271,432.20776094485905,888.5677210693904,12.333037770682363,11.583224311773982,11.53054067919892,0.7498134589083811,0.0526836325750625,0.6798134589083811,11.366224311773982,0.1016836325750625
122.402704861619,-49.17303653395013,725.255321244233,891.2722324176559,14.711806957538164,13.573985730920764,13.370660545437696,1.1378212266173993,0.2033251854830684,1.0678212266173992,13.356985730920764,0.25232518548306837
122.30516647352512,-49.20534189148062,833.7207052214502,894.3377040280573,12.82738896546537,11.7459963208347,11.460985081414696,1.0813926446306716,0.2850112394200028,1.0113926446306716,11.528996320834699,0.33401123942000277
122.45382729072156,-49.1603045916684,671.1108746734354,895.4962752736719,11.49237695686703,10.810140026674103,10.845505355526626,0.6822369301929267,-0.0353653288525226,0.6122369301929267,10.593140026674103,0.013634671147477385
122.62736359441324,-49.10994749057491,482.5975370246733,900.3604878717402,9.47577914791459,8.954829390084043,9.093340311644006,0.5209497578305466,-0.1385109215599627,0.45094975783054664,8.737829390084043,-0.08951092155996271
122.36488651578564,-49.18920529906891,769.677565092133,897.4439511654912,9.12875726944983,8.676661714952633,8.880960684514282,0.4520955544971965,-0.2042989695616484,0.3820955544971965,8.459661714952633,-0.1552989695616484
122.76809791762372,-49.062356866757206,325.19248349269515,895.4267414512401,12.51522268503378,11.538855122912151,11.366722520759826,0.976367562121629,0.1721326021523257,0.906367562121629,11.321855122912151,0.2211326021523257
122.6457466535748,-49.10041986907203,459.881921364713,895.1573822693125,10.05616459928786,9.534006364922192,9.74029064756792,0.5221582343656674,-0.2062842826457274,0.45215823436566743,9.317006364922191,-0.1572842826457274
122.31998293337212,-49.20192766198615,818.2142651460558,895.9123199051827,12.838935502440195,11.755335926951547,11.488755195765076,1.0835995754886485,0.2665807311864707,1.0135995754886484,11.538335926951547,0.3155807311864707
122.08871885610787,-49.27349831917757,1071.9405637148757,896.8727619273155,13.37531008209154,12.439237810050928,12.18946815387931,0.9360722720406116,0.2497696561716171,0.8660722720406115,12.222237810050927,0.2987696561716171
122.68956773719636,-49.08914706651932,413.19365457463306,898.4582149858644,18.45125603501596,15.584584099130804,14.828808272137604,2.8666719358851545,0.7557758269932009,2.7966719358851546,15.367584099130804,0.8047758269932008
122.52017334117748,-49.1410664167082,599.0643416471827,897.316078831933,11.646385659172434,10.908217526164789,10.93316342678095,0.7381681330076457,-0.0249459006161618,0.6681681330076457,10.691217526164788,0.02405409938383819
122.7888694534181,-49.05775129387971,303.53526830695097,898.0401745779754,12.550360267400013,11.57948332922524,11.356313510259064,0.9708769381747722,0.223169818966177,0.9008769381747721,11.36248332922524,0.272169818966177
122.35842908499552,-49.19869691507733,781.6214512264191,907.7439318796976,9.28679918578488,8.87434939901211,9.074514981294652,0.4124497867727701,-0.2001655822825423,0.3424497867727701,8.657349399012109,-0.15116558228254232
122.83217292177342,-49.045394485835985,256.5741133769382,899.7376795867021,16.932248628966374,15.129472372761976,14.656777309030437,1.802776256204398,0.472695063731539,1.732776256204398,14.912472372761975,0.521695063731539
122.4779345143422,-49.1568549884875,647.2359102629986,901.0077089512832,13.947455170200548,12.93178549197651,12.72529066679338,1.0156696782240378,0.20649482518313,0.9456696782240377,12.71478549197651,0.25549482518313
122.46920601850518,-49.1588994313637,656.3971314153633,900.1028455337073,11.456145997161451,10.748492799120582,10.755039455847562,0.7076531980408696,-0.0065466567269805,0.6376531980408695,10.531492799120581,0.042453343273019487
122.8099941684558,-49.0561988308813,283.5627735361412,904.9928021162332,15.75448042412199,13.91949838437881,13.20671254816554,1.8349820397431795,0.7127858362132713,1.7649820397431795,13.70249838437881,0.7617858362132712
122.94448233186584,-49.015396135984,136.08904703952945,907.0897400671508,15.690896077036586,13.88849333464129,13.75171819800677,1.802402742395296,0.1367751366345189,1.732402742395296,13.671493334641289,0.1857751366345189
122.59122405233302,-49.12490096291994,524.7794340441607,905.4305684803544,15.030806484881172,14.220567174136017,13.901478143418128,0.8102393107451551,0.3190890307178886,0.740239310745155,14.003567174136016,0.36808903071788857
122.1761197073238,-49.25421104469568,981.0858533592914,907.0736255797276,14.69964110370975,13.90963843790356,13.582907662706711,0.79000266580619,0.3267307751968484,0.72000266580619,13.69263843790356,0.3757307751968484
122.77723162984984,-49.06807373523343,320.7428839568162,907.1786169217518,13.213119809114838,12.261443722684476,12.02954574264952,0.9516760864303624,0.2318979800349563,0.8816760864303623,12.044443722684475,0.28089798003495625
122.40278805677012,-49.19392532868422,738.7289872455575,919.9859076099984,9.154111196384116,8.695486044808568,8.901082236392869,0.4586251515755482,-0.2055961915843003,0.38862515157554817,8.478486044808568,-0.1565961915843003
122.2155996605268,-49.24488772450552,939.646359438103,910.8802881951156,12.830669243410524,12.54812135271812,12.404821273697404,0.2825478906924044,0.1433000790207153,0.21254789069240437,12.33112135271812,0.19230007902071528
122.29849352196702,-49.22077180279053,849.6886328814196,912.7152081487176,14.346048426671516,13.2903474496042,13.042574114468302,1.0557009770673158,0.2477733351358981,0.9857009770673157,13.0733474496042,0.2967733351358981
122.49029840467988,-49.16311500897909,640.2116174146629,914.8547196790764,13.653776033745752,12.591858149975485,12.312251522873282,1.061917883770267,0.2796066271022024,0.9919178837702669,12.374858149975484,0.3286066271022024
122.1458444891533,-49.2700617567434,1018.4643710315006,916.1366994274282,15.661118794038444,13.916283100898236,13.68707508513415,1.7448356931402085,0.229208015764085,1.6748356931402084,13.699283100898235,0.278208015764085
122.65994856723374,-49.111072088767216,454.0960384009294,915.831542249804,12.152169593070145,11.479177738796002,11.478151299886228,0.6729918542741427,0.0010264389097738,0.6029918542741426,11.262177738796002,0.05002643890977379
122.46538987945384,-49.185863245995264,677.3405671706103,935.484888404973,9.059691428473712,8.572339917901257,8.75363700884164,0.4873515105724557,-0.181297090940383,0.4173515105724557,8.355339917901256,-0.132297090940383
122.18873708939162,-49.26032585141228,973.7063434921266,920.7905704521388,14.639062040692489,13.816219454452249,13.380678948711806,0.82284258624024,0.4355405057404429,0.7528425862402399,13.599219454452248,0.4845405057404429
123.05547468171952,-48.99032281602156,19.990052080328297,920.810210568308,14.825080655811696,13.813385966134383,13.587547142566542,1.011694689677313,0.225838823567841,0.9416946896773128,13.596385966134383,0.27483882356784095
122.6807554777514,-49.10888975714295,434.0048715714568,921.7416690826608,15.24835286410016,13.75486650862846,13.489144632538602,1.4934863554717008,0.2657218760898576,1.4234863554717008,13.53786650862846,0.3147218760898576
122.50194243482166,-49.165161460515016,631.096322392489,922.6148122467764,13.444416296807631,12.567331032770236,12.466390609698813,0.8770852640373956,0.1009404230714228,0.8070852640373956,12.350331032770235,0.1499404230714228
122.16928656497878,-49.265900273504805,994.7504770187464,920.270876619817,14.562927079675587,13.47382350039882,13.178708903933495,1.0891035792767667,0.295114596465325,1.0191035792767666,13.25682350039882,0.344114596465325
122.41865691856096,-49.189974060444406,721.9294283606562,921.290865662746,9.219952079063363,8.775555035806613,8.992880912456348,0.4443970432567496,-0.2173258766497348,0.3743970432567496,8.558555035806613,-0.1683258766497348
122.6575073866695,-49.11740460013993,460.4222520452179,923.4672806818048,12.2762329834191,11.623217643091444,11.665800290057367,0.6530153403276557,-0.0425826469659238,0.5830153403276557,11.406217643091443,0.006417353034076187
122.59265602203304,-49.13812126585636,532.1142550971997,924.1697629133369,13.415462314502228,12.387294043620116,12.109951129475592,1.0281682708821125,0.2773429141445245,0.9581682708821124,12.170294043620116,0.3263429141445245
122.8616071375398,-49.05561159376876,236.87666953977495,926.3923425341818,13.512894889764564,12.59098758415263,12.413043897239636,0.9219073056119332,0.1779436869129949,0.8519073056119333,12.37398758415263,0.22694368691299488
122.79690510290452,-49.079194506658894,310.38456434317595,930.8578592289196,11.307396417532306,10.566702364654317,10.429645413216388,0.7406940528779895,0.1370569514379287,0.6706940528779894,10.349702364654316,0.1860569514379287
122.78100029392704,-49.080358624755334,325.4129896883341,925.6219834440196,11.49793338521199,10.840730212169971,10.826647173295948,0.6572031730420189,0.0140830388740234,0.5872031730420189,10.62373021216997,0.06308303887402339
122.15875980217184,-49.27403048115937,1009.4330910348416,927.0233524056788,16.44966352084561,13.87526857318723,13.481240865290465,2.574394947658382,0.3940277078967646,2.504394947658382,13.658268573187229,0.4430277078967646
123.04258784930784,-48.998883983344136,37.20068615306037,926.9323648296972,15.146404251893108,13.787291411250058,13.886355580147615,1.35911284064305,-0.0990641688975575,1.2891128406430499,13.570291411250057,-0.05006416889755751
122.76328377384532,-49.086781797673574,345.512419583158,926.8153596132908,15.755542129557211,14.201202712555729,13.91689828859867,1.5543394170014828,0.2843044239570584,1.4843394170014828,13.984202712555728,0.3333044239570584
122.60725552738944,-49.13664697276244,518.057231701752,928.378423797934,12.618384014756622,11.73768656107394,11.576424434188578,0.8806974536826822,0.1612621268853615,0.8106974536826821,11.520686561073939,0.2102621268853615
122.63847144360903,-49.1274075798048,484.0289645785441,929.0423205634715,13.387127210443047,12.460787056836756,12.275722948316243,0.9263401536062918,0.1850641085205122,0.8563401536062918,12.243787056836755,0.23406410852051218
122.5108916415402,-49.167872673641725,624.8323022979703,930.141544720766,14.32293255157778,13.268110871894011,13.116635928714732,1.0548216796837693,0.151474943179279,0.9848216796837692,13.05111087189401,0.200474943179279
122.13815235752044,-49.28294204513743,1033.6593985989384,930.6175628188284,14.66232030683975,13.988840643821188,13.825002076103283,0.6734796630185613,0.1638385677179048,0.6034796630185613,13.771840643821188,0.2128385677179048
122.7762227352938,-49.08651945904537,333.73549623384156,932.0088608708388,13.806494878489817,13.027658263534736,12.75847162088806,0.7788366149550807,0.2691866426466767,0.7088366149550807,12.810658263534735,0.3181866426466767
122.707878775556,-49.106087467185766,407.84377498577106,929.5129679480544,10.723725271875974,10.048011672857498,10.098119062709014,0.6757135990184757,-0.0501073898515151,0.6057135990184757,9.831011672857498,-0.0011073898515151087
122.68365840766587,-49.11370715506492,434.54972036075225,929.5858557991968,11.226133838835246,10.465552022767168,10.56710889394793,0.7605818160680773,-0.1015568711807617,0.6905818160680772,10.248552022767168,-0.052556871180761716
122.62229159784096,-49.13395258631753,502.8129726507214,931.1036432760212,13.501122355491743,12.429485511875267,12.228170364467218,1.071636843616476,0.2013151474080494,1.001636843616476,12.212485511875267,0.2503151474080494
122.98979049225365,-49.017921070269075,97.1102697957572,930.1196864026934,18.374930898793647,14.508429909236908,14.429867392725132,3.866500989556739,0.0785625165117753,3.796500989556739,14.291429909236907,0.1275625165117753
122.9637437067162,-49.02795490117326,127.08143004967616,932.5890253209914,13.512745175806913,12.40527974792708,12.030287176569738,1.1074654278798324,0.3749925713573425,1.0374654278798323,12.18827974792708,0.4239925713573425
122.94589746212104,-49.033697098414656,146.86773355892956,932.738615995864,13.582047803802128,12.520542215521646,12.10816022722742,1.0615055882804825,0.412381988294225,0.9915055882804824,12.303542215521645,0.461381988294225
122.75712491264645,-49.092427587169475,354.7344195273802,931.9064310860068,15.89485184527814,15.896131136758354,14.870917049862706,-0.0012792914802144,1.025214086895648,-0.0712792914802144,15.679131136758354,1.074214086895648
122.8705984613456,-49.05621436787932,229.20835093533205,931.0885934562334,13.61049788252444,12.663850201540107,12.482218462385326,0.9466476809843324,0.1816317391547812,0.8766476809843324,12.446850201540107,0.2306317391547812
122.70294760950704,-49.11433572053104,417.660938927549,938.7034964355606,10.702017325125963,10.021003243420912,10.08287372472192,0.681014081705051,-0.0618704813010069,0.6110140817050509,9.804003243420912,-0.01287048130100691
122.87897976197426,-49.05803119466077,222.88557929248023,937.1846354143704,13.413905966830797,12.38712365894109,12.137067206298802,1.0267823078897074,0.250056452642287,0.9567823078897073,12.170123658941089,0.299056452642287
122.37903832074976,-49.21289239432063,772.3310917849745,935.964403910062,15.16435856413602,13.597179894880924,13.264830874746645,1.567178669255096,0.3323490201342789,1.497178669255096,13.380179894880923,0.3813490201342789
122.17130284410572,-49.27653470223448,999.7947741217638,935.7408551736544,14.85088353437017,13.60557089968212,13.062223122344768,1.2453126346880516,0.5433477773373507,1.1753126346880516,13.388570899682119,0.5923477773373507
123.0633104649188,-49.00135253135046,20.24634185218048,939.2844654358232,14.13906067229344,13.055427451183489,12.687981271744418,1.0836332211099506,0.3674461794390709,1.0136332211099506,12.838427451183488,0.41644617943907086
122.84367097870611,-49.073840888691386,264.93276914456493,943.6289763396504,13.70913240982516,12.945925707522028,12.908450559577602,0.7632067023031333,0.0374751479444253,0.6932067023031332,12.728925707522027,0.08647514794442529
122.4482220983717,-49.19302369802266,697.3893995025525,938.0223445316884,9.782376499247633,9.310189790057589,9.469366775916496,0.4721867091900442,-0.1591769858589078,0.4021867091900442,9.093189790057588,-0.11017698585890781
122.60759723104589,-49.14691538219863,524.4485635554529,942.6032942349526,11.95806311350066,11.139715372586693,10.90426221843542,0.8183477409139677,0.2354531541512727,0.7483477409139676,10.922715372586692,0.2844531541512727
122.20929341845752,-49.27101373496205,962.1597005850087,944.1367925805284,11.853655357711204,11.13941058424144,11.067926061783282,0.7142447734697637,0.0714845224581584,0.6442447734697636,10.92241058424144,0.12048452245815838
122.18527937768276,-49.27516818383069,986.3773936080383,939.7410419651015,14.385428098768946,13.318075517758968,12.943530842097331,1.0673525810099775,0.374544675661637,0.9973525810099775,13.101075517758968,0.423544675661637
122.79817922683644,-49.089169948506786,315.7826753982117,945.0656930740996,11.331833789629604,10.56982725786022,10.436414622715512,0.7620065317693836,0.1334126351447082,0.6920065317693835,10.35282725786022,0.18241263514470818
123.03265777699863,-49.01492299447244,56.6913395794215,944.5631563937252,13.830015115287273,13.104546266815037,13.16425218778706,0.7254688484722358,-0.0597059209720232,0.6554688484722357,12.887546266815036,-0.010705920972023213
122.48840468866386,-49.184259991261136,655.6576984029753,943.0636094280778,11.03054881225523,10.558643496457972,10.616295460744745,0.4719053157972581,-0.0576519642867729,0.4019053157972581,10.341643496457971,-0.008651964286772909
122.9980851824068,-49.026469812907216,95.30734300118728,945.3977236931048,16.240526880506668,14.907989228806263,14.235352554816153,1.3325376517004042,0.6726366739901106,1.262537651700404,14.690989228806263,0.7216366739901106
122.8256106205152,-49.081507840467665,286.15949229895836,946.3600447806288,13.920125484881083,13.147497850748946,12.944400917891173,0.772627634132137,0.2030969328577736,0.7026276341321369,12.930497850748946,0.25209693285777357
122.64520052447318,-49.13819213131024,485.0352788039109,946.7008575537984,12.507830773784404,11.62602083226222,11.496369588350795,0.8818099415221834,0.1296512439114252,0.8118099415221833,11.40902083226222,0.1786512439114252
122.42988365742758,-49.20591537042992,722.2055222695095,947.9358517809508,13.702184076302196,12.889561714951132,12.97896925652082,0.8126223613510639,-0.0894075415696882,0.7426223613510639,12.672561714951131,-0.04040754156968822
122.41306244073222,-49.20951920875436,739.6289310175032,945.7499739085736,13.127880503417062,12.693380037403022,12.719706871119929,0.4345004660140397,-0.0263268337169062,0.3645004660140397,12.476380037403022,0.02267316628309379
122.48329523965135,-49.18923114069316,663.4713985950083,947.7134903287234,9.365791664097864,8.91470201433932,9.079319419950348,0.4510896497585452,-0.164617405611029,0.3810896497585452,8.697702014339319,-0.11561740561102901
122.1996960348743,-49.27741410648863,974.8956116886322,948.8951224281092,11.782745761880337,11.083015798917032,10.999196632836965,0.6997299629633051,0.0838191660800671,0.6297299629633051,10.866015798917031,0.1328191660800671
122.71824343842783,-49.116229303925074,405.1832347293258,947.8479860805836,10.730151719226535,10.05312822287762,10.113569937452866,0.6770234963489159,-0.060441714575246,0.6070234963489158,9.836128222877619,-0.01144171457524601
122.62300380200968,-49.15011380132104,512.7202302574253,953.564232156274,11.216517776167183,10.853637052351235,10.688652876145673,0.3628807238159481,0.1649841762055626,0.2928807238159481,10.636637052351235,0.2139841762055626
122.58393087967065,-49.16084131648882,554.7511596953457,951.6038724848352,12.989014294459242,11.98985388913074,11.708680215554752,0.9991604053285013,0.2811736735759886,0.9291604053285012,11.77285388913074,0.3301736735759886
122.44182629691112,-49.20251912129798,709.2911606135198,948.3407268848032,13.366387288049657,12.61935331221712,12.604405524814217,0.7470339758325366,0.0149477874029031,0.6770339758325365,12.40235331221712,0.06394778740290309
123.063312335318,-49.01011024301915,26.028721904916775,951.2577425341872,14.071196293443943,13.090910258020656,12.80937253591522,0.980286035423287,0.2815377221054369,0.9102860354232869,12.873910258020656,0.3305377221054369
122.6550661900559,-49.13798414415064,476.05310002909545,950.6314981371488,12.688990759662971,11.849539398276605,11.78454419100551,0.8394513613863666,0.0649952072710942,0.7694513613863665,11.632539398276604,0.11399520727109419
122.24896936899222,-49.26277763606911,921.260671171898,949.5322453526968,11.816623339561088,11.20544885357848,11.198931158698706,0.6111744859826089,0.0065176948797738,0.5411744859826089,10.988448853578479,0.05551769487977379
122.89463841263364,-49.06629009730749,214.2735140416545,955.2327008390746,13.350799250057632,12.3034175939471,11.979613426652044,1.047381656110531,0.3238041672950569,0.9773816561105308,12.0864175939471,0.3728041672950569
122.69549539039602,-49.12647192307809,432.27954760561136,952.143791798076,11.482210656323335,10.80660346808071,10.923070466976815,0.6756071882426262,-0.1164669988961062,0.6056071882426262,10.589603468080709,-0.06746699889610622
122.64452696079984,-49.144434983766836,489.71548217055135,954.9706222448004,12.650252158759583,11.808315336731226,11.702320169251756,0.841936822028357,0.1059951674794703,0.7719368220283569,11.591315336731226,0.15499516747947029
122.63159458918376,-49.14698004614566,502.9723144579478,952.9359756639084,12.018768563606455,11.092313639695954,10.904516594348362,0.9264549239105015,0.1877970453475921,0.8564549239105015,10.875313639695953,0.23679704534759208
122.97310570134084,-49.04186422146188,127.84951874120011,955.6593969044924,14.0227240637271,13.209344986247388,13.251455635075562,0.8133790774797127,-0.0421106488281743,0.7433790774797127,12.992344986247387,0.0068893511718256875
122.2446098161636,-49.26796758988297,928.5218298520732,954.8271194358148,11.86368810863718,11.25994595304191,11.253198791172933,0.6037421555952704,0.0067471618689776,0.5337421555952704,11.04294595304191,0.05574716186897759
122.75030081521338,-49.1122590288361,373.8412851855155,956.1453609911332,14.283299803538966,13.53794661190918,13.416304040992088,0.7453531916297873,0.1216425709170909,0.6753531916297872,13.320946611909179,0.1706425709170909
122.48694133471184,-49.19580535464893,664.475832776629,958.2838245032362,13.168045598152016,12.433771629150709,12.346068167090724,0.7342739690013076,0.0877034620599843,0.6642739690013075,12.216771629150708,0.1367034620599843
123.03284043398482,-49.02318722834974,61.98118561100031,955.9422836169118,13.444380697457618,12.730439031669606,12.598916216775692,0.7139416657880115,0.1315228148939144,0.6439416657880115,12.513439031669606,0.1805228148939144
123.01548159890956,-49.029475817600485,81.69238857395851,957.031299784426,15.674580686133575,14.979022942589124,15.124597746352292,0.6955577435444518,-0.1455748037631679,0.6255577435444517,14.762022942589123,-0.0965748037631679
122.71314627333466,-49.1253215693233,415.7017194106592,958.1229773325434,11.295737236861106,10.619093293130668,10.72735777988354,0.6766439437304381,-0.1082644867528728,0.6066439437304381,10.402093293130667,-0.05926448675287281
122.61352379289464,-49.16477147039233,530.7829545061412,969.6141924436683,8.214426519858268,7.821312455463946,7.937813584427153,0.3931140643943216,-0.1165011289632067,0.3231140643943216,7.604312455463947,-0.06750112896320672
122.65397151570713,-49.14383065935239,480.8530698652781,958.1774419967984,12.653130762343986,11.828767713019744,11.728015781147612,0.8243630493242424,0.1007519318721321,0.7543630493242424,11.611767713019743,0.1497519318721321
122.67019271856388,-49.14049486769286,464.1310240895297,960.5385454025584,15.928048299222626,14.134211026639257,13.81922987339948,1.7938372725833691,0.3149811532397759,1.723837272583369,13.917211026639256,0.36398115323977587
122.43908719086905,-49.21232660388048,718.1150191710491,960.6401449325308,11.804353335543254,11.031985408809303,10.961791850988089,0.7723679267339509,0.0701935578212147,0.7023679267339509,10.814985408809303,0.11919355782121469
122.26178730688387,-49.26929489204087,913.9767831478364,963.8925713870964,11.738846813943978,11.151173389452598,11.148877531242222,0.5876734244913795,0.0022958582103758,0.5176734244913794,10.934173389452598,0.051295858210375786
122.17984862799467,-49.29472280900441,1003.8535355946592,964.341714890296,19.498920049069984,15.907082427612702,14.395171323992855,3.591837621457282,1.5119111036198465,3.521837621457282,15.690082427612701,1.5609111036198464
122.80467134832249,-49.10084671495676,317.6191419353373,963.8437616953528,12.493469543837548,11.431286668820803,11.10719631775017,1.0621828750167452,0.3240903510706339,0.9921828750167452,11.214286668820803,0.3730903510706339
122.54997809168904,-49.179677328938986,597.465472563543,962.9706086775994,14.215275228999303,12.887999469441947,12.820917045506183,1.327275759557356,0.0670824239357639,1.257275759557356,12.670999469441947,0.11608242393576389
122.64840151715369,-49.150209429503334,490.0123849230639,964.541162709877,12.583893647421116,11.765172990773928,11.669857368188303,0.8187206566471872,0.095315622585625,0.7487206566471871,11.548172990773928,0.14431562258562497
122.91047815292929,-49.07003801615879,202.5383067425357,967.186413220796,14.034151566775783,12.824472339894532,12.487530026896216,1.209679226881251,0.3369423129983158,1.139679226881251,12.607472339894532,0.3859423129983158
123.04064742021188,-49.02921353887272,58.959975303865455,967.560896678222,14.60857003882578,13.671999583473214,13.307628012853137,0.936570455352566,0.3643715706200776,0.8665704553525659,13.454999583473214,0.41337157062007757
122.36112729104636,-49.243692411755106,808.350860384914,970.6777645862928,11.37119005972538,10.723966359042398,10.7530186015338,0.6472237006829822,-0.0290522424914012,0.5772237006829821,10.506966359042398,0.019947757508598788
122.87780034202144,-49.08389844556596,240.94132085260645,972.081578582118,12.743516576161928,11.726182733714424,11.453362285429796,1.0173338424475045,0.2728204482846283,0.9473338424475044,11.509182733714423,0.3218204482846283
122.66912486806068,-49.14663566032998,469.1006772075944,968.4983336590682,16.845958231831244,14.425555802274223,14.07537502381377,2.4204024295570203,0.3501807784604533,2.3504024295570205,14.208555802274223,0.3991807784604533
122.43262715677506,-49.2219821646381,730.1749234676438,971.1536523820628,12.634394408399736,11.745102634766528,11.53978734778038,0.8892917736332073,0.2053152869861492,0.8192917736332073,11.528102634766528,0.2543152869861492
122.5437377243089,-49.18864650396019,608.9003469009886,972.6164938782448,14.80668922767601,13.304337700206789,13.197395943477298,1.5023515274692212,0.1069417567294905,1.4323515274692211,13.087337700206788,0.15594175672949048
122.79261980746766,-49.11243312761203,336.0191879489278,974.536464720812,14.838684406394584,13.859209144451311,13.957015149314673,0.9794752619432732,-0.0978060048633615,0.9094752619432731,13.64220914445131,-0.04880600486336151
122.4945772346178,-49.20306184239746,662.3482271474722,971.4853959214988,14.544073010652166,13.58263001999684,13.426201336631024,0.9614429906553266,0.1564286833658155,0.8914429906553265,13.36563001999684,0.2054286833658155
122.82251724114742,-49.10416253992169,303.79782792459804,976.0492958143192,12.628361175811648,11.73221483394334,11.501709384930551,0.8961463418683078,0.2305054490127887,0.8261463418683077,11.51521483394334,0.2795054490127887
122.8339072667014,-49.10176634266826,292.0168017543323,977.6627076038084,12.755265604585516,11.782514429821257,11.548522601807974,0.9727511747642588,0.2339918280132824,0.9027511747642587,11.565514429821256,0.2829918280132824
122.4231885340089,-49.227356254890815,742.1240456212756,974.52888078023,15.786473150961625,13.65699780776727,13.097390651736138,2.129475343194354,0.5596071560311326,2.059475343194354,13.43999780776727,0.6086071560311326
122.5641455599276,-49.18589036903899,588.8124745315548,977.525184739649,14.894262680572789,13.432437877413587,13.270780088260675,1.4618248031592014,0.1616577891529118,1.3918248031592013,13.215437877413587,0.21065778915291178
122.37372588923829,-49.24409915887618,797.3206088038188,976.5668539251992,11.416052618294875,10.7686256734715,10.808585705925262,0.6474269448233763,-0.039960032453763,0.5774269448233762,10.551625673471499,0.009039967546236989
122.34977276679275,-49.25121926714187,823.4051081059229,976.2124142058904,11.420196193615238,10.756661902897928,10.803049839904986,0.6635342907173101,-0.0463879370070579,0.59353429071731,10.539661902897928,0.002612062992942088
122.2360232356682,-49.28687032957622,948.4257220989537,977.1882552245036,15.80305806360208,15.037278545415496,14.287357696451286,0.7657795181865836,0.7499208489642104,0.6957795181865836,14.820278545415496,0.7989208489642103
122.53687084896232,-49.19484897822813,619.0938108218519,978.2020961685756,14.393510380061516,12.963302749014966,12.82885517300219,1.4302076310465497,0.1344475760127768,1.3602076310465496,12.746302749014966,0.18344757601277678
122.80675991508164,-49.11197856284172,323.04775010768657,979.9840018975348,13.071893798082062,12.205835112302482,11.971741413218606,0.8660586857795796,0.2340936990838766,0.7960586857795795,11.988835112302482,0.2830936990838766
122.8077930272696,-49.11537915884106,324.3522131709861,985.0841366102186,14.307827064725984,13.7534528338403,13.4976508913095,0.5543742308856849,0.2558019425308,0.48437423088568493,13.536452833840299,0.3048019425308
122.42886475692124,-49.23493498347704,741.9551411374888,987.3384020032396,11.159767904875451,10.51769265419356,10.52686717689777,0.6420752506818914,-0.0091745227042103,0.5720752506818914,10.30069265419356,0.03982547729578969
122.3151230523147,-49.27644767644928,870.7925803287105,996.2242307719484,12.1595274143645,11.149592161547757,10.896305985529295,1.009935252816744,0.2532861760184612,0.939935252816744,10.932592161547756,0.3022861760184612
122.3029126197394,-49.27325585122763,879.6709172725208,986.684760489856,12.228789244250189,11.248642797424113,10.981541202623498,0.980146446826076,0.2671015948006143,0.910146446826076,11.031642797424112,0.3161015948006143
122.36741316127484,-49.25691256832604,811.2822021730939,991.4914208685182,12.731239229031,11.945666626804696,11.903455883584448,0.7855726022263045,0.0422107432202487,0.7155726022263045,11.728666626804696,0.09121074322024869
122.9433750053259,-49.075547280492415,176.6801080142445,988.9065144812446,14.995840000111205,13.914152269429618,13.774214851062291,1.0816877306815869,0.1399374183673263,1.0116877306815868,13.697152269429617,0.18893741836732628
122.74401615335164,-49.140489024100006,397.95899905342424,992.1235182631544,12.687043218324913,11.870669591986315,11.708906761832075,0.8163736263385974,0.1617628301542399,0.7463736263385974,11.653669591986315,0.21076283015423988
122.70151747772252,-49.15241793658455,443.84795696080533,990.2742164033216,14.394825075574502,13.511010065661202,13.343744495151409,0.8838150099133006,0.1672655705097927,0.8138150099133006,13.294010065661201,0.2162655705097927
122.68922097235624,-49.15480504267726,456.42813048732074,988.286100650372,15.348307200395157,13.749148353009373,13.424043819478324,1.5991588473857838,0.3251045335310483,1.5291588473857838,13.532148353009372,0.3741045335310483
122.80434635554091,-49.12110620183584,331.1969209089651,991.4468099452832,14.648994065305256,14.135918231890434,13.946002685143473,0.5130758334148222,0.1899155467469615,0.4430758334148222,13.918918231890434,0.2389155467469615
122.97891778840189,-49.066836910856544,139.09455496348804,992.3280820571912,14.52730674170254,13.39509774703812,13.4737297557254,1.1322089946644205,-0.0786320086872791,1.0622089946644204,13.17809774703812,-0.02963200868727911
122.7180233463966,-49.14848303435608,426.4830141067754,991.9454126049388,12.726934447522408,12.020763480450611,11.902769942717288,0.706170967071797,0.117993537733323,0.636170967071797,11.80376348045061,0.16699353773332298
122.71156747191772,-49.15236545159944,434.80790670020855,994.5021078331092,13.88340356698772,12.959729737510704,12.704332733715948,0.923673829477016,0.2553970037947568,0.8536738294770161,12.742729737510704,0.3043970037947568
122.25315196187884,-49.29431817115728,937.8826083271044,994.6397928052128,15.094072600729463,14.013886139300752,13.495573027178454,1.0801864614287116,0.5183131121222981,1.0101864614287115,13.796886139300751,0.5673131121222981
122.20626701164612,-49.30823462809959,988.88456887841,994.0284067625512,16.94556273709283,17.114474775098387,16.98996885415686,-0.1689120380055584,0.1245059209415266,-0.2389120380055584,16.897474775098388,0.1735059209415266
122.17969572010024,-49.32014713293149,1020.3793751784202,999.2330526759924,12.801146562068816,11.954047842621858,11.76858479388914,0.8470987194469579,0.1854630487327178,0.7770987194469579,11.737047842621857,0.23446304873271778
123.0321208369149,-49.05289892441591,82.23302913018796,996.2572103953386,14.069330291399844,13.04805826293446,12.72614598770489,1.0212720284653845,0.32191227522957,0.9512720284653844,12.831058262934459,0.37091227522957
122.93733098212375,-49.08218144580864,186.4628243304802,995.3769255867276,14.606133725635434,13.608011101728517,13.54100224722766,0.9981226239069176,0.0670088545008571,0.9281226239069176,13.391011101728516,0.11600885450085709
122.59398246060454,-49.190891085165035,565.332248137202,997.0948513368404,13.93216711143206,12.75260769229662,12.582359760061111,1.1795594191354404,0.1702479322355081,1.1095594191354403,12.535607692296619,0.2192479322355081
122.44217874079794,-49.240577810520165,733.6872202582068,1000.7283359123428,11.136244965758,10.504613810312527,10.528848430543007,0.6316311554454721,-0.0242346202304801,0.561631155445472,10.287613810312527,0.02476537976951989
122.72273744748853,-49.15182719417902,424.4470569067378,998.5450086256624,12.772387982250487,12.066110878022092,11.93480744477125,0.7062771042283948,0.1313034332508422,0.6362771042283948,11.849110878022092,0.1803034332508422
122.13039688238014,-49.33639712886536,1075.0269520070133,1000.8777943265732,15.026445495145833,14.334359062242712,14.139470059353869,0.6920864329031211,0.1948890028888428,0.622086432903121,14.117359062242711,0.2438890028888428
122.73571896953362,-49.15008004365866,411.6723469053526,1001.708980200764,12.484513615891167,11.68389833233311,11.489153070208458,0.8006152835580576,0.1947452621246519,0.7306152835580575,11.466898332333109,0.2437452621246519
122.95933518100423,-49.07881989367038,164.53442143768586,1000.2680255860504,14.824772920189456,13.736866138167938,13.838306672679472,1.087906782021518,-0.1014405345115339,1.017906782021518,13.519866138167938,-0.05244053451153391
122.58778344451886,-49.19626131167478,574.3880698244693,1001.8171540736768,15.24537114599899,13.42528010549698,13.21014479890437,1.8200910405020083,0.2151353065926109,1.7500910405020083,13.20828010549698,0.26413530659261086
122.28689724641993,-49.28914184501342,904.2968372348384,1001.7525892044574,13.983029708968887,13.258647626020856,13.000986439353312,0.724382082948031,0.2576611866675442,0.6543820829480309,13.041647626020856,0.30666118666754416
122.86775439877442,-49.109502135849745,266.7664349210929,1002.8044883268864,13.802823827919406,12.813765074796429,12.478309935310069,0.9890587531229772,0.3354551394863598,0.9190587531229772,12.596765074796428,0.3844551394863598
123.02555953327597,-49.063605989271984,95.1763221872717,1008.060650721456,13.795562774944102,12.744112393259597,12.421363418720071,1.051450381684505,0.3227489745395253,0.981450381684505,12.527112393259596,0.37174897453952527
122.418578671158,-49.25178034380912,762.1051022406864,1006.103704220416,16.079540179099343,13.731316354740333,13.672115727805483,2.3482238243590103,0.0592006269348495,2.2782238243590105,13.514316354740332,0.1082006269348495
122.34467945520824,-49.275225685132305,843.5167101794452,1007.030067998352,13.602204776433071,12.878081022723306,12.504690394280995,0.7241237537097653,0.3733906284423103,0.6541237537097653,12.661081022723305,0.4223906284423103
123.01618811793692,-49.06609604025545,105.2142169665226,1007.4147631267372,12.625157566992153,11.73671082004577,11.523596752544412,0.8884467469463821,0.2131140675013583,0.8184467469463821,11.51971082004577,0.2621140675013583
122.56124392958914,-49.20881727081337,606.3491599331462,1007.7340138334016,13.250929044359951,12.37229410999797,12.183342735320515,0.8786349343619815,0.1889513746774547,0.8086349343619814,12.15529410999797,0.2379513746774547
122.26240361235246,-49.29978879294622,933.1261113697392,1006.0558748065472,15.335933453629975,14.117003265742936,13.499423229540133,1.2189301878870396,0.6175800362028028,1.1489301878870395,13.900003265742935,0.6665800362028027
122.98471011723588,-49.077058597819,140.6411310633282,1008.8100834446076,13.258553253051272,12.462774925088992,12.36147963541006,0.7957783279622799,0.1012952896789318,0.7257783279622798,12.245774925088991,0.1502952896789318
123.0047547737258,-49.072955936143934,119.98050481936566,1011.8556149241358,12.683656170468844,11.799170390803786,11.579910116495848,0.8844857796650576,0.2192602743079383,0.8144857796650575,11.582170390803785,0.2682602743079383
122.93932389834988,-49.091532144640645,190.8321679190462,1009.0295358439192,13.766112096188504,12.719056381305462,12.43312232637026,1.047055714883042,0.2859340549352023,0.9770557148830419,12.502056381305461,0.3349340549352023
122.83874361233931,-49.12254089955139,301.319370250031,1008.1829663833104,16.336661350627317,15.505356508799116,14.455556335816048,0.8313048418282012,1.0498001729830673,0.7613048418282011,15.288356508799115,1.0988001729830672
122.7247548501869,-49.1589750526047,427.31695659125927,1009.2016088633098,12.711276097627245,11.970539204421428,11.811483014691795,0.7407368932058169,0.1590561897296325,0.6707368932058169,11.753539204421427,0.2080561897296325
122.61514640801973,-49.20135643946678,553.1973125620144,1020.4658757240818,11.337443977100708,10.567176795057758,10.478050837484515,0.7702671820429501,0.089125957573243,0.70026718204295,10.350176795057758,0.13812595757324297
122.9537690516642,-49.091686403832014,177.99400839342778,1015.4687960872108,14.1763617599506,12.989251837042376,12.768929165013969,1.187109922908224,0.2203226720284075,1.117109922908224,12.772251837042376,0.2693226720284075
122.86837754266148,-49.11739269527388,271.3919935976056,1013.8730896341842,13.742470152940935,12.73843129905673,12.420922265683284,1.0040388538842056,0.3175090333734456,0.9340388538842055,12.52143129905673,0.3665090333734456
122.55085091006956,-49.21823078863968,621.7916406893049,1016.2224027159406,13.145829749744482,12.24607377143334,12.06897191024373,0.8997559783111431,0.1771018611896089,0.829755978311143,12.029073771433339,0.2261018611896089
122.436326483277,-49.2520599500981,746.3856763378616,1014.0078001434111,11.371732707526476,10.718946780998923,10.81304660179754,0.6527859265275531,-0.0940998207986165,0.582785926527553,10.501946780998923,-0.045099820798616505
122.41637949248393,-49.25820310164962,768.2430400908627,1013.9892464066788,13.797557616052256,12.468293619520429,12.166774834818751,1.329263996531827,0.3015187847016776,1.2592639965318269,12.251293619520428,0.3505187847016776
122.35888808957552,-49.27513949090899,830.7304891430181,1012.9169540507368,14.193506594875142,13.2469060493909,12.908795142355904,0.9466005454842428,0.338110907034995,0.8766005454842427,13.029906049390899,0.387110907034995
122.640884026191,-49.19027445514498,522.9095697230642,1016.2516399557404,14.30056679826207,12.946237878354546,12.661865123463375,1.3543289199075232,0.2843727548911712,1.2843289199075232,12.729237878354546,0.3333727548911712
122.88710524632492,-49.11249315223384,251.39670694764348,1015.2228839693834,13.69149828259314,12.78686272838353,12.503302233821136,0.9046355542096088,0.2835604945623942,0.8346355542096089,12.56986272838353,0.33256049456239417
122.29049274103257,-49.30026776590246,908.2690429343083,1018.5551966783016,14.033829497972189,13.314826920819607,12.863747042778602,0.7190025771525814,0.4510798780410052,0.6490025771525814,13.097826920819607,0.5000798780410052
122.87896622500628,-49.117088145763994,261.70710411535975,1018.0103331039724,13.642144667527162,12.766182412368227,12.423242131511069,0.8759622551589352,0.3429402808571584,0.8059622551589352,12.549182412368227,0.3919402808571584
122.84106970553616,-49.12901200604693,303.48368932834893,1018.0415863987604,16.2750698400349,14.514709560627116,13.957456218456942,1.7603602794077826,0.5572533421701742,1.6903602794077826,14.297709560627116,0.6062533421701741
122.57528825412606,-49.21167134179952,595.6270795657164,1017.6273128457328,14.349782523284142,13.204962750758831,13.093144632176074,1.1448197725253113,0.1118181185827573,1.0748197725253112,12.98796275075883,0.1608181185827573
122.33809892269362,-49.28537225538081,855.9824879810003,1018.1858333628344,13.825888348899005,13.02995841203588,12.781102806011646,0.795929936863125,0.2488556060242341,0.7259299368631249,12.81295841203588,0.2978556060242341
122.72465690112496,-49.16906989684578,434.01069118124985,1022.9903356855344,14.13468321796098,13.207707102509136,12.741552408092792,0.9269761154518434,0.4661546944163444,0.8569761154518434,12.990707102509136,0.5151546944163443
123.10177228531887,-49.049634061950314,17.682281483063026,1021.9473351236118,13.943593965063425,13.178913749082271,12.8346257625284,0.7646802159811532,0.344287986553871,0.6946802159811531,12.961913749082271,0.393287986553871
122.35383102702149,-49.28404574983848,841.0302430427455,1023.0107571379866,14.381327929963184,13.33436957844737,13.13138350129212,1.0469583515158138,0.2029860771552503,0.9769583515158138,13.11736957844737,0.2519860771552503
122.83369026472364,-49.13575118905515,314.51705368952844,1024.0982882054789,13.480235769888791,12.763103840989237,12.570237820754484,0.7171319288995548,0.1928660202347529,0.6471319288995547,12.546103840989236,0.2418660202347529
122.82239860534862,-49.13971501742263,327.23162288485094,1024.6769696376232,13.482361815132178,12.938903140022823,12.866263875423217,0.5434586751093544,0.0726392645996067,0.4734586751093544,12.721903140022823,0.1216392645996067
122.52524146976118,-49.23835790127416,657.8340313795437,1032.9415860986885,10.21629503011632,9.750359464602212,9.961388117616918,0.4659355655141084,-0.211028653014706,0.3959355655141084,9.533359464602212,-0.162028653014706
122.41926810711712,-49.26654528858894,771.068567792001,1026.664692627851,13.835211829204546,12.593873939561782,12.339738163540432,1.2413378896427645,0.25413577602135,1.1713378896427644,12.376873939561781,0.30313577602135
122.56992402847834,-49.22136595959706,606.7495919238113,1028.6389940002152,12.111291191803268,11.707466697580552,11.607061067277662,0.4038244942227162,0.1004056303028892,0.3338244942227162,11.490466697580551,0.14940563030288917
122.93851484004264,-49.10584975319018,200.98119599785525,1028.2698276743392,15.057194986625152,14.217689850020909,14.36887236138924,0.8395051366042434,-0.1511825113683311,0.7695051366042434,14.000689850020908,-0.10218251136833112
122.3370284737095,-49.29415508460183,862.6278314376633,1029.7969189010998,15.702134560891992,14.710166582439482,14.37658545454172,0.9919679784525092,0.3335811278977623,0.9219679784525092,14.493166582439482,0.3825811278977623
123.11115156985502,-49.05350622570531,11.842909163173484,1031.3041391139457,13.591258550685591,12.95822507471197,12.74361106250269,0.6330334759736207,0.2146140122092799,0.5630334759736206,12.74122507471197,0.2636140122092799
122.82653185421772,-49.144051706849496,326.3755920407098,1032.3891284642605,12.71748885070744,11.997789860681433,11.84703025659734,0.7196989900260071,0.1507596040840919,0.6496989900260071,11.780789860681432,0.19975960408409188
122.6343064217728,-49.20337555142729,537.3539191795232,1031.4048264792425,11.78067368769106,11.054612340306647,10.970649598788013,0.7260613473844124,0.0839627415186345,0.6560613473844124,10.837612340306647,0.1329627415186345
122.25367857268408,-49.3199848097059,953.9898664237812,1030.133771150411,16.838768088454753,17.5449397235401,15.793801328969677,-0.7061716350853473,1.7511383945704235,-0.7761716350853474,17.3279397235401,1.8001383945704235
122.71833197268384,-49.17750800500344,445.196846071908,1031.845381272533,14.340492382443518,13.379048233573217,13.21420659827753,0.9614441488703012,0.1648416352956871,0.8914441488703011,13.162048233573216,0.2138416352956871
122.28722851851796,-49.31555194019961,921.0753674311768,1038.178276955986,13.680401954059272,12.960136454637375,12.799310442513203,0.7202654994218971,0.160826012124172,0.650265499421897,12.743136454637375,0.20982601212417198
122.98435662845654,-49.09652048729822,153.78416861437975,1035.2769413928509,15.324402113798335,14.144641887476377,14.19331679621586,1.1797602263219584,-0.0486749087394837,1.1097602263219584,13.927641887476376,0.00032509126051628867
122.69377933427474,-49.18765069625606,473.8189338588707,1035.2452931010646,12.433454996592731,11.682684414432076,11.689988504678302,0.750770582160655,-0.007304090246226,0.6807705821606549,11.465684414432076,0.04169590975377399
122.76162100973988,-49.16703833559526,399.57568905979474,1036.0326614044086,14.725307802771004,13.468108094264492,13.217679677810144,1.257199708506512,0.2504284164543477,1.187199708506512,13.251108094264492,0.2994284164543477
122.75520802695358,-49.169755702576,407.09839372908465,1037.0081423355252,14.891912509776256,13.470908183568366,13.3185945512167,1.4210043262078909,0.1523136323516656,1.3510043262078908,13.253908183568365,0.20131363235166558
122.684147481055,-49.19207119388414,485.33437718361097,1037.1873249360394,16.005472363874187,14.298303939332234,14.313189801043194,1.707168424541953,-0.0148858617109599,1.6371684245419529,14.081303939332233,0.034114138289040086
122.58532634522425,-49.2379019238028,603.7350004870808,1057.872237222506,7.304260336320724,6.995126272720145,6.972611909461093,0.3091340636005792,0.0225143632590523,0.2391340636005792,6.7781262727201455,0.07151436325905229
123.0880288631564,-49.065750297600104,40.64328698171066,1038.0215093123654,14.985485847453145,14.329305575636194,13.926372162160078,0.6561802718169503,0.4029334134761164,0.5861802718169502,14.112305575636194,0.4519334134761164
122.93609037165524,-49.11672582015941,210.31099577634575,1042.1057009360557,15.423679548660292,14.361673253560388,14.44990276716804,1.062006295099904,-0.0882295136076507,0.992006295099904,14.144673253560388,-0.039229513607650715
122.55375391529554,-49.23596326268522,630.740792127738,1041.7791336142104,13.08177531503853,12.571929394986958,12.522087568525995,0.509845920051573,0.0498418264609625,0.439845920051573,12.354929394986957,0.09884182646096248
122.17178553995753,-49.35253925825411,1048.344335988574,1040.447122346966,15.999391155110953,16.63768187478752,21.926788155499747,-0.6382907196765686,-5.289106280712225,-0.7082907196765686,16.420681874787523,-5.240106280712225
123.07490183270716,-49.072703086285415,56.99157770640233,1041.8423347701375,14.84676838981546,14.071113036880451,13.480627160233707,0.7756553529350096,0.5904858766467438,0.7056553529350096,13.85411303688045,0.6394858766467437
122.70765624233076,-49.19050430103679,463.2588147253548,1045.087238811857,12.43491843676658,11.659034907299748,11.654491973550764,0.7758835294668316,0.0045429337489846,0.7058835294668315,11.442034907299748,0.05354293374898459
122.41813303478582,-49.278979943933344,780.1541146095936,1043.2541056026384,14.128891363217658,12.966756749652715,12.603730288481744,1.1621346135649429,0.3630264611709712,1.0921346135649428,12.749756749652715,0.4120264611709712
122.2800091604768,-49.32059553958732,930.8015725119502,1042.065240303339,13.553161245381007,12.93740484099027,12.852512524909203,0.6157564043907371,0.084892316081067,0.545756404390737,12.72040484099027,0.133892316081067
122.84200311733956,-49.15363967064122,318.81568757788625,1052.1586943573618,11.859296624728678,10.822377911457089,10.563811606995616,1.0369187132715894,0.258566304461473,0.9669187132715893,10.605377911457088,0.307566304461473
123.11599378421752,-49.06182365660534,13.00800846934549,1044.7696363589284,13.683766106602612,12.949816080610614,12.830796971312733,0.733950025991998,0.1190191092978807,0.6639500259919979,12.732816080610613,0.1680191092978807
122.80388130736644,-49.16212624382051,358.5151438032071,1047.4188031564825,15.455444411742564,13.779915689587742,13.491680356885496,1.6755287221548212,0.2882353327022464,1.6055287221548211,13.562915689587742,0.33723533270224637
122.67403052131988,-49.2019293939418,500.8367256008138,1046.3764899634652,14.952579588113444,13.632825150539013,13.153746642332091,1.3197544375744314,0.4790785082069213,1.2497544375744314,13.415825150539012,0.5280785082069213
122.523264021226,-49.2493972241209,666.7892903015756,1047.2455800170542,10.278550274346404,9.79719590454872,10.014656062534309,0.4813543697976836,-0.2174601579855881,0.4113543697976836,9.58019590454872,-0.1684601579855881
122.65854211996292,-49.207988955420475,518.6637661799587,1048.0694833776874,14.307733338977286,13.244734641293546,12.918318483184343,1.0629986976837404,0.3264161581092022,0.9929986976837404,13.027734641293545,0.3754161581092022
122.31090106600416,-49.3148969682075,899.451812410782,1047.260834693746,16.21841412544812,15.56023779062251,14.601233380487344,0.65817633482561,0.9590044101351668,0.5881763348256099,15.34323779062251,1.0080044101351668
122.77535149536826,-49.17350312371989,391.5169425731389,1050.7695590177964,14.332652118230316,13.270643109444284,12.920643446789772,1.0620090087860312,0.349999662654513,0.9920090087860312,13.053643109444284,0.398999662654513
122.991103229594,-49.10647717116285,154.30611113466506,1051.806667653139,14.50665788632459,14.002332903653018,13.876927806912796,0.5043249826715712,0.1254050967402218,0.4343249826715712,13.785332903653018,0.17440509674022178
122.76440450725217,-49.178417660811704,404.5377974203168,1052.811521051854,14.426110852175816,13.147794921645252,12.960708255430248,1.2783159305305638,0.1870866662150039,1.2083159305305637,12.930794921645251,0.23608666621500388
122.34543366204474,-49.30861942430573,864.466527287606,1053.2127018431058,17.5694741130522,15.00033558314419,13.8590184285144,2.569138529908008,1.1413171546297909,2.499138529908008,14.78333558314419,1.1903171546297908
122.70820733346496,-49.196648905289294,466.78458221250224,1053.7422937880144,12.426775754179811,11.646017494636174,11.64810068978171,0.7807582595436369,-0.002083195145536,0.7107582595436368,11.429017494636174,0.046916804854463985
122.49669764127516,-49.269759823714104,703.8214298851386,1063.9019695747525,8.454617607971784,8.037408785671277,8.227168874536995,0.4172088223005072,-0.189760088865718,0.3472088223005072,7.820408785671277,-0.140760088865718
122.6471789081024,-49.21645899253226,534.3694572410527,1054.830847522262,14.645007705264788,13.675295269044025,13.326494930964264,0.969712436220764,0.3488003380797604,0.899712436220764,13.458295269044024,0.3978003380797604
122.86433661112991,-49.15043634236591,296.71821275545176,1057.366805400613,13.982913142750103,12.97925244549806,12.744640525147584,1.0036606972520428,0.2346119203504759,0.9336606972520427,12.76225244549806,0.2836119203504759
122.7597354488388,-49.182646391170074,411.48793696640416,1056.604324685199,15.090184872211111,13.525659408030684,13.41535886694035,1.5645254641804272,0.1103005410903339,1.494525464180427,13.308659408030683,0.15930054109033387
122.15312497326092,-49.371919981080325,1077.5423300485463,1059.2649688183917,13.885509720651129,12.766633785328262,12.634041016434978,1.1188759353228672,0.1325927688932839,1.0488759353228672,12.549633785328261,0.18159276889328388
122.65843596221444,-49.21672098725012,524.4626932024669,1059.99282029351,14.203159352038918,13.193420554463293,12.957901298145744,1.0097387975756256,0.2355192563175485,0.9397387975756255,12.976420554463292,0.2845192563175485
122.2508665366152,-49.34258721869899,971.1076506678152,1060.0114053592954,15.15505575159894,14.124390667604416,13.261613005064188,1.0306650839945242,0.8627776625402284,0.9606650839945241,13.907390667604416,0.9117776625402283
123.11506602489646,-49.076392429568585,23.47446462216899,1064.2775196503003,13.900104019006063,13.157864137594354,13.116444252442058,0.7422398814117095,0.0414198851522957,0.6722398814117094,12.940864137594353,0.09041988515229568
122.619996174702,-49.231130958312605,568.2817268664918,1063.3545488493603,14.097395670518148,13.386921249350165,13.638972912322584,0.7104744211679836,-0.2520516629724199,0.6404744211679836,13.169921249350164,-0.2030516629724199
123.0784224033219,-49.08776060804619,63.78855333344396,1063.948958310768,15.9549452470829,16.089350987936797,14.589507751633167,-0.1344057408538965,1.4998432363036294,-0.2044057408538965,15.872350987936796,1.5488432363036293
122.67874396540044,-49.214891620648416,505.0882457772522,1066.1538673349446,13.968151800262312,12.953330148102385,12.595990860127229,1.0148216521599274,0.3573392879751562,0.9448216521599273,12.736330148102384,0.40633928797515617
122.17330153723844,-49.37131330569222,1059.086693980301,1066.8972100360872,13.724707050544556,12.602928240803063,12.396735193969713,1.1217788097414925,0.2061930468333503,1.0517788097414924,12.385928240803063,0.2551930468333503
122.8258495691767,-49.16925717078505,343.5267832843246,1066.606972661239,14.194136199080557,13.270074900081564,13.288798262495966,0.9240612989989928,-0.018723362414402,0.8540612989989929,13.053074900081564,0.03027663758559799
122.78986141237728,-49.18002400411113,382.8016093079682,1065.9179337759367,15.297073364151098,14.313767604266673,13.681842225412009,0.9833057598844251,0.6319253788546639,0.9133057598844252,14.096767604266672,0.6809253788546639
122.86781850100265,-49.15655507019097,297.62106579705807,1067.2383641357835,13.490409214328947,12.664358733062134,12.58711163222766,0.8260504812668135,0.077247100834473,0.7560504812668134,12.447358733062133,0.126247100834473
122.80082281304742,-49.179811217041376,372.85080676900066,1070.3249082242007,15.986490024948637,14.599846288163292,14.39526636125637,1.386643736785345,0.2045799269069217,1.316643736785345,14.382846288163291,0.25357992690692166
122.5388950545359,-49.26413195908289,662.3870608615632,1074.099957828576,9.299431802998503,9.009674715821028,9.171085226187929,0.2897570871774757,-0.1614105103669008,0.21975708717747572,8.792674715821027,-0.1124105103669008
123.0189529703621,-49.112124391606415,133.10113179511904,1071.5521035035697,16.386875667898384,17.354950497011185,18.37396863270602,-0.9680748291128012,-1.0190181356948358,-1.0380748291128012,17.137950497011186,-0.9700181356948359
122.73559253802048,-49.202017313469035,445.78338764129165,1072.8076226425517,16.25700847999981,14.60930056036024,14.8660412694893,1.647707919639572,-0.2567407091290601,1.577707919639572,14.392300560360239,-0.20774070912906012
122.53267689104794,-49.27659742686472,676.0673840455937,1088.5578383196398,8.648879785656053,8.258102064916367,8.465107207994654,0.3907777207396865,-0.2070051430782875,0.32077772073968647,8.041102064916366,-0.1580051430782875
122.68376610904366,-49.22095443376488,504.5559440696552,1076.6070155802204,14.298445769185044,13.254084485080856,12.92668624071976,1.0443612841041876,0.3273982443610954,0.9743612841041875,13.037084485080856,0.37639824436109537
123.1137335884336,-49.08589079253856,30.94912763465419,1076.6810045403938,13.80533789645314,13.104101204506916,13.032801455989892,0.7012366919462245,0.0712997485170241,0.6312366919462244,12.887101204506916,0.12029974851702409
122.8606853413129,-49.16644104027692,310.499443782312,1077.7063236052786,13.679861887768467,12.72301271065384,12.522148023726425,0.956849177114627,0.2008646869274155,0.886849177114627,12.50601271065384,0.24986468692741548
122.40874083479602,-49.3111332249985,809.4241478467334,1083.420467687118,10.807647478712994,10.201634603834783,10.226417936566175,0.6060128748782105,-0.0247833327313919,0.5360128748782105,9.984634603834783,0.024216667268608088
122.36957424211488,-49.31805275443026,848.9660149940775,1076.3642341861146,16.970892691517253,15.006023688720948,14.285965878718446,1.9648690027963056,0.7200578100025012,1.8948690027963055,14.789023688720947,0.7690578100025012
122.72307958370126,-49.20914074272961,461.6446857091614,1077.2159565331754,15.583024796877057,14.802441980136573,14.54396535857875,0.780582816740484,0.258476621557822,0.710582816740484,14.585441980136572,0.30747662155782196
122.8760907047766,-49.16236223882182,294.0330503044117,1078.7416003522765,13.929790965881091,13.104340759234807,13.04442593271702,0.8254502066462841,0.0599148265177866,0.755450206646284,12.887340759234807,0.10891482651778658
122.73610672169234,-49.20586649892413,447.84289769687393,1078.3008455334436,15.686402077853783,14.662054626708525,14.794208727595803,1.0243474511452586,-0.1321541008872788,0.9543474511452585,14.445054626708524,-0.08315410088727881
122.17614682785585,-49.37869158548032,1061.2952030126046,1078.2361984342865,13.8582385745104,12.663859277661674,12.38855669316398,1.1943792968487266,0.2753025844976928,1.1243792968487265,12.446859277661673,0.3243025844976928
122.29119900144664,-49.346153458222744,937.307233942682,1081.8959725499428,15.32389399476004,14.189760313952648,13.933278480199691,1.1341336808073912,0.2564818337529573,1.0641336808073911,13.972760313952648,0.3054818337529573
122.4573289152141,-49.29499336686712,755.4611028281843,1081.8354226769325,16.037631617602887,13.757915232468749,13.559468738098598,2.2797163851341384,0.1984464943701507,2.2097163851341386,13.540915232468748,0.24744649437015068
122.21701652767334,-49.37021058613962,1019.2436444838846,1083.7413119040648,14.464219547109543,13.763361329036757,13.50472148314806,0.7008582180727867,0.2586398458886965,0.6308582180727866,13.546361329036756,0.3076398458886965
122.17373545868026,-49.38342429803336,1066.5040717761692,1083.7314546312884,13.85157057063302,12.690640560221082,12.413915260507572,1.1609300104119384,0.2767252997135099,1.0909300104119384,12.473640560221082,0.3257252997135099
122.8400504955752,-49.17919290163215,337.3388357066128,1086.3039840083943,13.874124367404068,12.953058829408247,12.776952383770078,0.9210655379958208,0.1761064456381689,0.8510655379958207,12.736058829408247,0.2251064456381689
122.30189993726296,-49.344317702532194,926.5424107393344,1083.883182423337,14.928355757834405,13.896682517053256,13.736006013617107,1.0316732407811493,0.1606765034361483,0.9616732407811492,13.679682517053255,0.2096765034361483
122.1872767568712,-49.38229717535585,1053.657635224038,1087.8653175263212,13.12316715699608,12.2712579320453,12.162708877026748,0.8519092249507807,0.1085490550185515,0.7819092249507806,12.0542579320453,0.1575490550185515
122.98527468059686,-49.13464670514728,178.09012665345492,1087.8209363960157,15.547477135705725,15.967614356216336,16.494091107293567,-0.4201372205106111,-0.5264767510772312,-0.4901372205106111,15.750614356216335,-0.47747675107723125
123.06366529805877,-49.110963563547216,92.32316804340984,1089.284565300352,14.650774778169753,13.784442650856496,13.783468390600756,0.8663321273132567,0.0009742602557398,0.7963321273132566,13.567442650856496,0.04997426025573979
122.80924627386877,-49.191736777686216,373.1338874551331,1090.2663930334268,16.409645646013317,14.897357497733198,15.352112348018643,1.5122881482801187,-0.454754850285445,1.4422881482801186,14.680357497733198,-0.405754850285445
122.6579514453589,-49.23966466157032,539.883462083722,1091.2341898771451,15.989442483377106,13.963845312297671,13.733942492137984,2.0255971710794345,0.2299028201596868,1.9555971710794344,13.74684531229767,0.2789028201596868
122.5797855371022,-49.265327587649914,626.5718166275133,1093.124209077609,11.844250735684566,11.1127626564044,11.101832169741405,0.731488079280167,0.0109304866629944,0.661488079280167,10.895762656404399,0.05993048666299439
123.07113938588026,-49.11071849445804,85.47399357373348,1092.1813152643242,16.56753910394148,15.278434248348796,15.119009402488604,1.2891048555926847,0.1594248458601921,1.2191048555926847,15.061434248348796,0.20842484586019208
122.84996529207154,-49.180116246657064,329.0734136730609,1091.8235591431196,12.94938167490536,12.199331689531524,12.031377254671323,0.7500499853738365,0.1679544348602011,0.6800499853738364,11.982331689531524,0.21695443486020108
123.05006978391314,-49.11835644562566,109.36938759632534,1093.5151015152858,14.05848600544699,13.18573675955154,13.118475412438825,0.8727492458954504,0.0672613471127157,0.8027492458954504,12.96873675955154,0.11626134711271569
122.50073321937224,-49.29040469201748,713.6360442069091,1093.9406583149764,14.91709893362799,14.351659074682129,14.654903830069204,0.5654398589458616,-0.3032447553870749,0.49543985894586157,14.134659074682128,-0.2542447553870749
122.96394540471012,-49.14655020102271,205.0172936605133,1094.9091696514745,15.321958559668026,14.389893295957291,14.308124168107586,0.9320652637107348,0.0817691278497054,0.8620652637107349,14.17289329595729,0.1307691278497054
122.86953583544054,-49.18088749607682,312.0704585936407,1101.2823345994266,12.387102090145772,11.598105800337162,11.471721984623828,0.78899628980861,0.1263838157133339,0.71899628980861,11.381105800337162,0.1753838157133339
123.0044524168246,-49.13476382084839,161.00855736218583,1096.2533054749515,13.99172814133053,13.037735480179142,12.828815385712888,0.9539926611513874,0.2089200944662543,0.8839926611513873,12.820735480179142,0.2579200944662543
122.85512185616416,-49.18248169835951,326.013150667547,1097.2753432362483,12.421713260351446,11.68755617443964,11.580552073023682,0.7341570859118054,0.1070041014159581,0.6641570859118053,11.47055617443964,0.1560041014159581
122.83384339242336,-49.19067849166744,350.4319897203305,1099.3654357956405,15.161626821569008,13.87613453425022,13.771341089451438,1.2854922873187888,0.1047934447987817,1.2154922873187888,13.659134534250219,0.1537934447987817
122.6738346167138,-49.23964134729453,525.6566460915989,1097.9780165556444,14.804162534064464,13.557209258561498,13.417037483204968,1.2469532755029658,0.1401717753565297,1.1769532755029657,13.340209258561497,0.18917177535652968
122.49288183013508,-49.29682496700109,724.8365498953881,1099.4196029531022,16.47611338273795,14.163215177368937,14.440971627176785,2.312898205369013,-0.2777564498078479,2.242898205369013,13.946215177368936,-0.22875644980784793
123.04205608412784,-49.12733112064142,122.4635872342121,1102.323293689027,14.195907523237835,13.273624902340424,13.033867166820968,0.9222826208974108,0.239757735519456,0.8522826208974108,13.056624902340424,0.288757735519456
122.85064755278896,-49.1862463687031,332.48842080905723,1100.5083291283372,13.33948323587505,12.379335228067417,12.337518767665406,0.960148007807634,0.0418164604020105,0.890148007807634,12.162335228067416,0.0908164604020105
122.2946586075438,-49.361165094738254,943.9188172912268,1103.977980018096,15.319041953321184,14.338276903350392,13.560256634730411,0.9807650499707918,0.7780202686199811,0.9107650499707918,14.121276903350392,0.827020268619981
122.88602182963,-49.178155235064885,295.5265555915687,1104.6248321112846,12.790030496779137,12.09700491312533,12.081084433304312,0.6930255836538066,0.0159204798210179,0.6230255836538066,11.88000491312533,0.0649204798210179
122.19045829910102,-49.39652292727113,1059.9834277043867,1108.758768648251,11.138031079553269,10.549752493484254,10.57595063208321,0.5882785860690145,-0.0261981385989553,0.5182785860690144,10.332752493484254,0.022801861401044687
122.56182939639888,-49.28216874230044,653.6117705015128,1108.5859393794276,13.74857333678342,12.629512244667051,12.241123845410248,1.1190610921163682,0.3883883992568027,1.049061092116368,12.41251224466705,0.4373883992568027
122.9616221607586,-49.15704240437011,214.00668336051203,1108.2612721970036,15.316250784474583,13.876103036231322,13.732393321840986,1.4401477482432608,0.1437097143903365,1.3701477482432607,13.659103036231322,0.1927097143903365
122.23330145284572,-49.38629041083749,1015.0499231617564,1112.6873100020923,11.867250430210104,11.095742474467356,10.949625909984544,0.7715079557427487,0.1461165644828117,0.7015079557427486,10.878742474467355,0.1951165644828117
123.07377827427732,-49.12230571191411,90.76830042523652,1109.162079255918,15.6281512423632,14.814808093279373,15.93795750181962,0.8133431490838277,-1.1231494085402467,0.7433431490838276,14.597808093279372,-1.0741494085402468
123.06751359241824,-49.124253858326334,97.65895477896588,1109.116847915229,14.90900597623553,13.969025786724396,13.884052275253218,0.9399801895111342,0.084973511471178,0.8699801895111341,13.752025786724396,0.13397351147117798
123.0171212593126,-49.14117808807584,153.90583926702308,1110.4916940254757,13.073475175957904,12.11590818151527,11.939033812908535,0.9575669944426348,0.1768743686067342,0.8875669944426348,11.898908181515269,0.22587436860673418
122.20779097518354,-49.391536931929906,1041.259676610517,1109.1812137758427,11.413952511622789,10.893409638771647,10.805526250762378,0.5205428728511414,0.0878833880092688,0.4505428728511414,10.676409638771647,0.1368833880092688
122.9184311852918,-49.17318642629917,263.2680429346162,1111.757988846566,15.770403306201413,13.99817916556956,13.711805591028536,1.7722241406318524,0.2863735745410238,1.7022241406318523,13.78117916556956,0.3353735745410238
122.37742158297353,-49.345503674603506,859.735453974348,1117.374314246843,11.393692453429392,10.746323910618436,10.717483925103808,0.6473685428109555,0.0288399855146277,0.5773685428109554,10.529323910618436,0.07783998551462769
122.97092404529852,-49.15823547496906,206.47228503313448,1113.900655600533,15.542415046647392,13.994064471636326,13.93152397101132,1.5483505750110655,0.0625405006250066,1.4783505750110655,13.777064471636326,0.11154050062500659
122.76914807160358,-49.22645303166812,431.76408136609496,1120.6364476580131,13.068767885237229,12.528034851104868,12.419872626508525,0.5407330341323604,0.1081622245963433,0.4707330341323604,12.311034851104868,0.15716222459634327
122.72406971287528,-49.23695930568477,478.96301025033415,1115.7530067264402,15.106590471910676,13.400011390532956,13.074168618708365,1.7065790813777202,0.3258427718245915,1.6365790813777201,13.183011390532956,0.37484277182459147
122.8749835910624,-49.19064779798439,313.6104268664545,1116.9815976408531,11.80951010330633,11.091818475983253,11.04487188965062,0.7176916273230773,0.0469465863326323,0.6476916273230773,10.874818475983252,0.09594658633263228
123.06143204948462,-49.1328489251901,108.77555133868526,1118.2384142353524,15.429472002680134,14.155828942193676,14.190966159017329,1.2736430604864584,-0.035137216823653,1.2036430604864583,13.938828942193675,0.01386278317634699
122.62389703526516,-49.26959210774356,589.8896431635762,1117.7460415446978,11.398965847406592,10.684886083598135,10.69420509242566,0.7140797638084564,-0.009319008827525,0.6440797638084563,10.467886083598135,0.03968099117247499
122.44733704054556,-49.3283911337973,786.0937849964937,1123.442122369688,12.410554634052565,11.255667525527352,10.984552764347562,1.1548871085252124,0.2711147611797901,1.0848871085252123,11.038667525527352,0.3201147611797901
123.03083258362238,-49.146583712375225,145.2091143906788,1123.8013065884206,13.232672135833994,12.275140950625666,12.056481970243835,0.957531185208328,0.2186589803818304,0.8875311852083281,12.058140950625665,0.2676589803818304
122.72290984783812,-49.24256703396139,483.6700817185319,1122.9405273692062,14.94337955555386,13.384458350179129,12.994564920184091,1.558921205374732,0.3898934299950376,1.488921205374732,13.167458350179128,0.4388934299950376
122.92241135529746,-49.18006432404603,264.23330174466616,1122.881232557737,14.273543891638504,13.07176264719858,12.896110442107394,1.201781244439923,0.1756522050911861,1.131781244439923,12.85476264719858,0.22465220509118608
122.80901199170115,-49.21555970498975,388.9695669182332,1122.7874320933497,14.641371685534564,13.329690207280128,13.156586864758804,1.3116814782544353,0.1731033425213244,1.2416814782544352,13.112690207280128,0.22210334252132438
122.88370427273848,-49.19447586647753,308.32679405356726,1125.9665733976876,12.474551557724409,11.70962608425812,11.671882312975065,0.7649254734662883,0.0377437712830559,0.6949254734662882,11.49262608425812,0.08674377128305588
122.43584089621524,-49.33241324396736,798.9880925685459,1124.097632192126,12.461221661447588,11.32683694559865,11.031177191938268,1.1343847158489382,0.2956597536603826,1.0643847158489381,11.10983694559865,0.3446597536603826
122.97603876515733,-49.16508346280224,206.4098434870807,1125.471560246014,16.224381797546886,14.766443177620085,14.901985463867792,1.4579386199268018,-0.1355422862477073,1.3879386199268018,14.549443177620084,-0.08654228624770732
122.95982834515388,-49.16899191741213,223.48160126941397,1123.8354665644874,16.42683137731116,14.41204671807642,14.200488557743622,2.0147846592347403,0.2115581603327978,1.9447846592347402,14.19504671807642,0.2605581603327978
122.89157286007402,-49.19107120872126,299.05187194253335,1124.687075031413,12.501376929927542,11.721515314898086,11.68256118096884,0.7798616150294553,0.0389541339292467,0.7098616150294552,11.504515314898086,0.0879541339292467
122.48315085945588,-49.32504527086304,751.8891319733336,1134.0178084969489,8.894244987174742,8.437459605073451,8.645717979388067,0.456785382101291,-0.2082583743146155,0.386785382101291,8.22045960507345,-0.1592583743146155
122.83726013281476,-49.20961687417596,359.80699094168443,1126.7594055370328,10.992271660520135,10.415327043120964,10.521674884092636,0.576944617399171,-0.1063478409716722,0.506944617399171,10.198327043120964,-0.05734784097167221
122.85768990789944,-49.20802238627518,340.4906978664317,1133.3405063524965,10.240408195587444,9.75578933798199,9.972617641872516,0.4846188576054526,-0.2168283038905247,0.4146188576054526,9.53878933798199,-0.16782830389052472
122.3940075094033,-49.34867785436059,846.9578764558689,1128.7387843951385,11.426059378933935,10.728940699254292,10.667080297825589,0.6971186796796438,0.0618604014287029,0.6271186796796437,10.511940699254291,0.11086040142870289
122.80382630654148,-49.22382294252035,399.02681200182417,1131.8811631242208,14.363348277374593,13.269305636408438,13.01196831839168,1.0940426409661548,0.2573373180167575,1.0240426409661547,13.052305636408438,0.3063373180167575
122.35223296750864,-49.362157551491045,893.0569644227626,1129.6123040322395,14.10068501716337,13.475771901989054,13.334236215947053,0.6249131151743157,0.1415356860420011,0.5549131151743156,13.258771901989054,0.19053568604200108
122.63131576274203,-49.2788377299863,589.289049599204,1133.5805331163774,11.33598036768,10.636158138974386,10.648068388021043,0.6998222287056137,-0.0119102490466573,0.6298222287056137,10.419158138974385,0.03708975095334269
123.05059808330456,-49.14560433223978,126.88732550643876,1130.9964732067433,14.236560810827354,13.13200274305296,12.82031265855134,1.104558067774395,0.3116900845016204,1.0345580677743949,12.915002743052959,0.3606900845016204
122.18989017912956,-49.41321284519015,1071.2538793593828,1131.4660234618054,13.059991915604504,12.461623553189304,12.39475618001778,0.5983683624152007,0.0668673731715241,0.5283683624152007,12.244623553189303,0.11586737317152408
122.5986851935702,-49.28881260854662,624.9773821770682,1133.3683388719555,15.297924485312269,13.877887889177348,13.708481274601922,1.4200365961349206,0.1694066145754256,1.3500365961349206,13.660887889177348,0.2184066145754256
122.245004925721,-49.399083093046755,1012.841516417217,1135.188519007564,12.724383820221725,11.991731419845443,11.922682564547037,0.7326524003762813,0.0690488552984067,0.6626524003762813,11.774731419845443,0.11804885529840668
122.940222528007,-49.18296985184049,250.21782475779008,1134.5189534058052,13.976345013733829,12.886312206402216,12.870698813950538,1.090032807331612,0.0156133924516783,1.0200328073316118,12.669312206402216,0.06461339245167828
123.0942853847064,-49.136864760648805,82.050353074833,1137.9305501295792,14.535945748494765,13.624571591445706,13.592694662480438,0.9113741570490586,0.0318769289652678,0.8413741570490585,13.407571591445706,0.0808769289652678
122.40874867372638,-49.350712867238606,835.0944330069647,1137.7618919317283,13.227618337516612,12.201052739669093,11.91652083318584,1.0265655978475188,0.2845319064832523,0.9565655978475187,11.984052739669092,0.33353190648325226
123.05947557040749,-49.14788872469167,120.45794884613628,1137.954091854839,16.965507813201974,14.847771910358544,14.189262084103271,2.11773590284343,0.6585098262552727,2.04773590284343,14.630771910358543,0.7075098262552726
122.83688730145543,-49.22091354913653,367.55589888220914,1142.0656425088737,12.140960656125536,11.463533884714622,11.355981559528182,0.6774267714109143,0.1075523251864396,0.6074267714109143,11.246533884714621,0.15655232518643958
122.45169724300573,-49.33858316290235,788.8138886114488,1139.2764389595443,12.4929556039623,11.298349543284882,11.043534555290156,1.194606060677419,0.2548149879947257,1.1246060606774189,11.081349543284881,0.30381498799472567
122.3771977795984,-49.36569036247908,873.0204661628115,1144.9994241522131,10.366408491565052,9.871761054402231,10.000690358752951,0.4946474371628202,-0.12892930435072,0.4246474371628202,9.65476105440223,-0.07992930435072002
122.92374679301244,-49.19225927849803,271.0631091657629,1140.1421742428213,13.80886040811464,12.760521807601236,12.5949085191691,1.0483386005134037,0.1656132884321355,0.9783386005134036,12.543521807601236,0.21461328843213548
122.76124433535516,-49.24344912395232,449.9669828812867,1140.5351937687878,13.381064241002145,12.27980804371868,11.862703383696694,1.1012561972834654,0.4171046600219856,1.0312561972834653,12.062808043718679,0.4661046600219856
122.2073110179999,-49.41549927449408,1057.1482321792796,1141.9199805915052,13.15286751140151,12.376441389898751,12.437632716936882,0.7764261215027588,-0.0611913270381307,0.7064261215027587,12.15944138989875,-0.012191327038130709
122.53445728141328,-49.31492961042108,699.4286191492105,1141.8968312783177,14.533992753527098,14.250681508846544,14.375886351176188,0.2833112446805543,-0.1252048423296443,0.2133112446805543,14.033681508846543,-0.0762048423296443
122.9310750380437,-49.192880792576496,264.92009745608806,1144.1440923078846,13.127033295544775,12.245917465564682,12.086864831571692,0.881115829980093,0.1590526339929905,0.8111158299800929,12.028917465564682,0.20805263399299048
122.6428714952715,-49.283384170313575,581.9243081114048,1144.7346722446362,11.333509050022922,10.634484747805091,10.641362256549456,0.6990243022178309,-0.0068775087443651,0.6290243022178308,10.41748474780509,0.042122491255634886
122.60598726717669,-49.29553591724805,622.8331223070705,1145.6934355819603,14.977226057018123,13.415880626979815,13.07883207336712,1.5613454300383085,0.3370485536126946,1.4913454300383084,13.198880626979815,0.3860485536126946
122.87134768030336,-49.21387616399315,332.1246319827202,1147.2147442958442,10.295739476551642,9.801545298550794,10.029810469263282,0.4941941780008481,-0.228265170712488,0.4241941780008481,9.584545298550793,-0.17926517071248801
122.42414015877318,-49.3535536778175,823.1748657383573,1148.1681034990593,13.909843051849204,12.852224932499665,12.549320200826,1.0576181193495398,0.3029047316736655,0.9876181193495397,12.635224932499664,0.3519047316736655
122.35877158589942,-49.37243121127759,893.8649298892021,1146.4802351186331,11.67547788903723,11.064450160516497,11.11646592637115,0.6110277285207335,-0.0520157658546533,0.5410277285207334,10.847450160516496,-0.00301576585465331
122.94399421693444,-49.19220058177561,252.9223968430213,1148.7708413577222,12.905212763606102,12.067246208848175,11.994171376341772,0.8379665547579265,0.0730748325064034,0.7679665547579264,11.850246208848175,0.12207483250640339
122.81196862721204,-49.233364413228706,398.0049316556652,1148.4344463752586,13.536131666004437,12.477438599484952,12.105839328436993,1.058693066519485,0.371599271047959,0.9886930665194849,12.260438599484951,0.42059927104795897
122.84937043511373,-49.22292836922302,357.7183113559052,1150.1769252799677,12.100283649308524,11.500582224072131,11.355413159568414,0.5997014252363932,0.1451690645037171,0.5297014252363932,11.28358222407213,0.1941690645037171
122.75273674982373,-49.2540935065314,464.5453552267903,1151.4781813627608,13.22692690638276,12.070084318414326,11.670713808144743,1.156842587968434,0.3993705102695823,1.086842587968434,11.853084318414325,0.4483705102695823
122.93066788059336,-49.19817735112882,268.76986002999143,1151.216029516005,13.354400507486572,12.509434582591238,12.329853584862114,0.8449659248953338,0.1795809977291238,0.7749659248953338,12.292434582591238,0.2285809977291238
122.6352051414496,-49.29185980961483,594.312055460084,1153.0885944797271,12.070739968664736,11.491906376269684,11.491951382568082,0.5788335923950516,-4.5006298398320155e-05,0.5088335923950515,11.274906376269684,0.04895499370160167
123.1682327376401,-49.126555370431575,9.120929627892105,1155.8587705093614,14.307667392487865,13.592482071969362,13.26291016549696,0.7151853205185024,0.3295719064724025,0.6451853205185023,13.375482071969362,0.37857190647240246
122.55643532895668,-49.3203179457288,683.2879167214573,1158.617957058681,10.825933345103468,10.138785468166182,10.171440829889065,0.6871478769372867,-0.0326553617228828,0.6171478769372867,9.921785468166181,0.016344638277117185
122.19440848647136,-49.42890710007369,1077.334143770399,1154.938139595446,15.112012488282677,15.074207951448768,15.173224819987148,0.0378045368339083,-0.0990168685383796,-0.0321954631660917,14.857207951448768,-0.05001686853837961
122.42062582749058,-49.359116965805576,829.9275720371484,1154.3195061230892,13.890624103767603,12.856303275675131,12.596428697444605,1.034320828092472,0.2598745782305265,0.964320828092472,12.63930327567513,0.3088745782305265
123.10004870803976,-49.1500032695502,85.58397505729788,1158.380385307283,13.569511423829592,12.730366927683948,12.692990256554376,0.8391444961456447,0.0373766711295715,0.7691444961456446,12.513366927683947,0.08637667112957148
122.49699944242565,-49.33986184390239,749.1408982263106,1160.2168756362885,12.696025029065972,11.947325597050872,11.84520163299352,0.7486994320150995,0.1021239640573519,0.6786994320150994,11.730325597050872,0.1511239640573519
122.94294959289697,-49.198204931364785,257.8091580105874,1156.536241810598,13.085990760511017,12.332772207393246,12.219186336317591,0.7532185531177706,0.1135858710756547,0.6832185531177706,12.115772207393245,0.1625858710756547
123.08928920618038,-49.15338798244174,97.43868365929056,1158.3547286663145,13.454743424132207,12.739126515792856,12.62247544451325,0.7156169083393511,0.1166510712796053,0.645616908339351,12.522126515792856,0.1656510712796053
122.9638070986744,-49.19472980138966,236.87715062388983,1160.7574012183286,13.98537517173664,13.009053631171213,12.838635565927865,0.9763215405654276,0.1704180652433482,0.9063215405654277,12.792053631171212,0.2194180652433482
122.93769494872676,-49.20249536909696,265.33042557077283,1160.146113127051,13.203023238647102,12.500269693538888,12.35676710427221,0.7027535451082141,0.1435025892666779,0.632753545108214,12.283269693538887,0.19250258926667788
122.82171551154694,-49.23851230217157,392.66920805424905,1159.6586904883338,14.234364904763076,13.0458787338679,12.674577176122828,1.1884861708951764,0.3713015577450722,1.1184861708951763,12.8288787338679,0.42030155774507216
122.77761501326806,-49.25219377088947,441.06125623571984,1159.5148436238517,18.904567446952814,14.021461492327754,13.393705849248684,4.88310595462506,0.6277556430790696,4.81310595462506,13.804461492327754,0.6767556430790695
122.62768819800914,-49.29934598084128,605.9184593555211,1160.1514429129477,14.868580363161598,13.923308646588596,13.891169309537911,0.9452717165730018,0.032139337050685,0.8752717165730017,13.706308646588596,0.08113933705068499
123.0787091010939,-49.15890733891613,110.5429173958093,1161.3265224714364,14.290011679947993,13.304062670061066,13.098354129219224,0.9859490098869266,0.2057085408418419,0.9159490098869265,13.087062670061066,0.2547085408418419
122.76587520684438,-49.25797714396688,455.3446562759154,1162.415113408137,12.895270185796832,11.72568973371812,11.393928100979132,1.169580452078712,0.3317616327389885,1.099580452078712,11.50868973371812,0.3807616327389885
123.06559284396242,-49.16527682873589,126.4739849918322,1164.3674284925116,14.73971306272172,13.832740681325411,13.530390026451698,0.906972381396308,0.3023506548737131,0.8369723813963079,13.615740681325411,0.3513506548737131
122.53439785461262,-49.332341904535944,710.8174034237318,1165.7573147974667,13.577105463402823,12.981396509054257,12.79797526157639,0.5957089543485665,0.1834212474778667,0.5257089543485665,12.764396509054256,0.2324212474778667
122.69595887588808,-49.281420679965194,533.1829897631301,1164.6728731068424,11.461734829166454,10.746483949281815,10.774051470283275,0.7152508798846391,-0.02756752100146,0.645250879884639,10.529483949281815,0.021432478998539988
122.98894276224432,-49.1922875499619,212.80229997845856,1168.2404203653336,14.03904057066054,12.951547946142904,12.803669899016864,1.087492624517635,0.1478780471260403,1.017492624517635,12.734547946142904,0.1968780471260403
122.6668365887163,-49.296357644022656,568.975452186769,1172.727333038302,12.039505631459187,11.1501406721631,11.013846430315375,0.8893649592960866,0.1362942418477253,0.8193649592960865,10.9331406721631,0.18529424184772528
122.56947606711232,-49.32328500575737,673.564188645033,1168.2255406666927,10.827826370262867,10.136117716527142,10.178174755428811,0.6917086537357253,-0.0420570389016692,0.6217086537357253,9.919117716527142,0.0069429610983307855
122.82776766021628,-49.24459485882906,391.2513398806235,1170.5798129905968,13.910114149373983,12.953576232790128,12.46438304675199,0.956537916583855,0.489193186038138,0.886537916583855,12.736576232790128,0.5381931860381379
122.60549478231036,-49.316517528713014,636.959545828731,1174.2527032928035,12.769573758952504,11.996885173563545,11.8885235629041,0.7726885853889591,0.1083616106594451,0.7026885853889591,11.779885173563544,0.1573616106594451
122.33892058454052,-49.39824944737967,928.333765258461,1173.569451800116,15.70704258453308,14.35457094153679,14.17826303889115,1.3524716429962886,0.1763079026456413,1.2824716429962886,14.13757094153679,0.2253079026456413
122.95033429102888,-49.20704638271937,257.03010536271915,1171.8091555001283,13.356657918247151,12.756168613131909,12.503682054057393,0.6004893051152429,0.2524865590745158,0.5304893051152428,12.539168613131908,0.30148655907451577
122.89057848502854,-49.22710873221829,323.6321024342135,1173.581239009857,12.71409773094043,11.954639909080733,11.889559314529958,0.7594578218596979,0.0650805945507748,0.6894578218596978,11.737639909080732,0.1140805945507748
122.748300934331,-49.284180374618806,488.2134192465147,1190.7973629399364,8.224248777998449,7.874787903938537,7.969310342598365,0.3494608740599121,-0.094522438659828,0.2794608740599121,7.657787903938537,-0.04552243865982801
122.72267004946792,-49.27814298062609,507.16497953197825,1171.580714974034,13.565406647762844,13.22542057397291,13.167112587331529,0.3399860737899338,0.0583079866413811,0.2699860737899338,13.00842057397291,0.10730798664138108
122.34771525099134,-49.394846823552825,918.2693803533456,1172.6028447838708,14.679896172100808,14.1544008520716,13.841486340954493,0.5254953200292078,0.312914511117107,0.45549532002920784,13.9374008520716,0.361914511117107
122.95741259996524,-49.20577734970711,249.8687203010037,1173.118384578047,13.402582352903233,12.643662649841389,12.275222020559388,0.758919703061844,0.3684406292820004,0.6889197030618439,12.426662649841388,0.4174406292820004
122.69416898598452,-49.292049434551224,541.7328035131958,1178.474545899492,11.36491850458303,10.646401740174722,10.647259149580266,0.7185167644083084,-0.000857409405544,0.6485167644083083,10.429401740174722,0.04814259059445599
122.64967340352898,-49.30592601746611,590.5645164544756,1178.531460809177,10.531528659684012,9.938888024839166,10.061616267271887,0.5926406348448463,-0.1227282424327214,0.5226406348448462,9.721888024839165,-0.07372824243272141
122.9842122315948,-49.198605665317515,221.19428067195423,1174.844612392613,13.681158660029125,12.73432882939615,12.533360863023482,0.946829830632975,0.2009679663726675,0.8768298306329749,12.517328829396149,0.2499679663726675
122.45952180792646,-49.364547727600595,798.6855990945688,1178.2232878575976,12.621150402135989,11.714701566341978,11.561742935849114,0.906448835794011,0.1529586304928631,0.836448835794011,11.497701566341977,0.20195863049286308
122.77002030817118,-49.26826577946093,458.3811831279527,1178.2798320398108,12.812217262426534,11.959134752427866,11.760138088770546,0.8530825099986679,0.1989966636573203,0.7830825099986678,11.742134752427866,0.2479966636573203
123.10210814947796,-49.16764471295122,95.40758162061816,1183.3822125130564,14.163733455608156,12.982105445780148,12.667115115755289,1.1816280098280083,0.3149903300248589,1.1116280098280082,12.765105445780147,0.36399033002485887
122.94602719780497,-49.215842710133984,266.6707965901739,1181.99086052075,14.881137338773073,15.16504767958077,14.46279735819842,-0.2839103408076973,0.7022503213823494,-0.3539103408076973,14.94804767958077,0.7512503213823494
122.45192012357388,-49.36956654486708,808.7394504634954,1181.8956453261735,12.669939251881498,11.822911201788129,11.636969790803976,0.8470280500933693,0.185941410984153,0.7770280500933693,11.605911201788128,0.234941410984153
122.88285167918906,-49.23620391786533,336.5154199936476,1182.712761411001,12.720696008850146,11.942025750373192,11.859944397301742,0.7786702584769536,0.0820813530714499,0.7086702584769535,11.725025750373192,0.13108135307144989
123.01904679351628,-49.19430419423618,187.23073828494665,1183.971193677802,15.605209082363515,14.952416447659571,14.802527286881135,0.6527926347039443,0.1498891607784358,0.5827926347039443,14.73541644765957,0.1988891607784358
122.68919516036554,-49.29853757827652,550.4196372298594,1185.244884426852,11.33796665973946,10.622319753123676,10.639978435496742,0.7156469066157829,-0.0176586823730655,0.6456469066157828,10.405319753123676,0.031341317626934484
122.83576031896956,-49.254203325137915,390.4155318084953,1187.1594831529756,15.597104316771777,21.64584098871941,14.776224280463186,-6.048736671947633,6.869616708256224,-6.118736671947634,21.42884098871941,6.918616708256224
122.77046730954778,-49.27505477278017,462.4302323778185,1187.7697097722962,12.220038345724143,11.724320605839909,11.58838937582708,0.4957177398842347,0.1359312300128277,0.42571773988423467,11.507320605839908,0.18493123001282769
122.53852961322823,-49.34824072086588,717.4758837082126,1189.319398214107,11.459794102405503,10.74006406571257,10.657978941755363,0.7197300366929333,0.0820851239572064,0.6497300366929333,10.52306406571257,0.1310851239572064
122.55631370685084,-49.34590382903965,700.0636084237187,1193.6594408421547,11.34128132773836,10.622488777209272,10.565377214376754,0.7187925505290877,0.0571115628325173,0.6487925505290877,10.405488777209271,0.1061115628325173
122.46471976395422,-49.373536559241394,799.8808907324334,1192.758997387518,12.41852362199754,11.539303592131104,11.357814624620968,0.8792200298664365,0.1814889675101358,0.8092200298664365,11.322303592131103,0.23048896751013578
123.02687426906913,-49.19863464790256,183.09444315008636,1193.267450426378,15.073981769194702,14.127678135140911,13.943380885362473,0.9463036340537913,0.1842972497784387,0.8763036340537913,13.91067813514091,0.2332972497784387
122.43457799305892,-49.381760517882014,832.1552057320913,1191.3002764763448,15.857244326922222,15.7058219460697,20.08875481135982,0.151422380852523,-4.382932865290121,0.08142238085252299,15.488821946069699,-4.33393286529012
122.70969892223634,-49.29904840913551,532.4337151180149,1194.6891006431715,11.579295523525245,10.859075231105471,10.846025112077408,0.7202202924197731,0.0130501190280636,0.6502202924197731,10.642075231105471,0.06205011902806359
122.27564049918284,-49.43229178531275,1006.910667587857,1193.7019727715813,14.931834284758017,13.886741582531355,13.529991114429476,1.0450927022266612,0.3567504681018789,0.9750927022266611,13.669741582531355,0.40575046810187887
122.5147209623907,-49.3614916940963,747.373696171782,1197.4035102309326,13.10008440256141,12.045471662356777,11.77949828520246,1.054612740204634,0.2659733771543173,0.9846127402046339,11.828471662356776,0.3149733771543173
122.484614632766,-49.36965735158675,779.5835187856155,1195.8554966736515,13.31040776354308,12.375608363619836,12.187019524525155,0.9347993999232448,0.188588839094681,0.8647993999232448,12.158608363619836,0.23758883909468098
123.06665252050836,-49.18832372708251,140.750735610395,1196.33144651902,19.836664124144473,15.820442107970196,14.679600789508372,4.016222016174277,1.140841318461824,3.946222016174277,15.603442107970196,1.189841318461824
122.30440185367333,-49.427793120392735,978.3024614125246,1199.6172401210977,14.4095688581045,13.20618956123552,12.902649592775552,1.2033792968689792,0.3035399684599689,1.133379296868979,12.98918956123552,0.3525399684599689
123.18237246920144,-49.15578782420089,15.852983127862815,1201.9208358041546,13.232599112740909,12.596996014611788,12.41295070935529,0.6356030981291205,0.1840453052564985,0.5656030981291205,12.379996014611788,0.2330453052564985
122.5337646463612,-49.356727578909606,727.2587245909981,1198.9405230458278,13.041279674910871,12.23249906101874,12.068803131927227,0.8087806138921323,0.1636959290915118,0.7387806138921322,12.015499061018739,0.21269592909151178
123.15892979248216,-49.16333677490571,41.79380233228245,1202.0791565622712,14.143704304863263,13.45337016899826,12.912282850347731,0.6903341358650028,0.5410873186505292,0.6203341358650027,13.23637016899826,0.5900873186505291
122.5063883418918,-49.36838226487611,759.3011367631397,1203.32680880739,13.338581599818374,12.343070129368389,12.070274543412513,0.9955114704499852,0.2727955859558761,0.9255114704499852,12.126070129368388,0.3217955859558761
122.27182963211423,-49.43779359009872,1013.8719308430536,1199.660124404186,14.886727823731544,13.648352055811309,13.442607744596875,1.2383757679202354,0.205744311214433,1.1683757679202353,13.431352055811308,0.254744311214433
123.05800352848766,-49.19517385950185,153.00131648056347,1201.9631144922898,16.1140414055876,14.262493180986572,13.83038513333235,1.8515482246010269,0.4321080476542231,1.7815482246010268,14.045493180986572,0.4811080476542231
122.70720806941956,-49.30538828677029,538.80619144417,1202.3137617378911,14.332774036392628,13.217165638091393,12.93859893112377,1.1156083983012357,0.2785667069676218,1.0456083983012356,13.000165638091392,0.3275667069676218
122.7216391150124,-49.30164095984233,523.4629279511818,1203.3355398937722,13.551628507453518,12.261868782562404,11.868104253910934,1.2897597248911143,0.3937645286514701,1.2197597248911143,12.044868782562403,0.4427645286514701
122.89508178269004,-49.2487535621251,333.8389042801565,1205.137305266748,15.234501335888693,13.725269615443834,13.652747926458323,1.509231720444859,0.0725216889855104,1.439231720444859,13.508269615443833,0.12152168898551038
122.32398642350698,-49.426076294077966,959.693802451854,1205.5015021082456,14.665366691549778,13.82300096001102,13.534495507367666,0.8423657315387576,0.2885054526433546,0.7723657315387575,13.60600096001102,0.3375054526433546
122.4824490690666,-49.37799598100998,786.9393191445048,1206.381338984519,13.353119229860638,12.360973900450317,12.115676030970436,0.992145329410322,0.2452978694798808,0.9221453294103219,12.143973900450316,0.2942978694798808
122.42019432409764,-49.39721041988802,855.0350270962109,1206.4314707359856,14.13237914898004,13.222551395466049,13.08177086229171,0.9098277535139908,0.1407805331743379,0.8398277535139909,13.005551395466048,0.18978053317433788
122.30169698833632,-49.43338108721144,984.3338595363116,1206.1562110837378,13.671142587814796,12.379378299836658,12.037533094005308,1.291764287978138,0.3418452058313495,1.2217642879781379,12.162378299836657,0.39084520583134946
122.28633685577567,-49.43655854145446,1000.1118109781216,1204.0616889791795,13.522948994429846,12.350816996833265,12.020100771904012,1.1721319975965816,0.3307162249292528,1.1021319975965815,12.133816996833264,0.3797162249292528
123.09725731972904,-49.187202482466674,112.67174329511846,1208.0165768526356,13.619370495558876,12.923070283983195,13.034647558354038,0.6963002115756804,-0.1115772743708429,0.6263002115756804,12.706070283983195,-0.06257727437084291
122.81809241316084,-49.27595631437119,420.4750443535059,1209.37711271876,17.970165590246094,15.805347249188076,15.252179822438505,2.1648183410580177,0.553167426749571,2.094818341058018,15.588347249188075,0.6021674267495709
123.04379961861326,-49.20687601634159,173.41501007757972,1211.834565739704,15.049138287742093,13.71689886167979,13.281332299548344,1.3322394260623032,0.435566562131445,1.262239426062303,13.499898861679789,0.484566562131445
122.98076849630225,-49.22670763533418,242.791602464025,1211.7999516308962,14.735237724874391,13.60957659402582,13.375438213810089,1.125661130848572,0.2341383802157306,1.055661130848572,13.392576594025819,0.28313838021573057
122.64905433169233,-49.3302117435367,606.9782675852877,1211.557774626408,15.930843515987483,14.35235116385838,14.62489956124578,1.5784923521291034,-0.2725483973873999,1.5084923521291034,14.13535116385838,-0.2235483973873999
122.4379720090205,-49.39557807913057,838.0942382433298,1211.70139681887,14.013390278949156,13.143741979074813,12.9593995041804,0.8696482998743438,0.1843424748944127,0.7996482998743437,12.926741979074812,0.23334247489441268
122.28304303907495,-49.44278328447931,1007.0790995886272,1211.2296900549886,13.713705207197208,12.548092018908935,12.335995128324694,1.1656131882882723,0.2120968905842417,1.0956131882882723,12.331092018908935,0.2610968905842417
122.85861265438145,-49.26515471255321,377.1917679500845,1211.944800216045,14.511228651212717,13.573598392454016,13.588312507896967,0.9376302587587002,-0.0147141154429508,0.8676302587587001,13.356598392454016,0.03428588455704919
122.74198590566684,-49.30458672827712,507.2168276499468,1216.0554595599162,12.925588105060603,11.848689858872543,11.50689506072922,1.07689824618806,0.3417947981433222,1.00689824618806,11.631689858872543,0.3907947981433222
122.99120588551128,-49.22362951049491,231.44063684651897,1212.0824656599557,15.029970139993384,14.149306727662148,13.878799873177666,0.880663412331236,0.2705068544844824,0.810663412331236,13.932306727662148,0.3195068544844824
122.85324921739364,-49.267646242607846,383.6186029201928,1213.0569195675205,14.68346425570446,13.766583659465674,13.86054921230545,0.9168805962387854,-0.0939655528397764,0.8468805962387853,13.549583659465673,-0.04496555283977641
122.56941533645448,-49.35904840608946,696.9237583503908,1217.2481100029272,12.50815583882379,11.287535595245462,10.855059382951476,1.2206202435783275,0.4324762122939862,1.1506202435783275,11.070535595245461,0.4814762122939862
122.37727189822516,-49.41598726606002,905.5568862994328,1214.0970388098676,15.081805238720651,13.967457609992008,14.30814459150354,1.114347628728643,-0.3406869815115314,1.0443476287286428,13.750457609992008,-0.2916869815115314
123.0909806878797,-49.195032706915335,123.45381736030676,1216.0075356715313,13.596066511419956,12.91415229235783,12.93326424313385,0.6819142190621257,-0.0191119507760202,0.6119142190621256,12.69715229235783,0.02988804922397979
122.97472660950844,-49.23193316118055,251.63121140336543,1216.3477824589568,13.476241753635708,12.484434266709178,12.325469286164813,0.9918074869265308,0.1589649805443649,0.9218074869265307,12.267434266709177,0.20796498054436488
122.30033134379698,-49.44324356093558,991.9333310650188,1219.1314175470984,13.41610486316301,12.248448265185456,11.939448092357631,1.1676565979775546,0.3090001728278242,1.0976565979775545,12.031448265185455,0.3580001728278242
122.87693853249552,-49.263279834972586,359.5925280679675,1217.235199836733,18.671022421916938,15.171950093665044,14.451565803657036,3.499072328251893,0.720384290008008,3.4290723282518933,14.954950093665044,0.7693842900080079
122.8597851421076,-49.27206657878116,380.6846785636707,1221.9089550247993,14.172042329679048,13.12870227139626,13.246578503717394,1.0433400582827872,-0.1178762323211337,0.9733400582827871,12.91170227139626,-0.06887623232113371
122.74058883359564,-49.31024182644982,512.1671557025905,1223.2062586232378,13.093936761143055,11.824432947389036,11.415897456788638,1.269503813754019,0.4085354906003982,1.199503813754019,11.607432947389036,0.45753549060039816
122.67402409556404,-49.332086636518305,585.9018302250647,1224.758342872038,18.80927477923139,15.467886575267476,16.268919095056386,3.3413882039639144,-0.8010325197889099,3.2713882039639146,15.250886575267476,-0.75203251978891
122.45818658728344,-49.39989050998507,822.8397462883955,1226.164839044579,16.316729565476884,14.128007875674134,13.72664259788059,2.1887216898027493,0.4013652777935448,2.1187216898027494,13.911007875674134,0.4503652777935448
123.0669342872988,-49.21078260633635,155.33471686106182,1227.1555790769166,14.23536895896328,13.507857221130738,13.291614440786772,0.7275117378325415,0.2162427803439666,0.6575117378325415,13.290857221130738,0.2652427803439666
122.39218237198484,-49.419465982163295,894.4943324704437,1225.16259782211,15.726736513094345,15.05106760418659,18.391600928771226,0.6756689089077543,-3.3405333245846354,0.6056689089077543,14.83406760418659,-3.2915333245846354
122.54843790590772,-49.374229181742734,725.5484456667588,1229.1700316176966,12.216932329945038,11.542151609660545,11.52613077649572,0.6747807202844935,0.0160208331648252,0.6047807202844935,11.325151609660544,0.06502083316482518
122.3674053051514,-49.43276739681917,925.2449135559476,1232.9804437407188,10.301993495756568,9.34564902222999,9.174941418281772,0.9563444735265776,0.1707076039482178,0.8863444735265775,9.12864902222999,0.21970760394821778
122.71610130370388,-49.32163257892006,541.4902558339342,1228.3646207030802,14.489472899243657,12.974606106661742,12.456435660653852,1.5148667925819144,0.5181704460078898,1.4448667925819143,12.757606106661742,0.5671704460078897
123.09050643827642,-49.20807935085032,132.50114809883434,1233.635444096016,16.556419810770567,15.290321299712929,15.366251641287082,1.2660985110576384,-0.0759303415741534,1.1960985110576383,15.073321299712928,-0.026930341574153416
122.95412863322302,-49.25024454587805,282.08728912101043,1232.5389335502334,13.139159266430465,12.04552745712841,11.723956583395296,1.093631809302055,0.3215708737331137,1.0236318093020549,11.82852745712841,0.3705708737331137
123.04706414307766,-49.222717866266855,180.95844946750705,1234.9020032723986,14.949953170347374,13.851080574968304,13.687544667544522,1.0988725953790706,0.1635359074237818,1.0288725953790705,13.634080574968303,0.21253590742378178
123.05483212588678,-49.22174875443813,173.38314810829596,1236.9267565671512,14.19340184524008,13.38121805377478,13.186294076896443,0.8121837914652996,0.1949239768783375,0.7421837914652996,13.16421805377478,0.2439239768783375
122.3047811652331,-49.45478704757261,995.4263778896784,1236.861777950204,13.808408687143125,12.615246577127584,12.278377802902137,1.1931621100155407,0.3368687742254472,1.1231621100155407,12.398246577127583,0.3858687742254472
122.35044562620206,-49.4410911209642,945.7828059053136,1237.2665514176574,11.554641784944211,10.671370007141611,10.453574769006966,0.8832717778025998,0.217795238134645,0.8132717778025997,10.45437000714161,0.266795238134645
122.73586985015451,-49.32349035564101,525.0545703398383,1239.342541334869,13.66445437435384,12.307787489143104,11.857915897165023,1.3566668852107355,0.4498715919780807,1.2866668852107355,12.090787489143104,0.4988715919780807
122.8621425710362,-49.284289107232546,386.6084854143926,1239.650397378199,13.816243118705492,12.906902549371583,12.886412034680587,0.9093405693339084,0.0204905146909961,0.8393405693339084,12.689902549371583,0.06949051469099608
123.14663118162974,-49.19701926833235,75.07784012817375,1242.7767703678037,14.22191839643422,13.106371909328251,12.732906814774584,1.1155464871059682,0.3734650945536675,1.045546487105968,12.88937190932825,0.4224650945536675
122.85136690389984,-49.290201374700544,400.1120603908527,1243.1276006331616,14.377622336975838,13.334731334897835,13.522595921208882,1.042891002078003,-0.187864586311047,0.9728910020780028,13.117731334897835,-0.138864586311047
122.72862014108706,-49.32804256652255,534.5070230504249,1242.486397089256,13.906354096597717,12.422699806423257,11.971322327199948,1.48365429017446,0.4513774792233089,1.41365429017446,12.205699806423256,0.5003774792233089
122.63256940062134,-49.35815509340903,639.9449776514201,1242.8511177601129,17.191864220637388,14.939262609916094,14.18319979716906,2.2526016107212943,0.7560628127470341,2.1826016107212944,14.722262609916093,0.8050628127470341
122.45486923502456,-49.41800973565565,837.5729222161997,1249.630924285245,10.646704263775398,9.38746193102803,8.952582387793084,1.259242332747368,0.4348795432349455,1.189242332747368,9.17046193102803,0.4838795432349455
122.95508870131955,-49.25905784493756,287.03427612369796,1245.0086539376591,14.215845600721217,13.485916446567185,12.859248320948357,0.729929154154032,0.6266681256188278,0.659929154154032,13.268916446567184,0.6756681256188277
123.1290242236516,-49.20521298779365,96.2184597862905,1246.3593522977822,14.315240144352844,13.190459605432787,12.908703620127746,1.1247805389200565,0.2817559853050415,1.0547805389200564,12.973459605432787,0.33075598530504147
123.05779689977682,-49.22773941082061,174.69252560067028,1246.3954805193948,14.523990366146728,14.196019535159436,13.57804307144645,0.3279708309872919,0.6179764637129868,0.2579708309872919,13.979019535159436,0.6669764637129867
122.37144161995226,-49.4423992572074,927.8830077398076,1247.9084503107483,10.320466727504291,9.36532175625154,9.192103587182416,0.9551449712527518,0.1732181690691234,0.8851449712527517,9.148321756251539,0.2222181690691234
123.15434363229043,-49.19936760062151,69.7479247850074,1249.3216568462424,14.064234831942292,12.961004369378731,12.6067336773986,1.1032304625635607,0.3542706919801315,1.0332304625635607,12.74400436937873,0.4032706919801315
122.55043969006871,-49.38771617928603,732.54523902136,1248.518299540989,13.283613138602291,12.970453563080628,12.82866385439858,0.3131595755216629,0.1417897086820492,0.2431595755216629,12.753453563080628,0.1907897086820492
122.98021983831678,-49.255775617370695,262.43808840768014,1251.3237534811933,15.56207890228961,14.3587582352168,14.516765059974412,1.2033206670728092,-0.1580068247576118,1.133320667072809,14.1417582352168,-0.10900682475761181
123.13534351956255,-49.20632604670733,91.31415392374056,1250.6122171143256,13.559635314598047,12.483446698267128,12.29287779580618,1.076188616330919,0.1905689024609476,1.0061886163309188,12.266446698267128,0.23956890246094759
122.75734810829664,-49.3263836564841,507.77457436114463,1252.4726835993874,14.11924839114753,13.068391556564457,12.75995413290991,1.0508568345830724,0.3084374236545475,0.9808568345830724,12.851391556564456,0.3574374236545475
122.60290252627856,-49.37398271517371,676.7584199620742,1251.945235648344,12.817643686510207,12.170056226729091,12.018306694710668,0.647587459781116,0.1517495320184227,0.5775874597811159,11.95305622672909,0.2007495320184227
122.75160845500504,-49.3296391205136,515.0303258463183,1254.4821626386838,13.69293587747734,12.407060936389325,11.975716255005212,1.285874941088016,0.4313446813841128,1.2158749410880159,12.190060936389324,0.4803446813841128
122.63067483336704,-49.36648316849659,647.072759377079,1253.4628628451458,14.966658270751727,14.033188759112056,13.542854421843211,0.9334695116396716,0.4903343372688447,0.8634695116396716,13.816188759112055,0.5393343372688446
122.62270090724311,-49.37182391006749,657.6765771697926,1257.3958981140509,14.894660423414727,14.423205532200768,13.89637537826201,0.4714548912139591,0.526830153938759,0.4014548912139591,14.206205532200768,0.5758301539387589
123.1644427023351,-49.20074487203728,61.64570895843738,1255.5729643842762,13.368566855862507,12.158157878927922,11.777769787501535,1.2104089769345858,0.3803880914263864,1.1404089769345858,11.941157878927921,0.4293880914263864
122.68811850204074,-49.35217783798629,586.4509811703568,1258.2954660070866,13.88725160878726,12.987312168836612,12.810474338422187,0.8999394399506482,0.1768378304144242,0.8299394399506481,12.770312168836611,0.22583783041442418
122.59605876863502,-49.38069617170673,687.2461634087522,1258.2448253557427,11.22594423664481,10.62715502095471,10.71135039820618,0.5987892156901005,-0.0841953772514703,0.5287892156901004,10.41015502095471,-0.03519537725147032
122.58297310931084,-49.384096002535195,701.1436224152555,1257.352699693187,11.666908246137895,11.084329203713256,11.142357005866128,0.5825790424246389,-0.0580278021528712,0.5125790424246388,10.867329203713256,-0.00902780215287121
122.56910842764267,-49.38758135496572,715.7916161819529,1256.250188729661,14.44057311536815,14.087923813508397,13.763322174737368,0.3526493018597527,0.3246016387710284,0.2826493018597527,13.870923813508396,0.37360163877102837
123.1461522753969,-49.21125650949355,84.9304217793864,1262.0227328529334,13.980911394701668,12.888175482694097,12.644108011243327,1.092735912007571,0.2440674714507693,1.022735912007571,12.671175482694096,0.2930674714507693
122.94244444635612,-49.27358907012842,307.88909727048923,1259.4563705168032,14.328385989653055,14.024517614460146,13.946403084570273,0.3038683751929092,0.0781145298898735,0.2338683751929092,13.807517614460146,0.12711452988987348
122.77553628161888,-49.32695551372856,491.9144992610201,1261.0223181967124,14.534024552012562,13.599059198275542,13.426209835782338,0.9349653537370202,0.1728493624932046,0.8649653537370201,13.382059198275542,0.22184936249320458
122.65156176746174,-49.36531380837587,627.6649963185238,1260.7410125510985,15.229998685029893,13.774104719959212,13.591672326994123,1.4558939650706808,0.1824323929650884,1.3858939650706807,13.557104719959211,0.23143239296508838
122.95486531005832,-49.27320206494677,296.5487146696959,1264.2626934619311,14.287340740102238,14.09573546019891,13.623650423857292,0.1916052799033281,0.4720850363416176,0.12160527990332809,13.878735460198909,0.5210850363416175
122.51040249991006,-49.411370158640864,783.6832303065815,1264.006789024308,14.17190183843799,13.242717390139878,13.0746165990582,0.9291844482981108,0.1681007910816792,0.8591844482981108,13.025717390139878,0.21710079108167918
122.66836529864952,-49.36408449757154,611.8641156008938,1266.2047607335703,14.7151628757001,13.699728095584849,13.50068834300988,1.0154347801152517,0.1990397525749685,0.9454347801152516,13.482728095584848,0.2480397525749685
122.88329113781847,-49.29717356548663,376.19713065320406,1266.3496229062146,16.012693090353952,14.800833766323208,15.17995940595416,1.211859324030744,-0.379125639630951,1.141859324030744,14.583833766323208,-0.330125639630951
122.747119836459,-49.33896887651223,525.1466967323513,1265.3473668349827,16.082287763944862,13.937017531561532,13.867191588096595,2.1452702323833304,0.0698259434649362,2.0752702323833305,13.720017531561531,0.11882594346493619
122.39841874899572,-49.45052910834261,909.0722685905324,1270.443280928858,11.340618722732568,10.654473016565063,10.615864861987845,0.6861457061675047,0.0386081545772185,0.6161457061675046,10.437473016565063,0.08760815457721849
122.68168563841674,-49.36091978334532,597.9075179265354,1267.536845795932,13.572070020156634,12.69022840536466,12.416199083338896,0.8818416147919734,0.2740293220257648,0.8118416147919734,12.47322840536466,0.3230293220257648
122.60169342295664,-49.38813388053688,687.0678792940811,1270.835746433179,11.212462411972124,10.602365930098273,10.67383308061045,0.6100964818738515,-0.0714671505121771,0.5400964818738514,10.385365930098272,-0.02246715051217711
122.4661611710779,-49.427062683155505,833.3748870197005,1266.8277338158894,10.79313663583568,9.48884926493636,9.0515509428331,1.3042873708993206,0.4372983221032598,1.2342873708993205,9.271849264936359,0.4862983221032598
122.51613748020463,-49.4158870724467,781.5036800909904,1272.6315335966617,14.164819153931496,13.192337198901866,13.039409382936748,0.9724819550296306,0.1529278159651177,0.9024819550296306,12.975337198901865,0.2019278159651177
122.36502094586224,-49.46196977913439,946.2975532947238,1272.079160058326,13.83027857377454,12.64196054506205,12.476284118994794,1.1883180287124908,0.1656764260672556,1.1183180287124908,12.42496054506205,0.2146764260672556
123.17734665893052,-49.209170206523375,55.71114078005099,1272.6675151247823,13.540685297109295,12.293288861546127,11.971134098976632,1.247396435563168,0.3221547625694949,1.1773964355631679,12.076288861546127,0.37115476256949487
122.57480573425764,-49.39732090150689,717.0538983033014,1272.0241857639307,14.73591663537587,13.712944103057488,13.709050313159167,1.0229725323183825,0.0038937898983206,0.9529725323183824,13.495944103057488,0.05289378989832059
122.50409008478434,-49.4191613085009,794.3857959440564,1272.0250075559336,14.026224209461782,13.17294881138371,13.035868647282864,0.8532753980780718,0.1370801641008459,0.7832753980780718,12.95594881138371,0.18608016410084588
123.08952778020858,-49.23776884551206,152.99927769745267,1273.7941586515824,15.566111224134067,14.139099544827616,14.170245015494586,1.4270116793064511,-0.0311454706669707,1.357011679306451,13.922099544827615,0.01785452933302929
122.26491967902948,-49.49926706931352,1059.7708036759204,1281.2321219918265,14.364110708555062,13.474514621418852,13.233954129654853,0.8895960871362103,0.2405604917639987,0.8195960871362102,13.257514621418851,0.2895604917639987
122.7554985224169,-49.346947020406745,522.8947472210865,1279.8513755018582,15.369131292711671,14.09091196964984,13.79219469557478,1.2782193230618315,0.2987172740750594,1.2082193230618314,13.87391196964984,0.34771727407505937
122.84694860285214,-49.31884505720886,422.8652543115803,1280.4489135877702,18.137737348049388,15.412742240026883,15.126683784703763,2.724995108022505,0.2860584553231202,2.654995108022505,15.195742240026883,0.3350584553231202
122.28009010992255,-49.49386869386952,1042.7429213405237,1280.1823703367452,14.410428917436477,13.569409243354489,13.274882211003863,0.8410196740819877,0.2945270323506257,0.7710196740819877,13.352409243354488,0.3435270323506257
122.8558232030042,-49.31562431385721,412.83154144223886,1279.8387202363108,16.427328923723422,15.047438714470315,14.929507510287449,1.379890209253107,0.1179312041828666,1.3098902092531068,14.830438714470315,0.16693120418286658
123.21955582718329,-49.20308137036856,14.01346254255121,1282.6306097299318,16.94077868701302,13.816768920236017,13.647385050914217,3.124009766777002,0.1693838693218001,3.054009766777002,13.599768920236016,0.2183838693218001
122.58272846348603,-49.40158321848986,712.7621206767207,1281.2302253461958,14.539843315666264,13.418385204176175,13.13731985806898,1.1214581114900888,0.2810653461071961,1.0514581114900887,13.201385204176175,0.33006534610719607
122.6111891935854,-49.39506780807348,683.1174457817766,1284.3748890850568,11.28416020067018,10.734109106759403,10.840640319310978,0.5500510939107777,-0.1065312125515749,0.48005109391077766,10.517109106759403,-0.05753121255157491
122.88097788567372,-49.31317433311237,388.7782014824788,1287.258622764078,19.186745072162363,14.28203679958419,13.813616854341532,4.904708272578173,0.4684199452426583,4.8347082725781725,14.06503679958419,0.5174199452426582
122.7572839245846,-49.350972195005205,523.9383047756321,1286.1269566517208,15.71900862863538,14.232893478578578,14.107493094969634,1.4861151500568024,0.1254003836089445,1.4161151500568023,14.015893478578578,0.1744003836089445
122.59290504355825,-49.402703139641645,704.411906830152,1287.0835636246395,14.36980247342066,13.240798247295205,13.095677459260337,1.1290042261254565,0.1451207880348679,1.0590042261254564,13.023798247295204,0.19412078803486787
122.32902557831709,-49.48299968581805,992.0417962205512,1285.8140397473906,14.900939626682517,13.947601777083005,13.743639941693887,0.953337849599512,0.2039618353891175,0.8833378495995119,13.730601777083004,0.2529618353891175
123.06924679484632,-49.2540777777078,181.87163308003744,1287.33961217269,14.950710888111535,13.77737531186184,13.463519229472734,1.1733355762496949,0.3138560823891065,1.1033355762496948,13.56037531186184,0.3628560823891065
122.3771650743546,-49.469167318820666,940.1248659840682,1287.0782585986474,13.88783478286298,12.750021273446425,12.500296176657796,1.137813509416555,0.2497250967886284,1.0678135094165548,12.533021273446424,0.29872509678862835
122.99083859522626,-49.281194868919115,269.7167727656905,1290.6584155696476,17.769740142815312,15.35155431495423,17.712737340736563,2.418185827861082,-2.361183025782333,2.3481858278610823,15.13455431495423,-2.3121830257823333
123.0612002787426,-49.25971903458991,192.7764077786684,1291.582946560605,15.098368371162094,14.068448320225766,13.791079038586762,1.0299200509363278,0.2773692816390039,0.9599200509363277,13.851448320225765,0.32636928163900386
122.32729177838765,-49.48772185389841,996.6458089430688,1291.571464346331,15.558145842194468,14.605190904349543,14.21685271109704,0.9529549378449254,0.3883381932525029,0.8829549378449253,14.388190904349543,0.4373381932525029
122.52193668590893,-49.42757985134201,783.9382042915056,1291.128031901453,14.339521148334615,13.54426451468096,13.231532574118344,0.795256633653656,0.3127319405626156,0.7252566336536559,13.327264514680959,0.3617319405626156
122.34691947166948,-49.48212471430481,975.508479507792,1292.1395558390386,15.048753633086111,14.144183760239663,14.089892394340795,0.904569872846448,0.0542913658988677,0.8345698728464479,13.927183760239663,0.10329136589886768
123.19842271247128,-49.21774112643812,42.587936348247474,1293.4988628199958,14.931854510723376,14.480619745800563,13.830981309927264,0.4512347649228125,0.6496384358732996,0.3812347649228125,14.263619745800563,0.6986384358732995
123.17315048695046,-49.22460154411605,69.67862489505546,1291.9325133549548,15.617780681982932,14.369783871031553,13.960852400284043,1.2479968109513797,0.4089314707475093,1.1779968109513796,14.152783871031552,0.4579314707475093
122.98618529727388,-49.283668841898645,275.49878322747423,1292.041458730076,16.80131915644382,14.99876746843036,15.160562779298605,1.8025516880134609,-0.1617953108682446,1.7325516880134608,14.78176746843036,-0.11279531086824462
122.57010264149766,-49.4143403260638,732.3426006641712,1293.371254891111,17.533787852609496,14.650161275244503,14.194010965580713,2.8836265773649927,0.4561503096637906,2.813626577364993,14.433161275244503,0.5051503096637906
123.08841095379532,-49.25250701604002,163.73737544780573,1293.4573892582507,14.832408553287078,14.004333698232214,13.71725563008222,0.8280748550548633,0.2870780681499933,0.7580748550548633,13.787333698232214,0.3360780681499933
122.78241664283196,-49.34953626220862,500.5751157003041,1294.887584387158,15.377450923393898,14.05539709424459,13.69309602601468,1.3220538291493078,0.3623010682299092,1.2520538291493077,13.83839709424459,0.4113010682299092
122.67079670947304,-49.386049436564086,624.0480289105302,1297.3442253891662,14.221575040319118,13.323621776021133,12.930459921256418,0.8979532642979855,0.3931618547647151,0.8279532642979854,13.106621776021132,0.4421618547647151
122.29135199822244,-49.50383170963838,1039.1358286275058,1298.6007395859594,16.10350537965038,15.093017357248264,14.415894613601226,1.0104880224021144,0.677122743647038,0.9404880224021144,14.876017357248264,0.7261227436470379
123.08694916485388,-49.25623834418627,167.50759917647167,1297.927098316017,14.90987986136888,14.049056270731972,13.658698108158868,0.8608235906369082,0.3903581625731043,0.7908235906369081,13.832056270731972,0.4393581625731043
122.96690823276629,-49.29631796699264,301.02998307669986,1301.05926777473,13.317467036098682,12.29174827810862,11.969174744999902,1.0257187579900613,0.3225735331087183,0.9557187579900612,12.07474827810862,0.37157353310871827
122.84579454761204,-49.33346111283198,433.49231654030376,1299.9647772080586,15.865325047811115,14.964395209452514,14.812493077328403,0.9009298383586016,0.1519021321241105,0.8309298383586017,14.747395209452513,0.20090213212411048
123.1861175665292,-49.22688835520882,59.62717437759333,1300.6670891241793,13.263776960465734,12.10893936437864,11.514113139005094,1.1548375960870931,0.5948262253735468,1.084837596087093,11.89193936437864,0.6438262253735467
122.45144894298048,-49.45576724379357,865.1523347535804,1300.0090728634373,16.49771255894447,14.816128425105743,16.506485659370536,1.6815841338387276,-1.690357234264793,1.6115841338387276,14.599128425105743,-1.641357234264793
122.41965005831474,-49.4663989701662,900.4236239078989,1301.1844584386622,16.65160363312584,15.020118750860837,14.734604909433829,1.6314848822650043,0.285513841427008,1.5614848822650043,14.803118750860836,0.33451384142700796
122.80776270363172,-49.347871089125654,476.8736552103345,1303.4334149205836,14.806763864122166,14.315361293001244,13.65861499877045,0.491402571120922,0.6567462942307944,0.421402571120922,14.098361293001243,0.7057462942307944
122.79060652306146,-49.352302969651056,495.08314389618687,1302.173979004504,14.50177268814332,13.595178439493298,13.26477946446325,0.9065942486500234,0.3303989750300466,0.8365942486500233,13.378178439493297,0.3793989750300466
122.80124335585026,-49.351218523162,484.88424276730046,1305.232063844911,14.485106564288213,13.900468956613189,13.32498544829307,0.5846376076750239,0.5754835083201186,0.5146376076750239,13.683468956613188,0.6244835083201186
123.11962063160972,-49.25252227274997,135.90954135328272,1306.947398030799,13.984687987168492,13.132267505673846,13.002609104337823,0.8524204814946454,0.1296584013360231,0.7824204814946454,12.915267505673846,0.1786584013360231
122.78268782591267,-49.35764263373011,505.64693670607153,1306.105793288165,15.527202908257877,14.119802324283365,13.982337296699711,1.4074005839745125,0.1374650275836533,1.3374005839745124,13.902802324283364,0.1864650275836533
122.67221667037931,-49.392695919490464,627.1249384721426,1307.0577459341025,14.010643472889177,12.95972727890283,12.573796762351272,1.050916193986346,0.3859305165515589,0.980916193986346,12.74272727890283,0.4349305165515589
122.43560454340796,-49.46509060946279,885.3416672238675,1306.118806185047,16.57018480589753,15.218800503877125,14.88852428687184,1.3513843020204046,0.3302762170052844,1.2813843020204045,15.001800503877124,0.3792762170052844
122.57081130398608,-49.42478530399523,738.5174221818387,1307.9967460852345,16.17658998038291,14.65168239745184,14.4934305767267,1.5249075829310712,0.1582518207251393,1.4549075829310711,14.434682397451839,0.20725182072513929
122.53616417589402,-49.435472919634805,776.3839257928502,1307.9789874759726,14.875358453951376,13.786603745647986,13.422832013115064,1.0887547083033908,0.3637717325329213,1.0187547083033908,13.569603745647985,0.41277173253292126
123.10096870471428,-49.25963385821845,157.24791293921265,1308.6162700747743,14.99208945239478,14.134604067131487,13.656032119983372,0.857485385263292,0.4785719471481151,0.7874853852632919,13.917604067131487,0.5275719471481151
123.18946687236922,-49.23537384332066,62.263888512298294,1313.70753026503,12.84977338070053,11.755039766574084,11.184986082984812,1.0947336141264454,0.570053683589272,1.0247336141264454,11.538039766574084,0.6190536835892719
122.88417552023242,-49.33067339527803,397.42786265864953,1312.579466889858,15.976577395170818,14.849815897996494,14.487251850283016,1.1267614971743232,0.3625640477134784,1.056761497174323,14.632815897996494,0.4115640477134784
123.1776737735444,-49.23993435684478,75.80278793858645,1314.8353344483687,12.927307418709931,11.885174766396409,11.242144062758817,1.0421326523135228,0.6430307036375922,0.9721326523135227,11.668174766396408,0.6920307036375921
123.13244215903036,-49.25375877746477,125.29312203788122,1314.1737208880822,13.98424750249475,13.033021323663911,12.796112887220122,0.9512261788308384,0.2369084364437892,0.8812261788308384,12.816021323663911,0.28590843644378916
122.94711201414928,-49.312613177821504,329.41839793802995,1314.8511988625903,15.012576946371242,14.0863408034775,14.085998741283603,0.9262361428937425,0.000342062193896,0.8562361428937424,13.869340803477499,0.04934206219389599
122.92807396484972,-49.32206064555434,352.6149918892879,1319.6087878209569,12.8948850415244,12.161906837194914,11.994528338536847,0.7329782043294859,0.1673784986580671,0.6629782043294858,11.944906837194914,0.21637849865806708
122.59498380525916,-49.42284334435413,715.6913950944925,1315.5831489679024,17.070005535141757,18.76207038808435,14.73084710631369,-1.6920648529425932,4.031223281770661,-1.7620648529425933,18.54507038808435,4.080223281770661
123.23937265139892,-49.22394345338221,10.180184682768113,1319.708304165457,13.069683228723216,12.072725088644386,11.853793742799006,0.9969581400788295,0.2189313458453803,0.9269581400788296,11.855725088644386,0.26793134584538025
122.86917209110946,-49.339229412477785,416.4309267902312,1317.866045133555,15.17124560235607,14.258617141134216,13.586320386877404,0.9126284612218534,0.6722967542568128,0.8426284612218533,14.041617141134216,0.7212967542568127
122.83726042176175,-49.35120909990164,452.7563037068418,1320.612691162827,14.069554385913346,13.013249805943316,12.884403016023988,1.05630457997003,0.1288467899193275,0.9863045799700298,12.796249805943315,0.17784678991932748
122.70056689507273,-49.39379648241274,602.559810651143,1320.628613341559,13.743830032455003,13.02527352333957,12.925362926006478,0.7185565091154338,0.0999105973330909,0.6485565091154337,12.808273523339569,0.1489105973330909
122.53466053583703,-49.446840614202934,785.1262548085326,1322.9366299428768,14.70808982490039,13.994538657783082,13.468901234013993,0.7135511671173091,0.5256374237690888,0.6435511671173091,13.777538657783081,0.5746374237690888
122.42068333462528,-49.4786919648827,907.4802385025494,1318.496273171151,16.740469942396885,15.547496534558018,14.1127886986978,1.192973407838867,1.434707835860218,1.122973407838867,15.330496534558018,1.483707835860218
122.46268591011916,-49.4682985792709,863.2705439849286,1321.9527486286454,16.12799845103865,13.802339735123102,13.333049449366843,2.325658715915548,0.4692902857562586,2.255658715915548,13.585339735123101,0.5182902857562586
123.14884650685472,-49.25432877665299,111.04227244118198,1322.0389488952,14.759934148390569,13.798153572868191,13.271747724122957,0.9617805755223774,0.5264058487452346,0.8917805755223773,13.58115357286819,0.5754058487452345
122.55756742298102,-49.44019072315875,760.3673881638707,1323.5141378134729,14.966596168014696,14.652474509847142,14.52914170177412,0.3141216581675543,0.1233328080730213,0.24412165816755427,14.435474509847142,0.1723328080730213
122.32379198750192,-49.511984298686784,1015.4733076357868,1323.4286827719125,14.9704720756258,14.44746612809899,13.979734913359309,0.5230059475268103,0.4677312147396808,0.4530059475268103,14.230466128098989,0.5167312147396808
122.67657489791144,-49.40411984050298,630.7043687172542,1324.5684532353291,14.913074503625676,13.772619826485927,13.330143221109529,1.1404546771397488,0.4424766053763989,1.0704546771397487,13.555619826485927,0.49147660537639887
123.0294283842556,-49.29472285246256,244.2223206855764,1325.758942129663,16.257942302463753,14.900081114531812,14.508385589844275,1.3578611879319418,0.3916955246875364,1.2878611879319417,14.683081114531811,0.44069552468753637
122.84587109144036,-49.35266172553537,446.0318681987327,1326.28377356132,14.172657164293554,12.977835233190335,12.866014285391127,1.1948219311032189,0.1118209477992078,1.1248219311032188,12.760835233190335,0.1608209477992078
123.12511140035632,-49.266200659570615,140.06271286981675,1328.0103973730534,14.223449935354552,13.455131202734576,12.848948159703722,0.7683187326199761,0.6061830430308532,0.698318732619976,13.238131202734575,0.6551830430308532
122.98572806575244,-49.30981058634086,293.13776078082384,1327.6012191892326,15.1842294969453,14.214621045767544,13.53025783633094,0.9696084511777556,0.6843632094366043,0.8996084511777556,13.997621045767543,0.7333632094366043
122.51240513439896,-49.45832221183075,812.4455649120713,1329.2725478843502,15.509685954045208,14.49697680015564,13.904689058296174,1.0127091538895687,0.5922877418594652,0.9427091538895687,14.279976800155639,0.6412877418594651
122.99727851057614,-49.307465664471685,281.29338870976096,1329.3579983206469,14.869588612784847,13.692089187564656,13.227117912513428,1.177499425220191,0.4649712750512282,1.1074994252201908,13.475089187564656,0.5139712750512282
123.0475070569654,-49.29407011770592,227.67265657005933,1332.6482144747276,15.750735687701974,14.881137041379558,15.171432962028344,0.8695986463224159,-0.290295920648786,0.7995986463224158,14.664137041379558,-0.24129592064878602
122.66960413123886,-49.411905855474565,642.0085845353913,1332.2757761464131,15.169057341303382,13.697754072507518,13.227796684571718,1.4713032687958645,0.4699573879357999,1.4013032687958644,13.480754072507517,0.5189573879357998
122.90763863314967,-49.33870451596541,381.7865980297266,1333.6230641013187,14.570223173076313,13.734372386526394,13.558699035893175,0.8358507865499192,0.1756733506332182,0.7658507865499191,13.517372386526393,0.2246733506332182
122.75294010114904,-49.38717618053638,551.5265614734776,1333.867961762737,15.763078126791989,14.642073939739694,14.343384975158315,1.1210041870522949,0.2986889645813786,1.0510041870522948,14.425073939739693,0.3476889645813786
123.1451474914114,-49.26720268633193,122.86314879838156,1338.031325435205,14.274070481749886,13.21664669989688,12.757415503558024,1.0574237818530057,0.4592311963388571,0.9874237818530056,12.99964669989688,0.508231196338857
122.98653871829954,-49.3160091755582,296.5008349987382,1336.4278792381972,14.477122782587347,13.8043924690834,13.314406817593898,0.6727303135039477,0.4899856514895013,0.6027303135039477,13.5873924690834,0.5389856514895013
122.8288059968018,-49.36520581237797,469.482217904206,1336.1620595370223,15.18951359795853,14.06954899706713,13.537174220329389,1.1199646008914002,0.5323747767377416,1.0499646008914,13.85254899706713,0.5813747767377415
123.01559098551104,-49.309979128262675,266.6251118924399,1340.6687133078956,14.661404846001616,13.388155687236187,13.245550375499104,1.273249158765429,0.1426053117370838,1.203249158765429,13.171155687236187,0.19160531173708378
122.92619727318623,-49.337163603566445,364.22746768641616,1339.469541875315,13.894953609217238,13.070158687556068,12.882006300493622,0.8247949216611694,0.1881523870624466,0.7547949216611693,12.853158687556068,0.2371523870624466
122.8009507678329,-49.374518013784225,500.42582913522233,1337.014162825352,13.80571456571795,12.5984341130176,12.405367295233392,1.207280452700351,0.1930668177842083,1.1372804527003508,12.3814341130176,0.2420668177842083
122.84198420172842,-49.36308634149598,456.3422358451685,1338.893497358094,14.084917921955071,12.944847398621592,12.748706815118808,1.1400705233334794,0.1961405835027836,1.0700705233334793,12.727847398621591,0.2451405835027836
122.81232948854732,-49.37255284108596,488.9924390028417,1339.1823936792089,14.987072920788128,13.889100485061856,13.491418331366674,1.0979724357262717,0.3976821536951824,1.0279724357262716,13.672100485061856,0.4466821536951824
122.67115847733204,-49.41805386208245,644.6405039187689,1341.362990614064,16.08422673470721,14.22522460326906,13.463093626033256,1.8590021314381513,0.7621309772358043,1.7890021314381512,14.00822460326906,0.8111309772358042
122.60359594768482,-49.43931019749446,718.7520811358175,1341.8157701995135,14.9571316600595,14.3358127408673,13.944110419682795,0.6213189191922002,0.3917023211845052,0.5513189191922001,14.1188127408673,0.4407023211845052
122.8041508059733,-49.37745790985612,499.5011822819784,1342.40648484301,13.064978921218476,11.955504976134732,11.577328051454987,1.109473945083744,0.3781769246797442,1.039473945083744,11.738504976134731,0.42717692467974416
123.1445996660571,-49.271751236161414,126.36262454263276,1344.0097508775546,12.585542320474858,11.67953374231085,11.531548550999782,0.9060085781640072,0.1479851913110685,0.8360085781640072,11.46253374231085,0.19698519131106848
122.51171203323597,-49.46961797545536,820.4133087793757,1344.4773636935954,14.817664224348803,14.023052872624422,13.76802934923622,0.7946113517243809,0.2550235233882016,0.7246113517243808,13.806052872624422,0.3040235233882016
123.09252197807992,-49.29052978158852,185.20534125075065,1347.201926852981,13.85895289830284,12.992161347153372,12.748297532563107,0.8667915511494684,0.2438638145902647,0.7967915511494683,12.775161347153372,0.29286381459026467
122.91615743245572,-49.34437991101598,377.9256731849704,1345.0403241041347,14.30798786693899,13.493943710992804,13.23213943523093,0.8140441559461866,0.2618042757618735,0.7440441559461866,13.276943710992803,0.31080427576187347
123.03020541911634,-49.31162155960741,254.68169326618167,1349.2005436363163,14.44107391675592,13.579362470891631,13.421346587477531,0.8617114458642892,0.1580158834140999,0.7917114458642891,13.36236247089163,0.20701588341409988
122.73298990421964,-49.40241483211929,579.2906295488729,1346.2428792157066,15.429723196320415,13.866783935847504,13.590996477839594,1.5629392604729109,0.27578745800791,1.4929392604729108,13.649783935847504,0.32478745800791
123.13053402379867,-49.28114603581685,145.1179912543359,1350.7743858440613,11.898050023059849,11.140721246340382,11.04256361517004,0.7573287767194667,0.0981576311703413,0.6873287767194667,10.923721246340381,0.1471576311703413
122.70485669403722,-49.41167525159121,610.4291464094157,1346.9537682050695,15.667149744971614,15.5557289154123,14.98934535239605,0.1114208295593126,0.5663835630162506,0.04142082955931259,15.3387289154123,0.6153835630162505
122.974777658125,-49.32930358794927,315.7466754350669,1349.5608723232867,15.186125002532975,13.98689397293596,13.597679043112574,1.1992310295970157,0.3892149298233853,1.1292310295970156,13.769893972935959,0.4382149298233853
122.75030370136956,-49.39994451284056,562.2395700596134,1350.2352621330583,14.244305815662951,13.25956795076185,13.076438949360792,0.9847378649011008,0.183129001401058,0.9147378649011009,13.04256795076185,0.232129001401058
122.7678596203231,-49.39596013751034,543.9808309099993,1352.261259001826,14.315795943396504,13.595013227421136,13.566476212308112,0.7207827159753677,0.0285370151130237,0.6507827159753676,13.378013227421135,0.07753701511302369
122.39886813320663,-49.508906430711626,946.5364898174328,1350.7854550116876,16.207767523348394,17.43886499887749,17.444472782166454,-1.231097475529097,-0.005607783288962,-1.3010974755290972,17.221864998877493,0.04339221671103799
123.07466450783264,-49.29981458378568,207.25832843822585,1352.1977455493834,12.12865939241214,11.543940187576682,11.631750094359646,0.5847192048354586,-0.0878099067829634,0.5147192048354585,11.326940187576682,-0.03880990678296341
122.81007736292148,-49.38318663729926,497.97605410722866,1352.7819357513397,12.966469061074946,11.88975444344059,11.517693209840427,1.0767146176343552,0.3720612336001636,1.006714617634355,11.67275444344059,0.42106123360016356
122.80172170354706,-49.38766252181658,508.3594112311732,1355.3438344752171,12.942647086186724,11.86329306115624,11.502533893401823,1.0793540250304847,0.3607591677544164,1.0093540250304847,11.64629306115624,0.4097591677544164
122.34145228531229,-49.52834637112046,1010.3200930139188,1353.32589458399,15.29400968464731,14.296387907689716,13.751066622302064,0.997621776957594,0.5453212853876526,0.9276217769575941,14.079387907689716,0.5943212853876525
122.83064592865992,-49.37793643326879,476.1978921431297,1354.3788595858305,16.185940330853345,15.623189433263615,14.05729535985494,0.56275089758973,1.5658940734086748,0.49275089758972995,15.406189433263615,1.6148940734086747
122.99750402369789,-49.328116795350184,294.7088577392276,1357.6992265319575,13.63463028256674,12.976877093796594,12.805799053909189,0.6577531887701458,0.171078039887405,0.5877531887701457,12.759877093796593,0.22007803988740499
122.59943329133635,-49.45082982433299,729.9767208695915,1355.8464983002102,14.765581348444854,13.941320737221725,13.546331730213238,0.8242606112231297,0.3949890070084869,0.7542606112231296,13.724320737221724,0.44398900700848687
123.10231238254848,-49.29803630282809,181.44259152142163,1361.6827199654836,13.845080236768284,12.955316022808312,12.73507275402561,0.8897642139599728,0.2202432687827009,0.8197642139599728,12.738316022808311,0.2692432687827009
122.59631597169046,-49.45396634291834,734.8009137851359,1358.825894885798,14.950661850146483,14.174515368559518,13.911274069199006,0.7761464815869648,0.2632412993605122,0.7061464815869647,13.957515368559518,0.3122412993605122
122.57203450386427,-49.4634488913025,762.6249346440087,1361.5413448386869,14.057751576459117,13.516372837161692,13.476525071670787,0.541378739297425,0.0398477654909044,0.47137873929742496,13.299372837161691,0.0888477654909044
123.01361960784048,-49.32594200303913,278.91241942104244,1361.6509240193327,13.85814603373412,13.010801514452517,12.875685952474408,0.8473445192816023,0.1351155619781092,0.7773445192816022,12.793801514452516,0.1841155619781092
122.76691599322514,-49.402370899368144,549.0224836707922,1360.6399926113463,14.19679536038476,13.40419557593496,13.509924389668448,0.7925997844498003,-0.1057288137334886,0.7225997844498002,13.18719557593496,-0.056728813733488606
122.45929667689948,-49.49745781242923,885.2385748023678,1360.5422328600882,14.853713701068312,15.190187692666711,14.313473921482458,-0.3364739915983996,0.876713771184253,-0.4064739915983996,14.973187692666711,0.9257137711842529
122.58696877943088,-49.45880180254344,746.2851133875412,1361.4951538298913,13.9938673179068,13.211074566403726,13.198629936105077,0.7827927515030737,0.0124446302986491,0.7127927515030736,12.994074566403725,0.06144463029864909
122.5281621460037,-49.47657177312992,810.2752326338212,1360.9735729041631,16.007206606731405,14.976550337340353,15.308468042584051,1.030656269391052,-0.3319177052436988,0.9606562693910519,14.759550337340352,-0.2829177052436988
123.1319756131942,-49.290523955677465,150.03915928828678,1364.2114836071612,11.898545550465323,11.177439296002865,11.073899852351586,0.7211062544624589,0.1035394436512788,0.6511062544624588,10.960439296002864,0.1525394436512788
123.16000542847588,-49.28232266956335,119.63208647461953,1365.107580450718,17.252813524482093,14.322509309643548,14.497232537884592,2.9303042148385448,-0.174723228241044,2.860304214838545,14.105509309643548,-0.125723228241044
123.2212832992447,-49.263071836965096,52.267688988662,1365.3078590233683,13.81088980765962,12.759814744331504,12.47978255280503,1.051075063328117,0.2800321915264732,0.9810750633281169,12.542814744331503,0.3290321915264732
123.0738485128082,-49.31178071468999,215.8920133920836,1368.2040362508335,11.976094223120398,11.40284690008347,11.44556529379953,0.573247323036929,-0.0427183937160613,0.503247323036929,11.185846900083469,0.006281606283938687
122.71540189158176,-49.42135790191008,607.3646782654355,1364.7089698806024,16.235722398714806,15.153838922202866,14.858385984615422,1.0818834765119405,0.2954529375874433,1.0118834765119404,14.936838922202865,0.3444529375874433
123.06038209628484,-49.31451047549969,229.69507966879965,1366.137094892884,11.967563195730529,11.383350790775598,11.431908433372383,0.5842124049549309,-0.0485576425967853,0.5142124049549308,11.166350790775597,0.0004423574032146882
122.92375479054934,-49.35981597028422,381.311122435787,1369.4186084129342,13.255216669280774,12.241776184157706,11.930471935662949,1.013440485123068,0.311304248494757,0.943440485123068,12.024776184157705,0.360304248494757
123.23786314194764,-49.261312134254275,36.326470947301395,1370.0828723839345,13.441047376974348,12.485257780999904,12.202526687596707,0.9557895959744442,0.2827310934031963,0.8857895959744442,12.268257780999903,0.3317310934031963
122.80981178293504,-49.39618527109313,506.7399356025164,1370.468366359196,12.885498513811775,11.900697201107402,11.535848804936894,0.9848013127043737,0.3648483961705082,0.9148013127043737,11.683697201107401,0.41384839617050817
122.29539469569048,-49.55452596482516,1068.3172852516952,1369.9493503183471,14.05528803815892,13.467471744658932,13.215465948991955,0.5878162934999889,0.2520057956669763,0.5178162934999888,13.250471744658931,0.3010057956669763
122.74164198863149,-49.4184726851225,582.0925450070056,1371.9273812474153,13.842453319152815,13.135252690719554,13.078530049742566,0.7072006284332613,0.0567226409769876,0.6372006284332612,12.918252690719553,0.10572264097698758
123.26573661932596,-49.25503122431546,7.321119765228651,1373.582520259433,14.427933740918244,14.176445216365716,13.7197941241572,0.2514885245525278,0.4566510922085154,0.18148852455252779,13.959445216365715,0.5056510922085153
123.18255977210198,-49.28466369603148,101.08671941903792,1378.0509722489185,11.344149924981677,10.184639146631794,9.8129326593587,1.1595107783498833,0.3717064872730944,1.0895107783498832,9.967639146631793,0.4207064872730944
122.33627012438927,-49.545497992322154,1026.0459492059642,1374.707149436683,14.963599095290489,14.064328140854466,14.109450278913457,0.8992709544360231,-0.045122138058991,0.8292709544360231,13.847328140854465,0.0038778619410089893
122.93590069736682,-49.36107274627582,371.3158399554345,1376.3439358145888,13.322666612567186,12.338685757657164,11.970168161797243,0.9839808549100226,0.3685175958599203,0.9139808549100226,12.121685757657163,0.41751759585992027
122.29335944297075,-49.56117425936649,1074.4310785623254,1378.2300550568166,14.25688699191265,13.858777139651387,13.545996416454184,0.3981098522612623,0.3127807231972035,0.32810985226126227,13.641777139651387,0.3617807231972035
122.3343762288814,-49.55060351850309,1031.0395636380129,1380.9245323065677,15.058019744380356,14.106045619346652,13.975442805221416,0.9519741250337042,0.1306028141252362,0.8819741250337041,13.889045619346652,0.17960281412523618
122.81420220268431,-49.40195859177138,506.61552341079306,1380.2482592790593,14.16762959590254,13.468014343939725,13.139984428876142,0.6996152519628147,0.328029915063583,0.6296152519628146,13.251014343939724,0.37702991506358297
122.82286957470794,-49.401723215815046,498.7389706719261,1383.6264147032628,14.635750975564196,13.896065713415616,13.39196634848552,0.7396852621485799,0.5040993649300969,0.6696852621485798,13.679065713415616,0.5530993649300968
123.14651901982606,-49.29982477487705,143.23738778247073,1383.19736665885,14.798434572304435,14.058669389504114,14.396304525804144,0.7397651828003209,-0.3376351363000296,0.6697651828003208,13.841669389504114,-0.2886351363000296
122.82974697508185,-49.3989185961588,490.7710558912193,1382.7232279235602,15.1324040191109,14.326424645837868,13.68270432100509,0.8059793732730327,0.6437203248327776,0.7359793732730326,14.109424645837867,0.6927203248327776
122.427241596179,-49.52536700418316,931.930334744738,1385.335908104762,15.30527527804582,14.533425921950816,14.900479665699187,0.7718493560950037,-0.3670537437483716,0.7018493560950037,14.316425921950815,-0.3180537437483716
123.18196644348342,-49.29480360406897,108.33478282548108,1391.6461783060242,11.319188055707974,10.159889182464706,9.780923182789763,1.1592988732432676,0.3789659996749428,1.0892988732432676,9.942889182464706,0.4279659996749428
123.2452255432829,-49.27222977011247,37.013715896099846,1388.1793463065226,13.831618698023984,13.0335913451828,12.88003866102478,0.798027352841185,0.1535526841580186,0.7280273528411849,12.816591345182799,0.20255268415801858
122.72269015725506,-49.43590388356701,610.3892047043524,1387.7410272811385,16.88117847956506,16.828256482465783,17.935833094071704,0.0529219970992791,-1.1075766116059214,-0.01707800290072091,16.611256482465784,-1.0585766116059214
122.69360471728112,-49.44569442401011,642.7058279526877,1388.7861858761771,15.3956862226269,14.024827264051948,14.005534421134785,1.370858958574951,0.0192928429171637,1.300858958574951,13.807827264051948,0.06829284291716368
123.12956135792528,-49.31531749589612,168.597294143791,1397.0504356629951,10.87703597996066,10.386910333958728,10.480514067170311,0.4901256460019318,-0.0936037332115837,0.4201256460019318,10.169910333958727,-0.044603733211583715
122.55531473489954,-49.49070920259272,795.2863805597312,1391.8525698642334,13.42436762806866,12.45753933527263,11.879816163399928,0.9668282927960306,0.5777231718727016,0.8968282927960305,12.24053933527263,0.6267231718727015
122.80890049983482,-49.41238089972379,518.1762086372717,1392.2572303546722,15.568203245198138,14.7737917342822,14.455592950962728,0.7944115109159373,0.3181987833194721,0.7244115109159373,14.5567917342822,0.3671987833194721
123.27728825905156,-49.26553081972015,4.004981166275293,1392.9241485099624,15.343849586419845,14.77721147433826,14.014897668898342,0.5666381120815842,0.7623138054399181,0.4966381120815842,14.56021147433826,0.811313805439918
123.14410633439266,-49.311410677669535,153.05661594891234,1397.9868345826162,10.903908958509804,10.391848551685417,10.489363604898005,0.5120604068243875,-0.0975150532125876,0.44206040682438746,10.174848551685416,-0.04851505321258762
122.91332706410924,-49.382501564597106,405.52742246639355,1395.9945900808973,14.881789422164395,15.101770392696418,14.017296606632064,-0.2199809705320223,1.084473786064354,-0.2899809705320223,14.884770392696417,1.133473786064354
122.55137865198924,-49.497660439823505,803.3209465295353,1399.7220971373813,13.492109333656842,12.481351237952524,11.895817992573562,1.0107580957043183,0.5855332453789615,0.9407580957043182,12.264351237952523,0.6345332453789614
122.56535061980262,-49.49313867346871,787.9290602882327,1399.4315609500054,13.343399247207506,12.397463111315911,11.829351612128225,0.9459361358915944,0.5681114991876868,0.8759361358915945,12.18046311131591,0.6171114991876867
122.99777923659067,-49.35964251764023,315.25084871548273,1400.9349270786329,14.020473040691966,12.829465104995606,12.700027885110876,1.1910079356963603,0.1294372198847302,1.1210079356963603,12.612465104995605,0.17843721988473019
122.7924476824974,-49.423734537984785,540.2778826014824,1400.7868636243095,18.916175089162177,15.03500719420222,15.192627720654082,3.881167894959957,-0.1576205264518613,3.811167894959957,14.81800719420222,-0.10862052645186132
122.67856585656338,-49.461166124566,666.2176038902513,1403.5989438922318,13.242759529687271,12.206630081680638,11.852838775035108,1.0361294480066334,0.3537913066455296,0.9661294480066334,11.989630081680637,0.4027913066455296
122.41198757475394,-49.54452933008479,957.9566802964372,1405.218678317809,15.721877711001625,14.131896457206963,13.623872061796526,1.5899812537946616,0.5080243954104375,1.5199812537946615,13.914896457206963,0.5570243954104375
123.1123115882353,-49.32635715194735,191.26421656620724,1404.699750721228,13.300184403099228,12.744488761519923,12.697732075195104,0.5556956415793053,0.0467566863248194,0.4856956415793053,12.527488761519923,0.09575668632481939
123.16189524145464,-49.31136315644919,137.18201954058873,1405.5999207594991,15.335920036017376,14.020839419027736,13.745607207782182,1.31508061698964,0.2752322112455534,1.24508061698964,13.803839419027735,0.3242322112455534
122.92908391575271,-49.38369619770501,392.27922377882726,1404.3778964928274,15.029641954074997,14.559011502522582,13.949857601542185,0.4706304515524149,0.609153900980397,0.4006304515524149,14.342011502522581,0.6581539009803969
122.5686779974775,-49.49917526726013,788.8991962879846,1409.1191025861374,13.35109059510238,12.455919491816092,11.891876533003918,0.8951711032862892,0.5640429588121734,0.8251711032862892,12.238919491816091,0.6130429588121733
122.75142834042796,-49.44287422433408,589.3545442103064,1409.5233739957284,14.45297251083557,13.170131957514828,12.670320190102522,1.2828405533207423,0.4998117674123055,1.2128405533207423,12.953131957514827,0.5488117674123054
122.70873802101208,-49.45442219762509,634.9343077103094,1407.1801984603885,15.344129499235049,14.345026667123484,14.286282787808382,0.9991028321115644,0.0587438793151022,0.9291028321115644,14.128026667123484,0.10774387931510218
122.50462490507232,-49.51835848945873,858.4395945128986,1408.357426279452,17.14939939173669,14.817389217344404,14.804848027793634,2.332010174392286,0.0125411895507703,2.262010174392286,14.600389217344404,0.06154118955077029
123.00049464185996,-49.36796858168313,318.3228507719633,1413.4882665340615,13.841755250320972,12.733484173064175,12.4816675943415,1.1082710772567967,0.2518165787226749,1.0382710772567967,12.516484173064175,0.30081657872267487
122.49822471081366,-49.52125981709006,866.027359083585,1409.6360601053364,15.664912138070896,15.30097195007716,15.739747756320472,0.3639401879937356,-0.4387758062433118,0.2939401879937356,15.08397195007716,-0.3897758062433118
123.01213301044932,-49.363761859126946,305.18449051597,1412.732986981023,13.878554441998194,12.774337970634788,12.529309406357076,1.1042164713634062,0.2450285642777121,1.034216471363406,12.557337970634787,0.29402856427771207
122.71497200207688,-49.45696098540652,631.0434084816789,1413.3098366378335,16.252323367311824,14.937493730319746,14.766618743754895,1.3148296369920782,0.1708749865648506,1.2448296369920782,14.720493730319745,0.21987498656485058
123.04741835815597,-49.35890387329908,270.5590575327516,1421.2538946811208,11.1760391361921,10.08980495245842,9.798040624541006,1.08623418373368,0.2917643279174147,1.01623418373368,9.87280495245842,0.3407643279174147
122.831800663072,-49.42144596030539,503.7285462556796,1414.444255930977,14.975408325210935,14.298164442199402,14.238690144888304,0.677243883011533,0.0594742973110982,0.607243883011533,14.081164442199402,0.10847429731109819
122.77093477772048,-49.44068137575389,570.5463424082953,1414.8278517001495,14.072146248119164,13.049075735245887,12.67332065014481,1.0230705128732769,0.375755085101078,0.9530705128732768,12.832075735245887,0.424755085101078
122.36127102406226,-49.56810508983737,1018.4166687245446,1416.261369327115,14.73177517985052,14.408618557983234,14.460810457419036,0.3231566218672856,-0.0521918994358028,0.2531566218672856,14.191618557983233,-0.0031918994358028085
123.24893579155652,-49.29178743134742,46.692599538304215,1416.4912603014225,14.889844184114374,14.185061010476756,14.114586935363995,0.7047831736376171,0.0704740751127612,0.634783173637617,13.968061010476756,0.11947407511276119
122.78244265774372,-49.4403691478021,560.0940804243309,1419.3038774171791,14.880223206280608,13.868587203962564,13.614385685959531,1.0116360023180435,0.2542015180030326,0.9416360023180435,13.651587203962563,0.3032015180030326
123.2634236139195,-49.28996579173093,32.58323479014912,1420.2771868882064,14.576701095243076,14.342957655398283,16.138407814382262,0.2337434398447921,-1.7954501589839786,0.1637434398447921,14.125957655398283,-1.7464501589839787
122.89540483319604,-49.40651012548381,437.2791218221504,1421.180287750086,13.650321423071968,12.8122008661303,12.822475898458936,0.8381205569416679,-0.0102750323286358,0.7681205569416678,12.5952008661303,0.038724967671364185
123.11140638394085,-49.33726664303068,199.28611034439328,1419.219432673059,13.79485503761342,12.93578753651066,12.922288522878867,0.8590675011027606,0.013499013631792,0.7890675011027606,12.718787536510659,0.062499013631791986
122.83960478621054,-49.42399340582861,498.4516201955576,1421.26408647044,15.407367795965715,14.35318534816492,14.56240991335738,1.0541824478007946,-0.2092245651924589,0.9841824478007946,14.13618534816492,-0.16022456519245892
123.22259941758404,-49.30570205858584,79.37595785417973,1424.0972668420504,15.662576519261922,14.255991696894652,13.70650157910835,1.40658482236727,0.5494901177863021,1.3365848223672698,14.038991696894652,0.598490117786302
123.06634984754118,-49.35328808078484,249.99405263995865,1421.7187229124083,12.197435523301944,11.17547647045532,10.824165977580964,1.0219590528466238,0.3513104928743562,0.9519590528466237,10.95847647045532,0.40031049287435616
122.9302872185738,-49.397519178450175,400.3054998437312,1423.8073527184156,14.46799591466199,13.384120280507885,12.9777110775989,1.083875634154106,0.4064092029089838,1.013875634154106,13.167120280507884,0.4554092029089838
122.885648325319,-49.41045082995241,448.557194292876,1422.400735314748,13.45376927686183,12.776292395778592,12.769820368463789,0.6774768810832388,0.0064720273148033,0.6074768810832387,12.559292395778591,0.05547202731480329
122.46409186799691,-49.54169520435847,909.7111207426498,1423.279316226191,15.126624202111511,13.97550722697278,13.84502569901207,1.151116975138731,0.1304815279607112,1.0811169751387308,13.75850722697278,0.17948152796071118
122.75168767939404,-49.45437855299136,596.6586883734869,1425.3934958272969,14.586771075178088,13.33290307694092,12.76972599426544,1.253867998237169,0.5631770826754785,1.183867998237169,13.115903076940919,0.6121770826754784
123.00322607329224,-49.37780696899463,322.378823773631,1428.1165220420787,13.136920117539752,12.086593187077373,11.7696845183319,1.0503269304623792,0.3169086687454729,0.9803269304623792,11.869593187077372,0.3659086687454729
122.80740434852513,-49.43839876720322,536.5760745602811,1427.2474888158963,16.638115506625805,14.71992603492109,14.580925984862576,1.918189471704716,0.1390000500585131,1.848189471704716,14.502926034921089,0.18800005005851309
123.07859788086247,-49.35530646216806,240.42304466483344,1429.7483044565229,15.085027028002555,14.32619258314409,14.546834933922316,0.758834444858465,-0.2206423507782258,0.6888344448584649,14.10919258314409,-0.17164235077822582
122.6580634105089,-49.48680318474633,701.2289049572677,1430.033419950125,13.68985207299746,12.658290667602104,12.69165106459122,1.0315614053953563,-0.0333603969891154,0.9615614053953563,12.441290667602104,0.015639603010884587
122.36778318328382,-49.57652312046216,1018.072740701719,1430.558560575398,15.265117179955126,14.77124071611557,15.125737648894027,0.4938764638395572,-0.3544969327784582,0.4238764638395572,14.554240716115569,-0.3054969327784582
122.88909043899235,-49.417193143551664,449.9250835706308,1433.100797931127,13.508769594355794,12.704152124098432,12.761686501129358,0.8046174702573623,-0.057534377030926,0.7346174702573622,12.487152124098431,-0.008534377030926014
122.64573502098872,-49.49419985760964,717.0365678488756,1434.942625317702,13.519879593531623,12.56031949334093,12.490939400878128,0.9595601001906928,0.0693800924628025,0.8895601001906928,12.34331949334093,0.11838009246280248
123.29772385968285,-49.28906111116001,1.4456316572841743,1433.904171935074,15.80535992254718,15.421408321655475,14.8233157249458,0.3839516008917041,0.5980925967096749,0.3139516008917041,15.204408321655475,0.6470925967096748
123.02793487415708,-49.37771027485487,300.31867968323326,1438.5951751706205,12.087890908858451,11.110965815809644,10.913715631726271,0.9769250930488074,0.1972501840833729,0.9069250930488073,10.893965815809644,0.24625018408337288
122.39055237148058,-49.5740869772441,996.2199848562128,1436.7836693383415,16.172596118337786,14.775286058380152,14.222751742607674,1.3973100599576345,0.552534315772478,1.3273100599576344,14.558286058380151,0.601534315772478
123.25446752039872,-49.30453341015209,50.23027011889682,1436.2896688368044,15.490101555376253,17.03871597606088,15.418773936795874,-1.548614420684629,1.6199420392650072,-1.6186144206846291,16.821715976060883,1.6689420392650072
122.73325014454346,-49.46909246915587,622.7086762813246,1437.7054973011748,14.231277893760524,13.625665770092889,13.15599574391754,0.6056121236676351,0.4696700261753488,0.535612123667635,13.408665770092888,0.5186700261753487
123.17097809284704,-49.33331579585823,143.63671535475336,1439.5123896627797,15.239309537470888,16.06526718298549,14.844810953004227,-0.8259576455146025,1.220456229981263,-0.8959576455146026,15.84826718298549,1.2694562299812628
123.07399788663288,-49.36318102153757,249.72144557432156,1438.5334367935573,14.933971581843515,14.14594837794528,13.929507344387938,0.788023203898236,0.2164410335573414,0.7180232038982359,13.928948377945279,0.2654410335573414
122.6872983260744,-49.4852127599433,674.1623164309523,1440.2640608340275,14.71196102442348,13.880789433883123,13.844640608231312,0.8311715905403574,0.0361488256518107,0.7611715905403573,13.663789433883123,0.08514882565181069
123.05471389145272,-49.37226952700479,272.8902288718996,1442.6645267574352,13.15985474979002,12.114026010686056,11.630661430706157,1.045828739103964,0.4833645799798987,0.975828739103964,11.897026010686055,0.5323645799798986
123.00363640334908,-49.38753193971163,328.4270794235991,1441.593026486325,13.519281709778056,12.553512050743048,12.248961759304072,0.9657696590350078,0.3045502914389768,0.8957696590350077,12.336512050743048,0.35355029143897676
122.43363111485452,-49.56652194392798,952.958706108184,1444.5228109357745,12.66777985735247,11.923682556914835,11.829723072875629,0.7440973004376339,0.0939594840392068,0.6740973004376338,11.706682556914835,0.14295948403920677
122.7020995067718,-49.482738172678985,659.3682511568355,1443.1601400395375,15.192572779646763,14.059317531033342,13.70711646777859,1.1332552486134215,0.3522010632547516,1.0632552486134215,13.842317531033341,0.4012010632547516
123.01437747249008,-49.38696974560753,318.49573352701333,1445.435067025177,12.229213029529674,11.266808756714434,11.048419637536709,0.96240427281524,0.2183891191777256,0.8924042728152399,11.049808756714434,0.26738911917772556
122.50314077614674,-49.54622342470929,877.8885725109674,1445.9645588683395,12.700192692246786,12.076668239192257,11.99021777299106,0.6235244530545287,0.086450466201196,0.5535244530545287,11.859668239192256,0.135450466201196
122.7382324354558,-49.47724751011229,623.6128799776143,1450.9974713884558,14.313213188854672,13.463812639646102,13.107533869211885,0.8494005492085694,0.3562787704342174,0.7794005492085694,13.246812639646102,0.4052787704342174
123.21398681106592,-49.329902904696446,103.09557552783671,1453.425851871884,15.10982749027206,14.1268432817437,13.920721218580749,0.9829842085283608,0.206122063162951,0.9129842085283608,13.909843281743699,0.255122063162951
122.88645263566416,-49.43303410830376,462.6872609591712,1453.6543243427209,12.82445486736288,12.137018222474556,12.08657625604182,0.687436644888324,0.0504419664327357,0.617436644888324,11.920018222474555,0.09944196643273569
122.5081822241703,-49.55340951115057,878.0763403353589,1457.9521304705886,12.684736383756553,12.021477622393348,11.959585228415522,0.6632587613632044,0.0618923939778266,0.5932587613632043,11.804477622393348,0.11089239397782659
123.11619209916508,-49.36323858550373,212.20571882535833,1456.7762331062072,13.906379993424212,13.033919408671531,12.763710458191506,0.8724605847526803,0.2702089504800256,0.8024605847526802,12.81691940867153,0.31920895048002557
123.18882130147962,-49.34118892230496,132.97348569636293,1457.970657224382,14.595396872058725,14.12000025419282,13.413703343079646,0.4753966178659041,0.7062969111131743,0.4053966178659041,13.90300025419282,0.7552969111131742
122.80919750734026,-49.46437130831428,552.0180130358498,1463.5787148992677,14.343501083041964,13.7316538169787,13.537716800944247,0.6118472660632648,0.193937016034452,0.5418472660632647,13.514653816978699,0.24293701603445197
122.47805759554602,-49.56414978136722,911.8728175692193,1459.9838090419655,13.959427151849075,13.323430535743164,13.03269353508582,0.6359966161059116,0.2907370006573444,0.5659966161059116,13.106430535743163,0.3397370006573444
123.05867108821587,-49.3847049684911,277.581419556823,1461.367241080498,15.523230761375142,13.750231385950954,13.511186861443008,1.7729993754241882,0.2390445245079462,1.702999375424188,13.533231385950954,0.28804452450794615
123.02642814008796,-49.39703449261425,314.41210592537857,1464.3728165692855,14.018700108765538,12.991319712645472,12.550627352373867,1.0273803961200656,0.4406923602716048,0.9573803961200655,12.774319712645472,0.4896923602716048
122.89389594152652,-49.43821803928185,459.47165710299186,1463.9312097939244,12.905086820230268,12.210568333756555,12.170635771569104,0.6945184864737133,0.0399325621874506,0.6245184864737132,11.993568333756555,0.08893256218745059
123.29243032513948,-49.314261881715225,22.90803608926145,1466.0106135193369,14.038412698830667,12.877053829038216,12.738936751694236,1.1613588697924513,0.1381170773439795,1.0913588697924512,12.660053829038215,0.18711707734397948
123.23101461505225,-49.33306621001064,90.04194568524416,1465.1062045605138,15.385922510613092,14.443610194012996,13.954509410598972,0.9423123166000966,0.4891007834140239,0.8723123166000966,14.226610194012995,0.5381007834140239
123.04318893771216,-49.39146610707159,295.8226348595333,1463.957743540925,15.009475769442956,13.627687979316285,13.097638749780756,1.3817877901266709,0.5300492295355284,1.3117877901266708,13.410687979316284,0.5790492295355283
122.44693523322132,-49.577639399985024,948.3367851343309,1465.385394410358,14.409261129344106,13.708433355836874,13.646014939041814,0.7008277735072319,0.0624184167950598,0.6308277735072318,13.491433355836874,0.11141841679505979
122.46989238611673,-49.571447430043534,923.8832138603682,1466.557445538977,13.92189175025721,13.278662751019638,12.97940860706989,0.6432289992375715,0.2992541439497476,0.5732289992375714,13.061662751019638,0.3482541439497476
123.11780843384618,-49.37577626797564,219.06161882820743,1474.6069226367258,12.887276503547843,12.059697890064411,11.896376003411614,0.827578613483432,0.1633218866527972,0.7575786134834319,11.84269789006441,0.2123218866527972
123.07042294897396,-49.38563272100239,267.7374280984116,1467.6881777755696,15.688255313860836,14.0859888260642,13.80205347938378,1.6022664877966353,0.2839353466804208,1.5322664877966352,13.8689888260642,0.3329353466804208
123.20040066628542,-49.3470171889103,126.533997922589,1470.9318971149976,13.970305348099586,13.236097445945482,12.963800334119508,0.7342079021541039,0.2722971118259742,0.6642079021541039,13.019097445945482,0.3212971118259742
122.53150164034857,-49.55567327690665,858.7969372207552,1470.9019227468511,13.95442963644964,12.817787484360208,12.63677209374906,1.1366421520894328,0.1810153906111473,1.0666421520894327,12.600787484360207,0.23001539061114729
122.8269185210448,-49.46364367989173,535.7720072018813,1470.1383695509717,14.526893878381523,13.875561337705063,13.92674510929572,0.6513325406764601,-0.0511837715906562,0.58133254067646,13.658561337705063,-0.0021837715906562125
122.58984965851572,-49.537225834649306,794.8564910309152,1470.261713609207,14.963178661410277,13.967867401660827,13.761537114602094,0.9953112597494496,0.2063302870587335,0.9253112597494495,13.750867401660827,0.2553302870587335
122.99638912368376,-49.41350028712817,352.0009452337538,1474.0000979332274,14.387709493558956,13.70157756943954,13.394450975799918,0.686131924119417,0.3071265936396212,0.616131924119417,13.484577569439539,0.3561265936396212
122.74621897324246,-49.49060821911886,625.2545308820337,1472.698420339403,14.485619237843672,13.779078717104662,13.882555921730017,0.7065405207390096,-0.1034772046253547,0.6365405207390096,13.562078717104662,-0.054477204625354714
123.20802247348622,-49.346825396485094,119.6258491865315,1473.9617799260177,14.906131428239767,14.27204682566236,13.521988170883224,0.6340846025774081,0.750058654779135,0.564084602577408,14.055046825662359,0.799058654779135
122.61619251432938,-49.53118311243836,767.474351533909,1473.1260703380974,15.452264973507273,14.195033123081426,13.995962614519208,1.2572318504258462,0.1990705085622188,1.1872318504258461,13.978033123081426,0.2480705085622188
122.40944039466136,-49.59737818244898,994.51717122966,1476.7054349043085,12.456865232725448,11.793963901791418,11.683383486538975,0.6629013309340301,0.1105804152524427,0.5929013309340301,11.576963901791418,0.15958041525244268
123.0124019977888,-49.40965935074809,335.22144881444007,1475.6167067942088,15.07598854148802,14.11756269994361,13.87190115044726,0.9584258415444094,0.2456615494963507,0.8884258415444093,13.90056269994361,0.2946615494963507
122.79659056121255,-49.47665151731633,571.2903340246036,1475.0233321290186,15.909609905549114,15.150926481263603,15.047394238549757,0.7586834242855112,0.1035322427138467,0.6886834242855111,14.933926481263603,0.1525322427138467
122.61106385713408,-49.53332710686558,773.4367800143277,1473.8942225466967,15.200209096617591,14.062912181489745,13.79108312532253,1.1372969151278465,0.2718290561672152,1.0672969151278464,13.845912181489744,0.3208290561672152
122.58136014313313,-49.54311222162879,806.2486081465347,1474.742980074931,14.896892979332126,13.938864146161798,13.819097534824396,0.958028833170328,0.1197666113374023,0.8880288331703281,13.721864146161797,0.16876661133740228
122.9420967151772,-49.43202218774229,412.5078812935338,1476.0729542973866,14.646702512248003,13.72695354665662,13.895059306148436,0.9197489655913832,-0.1681057594918158,0.8497489655913832,13.50995354665662,-0.11910575949181582
122.62849817092734,-49.53024384130181,755.9121727299156,1477.05011208073,13.860364995829883,13.188479915235774,13.144659478673482,0.6718850805941088,0.0438204365622922,0.6018850805941087,12.971479915235774,0.09282043656229219
122.9861255476298,-49.41948457156592,365.0774642229742,1477.7840549665889,14.456875107233651,14.079693745739194,13.513598299530775,0.3771813614944577,0.5660954462084185,0.3071813614944577,13.862693745739193,0.6150954462084184
122.73954697719287,-49.49818524838571,636.1524452956241,1480.2415936468724,14.63028908351146,13.922905010566607,14.306962546861085,0.7073840729448531,-0.3840575362944776,0.637384072944853,13.705905010566607,-0.3350575362944776
122.52403653964224,-49.56509048013399,871.569772804427,1480.6698670307194,13.96720110410553,12.973380145997044,12.60510123175744,0.9938209581084864,0.368278914239605,0.9238209581084864,12.756380145997044,0.417278914239605
122.51127683154324,-49.56789752569326,884.749353342064,1479.1364657995068,14.632142576600389,14.054609179108912,13.466463471282449,0.5775333974914769,0.5881457078264631,0.5075333974914769,13.837609179108911,0.6371457078264631
123.07069318937737,-49.395354707539624,273.92035639266186,1481.094916275537,18.23999833180613,15.682585721985042,14.424620511276332,2.557412609821089,1.2579652107087096,2.487412609821089,15.465585721985041,1.3069652107087095
122.58427506285508,-49.54719659721955,806.3180201480354,1481.577217656048,14.046207645582328,13.240485256842073,12.987221794596234,0.8057223887402554,0.2532634622458385,0.7357223887402553,13.023485256842072,0.3022634622458385
122.56697195190758,-49.553169999759426,825.6061269796947,1482.45353257003,13.880621968348342,13.079201582201849,12.924279685014827,0.8014203861464928,0.1549218971870214,0.7314203861464927,12.862201582201848,0.2039218971870214
122.59691528274944,-49.544091306390165,793.0472442322332,1482.6660142139888,15.077147852750308,14.266812533804634,13.61142743441013,0.8103353189456737,0.6553850993945041,0.7403353189456736,14.049812533804634,0.704385099394504
122.8800138706436,-49.45830731445747,485.0296439245448,1485.4952467794526,14.122281148476608,13.236244065119076,12.793246733588594,0.8860370833575324,0.4429973315304814,0.8160370833575323,13.019244065119075,0.49199733153048136
122.39392481461584,-49.60893092764574,1015.8168614109136,1486.0459351049622,14.60503519144307,14.261635521924054,13.820475672438944,0.343399669519016,0.4411598494851105,0.273399669519016,14.044635521924054,0.4901598494851105
123.27300866227776,-49.33761451481668,55.70343589438513,1489.4814104832994,15.20160825191188,13.575013645633408,13.596306602945766,1.6265946062784715,-0.0212929573123581,1.5565946062784715,13.358013645633408,0.02770704268764189
123.19898134937591,-49.36038938803538,136.6625832825087,1488.5842710889517,13.668266604613663,13.172801230711446,13.12406129816794,0.495465373902217,0.0487399325435067,0.425465373902217,12.955801230711446,0.09773993254350669
122.9161357792268,-49.45042710612134,447.7159841065268,1490.1488353799373,16.03944091658497,14.33430712875714,14.13398299247738,1.705133787827828,0.2003241362797609,1.635133787827828,14.11730712875714,0.24932413627976088
122.90501265010973,-49.453744316035525,459.7921823757185,1489.9325618610103,12.272697306382623,11.616681151001115,11.613733308920754,0.6560161553815078,0.0029478420803616,0.5860161553815078,11.399681151001115,0.051947842080361586
122.98776341133902,-49.42924873533923,370.0571429719077,1491.8417098972557,15.201195777005934,15.153426279621469,14.312770604973416,0.0477694973844649,0.8406556746480529,-0.022230502615535108,14.936426279621468,0.8896556746480528
122.94389759551136,-49.444241922684505,418.9516632047492,1493.5629041248146,13.405902815836898,12.524368872833172,12.286932898711308,0.8815339430037259,0.2374359741218636,0.8115339430037258,12.307368872833171,0.2864359741218636
123.11213308102305,-49.39413869828398,236.25670976738832,1497.258853868231,12.308957524330603,11.546191612800076,11.554844894346328,0.7627659115305274,-0.0086532815462518,0.6927659115305274,11.329191612800075,0.04034671845374819
122.64096647616132,-49.543860954032105,753.7113942303915,1501.0003923512083,10.056097001281184,9.580558687935843,9.765243095879471,0.475538313345341,-0.184684407943628,0.405538313345341,9.363558687935843,-0.13568440794362802
122.5804591637186,-49.55989828252986,817.9937436773376,1497.3829899113591,14.00150907715361,13.289831312753316,12.943221864926125,0.7116777644002941,0.3466094478271913,0.641677764400294,13.072831312753316,0.39560944782719126
123.09378972031736,-49.39862618537062,255.5384342399689,1495.4993436332104,12.873888331985007,12.05559319377634,12.058514844831905,0.8182951382086667,-0.0029216510555638,0.7482951382086667,11.83859319377634,0.04607834894443619
122.44783993324462,-49.600429184142406,962.335040002748,1497.048153020175,13.70357328736524,12.84513821237699,12.782753669638453,0.8584350749882503,0.0623845427385365,0.7884350749882503,12.628138212376989,0.11138454273853649
123.21261356287982,-49.3618773640313,125.52460610881884,1496.5029027810383,13.594720305890917,13.02005313155428,13.044015330431492,0.5746671743366374,-0.0239621988772125,0.5046671743366373,12.803053131554279,0.025037801122787487
122.90853617558004,-49.456608585813,458.5421917505601,1495.3586732191814,12.17281625744142,11.547286647989385,11.550572910418916,0.6255296094520357,-0.0032862624295315,0.5555296094520357,11.330286647989384,0.04571373757046849
122.76812684827208,-49.50143970511447,612.8609671953938,1496.8556393917702,14.79973820979929,14.14587392488759,13.84985462206481,0.6538642849117,0.2960193028227795,0.5838642849117,13.92887392488759,0.3450193028227795
122.4228340416797,-49.61302379664499,992.7557614215108,1503.8173502898735,9.615649207747296,9.203505449090176,9.394309928843064,0.4121437586571197,-0.190804479752888,0.3421437586571197,8.986505449090176,-0.141804479752888
122.87813025967442,-49.4674475325975,492.7127948643448,1497.201641461144,14.104964317881446,13.044329802856485,12.543957035603311,1.0606345150249616,0.5003727672531735,0.9906345150249616,12.827329802856484,0.5493727672531734
122.62612239458332,-49.545839595339,768.2062067621749,1497.426027764839,10.088979811499582,9.626435072598952,9.828509081701814,0.4625447389006307,-0.2020740091028621,0.3925447389006307,9.409435072598951,-0.15307400910286212
122.4855653404562,-49.59289057876459,923.8793999869174,1502.5897785904365,12.298420755715773,11.278245610113316,11.012266188187413,1.0201751456024564,0.2659794219259037,0.9501751456024563,11.061245610113316,0.31497942192590367
122.9245212220593,-49.4544779159239,442.9232146124499,1499.2782232707495,16.082873588537144,14.647798825090588,14.883037742573835,1.435074763446556,-0.2352389174832474,1.3650747634465559,14.430798825090587,-0.18623891748324742
122.83441739839502,-49.486471924242345,544.0861927156914,1504.592706123705,12.831336026279343,11.929067532913646,11.61565085292827,0.902268493365698,0.3134166799853748,0.8322684933656981,11.712067532913645,0.3624166799853748
123.0293205112593,-49.424446866527994,329.92977392926576,1503.0993543086956,16.536986576416368,15.87045476580344,14.909417820960796,0.666531810612927,0.961036944842645,0.5965318106129269,15.65345476580344,1.010036944842645
122.90456398508816,-49.46507152480846,467.6416339477486,1505.242591701285,12.226535371213302,11.612665137529278,11.59663936543441,0.6138702336840236,0.0160257720948688,0.5438702336840235,11.395665137529278,0.06502577209486879
122.86874924872292,-49.4753936390084,506.277995387731,1504.073137773345,16.56003269608338,14.99106009058622,13.975327270066126,1.568972605497159,1.0157328205200944,1.4989726054971588,14.77406009058622,1.0647328205200943
122.76322583656382,-49.5082669939765,621.6935113412599,1504.1225987477578,14.031727119785328,13.116513872251618,12.788924681530837,0.9152132475337104,0.3275891907207811,0.8452132475337104,12.899513872251617,0.37658919072078106
122.73075170232252,-49.51963175674091,658.0170132112279,1505.88633476544,15.9161108254585,14.572948611951109,14.660151552117796,1.3431622135073908,-0.0872029401666871,1.2731622135073908,14.355948611951108,-0.03820294016668711
122.44711725290988,-49.60867570720145,968.334470615845,1508.063462772873,12.960870852853292,12.252398342253253,12.303961339888623,0.7084725106000391,-0.0515629976353704,0.6384725106000391,12.035398342253252,-0.0025629976353704134
122.95655212529788,-49.45335139577464,413.69680473083815,1511.4427538608743,12.95676204065614,12.072612009530712,11.766292618302773,0.8841500311254276,0.3063193912279391,0.8141500311254275,11.855612009530711,0.3553193912279391
122.68039359166568,-49.539375485751854,715.7164477885807,1511.564390916788,14.346769747559671,13.607501296612002,13.373085881433674,0.7392684509476695,0.2344154151783275,0.6692684509476694,13.390501296612001,0.28341541517832747
122.54484211057814,-49.580701391710726,863.227365762658,1510.8686919999095,15.02337150362636,13.82120054681149,13.512766321919424,1.2021709568148695,0.3084342248920659,1.1321709568148695,13.604200546811489,0.3574342248920659
122.52744373945464,-49.58640961454645,882.4169423003527,1511.356167947262,14.59940792862975,13.526412994015644,13.353564644843653,1.0729949346141066,0.172848349171991,1.0029949346141065,13.309412994015643,0.22184834917199098
122.45418038644516,-49.61040475444983,963.1761107023052,1513.4092957489258,13.683544555179171,12.765645278097006,12.691357543192929,0.9178992770821656,0.0742877349040771,0.8478992770821656,12.548645278097005,0.12328773490407709
122.38361660170212,-49.635532438266054,1042.2372475166933,1518.2443307957778,13.51778044576049,12.219431038392225,11.809848027928377,1.298349407368265,0.409583010463848,1.228349407368265,12.002431038392224,0.458583010463848
122.78337365122846,-49.514146881454224,607.6310727650788,1520.748352489978,12.481916101105629,11.455077246874673,11.160595682016131,1.026838854230956,0.2944815648585415,0.956838854230956,11.238077246874672,0.3434815648585415
122.54987204701246,-49.585371785214626,861.7965284916436,1519.3989366859662,15.77690587114338,14.351825033723175,13.985626263478174,1.4250808374202055,0.3661987702450009,1.3550808374202055,14.134825033723175,0.4151987702450009
122.52977485362236,-49.59096547293895,883.3099090101585,1518.5899895082673,15.050290747899252,13.603371668680245,13.478445116493074,1.4469190792190076,0.1249265521871709,1.3769190792190076,13.386371668680244,0.1739265521871709
123.21544364998506,-49.38108423950787,135.74770391928115,1523.9574307331552,12.185125310978844,11.14523334408358,10.863727000588533,1.0398919668952633,0.2815063434950478,0.9698919668952632,10.92823334408358,0.33050634349504776
122.67299675917508,-49.54883756202449,728.4788143448936,1521.3964309496494,14.102128309404083,13.238650591865447,13.035716413851809,0.8634777175386361,0.2029341780136384,0.793477717538636,13.021650591865447,0.2519341780136384
122.40488478590132,-49.6328674225762,1021.5962666148658,1523.517209641784,14.25773688589345,13.247881304039865,12.926945743755908,1.0098555818535857,0.3209355602839565,0.9398555818535856,13.030881304039864,0.36993556028395647
122.98205824549704,-49.45503556131656,392.1286106943404,1524.6690365192794,15.524727691490362,14.153598761698694,13.850662959537164,1.3711289297916682,0.3029358021615298,1.3011289297916682,13.936598761698693,0.3519358021615298
122.96559281500244,-49.46228731337042,411.5453487100095,1527.53782965776,13.090361169251358,12.021969222377653,11.6958368492165,1.0683919468737049,0.3261323731611529,0.9983919468737048,11.804969222377652,0.3751323731611529
122.95058244806955,-49.46654549192944,427.6944154172935,1526.9388211696646,13.54485916642094,12.444277909541835,12.180823934514134,1.100581256879105,0.2634539750277014,1.0305812568791048,12.227277909541835,0.3124539750277014
122.79569692679362,-49.51528199930155,597.4190474351282,1527.5478888062423,12.584362807057252,11.500974931147695,11.18224832152362,1.0833878759095563,0.3187266096240755,1.0133878759095563,11.283974931147695,0.3677266096240755
122.93848306633734,-49.47163670620047,441.8030547592342,1528.7284060240438,18.28513349682386,14.71806119209535,14.68908179650117,3.5670723047285104,0.0289793955941792,3.4970723047285106,14.50106119209535,0.07797939559417918
122.68746128215876,-49.55010844333187,716.4494141132352,1529.271742656039,14.316924799073604,13.414034618102349,13.15018438587836,0.9028901809712552,0.263850232223989,0.8328901809712552,13.197034618102348,0.312850232223989
122.56839390260016,-49.585495863403295,845.4087116548385,1527.391251058874,16.34265288046603,15.108397883338514,15.103083178595664,1.2342549971275163,0.0053147047428492,1.1642549971275162,14.891397883338513,0.05431470474284919
123.30377289624884,-49.360259392155946,43.39933056077525,1533.711007752814,12.429881369948165,11.30217924644793,10.986181514953037,1.1277021235002351,0.3159977314948925,1.057702123500235,11.085179246447929,0.3649977314948925
122.44728752746,-49.62512565669138,978.8683515436694,1530.714995616752,14.26007874885751,12.98825177862811,12.857531005097352,1.2718269702293998,0.1307207735307578,1.2018269702293998,12.771251778628109,0.1797207735307578
122.66863089744308,-49.55732788497907,737.9094002083255,1531.1829737456658,13.717471250622337,13.110791226113312,12.952633383809868,0.6066800245090249,0.1581578423034439,0.5366800245090249,12.893791226113311,0.2071578423034439
122.45887576461814,-49.62472065212768,968.302628891608,1535.0347703842535,14.483045771921462,13.009895346994195,12.826892232724695,1.473150424927267,0.1830031142694999,1.403150424927267,12.792895346994195,0.23200311426949988
123.28097569438836,-49.37055277913611,70.50418773688803,1537.8967640820183,14.126180240502777,13.25536241520759,12.78081739854227,0.8708178252951857,0.4745450166653207,0.8008178252951856,13.03836241520759,0.5235450166653206
122.90014514973204,-49.4889091400096,487.2485935132742,1535.978174804228,11.413661338707428,10.76508370818218,10.763924091422444,0.6485776305252475,0.001159616759736,0.5785776305252475,10.54808370818218,0.05015961675973599
123.22398486278944,-49.38881131998185,133.28143282905114,1538.1982212138394,12.244588200141676,11.168079534962114,10.88728785573899,1.0765086651795617,0.2807916792231246,1.0065086651795616,10.951079534962114,0.3297916792231246
122.95390463370384,-49.47391616055109,429.595590696826,1538.4443784491718,13.82064613369159,12.827975610024664,12.63677618593974,0.9926705236669252,0.1911994240849246,0.9226705236669253,12.610975610024663,0.2401994240849246
123.31667518840324,-49.35951914770491,31.439110449543097,1538.2874978362966,12.398943620258558,11.305100510326396,11.033752201198594,1.0938431099321626,0.2713483091278021,1.0238431099321625,11.088100510326395,0.3203483091278021
122.96889127432073,-49.46982483358384,413.5795685525354,1539.2611955853536,13.959267596490916,12.702365450176108,12.366521358197868,1.2569021463148076,0.3358440919782399,1.1869021463148075,12.485365450176108,0.3848440919782399
122.90754011845418,-49.49340553931809,483.63317651680114,1545.2904869306865,11.395855183596565,10.755283044321889,10.74962047451542,0.6405721392746759,0.0056625698064696,0.5705721392746759,10.538283044321888,0.05466256980646959
123.31799956673628,-49.36195937190725,31.885122579193652,1542.1916628832485,12.388203412252762,11.307114647274547,11.03516241793967,1.0810887649782153,0.271952229334877,1.0110887649782152,11.090114647274547,0.320952229334877
122.43899983243838,-49.63582491030333,993.1853729103352,1541.9160501943002,16.072833539891096,13.68891099061297,13.521696487825434,2.383922549278127,0.1672145027875355,2.3139225492781272,13.471910990612969,0.21621450278753548
122.96445536835968,-49.475812908596474,421.4675183138672,1545.5542013145644,14.26074106360224,13.005248890336508,12.822762793894162,1.255492173265731,0.1824860964423464,1.1854921732657309,12.788248890336508,0.23148609644234638
122.74850453466132,-49.542619182145614,657.2856207998176,1544.9227138881745,15.21584548946534,13.988272252455475,13.856410171297904,1.2275732370098638,0.1318620811575712,1.1575732370098637,13.771272252455475,0.1808620811575712
123.14572470738425,-49.42487866511222,226.73662705661104,1553.7268157132237,10.170859767867675,8.997195267304663,8.60219846995911,1.173664500563012,0.3949967973455539,1.103664500563012,8.780195267304663,0.44399679734555386
122.76357574119092,-49.53874187895191,641.3502829227328,1546.0163881218728,12.555830260354506,11.879025542665095,11.85242268871675,0.6768047176894108,0.0266028539483453,0.6068047176894107,11.662025542665095,0.07560285394834529
122.64412128990284,-49.5769289203966,772.5018138485167,1547.6692374737866,13.413572830388302,12.85792861284908,12.726596982942116,0.5556442175392231,0.1313316299069633,0.4856442175392231,12.640928612849079,0.18033162990696328
122.54120673401532,-49.60928257701477,885.0738842773713,1548.5417271423305,15.627969464794363,15.428673762570702,14.298497444904342,0.1992957022236616,1.1301763176663595,0.1292957022236616,15.211673762570701,1.1791763176663594
122.68040655386515,-49.56761837430128,734.1684429101704,1550.278467840635,13.690078329596265,13.064600845217536,12.883546604089547,0.6254774843787292,0.1810542411279883,0.5554774843787291,12.847600845217535,0.23005424112798828
122.80178446169975,-49.53022494376432,601.8084675240742,1550.603447169806,15.892009967464087,14.627750210353076,14.28486602894184,1.2642597571110112,0.342884181411236,1.1942597571110112,14.410750210353076,0.391884181411236
122.95061518699404,-49.484545475656745,439.519689515661,1551.5794528331007,14.58995196011738,13.307845464865943,13.23309736244192,1.282106495251437,0.0747481024240226,1.2121064952514369,13.090845464865943,0.1237481024240226
122.86629272536824,-49.51086583208103,531.7701869690594,1551.5823423136403,14.811119469799824,13.754395243879634,13.47481427484653,1.05672422592019,0.2795809690331037,0.98672422592019,13.537395243879633,0.3285809690331037
122.49287014533849,-49.62979172912999,941.382302530436,1556.305485118481,12.110719369143856,11.35730660215107,11.26829275507808,0.7534127669927866,0.0890138470729891,0.6834127669927865,11.14030660215107,0.13801384707298908
122.46977694180065,-49.63377407481403,964.4960596882556,1552.0481749554745,15.639966446007165,14.21336810669032,14.278325153846522,1.426598339316845,-0.0649570471562022,1.356598339316845,13.99636810669032,-0.015957047156202206
123.10653413504686,-49.446139452291774,275.62772823811343,1565.9212968675356,9.43713433109874,8.82731415802862,8.930493709170653,0.6098201730701192,-0.1031795511420323,0.5398201730701191,8.61031415802862,-0.05417955114203231
122.8364004534771,-49.524058309518104,566.9992750541475,1556.9002493270086,12.924372641065316,12.244515305168528,12.244218436406152,0.6798573358967879,0.0002968687623763,0.6098573358967878,12.027515305168528,0.04929686876237629
123.27770292682769,-49.38335126708921,81.91678194268898,1553.953918486047,14.294496386761868,13.627615070308776,13.483653141060364,0.6668813164530913,0.1439619292484124,0.5968813164530913,13.410615070308776,0.19296192924841238
122.77857162133785,-49.542845493995515,630.7126429687418,1558.0130671965896,12.575052119779924,11.916486161893197,11.914226479595095,0.6585659578867276,0.0022596822981011,0.5885659578867275,11.699486161893196,0.051259682298101086
122.5375644143037,-49.61508631856192,892.0906473339484,1554.9669350408349,15.102484060166068,16.28474837164882,14.07626274130967,-1.1822643114827525,2.208485630339151,-1.2522643114827525,16.067748371648822,2.257485630339151
123.1628797607592,-49.421141690637675,209.0179248358578,1556.0086410763372,10.315572607944736,9.136208097958065,8.765427897753197,1.1793645099866712,0.3707802002048677,1.1093645099866711,8.919208097958064,0.41978020020486767
122.86155048401132,-49.516949324684845,539.981446962255,1557.8877332713898,14.5663197579129,13.457728035065186,13.118153440896098,1.108591722847715,0.339574594169088,1.0385917228477148,13.240728035065185,0.38857459416908796
122.70862858085042,-49.564450654436385,707.0156989081692,1557.9050266181684,14.59845971028716,14.607564179952416,14.267523367911895,-0.0091044696652549,0.3400408120405203,-0.0791044696652549,14.390564179952415,0.38904081204052027
122.92537326469426,-49.4996593363328,471.9003649152768,1561.4675652819062,12.161399163529474,11.445055799599883,11.45045895931988,0.7163433639295906,-0.0054031597199966,0.6463433639295906,11.228055799599883,0.043596840280003386
123.23961428819044,-49.400345223825006,127.04617948099838,1560.698085403743,15.876010341966952,14.628461401712029,13.782597768479349,1.247548940254923,0.8458636332326801,1.1775489402549228,14.411461401712028,0.89486363323268
122.94833733775612,-49.4923548682995,446.6867895724672,1561.2897419593146,15.000919436794955,13.53242569464149,13.42202180659402,1.4684937421534665,0.1104038880474682,1.3984937421534664,13.315425694641489,0.1594038880474682
122.80007201280388,-49.53781329500494,608.3074875701068,1560.2668479372417,14.56629753697706,13.64764353687721,13.516812945148525,0.9186540000998508,0.1308305917286851,0.8486540000998508,13.43064353687721,0.1798305917286851
123.19640220820416,-49.416308130105506,176.0291232602687,1563.8529437440022,14.21464318822887,13.739915483959466,13.879301714153332,0.4747277042694033,-0.1393862301938657,0.4047277042694033,13.522915483959466,-0.09038623019386571
122.39523706996695,-49.66456104337046,1050.733061624642,1562.9835520822166,13.964883377054882,13.453297903936775,13.19147678296921,0.5115854731181066,0.261821120967566,0.44158547311810664,13.236297903936775,0.310821120967566
122.95980468336484,-49.49023005051575,435.0981338769649,1563.287568488954,15.66263853402566,13.851736309416273,13.62271003984369,1.8109022246093875,0.2290262695725822,1.7409022246093875,13.634736309416272,0.2780262695725822
122.93807841765704,-49.49751029203396,459.19678827551826,1563.9571470853705,15.182620789010448,13.83556108733574,13.744443848880932,1.3470597016747077,0.0911172384548084,1.2770597016747076,13.61856108733574,0.1401172384548084
122.87934759744108,-49.51501057192796,522.8932503531548,1562.824930497168,14.548910587678058,13.232469298630408,13.08465555325651,1.316441289047651,0.147813745373897,1.2464412890476508,13.015469298630407,0.19681374537389698
122.829995806092,-49.53678010389021,581.0417022381145,1571.590748589013,12.342756475416277,11.687080081533656,11.661236804732804,0.6556763938826204,0.0258432768008525,0.5856763938826204,11.470080081533656,0.07484327680085248
123.08794178008856,-49.452035284164594,296.04471000658947,1565.989826224056,10.194177544157249,9.773734927272692,9.826555672406244,0.4204426168845572,-0.0528207451335518,0.3504426168845572,9.556734927272691,-0.003820745133551809
123.06942767226296,-49.457946523382965,316.4004291669637,1566.1189712934056,14.261197327623792,13.349513446447478,13.095701287438484,0.9116838811763142,0.2538121590089943,0.8416838811763141,13.132513446447478,0.3028121590089943
123.07923851777672,-49.45667422946467,306.84327548722234,1568.5926203916122,13.825639940517418,12.91959509229068,12.691402841550254,0.9060448482267384,0.2281922507404257,0.8360448482267384,12.702595092290679,0.2771922507404257
122.96669847977122,-49.49136580229311,429.721299614618,1567.7907157448262,15.369771876655468,14.065421848174,13.84018923958863,1.304350028481469,0.2252326085853688,1.234350028481469,13.848421848173999,0.2742326085853688
123.25160799547828,-49.40378527843827,118.6741348999676,1570.5755142983037,14.612936293395656,15.679470677510972,13.8406780768406,-1.0665343841153163,1.838792600670372,-1.1365343841153164,15.462470677510971,1.887792600670372
122.87079852295108,-49.52338071753832,535.9902035383201,1570.6355383939372,13.05682091002726,12.170201917112498,11.98320185611955,0.8866189929147623,0.1870000609929487,0.8166189929147623,11.953201917112498,0.23600006099294868
122.70947072420104,-49.57554562234528,713.5264579678894,1573.465853639074,14.457417443939445,13.979208472545183,13.70144829105118,0.4782089713942614,0.2777601814940027,0.4082089713942614,13.762208472545183,0.3267601814940027
123.09520085436743,-49.45667914918392,292.66584164438717,1575.4563059282675,10.005688284825345,9.353342144776391,9.42982788321765,0.6523461400489534,-0.0764857384412582,0.5823461400489534,9.13634214477639,-0.027485738441258206
122.48597644555164,-49.64647926272508,958.3605835528152,1576.3028833016454,12.255542292761362,11.307276643046215,11.077975459205623,0.9482656497151468,0.229301183840592,0.8782656497151469,11.090276643046215,0.278301183840592
123.01789132028794,-49.48115587739715,377.5096319456371,1575.7470163631306,15.94399326625399,14.68561937467356,17.34471498062588,1.2583738915804297,-2.65909560595232,1.1883738915804296,14.46861937467356,-2.61009560595232
123.15168074438331,-49.44032030972055,231.6692794117506,1577.39007083219,15.203039371291258,13.67099021736565,12.971186671215438,1.5320491539256071,0.6998035461502123,1.462049153925607,13.45399021736565,0.7488035461502123
122.78786980313734,-49.554240973971694,629.9219782280076,1577.574844543074,13.282775875475812,12.524150972622044,12.576620475434828,0.7586249028537679,-0.0524695028127837,0.6886249028537679,12.307150972622043,-0.0034695028127837146
122.54788389592991,-49.631659725475,893.7152726877189,1582.05510634636,13.195582554118198,12.509073043466197,12.328754629603385,0.6865095106520016,0.1803184138628122,0.6165095106520015,12.292073043466196,0.22931841386281218
122.88699714869657,-49.52694145252817,523.940413489415,1582.4190253980055,12.91527131812661,12.056666342078271,11.9823006540473,0.8586049760483387,0.0743656880309711,0.7886049760483387,11.83966634207827,0.12336568803097109
122.49979858967824,-49.648872886712965,947.6376309868036,1585.4067258408857,12.158747177156862,11.230034066677852,11.001193320119336,0.9287131104790092,0.2288407465585162,0.8587131104790091,11.013034066677852,0.2778407465585162
123.22138519326631,-49.42422877754707,159.08897402958408,1585.44660283091,12.238187176020412,11.554265876819349,11.57227203369622,0.6839212992010637,-0.0180061568768721,0.6139212992010636,11.337265876819348,0.030993843123127886
122.63393621855808,-49.607277878323785,801.3700958431702,1584.9657216269934,14.830956641403397,14.118629634176278,14.371791356819354,0.7123270072271186,-0.2531617226430764,0.6423270072271186,13.901629634176278,-0.20416172264307642
122.64714890095836,-49.604844783663275,788.0443619611468,1587.2201163841603,14.781612028567023,14.326918408934391,13.897113245286668,0.4546936196326321,0.4298051636477229,0.3846936196326321,14.10991840893439,0.4788051636477229
122.59442062453142,-49.62147089443506,845.7339285553196,1587.7235013419197,15.403361095008272,14.147393917158956,13.67874993202082,1.2559671778493158,0.4686439851381365,1.1859671778493157,13.930393917158955,0.5176439851381365
122.57871991987966,-49.62542938079825,862.2621371769555,1586.521813875232,16.00526372221218,14.973049899435503,14.302735584900656,1.0322138227766775,0.6703143145348474,0.9622138227766774,14.756049899435503,0.7193143145348473
122.5474885445921,-49.637229186761566,897.6943391234882,1589.5283617494226,13.08046195598408,12.45205694674002,12.349847182380689,0.6284050092440587,0.1022097643593316,0.5584050092440587,12.23505694674002,0.1512097643593316
122.86137257515824,-49.53904529636685,554.6564062665469,1588.060242070418,12.667697904226433,11.841780554759824,11.704450697140471,0.825917349466609,0.1373298576193526,0.7559173494666089,11.624780554759823,0.18632985761935258
122.84354309331574,-49.54509490685414,574.4664106198421,1588.7453086067662,12.71041572520485,12.034971081345605,12.002804467244031,0.6754446438592456,0.0321666141015732,0.6054446438592456,11.817971081345604,0.08116661410157319
122.56310262529666,-49.632557812942814,880.7811904552268,1589.7072655363384,13.221316825906502,12.521888169539652,12.36465000762761,0.6994286563668499,0.1572381619120424,0.6294286563668499,12.304888169539652,0.2062381619120424
123.2024451314826,-49.435431444849335,183.34079003998883,1592.5794749171578,12.859377236755016,12.07450825578712,11.96973745518656,0.7848689809678966,0.1047708006005585,0.7148689809678965,11.857508255787119,0.15377080060055848
123.02264594390095,-49.496230693784035,383.2335249619633,1598.3997957533911,12.208051896053632,11.472627891914554,11.412839284593543,0.7354240041390785,0.0597886073210105,0.6654240041390784,11.255627891914553,0.10878860732101049
122.51552429879574,-49.64973225626226,934.2276954368168,1593.208940430116,12.086131080424218,11.111803297999527,10.809158829615278,0.974327782424691,0.3026444683842495,0.9043277824246909,10.894803297999527,0.3516444683842495
123.18320452910156,-49.44124197884148,204.2803197401623,1592.2247408184471,13.128666783310228,12.283431141587128,12.036104049799398,0.8452356417231002,0.2473270917877297,0.7752356417231001,12.066431141587127,0.2963270917877297
122.49766301467564,-49.6553283093891,953.7339809285838,1593.3657450789938,12.191224275845642,11.228854036675743,11.000820892263215,0.962370239169898,0.2280331444125281,0.892370239169898,11.011854036675743,0.2770331444125281
123.29292859708224,-49.40720035991349,84.24073569637096,1593.0955967685825,13.6122120531499,13.049263816426697,12.55389144669104,0.5629482367232033,0.4953723697356569,0.49294823672320326,12.832263816426696,0.5443723697356568
122.53422608267572,-49.643615974623145,913.6343804093684,1592.6981835106014,13.158557386175117,12.571037104828658,12.476982330814812,0.5875202813464586,0.0940547740138466,0.5175202813464586,12.354037104828658,0.1430547740138466
122.88691859281688,-49.536397919008,530.227381813031,1595.3288629941037,12.65437044790266,11.8375720223432,11.67200099947795,0.81679842555946,0.1655710228652509,0.74679842555946,11.6205720223432,0.2145710228652509
122.46222332408496,-49.66664200015669,992.5691348184332,1593.9815735989064,15.963382456178254,15.745278926592151,15.677099962923114,0.2181035295861022,0.0681789636690375,0.1481035295861022,15.52827892659215,0.11717896366903749
123.2882121121156,-49.41200418832216,91.62218972817914,1597.6142513054715,13.576788910493717,13.013910072618025,12.688767559124198,0.5628788378756919,0.3251425134938266,0.4928788378756919,12.796910072618024,0.3741425134938266
123.2318096384886,-49.43100332448508,154.32617133502836,1599.1961234125968,12.181108200505108,11.461841344505183,11.511148812380291,0.7192668559999245,-0.0493074678751082,0.6492668559999244,11.244841344505183,-0.00030746787510821383
123.21567887239831,-49.43500110591229,171.30300323546314,1597.697741631767,11.812924204164144,11.0855475423823,11.066045815395317,0.7273766617818449,0.0195017269869826,0.6573766617818448,10.868547542382299,0.06850172698698259
123.12565950741362,-49.46281813791132,269.673295705822,1596.9381785120331,14.933884236288858,14.266314121604394,13.72793382819215,0.6675701146844641,0.5383802934122439,0.5975701146844641,14.049314121604393,0.5873802934122438
122.55594192772112,-49.63985692066076,891.8976272416172,1596.698251275185,13.05331174922189,12.36161209152934,12.285291316005196,0.6916996576925509,0.0763207755241435,0.6216996576925509,12.14461209152934,0.1253207755241435
122.96126464270876,-49.514727852346766,449.9396129470669,1597.4266796307331,14.578661478620488,13.046092490607789,12.4648903407161,1.5325689880126987,0.5812021498916895,1.4625689880126986,12.829092490607788,0.6302021498916894
122.7784056913553,-49.57409142585409,651.3421053576399,1600.7400130839928,14.599626184085508,13.830376165411678,13.37620820008905,0.76925001867383,0.4541679653226289,0.69925001867383,13.613376165411678,0.5031679653226289
122.88909143332808,-49.53925222380181,530.1743558203622,1600.1624323064304,12.639056955131572,11.86988365844722,11.701945335285531,0.7691732966843521,0.1679383231616888,0.699173296684352,11.65288365844722,0.2169383231616888
122.8454318919965,-49.553451698947505,578.2767887030797,1600.9912076305811,17.217794000474985,15.2606933048329,14.82586382650664,1.9571006956420849,0.4348294783262609,1.8871006956420848,15.0436933048329,0.4838294783262609
123.20522705639064,-49.44394583857021,186.51651199018812,1605.4084820082878,12.792645014956284,12.051759274979355,11.968273330050971,0.7408857399769282,0.083485944928384,0.6708857399769281,11.834759274979355,0.132485944928384
123.12659071108524,-49.46626779978335,271.12913391813805,1602.0528360769945,14.8044124514993,14.036633714662296,13.499541646102331,0.7677787368370037,0.5370920685599643,0.6977787368370036,13.819633714662295,0.5860920685599642
122.66370742323524,-49.60971042600154,776.5160481640047,1600.898196331843,14.292075571341892,13.55957021009105,13.213140473854253,0.7325053612508423,0.3464297362367965,0.6625053612508423,13.342570210091049,0.3954297362367965
122.6481024629252,-49.61455279934063,793.5384544901838,1600.9320608530109,14.36121137845816,13.48541395573482,13.180768825048514,0.8757974227233394,0.3046451306863069,0.8057974227233393,13.26841395573482,0.3536451306863069
122.93144922782568,-49.52891249480508,485.7575067020259,1604.0921217600926,14.88861468959088,13.661421811955444,13.51722323403262,1.2271928776354368,0.1441985779228236,1.1571928776354368,13.444421811955444,0.19319857792282358
122.71082184120478,-49.59923767421449,727.8278868393182,1606.5043148342652,13.169123748827117,12.344600928281114,12.138206573479952,0.8245228205460027,0.2063943548011622,0.7545228205460026,12.127600928281113,0.2553943548011622
123.21862095124683,-49.4395348023275,171.6979907937475,1605.1585411861045,11.950891906039809,11.213566006645744,11.208103070714454,0.7373258993940652,0.0054629359312894,0.6673258993940652,10.996566006645743,0.05446293593128939
123.18352961425512,-49.45191944189469,211.06822318211545,1606.9510594991746,13.00753316185183,11.931103706338144,11.626142782976949,1.0764294555136864,0.3049609233611949,1.0064294555136863,11.714103706338143,0.3539609233611949
123.14431047423898,-49.463669816422,253.67518689829072,1606.123176433724,14.957229542360285,13.66712716416322,13.35587740003652,1.290102378197064,0.3112497641266998,1.220102378197064,13.45012716416322,0.3602497641266998
122.97312898440735,-49.519426367510256,442.499959353063,1608.9280684873493,14.053129811754816,12.731976512018608,12.183488260347405,1.321153299736208,0.5484882516712037,1.251153299736208,12.514976512018608,0.5974882516712037
122.87249404744256,-49.54918336266222,551.4412216234756,1606.6788457978548,13.505075343114026,12.666473467769569,12.398770004217514,0.8386018753444571,0.2677034635520545,0.768601875344457,12.449473467769568,0.3167034635520545
122.64871154308472,-49.61881395715972,795.7809122937716,1607.0312427181898,14.945431240574129,14.01343123333836,13.69595319752306,0.932000007235768,0.3174780358153004,0.8620000072357681,13.79643123333836,0.36647803581530036
123.16323336424848,-49.45934860699798,234.01172779236776,1608.3614271714785,14.47865501835242,13.657592298011492,13.446934204683233,0.8210627203409278,0.2106580933282593,0.7510627203409277,13.440592298011492,0.2596580933282593
123.09238315673336,-49.483922522074934,313.18032908046604,1611.48447023273,12.7234537127237,11.966297935529338,11.886282898481308,0.7571557771943613,0.0800150370480299,0.6871557771943613,11.749297935529338,0.12901503704802988
122.53080695062322,-49.65867211829874,926.4743237625584,1611.912889669715,13.18314052092548,11.9716901141926,11.43760834797418,1.2114504067328795,0.5340817662184207,1.1414504067328795,11.7546901141926,0.5830817662184207
122.46482651416972,-49.677743636208824,997.4719218422442,1610.313360983318,15.084338473442486,14.842239814047538,14.44578377341277,0.2420986593949479,0.3964560406347672,0.1720986593949479,14.625239814047537,0.4454560406347672
122.79478410345104,-49.57727392810203,638.8848508912359,1612.0603139599032,15.33569537065506,14.46078592700982,14.472873867967262,0.8749094436452403,-0.0120879409574428,0.8049094436452402,14.243785927009819,0.03691205904255719
122.5581126737635,-49.65051258921077,896.912620405869,1612.2300642320793,14.254379657969215,13.7515892312151,13.639851462830055,0.5027904267541157,0.1117377683850442,0.43279042675411566,13.534589231215099,0.1607377683850442
123.34950495032793,-49.40503546708082,32.564520331020375,1614.6232847282593,15.021879335605297,13.590291005865176,13.559941275114616,1.431588329740121,0.0303497307505598,1.361588329740121,13.373291005865175,0.07934973075055979
122.9673313892559,-49.52487441507785,451.2375584054435,1613.901683890104,14.155733801313612,12.754735370447907,12.204802353940437,1.4009984308657053,0.5499330165074703,1.3309984308657052,12.537735370447907,0.5989330165074702
122.68248093392654,-49.61276942605203,761.8443590852735,1613.0399092481637,15.21854094207363,14.42818197784217,14.515956399248092,0.7903589642314603,-0.0877744214059212,0.7203589642314603,14.21118197784217,-0.03877442140592122
123.30789107736234,-49.41837926278941,78.38735665560331,1614.8254532556073,16.250692719982425,15.181241489105256,14.08223883391176,1.0694512308771689,1.0990026551934964,0.9994512308771688,14.964241489105255,1.1480026551934963
123.08168657227242,-49.49009705802418,326.7587871263358,1615.3326741599367,12.692810313211153,11.931410108625505,11.794612522813384,0.761400204585648,0.1367975858121202,0.691400204585648,11.714410108625504,0.1857975858121202
122.9741132552251,-49.524763220332304,445.1431074252437,1616.6496260621002,14.093887855206518,12.759866591331347,12.20822426211973,1.3340212638751705,0.5516423292116173,1.2640212638751704,12.542866591331347,0.6006423292116172
122.39584392294076,-49.70711567324154,1077.7977281586038,1621.6712288856563,15.36457467805782,14.512137986831725,14.196463827261525,0.8524366912260959,0.3156741595702002,0.7824366912260958,14.295137986831724,0.36467415957020016
123.1978193487585,-49.46103231404086,204.4228732246752,1625.555051715597,13.194505554006255,12.06300659276136,11.73072094171994,1.1314989612448958,0.3322856510414205,1.0614989612448957,11.84600659276136,0.3812856510414205
122.9809594437098,-49.526824951172586,440.42406804291846,1622.3979681205192,14.303314952291792,12.7832721835069,12.315953747850717,1.520042768784892,0.4673184356561837,1.450042768784892,12.5662721835069,0.5163184356561836
122.58395529953424,-49.65031676506572,873.8391612090932,1622.8640698390648,15.20081157587313,13.921695446473448,13.754676872832436,1.2791161293996822,0.1670185736410125,1.2091161293996822,13.704695446473448,0.21601857364101248
122.49202288826976,-49.68067152977755,975.2270657864838,1625.7692875491018,15.015996300492922,14.35267174657499,14.173016222093832,0.6633245539179331,0.1796555244811575,0.593324553917933,14.135671746574989,0.2286555244811575
122.97549381159232,-49.529295846595566,446.9046504254752,1623.4404352709223,14.11576966637615,12.69927654793602,12.226325337849524,1.4164931184401297,0.4729512100864959,1.3464931184401296,12.482276547936019,0.5219512100864958
122.87741353200649,-49.56343799963969,556.4424224915325,1628.2880880842404,14.186566067534978,12.915443243614847,12.688313525868018,1.2711228239201304,0.2271297177468287,1.2011228239201304,12.698443243614847,0.2761297177468287
122.8872667062715,-49.55967163142546,545.2199215424516,1627.3328688724876,14.167855745166506,13.044362213821204,12.74031029196426,1.1234935313453018,0.3040519218569439,1.0534935313453018,12.827362213821203,0.3530519218569439
122.78672811099013,-49.5904822781344,654.6984245058902,1626.726572793,15.614544586140966,15.689223751062553,15.939205117691795,-0.0746791649215872,-0.2499813666292425,-0.14467916492158722,15.472223751062552,-0.2009813666292425
122.72005968849923,-49.611817600254525,727.8581334173658,1627.658655315871,14.131321116279569,13.075738593603525,12.778107384855373,1.055582522676044,0.2976312087481521,0.985582522676044,12.858738593603524,0.34663120874815206
123.0605327946036,-49.507749704092014,357.2014850123569,1630.3902473998248,13.04631731549222,12.389078687500032,12.317812917724,0.6572386279921876,0.0712657697760317,0.5872386279921875,12.172078687500031,0.12026576977603169
122.5732928971508,-49.65897764608357,888.951569377368,1630.2436609872802,14.531450033796784,13.700641831754018,13.453186119870418,0.8308082020427658,0.2474557118835996,0.7608082020427658,13.483641831754017,0.2964557118835996
122.54782090475403,-49.66749642953087,917.1150777676082,1631.1883292869534,14.423990581105413,13.431732631750393,13.069324895902026,0.99225794935502,0.3624077358483664,0.92225794935502,13.214732631750392,0.4114077358483664
122.43253782639138,-49.70351686811626,1042.8839449665309,1632.1264350270335,15.065929345902696,14.311111762019868,14.231292777253218,0.7548175838828275,0.0798189847666499,0.6848175838828274,14.094111762019867,0.12881898476664988
123.17520072415536,-49.47349931775818,232.76294431432663,1632.845492495087,15.94635488714303,14.388281606104089,13.575591381217452,1.5580732810389415,0.8126902248866372,1.4880732810389414,14.171281606104088,0.8616902248866372
122.95986597326826,-49.54550205970936,471.454790251203,1638.9303808246607,10.548879029266232,10.065313001506013,10.255764651430647,0.4835660277602187,-0.1904516499246344,0.41356602776021867,9.848313001506012,-0.1414516499246344
122.78476771955594,-49.5960163671128,660.0670972677577,1633.473414776174,15.33432673476805,15.516992001725,15.578650194144892,-0.1826652669569508,-0.0616581924198911,-0.2526652669569508,15.299992001725,-0.012658192419891114
123.09015211319212,-49.501697174743946,326.91200842137874,1634.8230561499772,13.71297369016817,12.75573546292983,12.347271186229278,0.9572382272383404,0.4084642767005508,0.8872382272383403,12.538735462929829,0.4574642767005508
122.88771298783524,-49.56521540978769,548.46869459274,1635.1111087298964,14.22961897518529,12.956444499883451,12.71202468515819,1.273174475301838,0.244419814725262,1.2031744753018379,12.73944449988345,0.293419814725262
122.58126449847832,-49.66055255030863,882.901903010203,1635.766681152167,14.341872262033036,13.689163454927714,13.302626420709478,0.6527088071053218,0.3865370342182359,0.5827088071053217,13.472163454927713,0.43553703421823586
122.48709241427338,-49.689408596830816,985.2863882721572,1635.6852532073435,14.37253690218624,13.556603114356172,13.69377425852042,0.815933787830069,-0.1371711441642489,0.7459337878300689,13.339603114356171,-0.0881711441642489
122.84268409842808,-49.58107853572384,598.8587712731694,1637.6458033885351,13.870054921679376,12.823095475678503,12.511414064270202,1.0469594460008729,0.3116814114083013,0.9769594460008728,12.606095475678503,0.3606814114083013
122.69841093426034,-49.6254669028235,756.005701081351,1637.1888296982515,17.077516261851574,18.017151403208093,15.773140786839654,-0.9396351413565184,2.2440106163684383,-1.0096351413565183,17.800151403208094,2.2930106163684383
123.00670316027264,-49.531695648699134,420.7850605961931,1640.0744270349564,12.722895031016511,12.07782294105768,11.907579984177923,0.6450720899588323,0.1702429568797558,0.5750720899588322,11.860822941057679,0.21924295687975578
122.80954033233662,-49.59176439058053,635.2901381753518,1638.1784662149164,14.914746359495991,14.376500505254374,13.928289599972048,0.5382458542416177,0.4482109052823251,0.46824585424161774,14.159500505254373,0.4972109052823251
122.54413386030797,-49.67428001549975,924.8066443801508,1638.940274550119,15.668858929880331,15.257828379953516,14.593313329311291,0.4110305499268154,0.6645150506422244,0.3410305499268154,15.040828379953515,0.7135150506422243
122.40434588956512,-49.71744992212358,1076.954215671912,1639.4266453560658,14.54476118704451,13.892556941172076,13.737896674391898,0.6522042458724346,0.1546602667801782,0.5822042458724346,13.675556941172076,0.20366026678017818
122.41672331402528,-49.71470623186849,1064.1867262528344,1640.851227717019,14.745537234235286,14.002607213015038,13.96465137608874,0.7429300212202481,0.0379558369262973,0.672930021220248,13.785607213015037,0.0869558369262973
123.06700460636723,-49.51267236322006,354.7094507248669,1639.8955970204595,13.003758066556587,12.251710442564892,12.161570472704696,0.7520476239916949,0.0901399698601963,0.6820476239916948,12.034710442564892,0.13913996986019628
122.92301168366232,-49.56070848196246,514.1754301646367,1643.9987978246345,13.347856298374326,12.584547258580956,12.471841659729083,0.76330903979337,0.112705598851873,0.6933090397933699,12.367547258580956,0.161705598851873
123.1046225610234,-49.50265648666665,314.7037405862737,1642.3462790288252,13.682036661886666,12.700831628285592,12.305401965543886,0.9812050336010748,0.3954296627417051,0.9112050336010749,12.483831628285591,0.4444296627417051
122.93477949795724,-49.556116220641755,500.7090786246405,1642.7378308252746,13.295145986313951,12.573310583686512,12.436179846484116,0.7218354026274394,0.137130737202396,0.6518354026274393,12.356310583686511,0.18613073720239598
122.60035743986629,-49.66121152236307,866.3847495478991,1644.728010780481,15.134657718623238,14.875992420967052,13.894391836197116,0.2586652976561865,0.9816005847699358,0.1886652976561865,14.658992420967051,1.0306005847699358
122.4922486531772,-49.69697023010182,985.6274965488004,1648.230672357438,14.866860205730688,13.930518241554736,14.202129709672436,0.936341964175952,-0.2716114681176993,0.866341964175952,13.713518241554736,-0.22261146811769933
123.10407951992848,-49.50911383402637,319.4562678656837,1650.939037579927,13.750219238313214,12.72601895225882,12.295853093345029,1.0242002860543948,0.4301658589137904,0.9542002860543948,12.509018952258819,0.4791658589137904
122.80422297476326,-49.60301484151345,647.3899602926277,1651.3252511242113,15.012569027460918,14.175230959600604,13.850424466882728,0.8373380678603137,0.324806492717876,0.7673380678603137,13.958230959600604,0.37380649271787597
123.00133864795625,-49.54458470192726,434.0467268205677,1655.407369049755,12.245536306453255,11.495546108576663,11.408094499595382,0.7499901978765919,0.0874516089812811,0.6799901978765919,11.278546108576663,0.1364516089812811
122.68917347306888,-49.639354644401635,773.2869073091528,1652.3099479636023,15.295837383152412,14.426678359167964,13.907843351829792,0.869159023984448,0.518835007338172,0.7991590239844479,14.209678359167963,0.5678350073381719
123.06448198355308,-49.52297110658356,363.7521163051416,1652.8938282518543,15.53084611332148,14.994806862650083,15.1610917273631,0.5360392506713971,-0.1662848647130168,0.4660392506713971,14.777806862650083,-0.1172848647130168
122.82889754058066,-49.59927845341784,623.042887728019,1656.699348590721,13.390216476335317,12.198594208855209,11.857141570833164,1.191622267480108,0.3414526380220444,1.121622267480108,11.981594208855208,0.3904526380220444
122.43134632781192,-49.72303655572576,1056.616348724177,1658.4234591002285,14.145336622132447,13.197803097463984,13.14950370530041,0.9475335246684632,0.0482993921635745,0.8775335246684632,12.980803097463983,0.09729939216357449
123.20401844640026,-49.48775774145757,216.64304305625453,1664.7304174476708,11.590579684703629,10.598089907916547,10.40277503458647,0.9924897767870816,0.1953148733300764,0.9224897767870817,10.381089907916547,0.2443148733300764
122.94004805269157,-49.567336706253414,503.42126554271056,1660.3399735828118,13.55287637854088,12.992821155035548,12.919775038734423,0.5600552235053318,0.0730461163011249,0.49005522350533176,12.775821155035548,0.12204611630112489
122.41742783636688,-49.73016541895341,1073.5955972531178,1662.3716180933084,13.950362733030389,13.199174217605885,13.200078265859254,0.7511885154245039,-0.0009040482533695,0.6811885154245039,12.982174217605884,0.04809595174663049
123.3221193759014,-49.4493204522967,86.3398992720815,1663.210014166667,12.78844771045127,11.977253364009233,11.82161225382229,0.8111943464420381,0.1556411101869432,0.7411943464420381,11.760253364009232,0.2046411101869432
123.155938716365,-49.501337676108704,268.2972225604322,1662.5930497066274,16.37032086726797,16.4275887305517,14.510130125721307,-0.0572678632837302,1.9174586048303937,-0.12726786328373021,16.210588730551702,1.9664586048303936
122.69709755554398,-49.64467250676086,769.7334730410603,1662.9528418243394,12.980043247114091,12.165966601884206,12.034275679272618,0.8140766452298855,0.1316909226115878,0.7440766452298855,11.948966601884205,0.18069092261158778
123.26655834874458,-49.46803600056444,148.07190404786047,1664.7587686059726,15.196812262263071,14.97044685453107,15.325566186813347,0.2263654077320005,-0.3551193322822765,0.1563654077320005,14.75344685453107,-0.3061193322822765
123.18891940077502,-49.49463922830921,234.6003258264778,1667.629758590872,11.71630904372062,10.732382813446314,10.603514134186296,0.9839262302743066,0.1288686792600177,0.9139262302743065,10.515382813446314,0.17786867926001768
122.9285410650768,-49.574873763461504,518.5922533186705,1665.7420954473778,15.299568397449352,15.41625627424141,15.12045662141093,-0.1166878767920582,0.29579965283048,-0.18668787679205823,15.19925627424141,0.34479965283048
122.71102716755682,-49.64551060515313,757.9230852642215,1670.0001419451155,13.00772156598261,12.213246476956815,12.129317049249988,0.794475089025795,0.0839294277068276,0.7244750890257949,11.996246476956815,0.13292942770682759
123.32975908001924,-49.455775746165706,83.85783745563268,1675.323573191782,12.792634030836178,11.961886005568234,11.8428420369807,0.830748025267944,0.1190439685875333,0.7607480252679439,11.744886005568233,0.1680439685875333
123.02323867728563,-49.54845409489902,417.1696978014037,1670.0704887464549,13.296915138604584,12.494264441702692,12.540887295859743,0.8026506969018925,-0.0466228541570519,0.7326506969018924,12.277264441702691,0.0023771458429480904
122.8604206866293,-49.59916645620389,595.0010767816443,1669.9591782319346,12.83527723032796,11.744270436323704,11.537203684949755,1.0910067940042565,0.207066751373949,1.0210067940042564,11.527270436323704,0.25606675137394896
123.17939155235528,-49.5009172575318,247.2133293310065,1672.105986038906,13.90125708108194,13.101466304464248,12.954951610406408,0.7997907766176926,0.1465146940578403,0.7297907766176925,12.884466304464247,0.19551469405784028
122.83572741939422,-49.60961264426109,623.7677956841864,1673.754208407716,13.25294389411171,12.145297368952328,11.809587084761308,1.1076465251593817,0.3357102841910198,1.0376465251593816,11.928297368952327,0.38471028419101977
122.5827173917642,-49.68775561540501,899.3496192171216,1673.6880745565609,14.99445542120005,14.065569003544288,13.880453330783912,0.928886417655761,0.1851156727603768,0.8588864176557609,13.848569003544288,0.2341156727603768
122.47921625060334,-49.72087527746494,1012.7373642717688,1675.558163247199,13.180028721080909,12.24670844755678,11.911665665656512,0.9333202735241296,0.3350427819002668,0.8633202735241297,12.029708447556779,0.3840427819002668
123.14328406365313,-49.5146098002041,288.3116162336255,1675.28860353801,16.646243588777665,17.642622146712792,14.597828521426104,-0.9963785579351274,3.0447936252866885,-1.0663785579351275,17.425622146712794,3.0937936252866884
122.86627206435196,-49.604956766111755,593.6150880363297,1680.3768241280616,12.735448869376288,11.696116972632854,11.496237759886812,1.039331896743434,0.1998792127460422,0.9693318967434339,11.479116972632854,0.2488792127460422
122.854400179593,-49.60637078746207,605.0747320231616,1677.259620809343,12.7164392250475,11.645861889841203,11.397485748971745,1.0705773352062966,0.2483761408694587,1.0005773352062965,11.428861889841203,0.2973761408694587
123.28532180351188,-49.47370879466646,135.19735107843908,1680.6026243083622,15.582591431945223,14.881999396390333,14.582837493654177,0.7005920355548909,0.2991619027361558,0.6305920355548909,14.664999396390332,0.34816190273615577
122.45379480570112,-49.73327731460772,1043.350541844019,1681.9033025745,14.81940363872354,13.522134274343104,13.12017486178889,1.2972693643804352,0.4019594125542145,1.227269364380435,13.305134274343104,0.4509594125542145
122.50842928299195,-49.714533658075034,982.6962507650944,1679.136784577594,14.151233420624813,13.037698297584518,12.76814659544882,1.113535123040295,0.269551702135697,1.043535123040295,12.820698297584517,0.318551702135697
122.44293801970484,-49.73668740128779,1055.1969277377557,1682.027483024908,14.772406899552076,13.437055100053112,13.070556053715666,1.335351799498964,0.3664990463374451,1.265351799498964,13.220055100053111,0.4154990463374451
123.14067413810275,-49.52121302873813,294.99814656606,1683.1903403614372,15.557600127475284,15.103389195997863,14.118844394464183,0.4542109314774212,0.98454480153368,0.3842109314774212,14.886389195997863,1.03354480153368
122.48179885352673,-49.72654145745782,1014.130553598462,1684.419638924801,13.182550140395753,12.237919563590667,11.881350424655436,0.9446305768050856,0.3565691389352317,0.8746305768050855,12.020919563590667,0.40556913893523167
122.57300294942898,-49.699100482824214,915.3635879644132,1685.1524471239006,15.187382665463064,13.929681270472932,13.74526687132129,1.257701394990132,0.1844143991516418,1.1877013949901318,13.712681270472931,0.23341439915164178
123.26357393532976,-49.486315203143015,162.86085447318771,1688.4289960356343,14.992200638779126,13.518210479854885,13.42259300799556,1.4739901589242417,0.0956174718593239,1.4039901589242416,13.301210479854884,0.1446174718593239
122.59865289933153,-49.69178785394836,887.8433113334639,1685.9389841754355,13.85558864071791,12.891989271755534,12.727925168695045,0.9635993689623756,0.1640641030604896,0.8935993689623756,12.674989271755534,0.2130641030604896
122.87351260369596,-49.609792546905275,590.3711856821303,1690.0790489754836,12.781604466761856,11.738253359001554,11.53539102762834,1.0433511077603017,0.2028623313732147,0.9733511077603016,11.521253359001554,0.2518623313732147
123.04779202639456,-49.55756966907304,401.40968416555216,1693.0471775119825,13.312060583953398,12.409617143715025,12.242152083484434,0.9024434402383736,0.1674650602305902,0.8324434402383736,12.192617143715024,0.2164650602305902
122.65571111273316,-49.6793559980385,829.1198543445854,1692.9851161117158,17.079571990826434,15.531984382603008,15.9334067194665,1.5475876082234254,-0.4014223368634919,1.4775876082234254,15.314984382603008,-0.3524223368634919
123.15986034863906,-49.523755163013334,279.6665969193357,1694.908628759516,16.66574859108194,15.443700568733483,15.593326627214552,1.2220480223484564,-0.1496260584810684,1.1520480223484564,15.226700568733483,-0.10062605848106843
122.50276649997797,-49.72787324384561,996.3988681436974,1695.0598954727122,13.937017864018877,13.115214271702138,12.743795969069197,0.8218035923167388,0.3714183026329412,0.7518035923167388,12.898214271702138,0.42041830263294117
122.8542338902918,-49.62228474445767,615.6761597867136,1698.975932567682,15.3630516839748,13.98564229910478,13.285008987071166,1.3774093848700204,0.7006333120336148,1.3074093848700203,13.76864229910478,0.7496333120336147
123.25690873004412,-49.49931194717692,177.4030260621701,1703.3005528096885,14.278531115301629,13.043011632834768,12.787784031736802,1.2355194824668612,0.2552276010979657,1.165519482466861,12.826011632834767,0.3042276010979657
122.7407282814588,-49.659870953164976,740.9798025454799,1702.2598092192345,15.247717204359269,14.284367917541152,14.317054363365376,0.9633492868181168,-0.0326864458242237,0.8933492868181168,14.067367917541151,0.01631355417577629
122.59648939920729,-49.70473966198827,898.2107708920796,1702.788066862773,13.802652807475638,12.747112485332137,12.487480309504072,1.0555403221435018,0.2596321758280648,0.9855403221435017,12.530112485332136,0.3086321758280648
122.58264911308608,-49.70752156410561,912.2985225868366,1700.768089130588,13.71779970980808,12.778993072123257,12.443522434548909,0.9388066376848236,0.3354706375743479,0.8688066376848236,12.561993072123256,0.3844706375743479
123.14514663998054,-49.5338882490531,299.42382244575833,1702.431970525089,15.29838927821091,15.788228871590556,14.618195844732544,-0.4898395933796458,1.1700330268580128,-0.5598395933796458,15.571228871590556,1.2190330268580127
123.3419984897074,-49.472693743351314,84.26304609084463,1703.7043938534505,15.371039690079265,14.455456357376136,14.286744849897048,0.9155833327031287,0.1687115074790881,0.8455833327031288,14.238456357376135,0.2177115074790881
122.63813753860146,-49.693283685198054,853.8019220308461,1704.654952699625,14.446733913213787,13.616964825139773,13.483332619093636,0.8297690880740145,0.133632206046137,0.7597690880740144,13.399964825139772,0.18263220604613697
122.79676286117,-49.64525717340076,681.7157456462016,1706.0086906958024,13.732533541823091,12.909256851879448,12.499274611823196,0.8232766899436434,0.4099822400562516,0.7532766899436434,12.692256851879447,0.4589822400562516
122.46962687552508,-49.745871971892605,1037.493586350083,1705.8373102637324,15.38901168504009,14.394322899948344,14.447179693918567,0.9946887850917464,-0.0528567939702231,0.9246887850917465,14.177322899948344,-0.0038567939702231144
123.3541331561879,-49.47158976848243,72.76962580567506,1707.4456327659768,17.403442050277103,16.350299825789573,15.380579076321116,1.05314222448753,0.9697207494684577,0.9831422244875299,16.133299825789575,1.0187207494684576
123.11992499105696,-49.54437392144508,328.7265027301131,1705.9319466219897,16.277646794144598,15.490732006257748,14.69072054046566,0.7869147878868503,0.8000114657920872,0.7169147878868503,15.273732006257747,0.8490114657920871
122.45621557234077,-49.751069423366026,1052.7642268326483,1707.341518992098,16.186191445685385,15.35464827746418,14.762696932095349,0.831543168221204,0.5919513453688321,0.7615431682212039,15.13764827746418,0.640951345368832
122.80713897575792,-49.64375739283002,671.531817713737,1708.3604807166826,13.524076734214988,12.806912125282055,12.45986042152058,0.7171646089329329,0.3470517037614762,0.6471646089329328,12.589912125282055,0.3960517037614762
123.37638737694571,-49.46616823650398,49.42920688086815,1709.6772077249489,14.998017933595628,15.00449728106716,14.76776397107319,-0.0064793474715312,0.2367333099939692,-0.0764793474715312,14.787497281067159,0.2857333099939692
123.03418237575862,-49.574661304676106,424.7617891862003,1710.5921512978623,14.81560900186304,14.000467863750144,13.28070903786316,0.8151411381128959,0.7197588258869843,0.7451411381128958,13.783467863750143,0.7687588258869842
122.90976395352614,-49.612509244945976,560.012089347656,1709.2383931804009,12.399230872910524,11.7477959029948,11.589161114458262,0.6514349699157229,0.1586347885365384,0.5814349699157229,11.5307959029948,0.20763478853653838
122.7038373534588,-49.67615193304699,784.3478483411568,1708.946197443134,14.086728687750188,13.79907773422708,13.727865012233137,0.2876509535231086,0.0712127219939429,0.2176509535231086,13.582077734227079,0.1202127219939429
122.69054132491917,-49.68252969033218,800.3084341955254,1712.0613311979132,14.396455641418722,13.533170945442526,13.498293723549654,0.863284695976196,0.0348772218928719,0.7932846959761959,13.316170945442526,0.08387722189287189
123.24950710725028,-49.50795277189779,189.70296491221967,1711.908758992018,14.453189270373208,13.15254340218066,12.78011761552918,1.3006458681925483,0.3724257866514797,1.2306458681925483,12.93554340218066,0.4214257866514797
122.8243804203421,-49.64159514508927,654.8263831005495,1712.723378147611,14.827709585290942,14.411765427121932,14.113869043342024,0.41594415816901,0.2978963837799071,0.34594415816901,14.194765427121931,0.3468963837799071
123.28107008906618,-49.500465075587485,156.74885722810558,1715.2956974217095,14.146426830030144,12.985147499765668,12.622445910204943,1.1612793302644755,0.362701589560725,1.0912793302644754,12.768147499765668,0.411701589560725
123.10168472637176,-49.5580407281532,353.9378445202449,1716.7859651280628,14.859047618222714,14.769174625624744,13.752575924719505,0.0898729925979697,1.0165987009052395,0.019872992597969694,14.552174625624744,1.0655987009052394
122.65764097900232,-49.69651229605592,838.6181213954799,1717.3189908302732,14.689066807098753,13.627044453773207,13.19927719043396,1.0620223533255455,0.4277672633392466,0.9920223533255454,13.410044453773207,0.47676726333924657
122.92191135934738,-49.61409814174497,550.2881956990564,1716.590067241902,13.469092317835573,12.455952870081068,12.2374461111003,1.0131394477545044,0.2185067589807676,0.9431394477545043,12.238952870081068,0.2675067589807676
122.67130730802332,-49.69306264904237,824.2476980246704,1718.365363181474,15.559944305833977,13.969739049594269,13.566606032133311,1.5902052562397078,0.4031330174609575,1.5202052562397077,13.752739049594268,0.45213301746095746
122.93498239792862,-49.61172441506028,537.1383191571509,1718.914722082491,15.983526767128524,14.530363396548996,14.155231369084662,1.453163370579528,0.3751320274643337,1.3831633705795279,14.313363396548995,0.4241320274643337
123.400889481171,-49.46701913288186,28.27631607072241,1721.446984614763,13.45585761523827,12.589530957768792,12.307893333348742,0.866326657469477,0.2816376244200498,0.796326657469477,12.372530957768792,0.3306376244200498
123.29157890157404,-49.50172039078609,148.26789802119242,1721.5438647761273,14.24304699355707,13.038099221429992,12.655420741427005,1.2049477721270776,0.382678480002987,1.1349477721270775,12.821099221429991,0.431678480002987
123.41705379115132,-49.46563798803125,13.028242598370568,1726.5656520775,13.428207712520583,12.730378458017876,12.30807995905172,0.6978292545027074,0.4222984989661569,0.6278292545027073,12.513378458017876,0.4712984989661569
122.70132385675862,-49.68869242873154,794.7802311184137,1725.0684935781692,13.065088233999674,12.469300247851828,12.412147963754808,0.5957879861478457,0.05715228409702,0.5257879861478456,12.252300247851828,0.10615228409701999
123.2873737386012,-49.50866910060795,156.61384864934683,1729.2155133293168,14.645649820007916,13.333948778462476,12.85412226224996,1.3117010415454402,0.4798265162125155,1.2417010415454401,13.116948778462476,0.5288265162125154
122.85822084520184,-49.64261183238306,625.4953012204326,1728.5004683972747,14.980279190142817,13.954874514519853,14.037851729340208,1.0254046756229638,-0.0829772148203549,0.9554046756229637,13.737874514519852,-0.033977214820354915
123.2454850281034,-49.52556594326759,204.96216942601492,1734.2271287350263,12.806598275968092,12.019229412041184,11.87480896987314,0.7873688639269076,0.1444204421680446,0.7173688639269076,11.802229412041184,0.19342044216804458
123.1086787349774,-49.5671168587841,353.74151409940475,1732.190703198884,14.525958715989823,14.00736788201576,13.32305399477676,0.5185908339740628,0.684313887239,0.4485908339740628,13.79036788201576,0.7333138872389999
122.69471915707956,-49.69828227678896,806.907510843302,1735.4174941450397,12.679925817987616,11.987995498404048,11.957848399961716,0.6919303195835678,0.0301470984423328,0.6219303195835677,11.770995498404048,0.07914709844233278
122.865806516136,-49.64469429500225,620.1402119061145,1734.577631042084,15.2694536252751,14.126401385270176,14.050512245514492,1.1430522400049234,0.0758891397556844,1.0730522400049234,13.909401385270176,0.12488913975568439
123.18502225571451,-49.54540561352478,271.7065333299497,1735.3040634663816,15.543857030367748,14.060267271975588,13.69576439715819,1.48358975839216,0.3645028748173988,1.41358975839216,13.843267271975588,0.4135028748173988
123.1207754467729,-49.56467161476667,341.40301678462316,1734.0372917647285,14.632150305821416,13.907803586335216,13.662728682853675,0.7243467194861992,0.2450749034815409,0.6543467194861992,13.690803586335216,0.29407490348154086
122.94035549904196,-49.62072273295128,538.3002673452589,1733.518542237674,16.560028873285415,14.781762295057185,13.848685527586168,1.77826657822823,0.9330767674710164,1.70826657822823,14.564762295057184,0.9820767674710165
123.3425052674508,-49.4995621521894,101.698460871471,1740.5904981893889,13.301390203826529,12.452300554214055,11.993932953996072,0.8490896496124734,0.4583676002179828,0.7790896496124733,12.235300554214055,0.5073676002179828
122.4931010782616,-49.762454953929726,1027.465383669227,1738.4536315428734,15.247717530540902,14.591321347007584,14.275600236868607,0.6563961835333174,0.3157211101389769,0.5863961835333174,14.374321347007584,0.3647211101389769
122.73759012498688,-49.68757150763898,761.9016964889453,1738.8829054319108,16.083430259833076,15.038620639453432,14.994187363843846,1.0448096203796435,0.0444332756095864,0.9748096203796435,14.821620639453432,0.09343327560958639
123.1973031164315,-49.54401597814593,259.9020680985297,1738.6865051724492,14.538189961779388,13.52398391090728,13.034082132240224,1.014206050872108,0.4899017786670558,0.944206050872108,13.30698391090728,0.5389017786670558
122.96507606431352,-49.620080152348464,515.9692164403286,1743.1843418152318,11.510623650602296,10.876417671819286,10.830553054088982,0.6342059787830099,0.0458646177303041,0.5642059787830098,10.659417671819286,0.09486461773030408
123.12864444505044,-49.56699852968956,335.96936169110427,1740.5934842491467,15.286941104382857,14.524237771544673,14.27040721195983,0.7627033328381838,0.2538305595848431,0.6927033328381837,14.307237771544672,0.30283055958484306
122.71259638682768,-49.69705569906444,790.2608538118516,1741.298668910441,12.663176807042964,12.024036164310814,11.941517088612606,0.6391406427321495,0.0825190756982081,0.5691406427321495,11.807036164310814,0.1315190756982081
122.6442761001828,-49.72033506464432,866.0276898543425,1744.3335353095597,13.414687408060358,12.610004041718025,12.43146445093752,0.8046833663423332,0.1785395907805043,0.7346833663423331,12.393004041718024,0.22753959078050429
122.79143943689502,-49.67441068149328,705.5546624980437,1743.6783787586896,13.475951286543175,12.738181611008493,12.526343989751052,0.7377696755346825,0.2118376212574411,0.6677696755346825,12.521181611008492,0.2608376212574411
123.20078248534972,-49.54756324148364,259.1710347892427,1745.0284018722907,14.293539592756304,13.33243710662421,12.906724892892612,0.9611024861320931,0.4257122137315985,0.8911024861320931,13.11543710662421,0.4747122137315985
123.17201046563515,-49.55900858536712,292.2516187763809,1748.295667893629,15.31637902553288,14.104247043001337,13.568702987856648,1.2121319825315435,0.5355440551446886,1.1421319825315435,13.887247043001336,0.5845440551446885
123.1317083482698,-49.570347503996395,335.47091861064274,1746.4848437362728,15.3816836041856,14.933470218010823,14.839174339947313,0.4482133861747766,0.0942958780635105,0.37821338617477657,14.716470218010823,0.1432958780635105
123.12189051277424,-49.573285240533146,346.11447792252864,1746.2876626023722,14.718146542822469,14.193216650809775,13.801804598834632,0.5249298920126932,0.3914120519751431,0.45492989201269324,13.976216650809775,0.4404120519751431
122.70476365166144,-49.705627525324694,802.810817894947,1749.7318799087634,12.643729001571751,11.92872707332671,11.901344048359828,0.7150019282450408,0.0273830249668822,0.6450019282450408,11.71172707332671,0.0763830249668822
123.31003500794613,-49.51638638452751,141.66354671311225,1749.5292821502576,14.891409102436665,13.735405068331808,13.63545654544076,1.156004034104857,0.0999485228910472,1.086004034104857,13.518405068331807,0.1489485228910472
122.7879663856006,-49.67916939824457,711.7529374043505,1748.7229719909162,13.383273835165982,12.70100667223942,12.488764004981729,0.6822671629265624,0.2122426672576907,0.6122671629265624,12.484006672239419,0.2612426672576907
123.07661271402856,-49.593030035929075,399.28950708339823,1753.8706143377651,11.373747316453583,10.729367298596612,10.819922076278369,0.644380017856971,-0.0905547776817563,0.5743800178569709,10.512367298596612,-0.041554777681756305
123.33373716771212,-49.513007445497834,118.41608089874696,1755.1515500669598,13.607802207934336,12.621048217236773,12.36046770297884,0.9867539906975632,0.2605805142579331,0.9167539906975632,12.404048217236772,0.3095805142579331
123.31966232118153,-49.51397100499795,131.52707557709772,1750.388480092382,13.79658217940928,12.831451314744347,12.635946779658411,0.965130864664932,0.1955045350859361,0.8951308646649321,12.614451314744347,0.2445045350859361
123.2705060676494,-49.53084161415323,186.2947380794392,1752.212849794984,13.059344899060676,11.98281569640142,11.792019923353468,1.0765292026592554,0.1907957730479523,1.0065292026592554,11.76581569640142,0.2397957730479523
123.20227169736062,-49.554229868488896,262.2724081374499,1754.775201301253,14.693586717327038,13.738060114730324,13.181197428728428,0.9555266025967146,0.5568626860018959,0.8855266025967146,13.521060114730323,0.6058626860018959
122.94396630222208,-49.633201673653936,543.3178182210293,1752.1328850122484,12.666562911904997,12.190461661589408,11.88686845312602,0.4761012503155886,0.3035932084633881,0.4061012503155886,11.973461661589408,0.3525932084633881
122.7962329664554,-49.68145158791605,705.9248266107988,1755.3552466070057,13.355668335965794,12.658011819175693,12.562909004418549,0.6976565167901008,0.0951028147571442,0.6276565167901007,12.441011819175692,0.1441028147571442
122.62221504701591,-49.7325802538874,893.5733371330339,1751.814123536442,15.046850212142871,14.25452227215604,14.03573663874274,0.7923279399868317,0.2187856334132991,0.7223279399868316,14.037522272156039,0.2677856334132991
123.04339033100412,-49.60284224552903,435.2064299498893,1753.0667249593232,16.877560251982022,15.025914534898297,14.6220293050675,1.8516457170837253,0.4038852298307969,1.7816457170837252,14.808914534898296,0.4528852298307969
122.96396052989397,-49.63115822027239,524.2569342266272,1757.8641493346224,11.461877208241662,10.838318240168254,10.794739861513817,0.6235589680734073,0.0435783786544377,0.5535589680734072,10.621318240168254,0.09257837865443769
123.1918893628072,-49.5577654522838,273.8149774277824,1755.1407480866926,14.626743445793256,13.594090537701016,12.880226830363412,1.0326529080922402,0.7138637073376035,0.9626529080922401,13.377090537701015,0.7628637073376034
122.74718068963335,-49.69740483946596,759.8431593645621,1756.416923345617,17.78044535285992,15.130740655178508,14.769430093569412,2.649704697681413,0.3613105616090966,2.579704697681413,14.913740655178508,0.41031056160909657
123.23172106471176,-49.54728530772422,231.57511211331567,1757.9605913942414,14.25102021616724,13.113270316594408,12.651984861637407,1.1377498995728317,0.4612854549570002,1.0677498995728316,12.896270316594407,0.5102854549570002
122.89765861004636,-49.6524150978501,596.991084667731,1758.699034824551,14.368049214340232,12.980976127325237,12.70994130465603,1.3870730870149952,0.2710348226692058,1.3170730870149951,12.763976127325236,0.3200348226692058
123.1644977328971,-49.568094872130246,304.92780955080434,1757.4826723174367,14.499523105966633,13.56540297138938,13.131534073149355,0.9341201345772524,0.4338688982400249,0.8641201345772525,13.34840297138938,0.4828688982400249
122.71372717694952,-49.71016311054261,797.8363824902633,1759.738719990163,13.414541426155171,12.556300315808874,12.474898188487115,0.858241110346297,0.0814021273217591,0.788241110346297,12.339300315808874,0.1304021273217591
123.1715566724597,-49.56729021243938,298.1410812423682,1759.415301612948,14.707178456598797,13.56308148917728,13.158452464179993,1.1440969674215165,0.4046290249972877,1.0740969674215164,13.34608148917728,0.4536290249972877
122.62790576028024,-49.73636561956005,891.0021500843399,1759.4045436737174,15.69125735863174,15.258222275722844,14.594249424594562,0.433035082908896,0.6639728511282819,0.36303508290889597,15.041222275722843,0.7129728511282818
122.99873902321823,-49.62340810295222,488.33686566034106,1762.1072316739785,14.308045975631307,13.617920003805423,13.36149246510591,0.6901259718258839,0.2564275386995138,0.6201259718258838,13.400920003805423,0.3054275386995138
122.98150674365542,-49.627969310563685,506.610480115988,1760.988949494427,11.77641482696283,11.121644166160612,11.046864475622131,0.6547706608022175,0.0747796905384809,0.5847706608022174,10.904644166160612,0.12377969053848088
123.38294734371976,-49.50259438632733,67.88697016039436,1762.2141344421498,14.967362510377502,14.138708711785569,13.957193045501686,0.8286537985919331,0.1815156662838823,0.758653798591933,13.921708711785568,0.2305156662838823
123.29023768087995,-49.53284098667974,170.14303195080123,1763.449722618195,12.486892832941884,11.53305905636738,11.367883790613154,0.9538337765745036,0.1651752657542253,0.8838337765745037,11.31605905636738,0.2141752657542253
123.307428702534,-49.52645901714778,150.6713428164363,1762.1536239380268,12.91263955443068,12.01491073942488,11.744125301423423,0.8977288150057987,0.2707854380014574,0.8277288150057986,11.79791073942488,0.31978543800145737
122.6750246259933,-49.72851782798075,844.1299012250562,1768.5344747909355,11.471116185781094,10.851510211534375,10.874252175888891,0.6196059742467188,-0.0227419643545161,0.5496059742467188,10.634510211534375,0.026258035645483888
123.40259382153654,-49.49933212066022,48.309432345861104,1766.2650936091013,14.815306426094036,14.266388567823206,13.34503929493888,0.5489178582708298,0.921349272884326,0.47891785827082983,14.049388567823206,0.9703492728843259
122.78791750300536,-49.69215724250764,720.3129335275366,1766.4913659983745,13.672630292979791,13.1380197800961,13.15225957196381,0.5346105128836918,-0.0142397918677108,0.46461051288369176,12.921019780096099,0.03476020813228919
123.353534883337,-49.5154833508455,102.52628782648618,1767.0837182435746,12.423392136226717,11.69902846530321,11.47722719399806,0.7243636709235073,0.22180127130515,0.6543636709235072,11.482028465303209,0.27080127130514997
122.99254763803664,-49.63054969458297,498.5310725499133,1769.2318333209648,13.994598088829797,13.3368114577742,13.23073534669326,0.6577866310555969,0.1060761110809398,0.5877866310555968,13.1198114577742,0.15507611108093977
123.36113862682232,-49.51822106622829,97.61452703438071,1774.1056420223206,12.546207148342177,11.853390470974595,11.623878597015407,0.6928166773675812,0.2295118739591881,0.6228166773675812,11.636390470974595,0.2785118739591881
123.33594498980403,-49.526101438568865,125.17465540122258,1773.9753411105469,13.682509275888275,12.609761712609568,12.387873738853417,1.072747563278707,0.2218879737561518,1.0027475632787068,12.392761712609568,0.2708879737561518
123.14728504152542,-49.58424890233044,330.8745051395739,1772.1655095115796,12.85225765054633,12.335334663233034,12.33859649177182,0.5169229873132952,-0.0032618285387862,0.4469229873132952,12.118334663233034,0.04573817146121379
123.4319434283089,-49.49575136042213,19.92524972002846,1774.0903354343438,14.490763031103686,13.176644072587612,12.600642078288246,1.3141189585160742,0.5760019942993662,1.2441189585160741,12.959644072587611,0.6250019942993661
123.17378651341345,-49.577227050972255,302.7502366486341,1773.949053819212,15.63255896290102,14.363826101778908,14.327874137156932,1.2687328611221125,0.0359519646219759,1.1987328611221124,14.146826101778908,0.08495196462197588
123.13049957837326,-49.58932484105905,349.1024196938955,1771.900615054024,12.75471257227596,12.177608301579378,12.042551269354709,0.5771042706965819,0.1350570322246689,0.5071042706965818,11.960608301579377,0.18405703222466888
122.93440182182162,-49.65140791936263,563.7788618972754,1772.968287250218,15.216306733325958,14.07336984968366,13.831751522097957,1.1429368836422975,0.2416183275857033,1.0729368836422974,13.85636984968366,0.2906183275857033
122.92555253758998,-49.655956203816274,574.6111935849257,1775.4223037817071,15.51346659007997,13.845935453408826,14.004416227024835,1.667531136671144,-0.1584807736160094,1.597531136671144,13.628935453408825,-0.10948077361600941
122.9007352393019,-49.66272452574431,601.0464874707727,1774.1188044065927,14.298151168832204,12.866460642559687,12.540693716166608,1.4316905262725168,0.3257669263930793,1.3616905262725167,12.649460642559687,0.3747669263930793
122.4912267350846,-49.78852161289989,1046.0814695771835,1773.438742155018,15.313930583132764,14.464719453879963,15.09281915112983,0.8492111292528008,-0.6280996972498674,0.7792111292528008,14.247719453879963,-0.5790996972498674
123.44548034518326,-49.493474042363985,6.416327253749842,1776.8501643065265,14.28077766722749,13.24392707533809,12.664553217689278,1.036850591889399,0.5793738576488128,0.966850591889399,13.02692707533809,0.6283738576488127
123.1188525716852,-49.59686668365255,364.40920720646216,1777.2134901482782,13.820802534531795,12.874293759392929,12.706584137482722,0.9465087751388666,0.1677096219102072,0.8765087751388665,12.657293759392928,0.21670962191020718
123.2278989689426,-49.564957152780856,246.688379523973,1780.4504151592894,13.290470181266317,12.617212690496787,12.467249993841545,0.6732574907695295,0.1499626966552423,0.6032574907695294,12.400212690496787,0.1989626966552423
122.96306786227711,-49.64903837048631,536.828618770832,1781.9452924407726,12.462096334204173,11.294455881066424,10.823993794578035,1.1676404531377482,0.4704620864883893,1.0976404531377482,11.077455881066424,0.5194620864883892
122.7126118444698,-49.72509649297939,808.5969850987386,1779.730986672287,14.802920945387516,14.01044189377978,13.359567870168792,0.7924790516077369,0.6508740236109869,0.7224790516077368,13.793441893779779,0.6998740236109868
123.14125741836314,-49.59338885789081,342.2647207326299,1782.0688527550556,12.809191180979116,12.17714820086248,12.126341816021682,0.632042980116637,0.0508063848407971,0.5620429801166369,11.960148200862479,0.0998063848407971
122.6572178954948,-49.745088234389605,870.7329196515873,1783.7303904628473,13.598392001004385,12.362584384624824,12.157913521089952,1.2358076163795602,0.2046708635348721,1.16580761637956,12.145584384624824,0.2536708635348721
123.43144623040254,-49.500950835165675,23.83494904422782,1780.9665267891626,14.259784732265564,13.244792797522209,12.687079936038389,1.014991934743355,0.5577128614838198,0.9449919347433549,13.027792797522208,0.6067128614838198
122.77100714715114,-49.70763454882508,745.4389217764839,1780.5239011312256,20.307404618289752,15.262796614456995,14.671931919328951,5.0446080038327565,0.5908646951280438,4.974608003832756,15.045796614456995,0.6398646951280438
123.44034610606752,-49.50346936676426,17.634459348568377,1788.2570121165152,14.297524961160054,13.0902373276158,12.572795700382276,1.2072876335442544,0.5174416272335236,1.1372876335442543,12.873237327615799,0.5664416272335235
122.93801781564753,-49.661488817494224,567.2135780622085,1788.3031238604926,14.804481765856377,13.653858092741386,13.557716231304358,1.1506236731149908,0.0961418614370277,1.0806236731149907,13.436858092741385,0.14514186143702767
122.85013877414472,-49.68898777651133,663.121411613846,1788.5577833092475,17.894514653226427,14.9892142022366,14.353302071316032,2.9053004509898273,0.635912130920568,2.8353004509898274,14.772214202236599,0.6849121309205679
122.79624118753134,-49.70708234157926,722.7286732742151,1790.462776375772,15.747907958988163,14.269315080038504,13.902995883849025,1.4785928789496587,0.3663191961894796,1.4085928789496587,14.052315080038504,0.4153191961894796
122.73049944524767,-49.72693765162649,793.9597743747777,1789.8196221500627,15.024840995724784,14.101196561972042,13.747251458185284,0.9236444337527416,0.3539451037867582,0.8536444337527416,13.884196561972042,0.4029451037867582
122.95709018160754,-49.657670073598034,547.8091573218749,1791.2060165558703,12.478109193052576,11.279690600923814,10.834447666316604,1.1984185921287622,0.4452429346072097,1.1284185921287622,11.062690600923814,0.4942429346072097
123.0043983622026,-49.64341953165403,496.5232839472401,1791.8947711449534,14.82215930192964,13.637912299014287,13.174979979678069,1.1842470029153525,0.4629323193362182,1.1142470029153524,13.420912299014287,0.5119323193362182
123.42090338614857,-49.515340744973145,42.770851157186854,1796.0281618966517,13.432833868416363,12.405424175899094,12.25394994453326,1.0274096925172689,0.1514742313658352,0.9574096925172688,12.188424175899094,0.2004742313658352
123.09723001917578,-49.61750995438363,397.2120547338597,1796.1640388750316,15.552769131044872,14.299563464573808,13.960228250143247,1.2532056664710645,0.3393352144305606,1.1832056664710644,14.082563464573807,0.38833521443056057
123.02014097062002,-49.640643724103235,480.75212879735784,1794.8214994927514,12.427771430256948,11.653449254689196,11.495351629916309,0.7743221755677521,0.1580976247728873,0.704322175567752,11.436449254689196,0.2070976247728873
122.82555262337551,-49.70196588241203,693.4153243905215,1795.889276984174,16.471870819488593,15.960536768587612,14.583003171980645,0.5113340509009809,1.377533596606968,0.44133405090098093,15.743536768587612,1.4265335966069679
122.6963649681995,-49.743315842970205,834.9057010137232,1797.8320735194484,17.74398016012724,14.019710952755686,13.521372571344813,3.724269207371554,0.498338381410873,3.6542692073715544,13.802710952755685,0.547338381410873
122.99998735636323,-49.64979765737492,504.6359560699872,1798.7354491677618,17.104907689205707,14.590249626645043,14.0266314642913,2.514658062560663,0.5636181623537428,2.4446580625606633,14.373249626645043,0.6126181623537428
123.1101041798294,-49.61568140967807,384.60378344758897,1799.1793204868018,15.392869424143605,13.82483003436556,13.497742594504286,1.5680393897780451,0.3270874398612733,1.498039389778045,13.60783003436556,0.3760874398612733
123.1714059484006,-49.597937458379455,318.58156938720623,1801.2220342276576,15.63236193174012,16.63081191893205,15.980662123938949,-0.9984499871919308,0.6501497949931014,-1.0684499871919309,16.41381191893205,0.6991497949931014
123.03025124912278,-49.645551826602805,475.0399644852412,1805.8527925731032,12.42994668780044,11.654589035852664,11.534531748950606,0.7753576519477754,0.1200572869020586,0.7053576519477753,11.437589035852664,0.16905728690205857
123.23212703808105,-49.58177750788926,254.10753446050097,1805.241162380434,14.976164496255503,14.052425162782129,13.763296794548795,0.9237393334733746,0.2891283682333334,0.8537393334733745,13.835425162782128,0.33812836823333337
122.62551810048043,-49.77072402548037,915.5485524028225,1805.5078259223003,15.706966264168324,15.414832792116837,14.638209437129486,0.2921334720514874,0.7766233549873505,0.22213347205148737,15.197832792116836,0.8256233549873504
122.99398760741448,-49.65642416581578,514.3180998168813,1805.2386406511837,15.855564081214482,14.35348474715949,13.72477224947156,1.5020793340549918,0.6287124976879301,1.4320793340549918,14.13648474715949,0.6777124976879301
122.87401899895733,-49.693690565712785,645.0663741536158,1805.14251532517,14.841476244235036,14.645286707691016,14.807579171580391,0.1961895365440202,-0.1622924638893756,0.12618953654402018,14.428286707691015,-0.11329246388937561
122.61404853827678,-49.77415733166859,927.9450411843104,1805.3826290525071,16.854527680916252,15.168351795718204,15.526885240889309,1.6861758851980486,-0.3585334451711048,1.6161758851980486,14.951351795718203,-0.3095334451711048
123.17347934958607,-49.60158864070696,319.1653480522823,1807.100519012793,14.773266422838647,15.369900124334446,15.062378481954289,-0.596633701495799,0.3075216423801574,-0.666633701495799,15.152900124334446,0.3565216423801574
122.56592698556727,-49.792365262397624,982.4274688963084,1810.09837821959,15.274761891745417,14.253456872931984,14.276079593019784,1.0213050188134325,-0.0226227200877993,0.9513050188134324,14.036456872931984,0.026377279912200687
123.24743522868845,-49.57922695826345,238.8625688537829,1808.3443280825109,14.525514516055942,13.60961992188245,13.504854136130689,0.9158945941734924,0.1047657857517609,0.8458945941734923,13.39261992188245,0.1537657857517609
122.97361671893316,-49.665371550484245,538.2512392436798,1808.7884769722616,14.727058496419565,13.886876979500064,13.31743584874497,0.8401815169195004,0.5694411307550933,0.7701815169195003,13.669876979500064,0.6184411307550932
122.9056648141154,-49.68579749604773,611.8589156246034,1807.7953010854108,15.8923617423148,14.841283669984294,14.67957932020333,1.0510780723305049,0.1617043497809653,0.9810780723305048,14.624283669984294,0.21070434978096528
123.08696552799938,-49.630456891511294,414.86007043563416,1809.4672370546784,15.698624429760088,14.8261437875741,14.065115961919744,0.8724806421859874,0.7610278256543559,0.8024806421859874,14.6091437875741,0.8100278256543558
123.18022105181484,-49.60244056009818,313.76187009315106,1811.1587996121784,14.96888688606168,16.182523747671755,14.89937153006066,-1.213636861610075,1.2831522176110948,-1.283636861610075,15.965523747671755,1.3321522176110947
123.023794806759,-49.651510337342664,484.6885254371195,1811.2432740855609,12.421938022595608,11.623621227418194,11.464878692652084,0.7983167951774135,0.1587425347661106,0.7283167951774134,11.406621227418194,0.2077425347661106
122.7504208960776,-49.73946347015127,784.5241785348278,1815.410551820316,12.061036356937729,11.32432089064076,11.247208379967208,0.7367154662969693,0.077112510673551,0.6667154662969692,11.107320890640759,0.126112510673551
122.5877505449838,-49.78739036614035,959.8622526701326,1812.4565130407525,14.48948246695415,13.032811055223137,12.88287064106229,1.4566714117310138,0.1499404141608469,1.3866714117310137,12.815811055223136,0.1989404141608469
122.9479184993424,-49.67722337117029,568.8092534268445,1814.050601488662,15.731372898591456,14.362626469472143,14.770015863015914,1.3687464291193123,-0.4073893935437702,1.2987464291193123,14.145626469472143,-0.3583893935437702
122.78096176349824,-49.72965325909685,751.0585728772227,1814.9024061856692,15.40120668277602,15.7514147892591,14.807342320899773,-0.3502081064830786,0.9440724683593268,-0.4202081064830786,15.534414789259099,0.9930724683593268
122.77299739783756,-49.73112156972511,759.0716833962101,1813.5402887763637,14.657189217037324,14.445912969935153,13.961129447336148,0.2112762471021714,0.4847835225990042,0.1412762471021714,14.228912969935152,0.5337835225990042
122.70171296780823,-49.75337297478261,836.7497281127866,1813.8748471970528,15.156530123527002,13.694439136513402,13.330404685428542,1.4620909870135996,0.3640344510848603,1.3920909870135996,13.477439136513402,0.4130344510848603
123.37056773728082,-49.54555637420572,107.4734580186441,1815.479300385012,16.44313776472818,14.46935270140501,14.06410314886703,1.973785063323172,0.4052495525379793,1.9037850633231719,14.252352701405009,0.4542495525379793
122.83360680743104,-49.71565815620455,695.2736691803415,1818.0562659932525,15.06456466761018,14.528876824731682,14.289781694376972,0.535687842878497,0.2390951303547108,0.465687842878497,14.311876824731682,0.2880951303547108
122.53358810799894,-49.810104905549544,1022.6149333598036,1820.841977833838,14.231238030429534,13.25078550130523,13.418810179428046,0.9804525291243033,-0.1680246781228156,0.9104525291243033,13.03378550130523,-0.11902467812281561
122.54885293228118,-49.805121668049175,1005.8559525637396,1820.418973510271,14.67834066940475,13.300953725252764,13.471906297666026,1.3773869441519864,-0.1709525724132614,1.3073869441519863,13.083953725252764,-0.1219525724132614
122.89644110517376,-49.69742121172332,627.669970885685,1819.781239220512,15.154647344547634,14.46393803649286,14.236018376525656,0.6907093080547746,0.2279196599672026,0.6207093080547745,14.246938036492859,0.2769196599672026
123.31617923244256,-49.5681911532705,170.67992531931827,1822.892031281366,14.267762720998276,13.369457327386618,12.850124404934029,0.8983053936116576,0.5193329224525893,0.8283053936116576,13.152457327386617,0.5683329224525893
123.32743895034022,-49.565699018462354,159.0566595257965,1824.3470149692455,14.446048935784308,13.382555061960018,12.93017905359623,1.0634938738242905,0.4523760083637871,0.9934938738242904,13.165555061960017,0.501376008363787
123.0277758455843,-49.6588478635269,486.0075221134613,1822.9781101825768,13.53723949727194,12.6947356252577,12.505575224426146,0.842503872014241,0.1891604008315539,0.772503872014241,12.477735625257699,0.23816040083155388
123.42670362963668,-49.53402375186176,50.10030634201405,1824.022231670468,14.298521828584866,13.731332702268745,13.328164302341843,0.5671891263161211,0.4031683999269013,0.49718912631612106,13.514332702268744,0.4521683999269013
123.41808358975304,-49.53773152590638,60.20259568287073,1825.349238353737,14.146490534927883,13.903893357555283,13.3705006001111,0.2425971773726001,0.533392757444183,0.17259717737260008,13.686893357555283,0.582392757444183
123.09211125002618,-49.64031408981445,416.82245120132194,1825.144372822836,15.011153256521824,14.177583605935318,13.723432135651242,0.8335696505865062,0.4541514702840761,0.7635696505865062,13.960583605935318,0.503151470284076
122.7288395281112,-49.754001279633,813.1485037752714,1826.2006943751296,15.422645651667152,15.615514087445131,14.934488480213446,-0.1928684357779797,0.6810256072316854,-0.2628684357779797,15.39851408744513,0.7300256072316853
122.5983569975337,-49.79811473619409,957.4686636868612,1831.6285891069049,13.62068168684333,12.602958616749266,12.388367509136993,1.017723070094064,0.2145911076122733,0.947723070094064,12.385958616749265,0.2635911076122733
122.64822168756623,-49.78149857108557,902.4866098038724,1829.8507836723056,18.2701512893575,14.231906228497357,14.30574587495398,4.0382450608601435,-0.0738396464566228,3.9682450608601436,14.014906228497356,-0.024839646456622816
122.71095333965408,-49.76877965461868,838.6516565743354,1838.892544167187,11.068357435539038,10.19378480187129,10.042923380093582,0.8745726336677482,0.1508614217777086,0.8045726336677481,9.97678480187129,0.19986142177770858
122.90226547925946,-49.70655141132374,628.52053788162,1834.7544441547911,15.10753617456167,14.355936992711998,14.426223336321474,0.7515991818496719,-0.0702863436094762,0.6815991818496718,14.138936992711997,-0.02128634360947622
123.3789543232878,-49.55679146028936,107.5366262539198,1834.432356295063,15.244544030202032,14.205192985077687,14.341908794750491,1.039351045124345,-0.136715809672804,0.969351045124345,13.988192985077687,-0.08771580967280401
122.68658268894784,-49.7747863149276,864.1483906705666,1836.833187762585,14.39861729468997,13.46241784324669,13.37722933567327,0.9361994514432794,0.0851885075734202,0.8661994514432794,13.24541784324669,0.13418850757342018
123.08655097597943,-49.649950248979415,428.1141524008065,1835.9375331814388,14.78278967939831,14.59016009780586,14.175384377571032,0.192629581592449,0.4147757202348288,0.122629581592449,14.37316009780586,0.46377572023482877
123.4221722576724,-49.54661222874476,62.50848965866146,1839.231784078254,14.233808874973407,13.731506329215962,13.348067904579509,0.5023025457574448,0.3834384246364539,0.4323025457574448,13.514506329215962,0.4324384246364539
123.21382790201176,-49.61200471766872,290.36045440947515,1838.6582772308295,17.232221812112456,22.52570738191758,16.576095185721552,-5.293485569805124,5.949612196196028,-5.363485569805125,22.308707381917582,5.998612196196029
122.82761302734023,-49.73446784361463,712.9275897005828,1841.2700105886588,13.062295557106037,12.358991024335513,12.1617262561148,0.7033045327705238,0.1972647682207124,0.6333045327705238,12.141991024335512,0.2462647682207124
123.15897802276092,-49.63160227502083,351.88446520528436,1841.8860309388212,13.98864165180666,12.934980977070856,12.408296719606376,1.053660674735804,0.5266842574644794,0.9836606747358039,12.717980977070855,0.5756842574644794
123.19629898641664,-49.61944546344448,310.80551481882105,1841.2927900041511,15.11945764348351,13.949718867941536,13.332996885495872,1.1697387755419744,0.6167219824456645,1.0997387755419743,13.732718867941536,0.6657219824456644
122.50322126048096,-49.83401049892442,1065.0546313118814,1840.8966244443416,14.658082381347464,14.092243802386989,14.226044356213816,0.5658385789604754,-0.1338005538268269,0.4958385789604754,13.875243802386988,-0.08480055382682691
123.12279072725468,-49.64456739483363,392.4870584905967,1844.093794449154,13.486319208770766,12.739201501129385,12.56626802632402,0.7471177076413813,0.1729334748053652,0.6771177076413812,12.522201501129384,0.22193347480536518
123.11052613516424,-49.651502000083674,407.926612024433,1848.3197291015583,13.636734347571156,12.951016887497117,12.697719188720722,0.6857174600740397,0.2532976987763948,0.6157174600740396,12.734016887497116,0.3022976987763948
123.01917891884722,-49.684300324842326,510.4129399768506,1854.1162969389693,10.55181116601917,9.799000033480311,9.76567554959436,0.7528111325388593,0.0333244838859521,0.6828111325388593,9.58200003348031,0.0823244838859521
122.68333562809671,-49.783523747430934,872.7354864295421,1847.4385451787064,15.648701513504568,14.052405118671562,13.814908023011398,1.596296394833006,0.2374970956601636,1.526296394833006,13.835405118671561,0.28649709566016357
122.78244894713916,-49.756035415295685,767.040130183526,1851.6695014584684,15.833365462194845,14.367774419528152,13.620913311289376,1.4655910426666932,0.7468611082387753,1.395591042666693,14.150774419528151,0.7958611082387752
122.58512221609816,-49.81766608109506,981.9334587516516,1852.8744043047968,15.75824747396798,14.88602054129006,14.467395206173563,0.8722269326779202,0.4186253351164968,0.8022269326779201,14.66902054129006,0.4676253351164968
122.59474680564284,-49.813714835686014,970.840318663838,1851.50384577369,15.240046062641518,14.661943132066323,14.246658219380103,0.578102930575195,0.4152849126862197,0.508102930575195,14.444943132066323,0.4642849126862197
123.13898659244492,-49.64656070502616,379.4775191268695,1853.7563530707516,14.887862350157016,14.930508320722128,14.096268370680018,-0.0426459705651112,0.8342399500421092,-0.1126459705651112,14.713508320722127,0.8832399500421091
122.50791077191694,-49.85425644589627,1074.080133834137,1870.6461439043137,9.41855894360354,8.865808876572908,8.918598815020195,0.5527500670306313,-0.0527899384472867,0.48275006703063134,8.648808876572907,-0.0037899384472867143
122.97041720269468,-49.70012416141621,563.9867849168846,1854.968004289533,11.511085219988646,10.77755760716716,10.7149144509081,0.7335276128214847,0.0626431562590603,0.6635276128214846,10.56055760716716,0.1116431562590603
123.33273248964892,-49.58771016734873,169.0203868749044,1856.6718162160555,14.98687968976517,13.872568876903737,13.339556821727726,1.114310812861433,0.5330120551760107,1.044310812861433,13.655568876903736,0.5820120551760106
122.98660211166072,-49.702650547099005,551.3348485599478,1865.3213131218056,11.434575892415427,10.731026831732596,10.6598732249882,0.7035490606828319,0.0711536067443958,0.6335490606828318,10.514026831732595,0.12015360674439579
123.1466815059668,-49.6520701346386,376.3185825845932,1864.5824946433352,15.597899182832396,19.82710540135295,15.063832882154916,-4.229206218520552,4.763272519198033,-4.299206218520553,19.61010540135295,4.812272519198033
122.97535578528527,-49.707893855987145,564.7390446612657,1867.701502923263,11.443632243678154,10.701974480239944,10.6398214964673,0.7416577634382104,0.0621529837726431,0.6716577634382104,10.484974480239943,0.11115298377264309
122.79518851255534,-49.7662305293088,762.4561830296038,1871.0281345596445,14.508806410498298,13.193469455983726,13.000447870755496,1.3153369545145726,0.1930215852282302,1.2453369545145725,12.976469455983725,0.2420215852282302
123.20845704183525,-49.637060383049736,311.73212765694984,1870.5750861010977,14.023652268741646,12.819452439172732,12.563792458938284,1.204199829568914,0.2556599802344479,1.134199829568914,12.602452439172732,0.3046599802344479
122.65786178678728,-49.809234071135855,912.0784340851692,1871.9379674563304,14.882417322090078,14.31588647540498,13.915507809395963,0.5665308466850973,0.4003786660090167,0.49653084668509734,14.09888647540498,0.4493786660090167
123.25780789085024,-49.62232543904785,258.3051727368806,1871.659064310556,16.051997470064972,14.850625679042352,14.584428513222122,1.2013717910226198,0.2661971658202304,1.1313717910226198,14.633625679042352,0.3151971658202304
123.03085548219072,-49.699443114477624,510.0794522453827,1879.80861168764,15.69737056199455,13.93657173842213,13.72553517804814,1.7607988235724203,0.211036560373989,1.6907988235724203,13.719571738422129,0.260036560373989
123.23949273620458,-49.64056865615091,286.6150342563115,1888.697975225736,11.655407873935689,10.695298046503948,10.498070083773676,0.96010982743174,0.1972279627302722,0.89010982743174,10.478298046503948,0.2462279627302722
122.91794848140678,-49.737213731963664,634.8214721981509,1883.387483825408,15.836337510860588,16.49826204830964,14.613938852173176,-0.6619245374490532,1.8843231961364657,-0.7319245374490533,16.281262048309642,1.9333231961364656
123.350867104504,-49.609713585954374,167.63034117475746,1894.521631049456,12.13680426368332,10.867564129733813,10.411269875841398,1.2692401339495074,0.4562942538924144,1.1992401339495073,10.650564129733812,0.5052942538924143
122.63274446654545,-49.82795352874711,946.5214829186136,1887.021558786473,14.18894666142102,13.136924178643469,12.763673234738237,1.0520224827775522,0.3732509439052318,0.9820224827775521,12.919924178643468,0.42225094390523177
122.5616081832233,-49.852041123431846,1025.144084858433,1890.1424209065117,12.758684452149836,11.557939573451268,11.160792726823647,1.2007448786985684,0.3971468466276207,1.1307448786985683,11.340939573451267,0.44614684662762066
122.74657569062865,-49.79470540123612,824.1138509579312,1889.4696141088136,14.560235292064934,14.139556317958736,13.775444634897513,0.4206789741061989,0.364111683061223,0.3506789741061989,13.922556317958735,0.413111683061223
122.89636533628844,-49.74966927210292,662.101470719899,1891.26299411503,15.175984957483951,16.16497809984389,14.508952452455487,-0.9889931423599378,1.656025647388402,-1.058993142359938,15.947978099843889,1.705025647388402
122.99586563113668,-49.7212083196988,555.3800928726481,1894.654563031148,13.002694720002362,12.280890067288604,11.986147195745565,0.7218046527137574,0.2947428715430398,0.6518046527137573,12.063890067288604,0.3437428715430398
122.87208392121296,-49.76021897765351,690.5074798854619,1895.3945485070487,14.311147117149073,13.76648743154318,13.419842356900816,0.5446596856058932,0.3466450746423639,0.47465968560589317,13.549487431543179,0.39564507464236387
123.33935522321012,-49.614722249059206,181.14230570344543,1896.393271119579,12.16420894420524,10.879278393869534,10.427334639493044,1.284930550335707,0.4519437543764901,1.2149305503357068,10.662278393869533,0.5009437543764901
123.1750698723298,-49.66789717714469,361.69959032985827,1898.376146160162,15.765276848050178,13.720636204932754,13.85351615423929,2.0446406431174236,-0.1328799493065364,1.9746406431174235,13.503636204932754,-0.08387994930653642
123.02727712440574,-49.71424697637581,523.0155156521216,1898.5269193659608,13.393233813464596,12.24728065885076,11.940393576431362,1.145953154613835,0.306887082419399,1.075953154613835,12.03028065885076,0.355887082419399
122.98280836437256,-49.727838988873614,571.2966003230091,1898.1614513557536,13.152379937012592,12.282334257385704,12.01848287636912,0.8700456796268874,0.2638513810165843,0.8000456796268873,12.065334257385704,0.3128513810165843
122.73354334830836,-49.8073957242312,843.9484726473771,1901.3511110624904,14.184299079875244,13.175962799171144,13.006689035821909,1.0083362807041,0.1692737633492349,0.9383362807041,12.958962799171143,0.2182737633492349
122.52645704977157,-49.872635039200574,1069.6418659626506,1903.6426978952632,13.851290529580854,12.453507573945128,12.175404827468483,1.3977829556357264,0.2781027464766445,1.3277829556357263,12.236507573945127,0.3271027464766445
123.0564559213502,-49.7132096346235,496.5359860484235,1909.561194523553,12.343201932001325,11.30288390140444,11.007677154968716,1.0403180305968842,0.2952067464357242,0.9703180305968842,11.08588390140444,0.3442067464357242
122.95454696375248,-49.742310931401384,605.8187010010006,1905.9286350163136,15.872350360718777,14.760588445693504,16.09447867745517,1.1117619150252729,-1.333890231761668,1.0417619150252728,14.543588445693503,-1.2848902317616682
123.200170293738,-49.66661101162401,338.6580084947278,1907.3839905203497,20.34933736271587,14.763507171662004,14.845953039059763,5.585830191053864,-0.0824458673977588,5.515830191053864,14.546507171662004,-0.033445867397758816
123.04067235073732,-49.722687359721185,516.7467361520398,1915.784292784174,12.79591793313487,11.69155300867182,11.395386945811795,1.1043649244630505,0.2961660628600242,1.0343649244630504,11.474553008671819,0.3451660628600242
123.0277516005875,-49.72470885876436,529.5017426487104,1913.036765128052,13.286899737928833,12.132266584012354,11.848199042250243,1.1546331539164782,0.284067541762111,1.0846331539164782,11.915266584012354,0.333067541762111
122.864075679857,-49.77857843835182,709.6533806187757,1917.1312586418296,15.545079282109718,14.092083653478984,14.035060673814495,1.4529956286307346,0.0570229796644881,1.3829956286307346,13.875083653478983,0.10602297966448809
