x,y,raw_flux,Blue,B_mag
4.927158519008853,1.6445959159596963,423.0420716843233,15.687666544301793,15.992666544301793
56.952530040029245,2.350409738141945,3806.5685310610943,13.302291312550487,13.607291312550487
229.25319954102287,0.988306199644731,95919.77761871654,9.798855036910995,10.103855036910995
261.4585954124917,0.8031335149180743,3182.281279927893,13.496779034872334,13.801779034872334
407.3938607351737,4.421757024390935,2807.337121324131,13.632889024044253,13.937889024044253
425.3617591041677,0.5210627657844816,1937.8913466480365,14.035301886333857,14.340301886333856
443.6821438441237,0.49752042298636684,1697.150236084585,14.179324722762772,14.484324722762771
487.58951289455234,0.3531516276029936,164.17069954137708,16.7153863230958,17.0203863230958
792.053424552379,1.5339765953837232,3637.327324676461,13.351669482051044,13.656669482051043
880.1683513191706,0.7050250865595729,163.74791790753522,16.718185978598633,17.023185978598633
985.1705259525775,0.37278208691601533,398.12796983494127,15.753568721683997,16.058568721683997
179.63222841263118,1.9240072210702168,687.1262578482474,15.161034082483262,15.466034082483262
580.2684978498977,4.2735992397150415,737.282788553764,15.08454020579915,15.38954020579915
149.3935589454698,5.356877206584542,1449.5207842324542,14.350564327583744,14.655564327583743
678.567307625526,6.626026125665899,2866.784097127411,13.610137978339495,13.915137978339494
798.540512395523,7.920736818654402,6861.010758533435,12.662655194134336,12.967655194134336
916.889427605674,4.473197039201569,378.2699187747488,15.80912092948656,16.11412092948656
926.1661439119526,4.3987324985692045,641.5886053316576,15.235483839366303,15.540483839366303
176.03109785928498,5.675952068706611,422.36289225589155,15.68941105701481,15.99441105701481
304.97716262701215,6.5585830600434925,1591.8231713928328,14.24888838939834,14.55388838939834
498.8477161809026,6.4514915164330695,113.49619150916581,17.116172223611027,17.421172223611027
1050.2852505687258,9.471403846594189,6239.453585705009,12.765759048920708,13.070759048920708
513.504537717458,8.797352836892939,605.4751687954298,15.298384602588937,15.603384602588937
851.4928562686728,9.553375707499299,1462.55958637726,14.340841523018803,14.645841523018802
331.57365613526326,10.051488163056508,973.9172849230491,14.782320260738292,15.087320260738291
408.77885318797155,10.876043915273785,3056.647510637524,13.54051204687861,13.84551204687861
420.6075560151871,11.6886436241167,718.4189907190303,15.112680935034419,15.417680935034419
948.0956538969667,12.76995455033748,1164.4464634117821,14.58832662944152,14.89332662944152
463.43472734652454,13.518207906572403,8226.731942448041,12.465557078445752,12.770557078445751
807.2702526173086,11.418231123393893,1878.0824808923323,14.069338791149622,14.374338791149622
322.66147342070997,13.813517748113814,4590.00808453655,13.099091818771463,13.404091818771462
833.753715360583,13.978986312212914,2342.633207083887,13.829364707046073,14.134364707046073
996.0147476643696,14.616728143140294,7379.871829017578,12.58350339691812,12.88850339691812
1069.8618027068078,16.600094882100592,14521.298520750985,11.848611811215704,12.153611811215704
263.75295700325074,14.56630903210609,550.0923455272571,15.402536440377123,15.707536440377122
523.9914599730436,13.549425270616268,951.8379974721723,14.807217850235645,15.112217850235645
599.2859031587524,17.795142169537975,7208.282539729448,12.609045942096873,12.914045942096873
610.4148390023473,14.772228922324873,421.60971070261724,15.691348932001207,15.996348932001206
662.4917000847852,15.688656386693065,1081.5868379208564,14.668471960959666,14.973471960959666
40.07306047774897,16.10819265312584,769.5142636626288,15.038083759224515,15.343083759224514
184.07160251106276,17.31632972832771,5693.70434268928,12.865138165555067,13.170138165555066
248.82954433649178,15.307599672124557,869.6844497000328,14.90522118299032,15.21022118299032
283.13367324603934,15.3122367070394,416.76995606355126,15.703884434503255,16.008884434503255
407.01170888230786,16.597998185193024,1538.6601650873235,14.285768669138232,14.590768669138232
290.0185631580773,16.150067173298297,388.35265275772514,15.78055975476604,16.08555975476604
700.3177078616739,18.901027116169754,2519.525954540826,13.750328353614949,14.055328353614948
513.7385737168744,19.30692494540682,1315.600040196184,14.455815749760633,14.760815749760633
222.3478588751483,19.31101403707944,359.69049585420464,15.863803038574947,16.168803038574946
303.3545547004993,21.25653725636115,1523.960268080179,14.296191333846387,14.601191333846387
1046.0560774231542,21.67100226618434,3453.964229997092,13.407830855943082,13.712830855943082
96.48675090208731,24.88054454526252,22456.126421957437,11.375288333473975,11.680288333473975
377.29793499834534,21.01568246952288,144.37863545809807,16.854868112657318,17.159868112657318
672.1238807980284,22.6742386109586,306.2324530746329,16.038497411742483,16.343497411742483
809.9965217342676,21.899741194655203,367.29105599550905,15.841099562832962,16.146099562832962
148.86548246144147,23.25107986919572,990.5980824934021,14.763881737508115,15.068881737508114
394.22487151538496,22.71385914955055,785.7538204507399,15.015409191714088,15.320409191714088
541.9508262031958,21.878160451590375,458.91028285702873,15.599305972231344,15.904305972231343
197.85401849322005,26.887324593281676,13429.85977662776,11.933446749579328,12.238446749579328
236.07255134906083,24.867940273734302,710.3010199375647,15.125019349245381,15.43001934924538
311.4798095991592,27.56727554991843,3481.9265395059256,13.399076434256042,13.704076434256041
417.9102799734765,24.48050366135822,719.0622754486947,15.111709183145855,15.416709183145855
941.5453854351285,25.846364282539522,1969.8314990558297,14.017552750317726,14.322552750317726
1034.3184972126462,25.290510230151177,-73.73919067311515,,
609.5181226297943,27.256824261072037,149.54875301520147,16.816668454715977,17.121668454715977
725.336063261237,30.8223055798027,24405.01474865871,11.28492775883677,11.589927758836769
1017.1897992356882,29.487663834507423,2837.0632050026106,13.621452916822282,13.926452916822281
255.65025173361622,30.01732123838561,630.0918363332372,15.25511581296888,15.56011581296888
459.8310100126181,30.211431245805347,1624.8672271881135,14.226580746835097,14.531580746835097
978.7519157983112,30.176664231697174,1010.6769500132026,14.742094542250323,15.047094542250322
22.393089602440842,33.0083563741525,1506.4780436371962,14.30871842902688,14.61371842902688
945.045435206425,33.95065585549236,3812.8234565305743,13.300508702973005,13.605508702973005
38.49280034184751,32.60084830144556,354.9824792914736,15.878108149187337,16.183108149187337
540.4441341638338,33.10730400465385,776.6009736904615,15.02813061815479,15.33313061815479
1050.342119934865,33.149193809937586,-57.99488737247259,,
103.88459062765156,34.55664127376926,2657.0830563848567,13.692612619937663,13.997612619937662
452.67974692906864,33.93373664786031,1455.6464075997133,14.345985712665112,14.650985712665111
796.2074840289195,35.53819043301352,5022.329241852199,13.00136249558671,13.30636249558671
999.9301159402962,33.95246177088724,1293.1244743536809,14.474524616279997,14.779524616279996
1064.511434998032,34.102734755968484,213.28247289711544,16.431237526177526,16.736237526177526
128.08948824291392,35.988313268247175,990.7405501153071,14.76372559836781,15.06872559836781
756.848985837401,37.80966349888867,3709.9396537978637,13.330208331458817,13.635208331458816
407.7027108306659,38.950122717023106,2434.625733205219,13.787544924817269,14.092544924817268
73.61185248017496,39.65486886090242,1872.7883631257414,14.07240368961585,14.37740368961585
572.3064311206501,39.74336858946237,1357.766217062334,14.421562948265734,14.726562948265734
598.4569640559307,38.055172107520704,-109.99283492128401,,
897.4822951744043,38.2740415268147,824.9032600229709,14.962617895105609,15.267617895105609
1076.5215776257737,39.41533613548607,931.9966117162105,14.830089611273834,15.135089611273834
420.38278331847874,42.113176323779115,13403.20891494519,11.935603477552867,12.240603477552867
891.229475524721,39.1443313083097,1113.9343718966265,14.636476432773346,14.941476432773346
163.77728028100768,40.70761069526591,521.9853451033804,15.459479669399375,15.764479669399375
392.1173206419213,41.11340442161364,1818.9321298005125,14.10408420885048,14.40908420885048
678.2585455125264,42.008312930359686,3067.838358822334,13.53654426155995,13.84154426155995
988.3157657001832,42.19985728996701,2521.1039060771645,13.749648581754805,14.054648581754805
459.77147470790175,41.8285156019427,217.79092269754887,16.408526007840095,16.713526007840095
499.55231010644803,42.24135444715164,368.90191053764,15.836348183866601,16.1413481838666
653.1687727635573,43.75193313517389,1838.5595165884658,14.092431212170904,14.397431212170904
774.8037697002961,47.03419282367188,23539.95835099077,11.324111219672018,11.629111219672017
813.230536604124,42.68277331794129,476.19333792550606,15.559167156927026,15.864167156927026
540.3856560871199,43.00224904080849,-268.2738761120641,,
587.255480159625,44.930629851044415,1426.71049927083,14.367785801809932,14.672785801809932
662.6918142975358,45.349123651403154,673.8013526615198,15.182295748721296,15.487295748721296
670.865325262292,44.15946083874314,1997.9868666273615,14.002143872084671,14.307143872084671
236.44747211900037,46.393374433949546,361.8560107844602,15.857285967258353,16.162285967258352
883.0476395395675,48.319077200924504,1767.7591942416025,14.135067683164062,14.440067683164061
170.23474755058865,46.2724059340551,543.5513937576536,15.415523910748403,15.720523910748403
524.7872658110563,45.964700283077036,-100.12204910369417,,
377.47838250222156,49.27978453437592,130.1339484002542,16.967648927621767,17.272648927621766
955.9074484780518,51.16170352545296,10851.486172117915,12.164902391630209,12.469902391630209
844.2908253914562,50.28365010531226,-195.23493773515884,,
151.4285861530143,50.8077961882542,828.1612586645501,14.958338169032789,15.263338169032789
610.8972833868246,51.59302080392207,789.184001846847,15.010679763076665,15.315679763076664
923.7388821149518,50.48845396886051,859.8237873289461,14.917601805316428,15.222601805316428
8.411296304663784,52.15930023164227,737.1232507743505,15.084775169491909,15.389775169491909
64.72490373915271,53.47312286750643,2515.673536599431,13.75198974179166,14.056989741791659
296.64839555330553,53.39610578784136,4184.388739916262,13.19954538308581,13.50454538308581
647.896559974376,52.214629221868485,888.6667378228765,14.881778132129059,15.186778132129058
728.6582753358502,53.34398153035346,1938.0047944946814,14.035238327131028,14.340238327131027
88.21877959972397,54.481907293743014,1373.7542438760786,14.408852827261029,14.713852827261029
587.6435645166376,53.13000448067076,497.8813720669539,15.51081075068084,15.81581075068084
737.6301349552663,53.52295810535185,1193.1944663388304,14.561847368526982,14.866847368526981
1032.8948841155964,58.5914362635296,52963.764155233934,10.44367833744632,10.74867833744632
548.5343563592324,57.08830255841586,6790.970617690807,12.67379581640871,12.97879581640871
1076.9274600492463,56.66870694659014,917.8495529703321,14.846696693126486,15.151696693126485
502.9534241263923,61.73566065245279,19667.6720810466,11.519243048235833,11.824243048235832
799.6829204841761,61.01264671781025,23982.196934231008,11.303903032591247,11.608903032591247
827.3762633599614,57.943819004254905,785.8140825215442,15.015325926190588,15.320325926190588
861.3150774447622,61.82986061038122,9926.0390030846,12.261685501538786,12.566685501538785
48.08516308618139,61.322544312260504,8797.843752690895,12.392684833066198,12.697684833066198
222.9640363038322,61.30116090427018,6819.7689541160335,12.669201291182723,12.974201291182723
108.62314012386605,60.229290640647356,1406.0088832720364,14.38365528346436,14.68865528346436
384.7220129064638,62.03522670476183,1211.8277242157592,14.545023234783013,14.850023234783013
40.116368595360626,62.333180509488884,4891.20048204842,13.030086784501298,13.335086784501298
88.87307551235601,62.85526455310028,882.3662091608525,14.88950327462097,15.19450327462097
280.4606396877697,67.00125041368894,47044.94440358503,10.572343045881224,10.877343045881224
832.2172079694609,62.96793763211283,1034.5156829491204,14.716782747894122,15.021782747894122
336.71936257240696,63.344687800724216,1865.4614453008405,14.076659750899129,14.381659750899129
707.9204786464911,62.525678554123694,481.6182886869326,15.54686801945099,15.85186801945099
738.1870216016802,62.34925129631346,1102.5257232507054,14.647653617783961,14.95265361778396
1052.3451417940096,61.93126567011768,752.9365461262764,15.061729501232684,15.366729501232683
989.5342541711778,66.13254706161393,7660.783690427948,12.542942445480882,12.847942445480882
361.968810959508,66.25838126197995,1101.8608263589379,14.648308586986023,14.953308586986022
514.3276893153783,70.15028973109061,24894.900756514107,11.263349446708704,11.568349446708703
549.7745076722807,67.78510859123017,2572.8792571650247,13.727576930830942,14.032576930830942
216.89714651079206,68.62409376595264,2839.9499455311898,13.620348730908791,13.92534873090879
262.5766232495609,69.87257017160037,2164.013673025395,13.915475443776012,14.220475443776012
612.1402957775086,66.74125930450403,666.6883521149228,15.193818276159373,15.498818276159373
843.7313044751346,67.33576666765342,3419.327889812107,13.41877357341021,13.72377357341021
482.2170374305961,69.0130070717787,1702.108867438872,14.176157109325736,14.481157109325736
15.687008928430055,68.54253193839556,874.9114222281702,14.898715228932405,15.203715228932404
632.5352229952888,69.95790370031669,1514.7055029504681,14.302804936917358,14.607804936917358
60.63028916960857,69.35737082755327,129.11464413134144,16.97618668854371,17.28118668854371
95.28021079901148,70.13198321185526,661.6180806139896,15.202107032333911,15.507107032333911
198.33883308195925,69.64944174437026,645.8058361211165,15.228370531459031,15.533370531459031
491.2144678790107,69.76424093492912,862.1499107803616,14.914668475978221,15.21966847597822
847.7530846692338,72.39372166786555,3849.517009328015,13.290109837644929,13.595109837644928
384.49119536785423,74.40634486734629,10464.948157136814,12.204282741946454,12.509282741946453
656.2752708653364,72.58948226564668,2597.963128307365,13.717042987361616,14.022042987361615
368.58508328337064,74.72184875536442,943.5848290125027,14.81667307078792,15.121673070787919
936.7043582806746,73.57399064434746,383.3373725296725,15.79467254049639,16.09967254049639
998.9027238929808,73.46376482755299,1736.9042583688074,14.154185745140804,14.459185745140804
416.10888753005327,74.92837478243445,728.6108293336476,15.09738639029191,15.402386390291909
693.7629089261202,74.3125353007953,1583.8911823499927,14.254312092306805,14.559312092306804
869.4021464800882,74.55144749258933,826.8290876629675,14.960086078442586,15.265086078442586
35.87790804595471,75.18526296089334,134.94323202152094,16.928247675663577,17.233247675663577
339.2891130072434,77.66017000497408,2548.416015024828,13.737949630815743,14.042949630815743
5.022591105493937,77.38998792042231,1012.8001301140303,14.739816073792909,15.044816073792909
962.6206959339534,78.29032729314099,394.9323429195205,15.76231869078916,16.06731869078916
88.03279563560817,77.87730924599373,372.2903154674929,15.826421097724285,16.131421097724285
904.5067088057276,79.9027891146893,3715.3906826191946,13.328614225839392,13.633614225839391
770.33833094037,79.1481350127968,693.1067710994482,15.151625091015319,15.456625091015319
994.7254811392962,82.63200612648113,3350.4747079303443,13.440859585256913,13.745859585256913
609.4740800179857,83.52970769802187,6649.990620779764,12.696572863035712,13.001572863035712
662.1232976881435,81.94092911776535,308.669018003068,16.02989284425107,16.33489284425107
700.8519976324695,86.42499051397866,13184.020027615386,11.953505809753388,12.258505809753387
838.5881584009613,87.16978081421743,7745.107261988373,12.531056853257628,12.836056853257627
984.1014750294925,82.00136325755827,303.2984301342226,16.04895003891492,16.35395003891492
317.16210632629065,83.43019878681031,1339.6902367230832,14.43611446403608,14.74111446403608
475.67951045570834,84.74169617968407,5026.242083715957,13.000516939705768,13.305516939705768
275.2861197196463,85.4681886807873,1721.7208179989902,14.163718618153707,14.468718618153707
509.3971601466696,84.91133211330207,2523.582895478013,13.748581507081495,14.053581507081494
560.0926604191078,90.45510250612695,54262.57913148885,10.417374364505665,10.722374364505665
948.5272861943691,85.42701204965927,87.13094248461663,17.403194415537413,17.708194415537413
306.074544455155,86.65460004338695,1085.2320656845147,14.664818901181897,14.969818901181897
528.0261625788548,87.08090590255752,281.1354427428561,16.131336443558713,16.436336443558712
740.7703169218246,87.90541696864203,2112.943294384352,13.941405840126908,14.246405840126908
852.0924059167021,88.8764780888058,1925.3593026999424,14.042345975778865,14.347345975778865
922.9663213439869,85.87079573226447,272.3781873100563,16.165694631702173,16.470694631702173
1043.8634095231862,88.2687096396085,2983.815858423502,13.566695400420247,13.871695400420247
490.9756499454951,89.82322165695959,5645.241075204023,12.874419212879367,13.179419212879367
879.0060828047514,88.92314394667703,1009.7382946828191,14.743103376599583,15.048103376599583
1072.4596441760314,91.1436812095368,15216.546138676717,11.797835227003883,12.102835227003883
11.698185850049681,88.10829831991836,237.64513165510758,16.313803140303946,16.618803140303946
39.84677057968599,89.69719565179406,337.06946814789774,15.934326905510435,16.239326905510435
642.5371623591554,89.30716603622228,88.02901606907966,17.39206082590277,17.69706082590277
822.7207974288448,89.6501241053843,268.06935306900436,16.18300752930373,16.48800752930373
970.915286030009,89.79637510160026,466.5947295473112,15.581275872754198,15.886275872754197
127.9764183659312,92.8906253283912,6004.020776406496,12.807519978927253,13.112519978927253
137.69722725069457,93.27635428579654,2472.3006469650004,13.770872238689142,14.075872238689142
722.5805846829577,91.77534235094652,453.38966562330603,15.612446403024345,15.917446403024345
795.1244047442755,91.45539686200758,807.1329846278202,14.986262705639817,15.291262705639816
206.695528463001,94.41043065481053,2418.6343002813364,13.794699925953214,14.099699925953214
517.4231347788993,92.44980513542939,438.93640178842173,15.647621447049843,15.952621447049843
782.886099918046,101.86022175376306,5980.86034131509,12.811716291590187,13.116716291590187
114.53409112064004,96.4643744396219,471.2711331087229,15.570448348401893,15.875448348401893
935.4181352186797,97.22130299785515,851.7543977665347,14.92783948348779,15.23283948348779
1061.1046162996251,104.82126565282641,58996.46128059812,10.326560538414169,10.631560538414169
169.7612987428133,102.28966807974867,13184.43424170572,11.953471698748636,12.258471698748636
667.3505687482033,98.43913362106534,83.26288646829535,17.45249678879459,17.75749678879459
1009.8978514974775,102.35309768169056,7355.0823355928005,12.587156598088743,12.892156598088743
907.1762136049658,100.75683536540707,1987.7150995460956,14.007740102907832,14.312740102907831
493.7669600975075,106.8113810662324,5917.054531005213,12.823361515681187,13.128361515681187
573.5663057966275,103.33668975959004,2567.119832523872,13.730010090199038,14.035010090199037
380.5878103393135,101.89067813227446,215.97631132450684,16.41761014607855,16.72261014607855
546.4457680110354,103.15438590733733,154.01004945687333,16.784752794147153,17.089752794147152
601.1062319554189,104.33305630737799,1355.9416110967736,14.423022973574426,14.728022973574426
741.656977128379,106.41787837900469,31898.83913512434,10.994188248789307,11.299188248789306
793.7618891839372,102.57035982676908,579.7134984963584,15.345591912619494,15.650591912619493
26.109776509144663,104.98948999797453,904.6031814699679,14.86248016791783,15.16748016791783
134.09495317447968,105.66400651923408,4302.090251997884,13.169426652324912,13.474426652324912
473.3342467782137,104.37447289947154,821.237596020801,14.967453387385074,15.272453387385074
588.59803039708,103.0954970390987,1400.8174917305619,14.387671554814158,14.692671554814158
305.1026662173555,105.82537056612932,1557.8876472150964,14.272285110646378,14.577285110646377
961.9455230208602,105.74302700823479,1293.2446294716271,14.474423736044734,14.779423736044734
338.77301010723943,111.80224226704628,122573.33666547379,9.532635423632097,9.837635423632097
627.9453968256372,108.22577654116401,5703.305356597583,12.863308883814756,13.168308883814756
75.63570674000788,107.75596277095951,852.0873640892496,14.927415132348814,15.232415132348814
843.1996495681955,107.80216561837324,153.36459175587146,16.78931268771504,17.09431268771504
972.6015084328742,108.29851120043513,1661.5623776090852,14.202333819950011,14.507333819950011
983.8780824573171,109.7999136780822,2041.4656805809027,13.978770236651176,14.283770236651176
445.4328340174552,110.63607378867702,1387.9041200264094,14.397726782512056,14.702726782512055
584.5200467070558,118.26991632691713,209106.26243379738,8.952707846181042,9.257707846181042
927.0730000247249,109.83240142284423,1419.170785173023,14.373538789306089,14.678538789306089
15.781642443708728,113.33837755782636,887.2670949647314,14.88348950584287,15.18848950584287
452.8697631196429,112.04821283285533,563.0471009516696,15.37726362822358,15.68226362822358
558.0761277465734,112.94124078158815,-151.9657524553135,,
805.625646737858,112.67039548511278,396.23755508967076,15.758736356837389,16.06373635683739
384.026060089317,114.62689144970042,5661.228885355498,12.871348660187614,13.176348660187614
1008.773838572831,113.81449187114181,1179.7435077464288,14.574156454827726,14.879156454827726
161.0712330116308,114.99015336525162,1731.0207106982525,14.15786978496532,14.462869784965319
185.9930022799449,116.5637619647131,6087.628232158832,12.792505138794686,13.097505138794686
438.7307897356902,117.75271649691182,632.7940528831514,15.250469472640114,15.555469472640114
569.568965034852,116.4449632529407,948.5959782188154,14.81092224737815,15.11592224737815
968.1003994825938,118.02125414763294,1237.6667956628858,14.522116095532764,14.827116095532764
428.8281603700404,118.5368579668019,407.45635910684393,15.728422694564912,16.033422694564912
326.12296937269537,118.70701418089648,1583.1582992670556,14.254814590114826,14.559814590114826
495.7922795009134,118.2409538464673,10076.010910483204,12.245403872239985,12.550403872239984
816.9005296883897,118.21377486948217,378.96120966078416,15.8071385499374,16.112138549937402
934.5707521510695,118.77127493270616,444.72804219036493,15.633389158415854,15.938389158415854
281.74539572787455,123.27834137191503,18533.36095481819,11.58373998465906,11.88873998465906
387.42265652021337,121.36940121522086,4437.683901889602,13.1357345349173,13.440734534917299
607.6265073241157,121.2503536587163,2935.1265205106297,13.584558378637137,13.889558378637137
220.17740377120984,121.18786289231649,1024.8852085553335,14.726937381682669,15.031937381682669
501.6569057905618,127.49208855538375,127975.74309384095,9.485806295036122,9.790806295036122
716.0687472413164,120.14002956729365,444.9983546767948,15.632729431868055,15.937729431868055
75.59754636628927,121.41085533929964,1117.0400610517581,14.633453573089431,14.938453573089431
160.34973837717712,123.84635256393304,2703.043187268824,13.6739929834671,13.9789929834671
460.6555740971239,124.491791809353,451.24421217169544,15.617596333648313,15.922596333648313
726.0001124715353,124.51082271002706,2761.8768826557875,13.650614657593149,13.955614657593149
474.5849017204524,127.64905166475386,4018.864236236608,13.243367106793627,13.548367106793627
523.3653845836942,127.38391619564285,13092.92770126638,11.96103352065053,12.266033520650529
760.9362812006842,124.62875962997711,1961.1345792048492,14.022356951611012,14.327356951611012
777.0096246389936,123.44915402330582,589.3240266997486,15.327740075930105,15.632740075930105
805.0482471778744,131.42814659635548,26107.346122017847,11.21171862763398,11.51671862763398
377.3857001145414,127.19412743492104,-114.6738913620596,,
667.8839312615349,127.79070866449321,1179.199064604902,14.57465762992848,14.879657629928479
855.0362538992451,127.5279191051628,85.09246274605806,17.428897711986266,17.733897711986266
59.30329150079911,129.50400600112226,2271.3015547744817,13.862938449480982,14.167938449480982
78.54566295373246,129.05231389312013,949.8751894350922,14.809459084634462,15.114459084634461
389.57676343187177,128.20049288317713,1271.2959037679689,14.493008825820127,14.798008825820126
315.20505950313554,130.51227842699242,933.5406049554678,14.828292413418389,15.133292413418388
424.52157549650184,129.98854468400384,-58.685470839784784,,
594.4591038785977,130.91407914029824,1552.5518410644904,14.276010168551467,14.581010168551467
635.5890811260996,128.90712765255213,-167.0778309358915,,
1036.6165527998708,129.4873075047885,476.0483599098425,15.559497761818776,15.864497761818775
255.02889184418584,131.3030440956646,601.5806347186453,15.305390826010381,15.61039082601038
322.8290177146441,131.71272738180204,1108.307287702742,14.641974972563567,14.946974972563567
727.9026150015853,133.3707821445969,2175.987630435559,13.909484389325982,14.214484389325982
986.8718939458216,131.73718996767911,315.51938752919705,16.006060319383394,16.311060319383394
1067.3844875009904,133.54884308523836,3489.803998993115,13.396622855030811,13.701622855030811
879.3246731855227,135.58438226385337,1555.14821383856,14.274195980227024,14.579195980227023
19.088752929620423,136.61506028567362,2791.301864843196,13.63910843064062,13.94410843064062
168.08460952580796,135.478804737034,370.5029531385609,15.831646260145735,16.136646260145735
190.03087623336154,136.6087911916496,4084.2536198324556,13.22584368838569,13.530843688385689
899.5058586240558,137.78480594881916,369.1269944687092,15.835685928556572,16.14068592855657
144.1474046416026,138.18236439956604,343.4108646335223,15.914090367463013,16.219090367463014
263.06632952243564,139.1300641747416,223.4893181621487,16.38048351861804,16.68548351861804
386.121825914272,139.74684227252695,715.2450501157913,15.117488292625184,15.422488292625184
659.3529550918618,141.6694013824769,2698.5034507277883,13.675818000564437,13.980818000564437
603.4836504425843,142.7902679758615,707.6918392166679,15.129014976095453,15.434014976095453
444.54042849300885,147.72925154811193,15096.963513900342,11.80640143132465,12.11140143132465
312.08590358191174,148.28594375984764,3684.3399067775845,13.33772621957641,13.64272621957641
559.8922375802728,146.68576539437427,-256.77124709906485,,
674.9780800174137,148.9805507928036,2211.85091056728,13.89173581977558,14.19673581977558
888.2557021342261,147.64645459919143,1153.3582562109614,14.598714872888818,14.903714872888818
2.1426265675595464,148.72698605759766,3769.0736536468758,13.313038884130137,13.618038884130137
329.28183501886593,147.9055564027117,73.52540392027396,17.587531897379186,17.892531897379186
84.85408189486716,149.70527091428113,512.5316563460776,15.479323708436667,15.784323708436666
282.2326948950727,149.37229053304227,759.7275317368747,15.05198078228389,15.35698078228389
543.728669084188,149.0634504761174,-337.7345770570206,,
727.449656952975,150.0592696245926,638.168151862829,15.241287628234694,15.546287628234694
1056.0784016180753,150.59617579272663,123.02135110216395,17.028674213899485,17.333674213899485
356.4518310683831,151.53621726464362,-157.37806031533825,,
686.358828947621,153.9940983057804,13050.760212469853,11.964535919325295,12.269535919325294
1072.6788912232628,155.4632662584547,8247.154547149268,12.462865112261243,12.767865112261243
432.041836691899,151.99154247003645,-116.17933971199737,,
834.0141902279105,153.16503190160196,1817.3451602374985,14.105031898084482,14.410031898084481
231.78644319623885,153.73458489893378,745.6037779911196,15.072355195131687,15.377355195131686
273.93568822745885,154.32711409306816,872.7015808543772,14.901461038285905,15.206461038285905
583.8034092665285,155.15786321743076,1424.7211781407689,14.369300744876133,14.674300744876133
866.9922720006477,154.94164742868958,25.576210399614112,18.73403495508629,19.03903495508629
980.4241204768114,157.78570610440264,1455.2675205754995,14.346268353356095,14.651268353356095
1021.0921437141028,157.7706145739735,5302.119644701809,12.942501636067908,13.247501636067907
130.32654499655146,157.3561829066961,420.24220226581076,15.694876285691846,15.999876285691846
891.012741195952,157.60100729617193,833.284211110566,14.95164256249652,15.25664256249652
196.39010029270813,157.23414337005454,626.9242471246058,15.260587777266721,15.565587777266721
487.9739608547664,171.74195359444093,1003221.7960894865,7.250133047182206,7.555133047182205
167.79191132398637,158.6850108229648,978.0940023346856,14.777673955400736,15.082673955400736
297.09333325744194,160.04644426270295,1848.7056285582282,14.0864560362762,14.3914560362762
459.7367348827884,158.7750280165427,473.2808712165488,15.565828065540604,15.870828065540604
606.6282958120179,159.2642586692249,443.4242920043019,15.636576741764372,15.941576741764372
630.9777918435806,159.3689493536291,998.7204808784446,14.755015554720956,15.060015554720955
910.932689587992,164.80405604207118,77326.2747904585,10.032807723825098,10.337807723825097
53.748324608154235,163.98768568958724,14636.398117642648,11.840039909932564,12.145039909932564
91.59739789591664,159.47448320297391,305.90912516300983,16.039644364881376,16.344644364881376
337.11333880231155,159.98135039149034,2410.759354182882,13.798240793515264,14.103240793515264
809.9669070510013,160.42030657310048,608.2939434239674,15.293341714055435,15.598341714055435
898.7445359230645,159.86410893422658,1871.6257551423441,14.073077912914988,14.378077912914987
77.61155475358075,162.88576041971754,3593.3497751788104,13.364876711692109,13.669876711692108
359.87257691289,163.07991951666693,3727.2777310874517,13.32514605847081,13.63014605847081
748.3368021297553,161.60215389132858,540.6589493158327,15.42131695472937,15.72631695472937
245.9598284368892,164.42048403148058,1369.5558746490183,14.412176057105672,14.717176057105672
660.7004236885689,162.33659884262235,310.55513028876254,16.023278674782684,16.328278674782684
26.535290647366338,163.50514366323543,481.24771716522343,15.547703738928034,15.852703738928033
119.25658884966137,166.1124648223156,3950.105931746699,13.262103588833199,13.567103588833199
330.15915755666276,165.42818801995804,2711.1916816760804,13.670724886575794,13.975724886575794
1069.4084362527392,165.63011441869483,1541.214244776035,14.283967909071734,14.588967909071734
595.8105177309146,166.4769441553592,1186.560175106023,14.567901025252315,14.872901025252315
1027.5908624539625,168.23820320166533,3280.251827132275,13.463857479784876,13.768857479784876
1053.00816916278,165.90688642611514,-32.24851938271141,,
18.902973970062295,170.28955094278803,627.9415461965757,15.258827399891947,15.563827399891947
212.86531908074693,173.6230002239786,2770.4761169430035,13.647239418334713,13.952239418334713
405.81642033421673,175.16366969479142,18781.245978978106,11.56931444320675,11.87431444320675
681.9328271612128,171.2935553408366,371.5309546029873,15.82863793637268,16.13363793637268
522.5627010035372,176.29007300807228,2483.4631563128432,13.765981141569917,14.070981141569916
1032.6078548695846,174.76177016389687,2456.951752376295,13.777633874356752,14.082633874356752
707.5599532983741,184.36566093948556,92941.63443641002,9.8330996810892,10.1380996810892
1044.4779331957639,174.39917869244488,4530.195947008785,13.113332976978786,13.418332976978785
250.7360422270233,175.97510786683023,461.7987140339651,15.592493646941334,15.897493646941333
293.4994820035031,176.8477731362214,2942.081858937962,13.58198856460816,13.88698856460816
1016.8963125163183,175.7348552327887,84.93889827482467,17.430858886095734,17.735858886095734
261.54936336269,177.17982624810492,896.6461372268207,14.872072740278934,15.177072740278934
367.7238894385236,176.65928235861125,142.90824483922938,16.865982231539668,17.170982231539668
396.14052611404395,176.26606476743544,3465.138585885586,13.404323923433516,13.709323923433516
573.2727650694569,177.4219627386256,2942.806832519698,13.581721055701728,13.886721055701727
612.2048648193503,177.01308872318833,709.6931550601257,15.125948903685774,15.430948903685774
967.7132021001531,179.21344704345188,6665.827251156244,12.693990308778302,12.998990308778302
56.16278661419751,177.51290027440817,652.7280519044391,15.216794751179847,15.521794751179847
450.02740159119526,183.5257296645243,17942.227012988653,11.618934576809623,11.923934576809623
946.293035079673,179.17750396190354,2720.887217799078,13.666849093912735,13.971849093912734
41.32097858741768,179.53838555190518,368.2104495325649,15.838385171735123,16.143385171735122
767.0655623905432,179.36136363418342,378.3759177087113,15.808816726713024,16.113816726713026
857.8053574573969,179.8823908021575,1093.9798023149788,14.656102185268619,14.961102185268619
981.1307740780394,180.50771312668022,4292.699480980071,13.171799230237507,13.476799230237507
1046.66634739583,181.55129940597584,6935.5810847975345,12.650918311231855,12.955918311231855
900.4478388952289,181.74658437757233,294.6206076358187,16.08046764275418,16.38546764275418
922.9954018218148,181.29551827409404,785.5396033391891,15.015705232251914,15.320705232251914
573.8251359641635,183.5279734764656,2982.7959365046163,13.567066588022929,13.872066588022928
64.91805162991614,184.91760711113693,351.3639248308409,15.889232520838096,16.194232520838096
283.80235988260335,184.8009752562336,759.7763137164808,15.051911069579214,15.356911069579214
751.3556055211645,186.01521479108834,2442.121447967592,13.784207300370241,14.08920730037024
852.1518158038776,190.14445925824973,4516.5292325471055,13.116613381254261,13.42161338125426
191.84112712078195,187.81267173916098,784.8877480102722,15.01660657031242,15.32160657031242
738.79315788269,193.423391128027,6046.421409513672,12.799879414084403,13.104879414084403
285.85931247704013,189.02765175628207,879.9540539684032,14.892475453871505,15.197475453871505
299.24477234214123,190.00492063081472,1294.2739266009776,14.473559939172544,14.778559939172544
415.1203571415601,188.81387487687095,876.190484857116,14.897129113531859,15.202129113531859
476.25477580011125,190.95868334417048,1221.716423238438,14.536199414880244,14.841199414880244
20.884766464394534,194.54085047881154,5935.289232748546,12.820020726402594,13.125020726402594
627.9988801841379,190.84181746941778,501.5989891137017,15.502733813515526,15.807733813515526
130.95803405040306,193.13716806099418,3341.6576195340235,13.443720568023913,13.748720568023913
407.25042523282764,195.4527128903845,1624.5266485228378,14.22680834533682,14.53180834533682
1026.8029733474536,194.21210951925332,5448.240326335761,12.912984803930284,13.217984803930284
47.91244210645427,193.868697393891,2116.404779494891,13.939628610880106,14.244628610880106
79.5927959452517,194.5548778704176,232.20505187766196,16.338946284805196,16.643946284805196
579.22923993808,195.17670242175595,4419.926036034118,13.140087940371995,13.445087940371995
916.9230509725513,197.13512815353147,7523.291656761752,12.562605698671257,12.867605698671257
974.732874548146,195.1084171537813,279.97688821317445,16.13581998924537,16.44081998924537
953.0245740288095,197.0847215168827,510.3259324547203,15.484006350526696,15.789006350526696
172.00646734242466,198.06990395058637,487.6870523408445,15.533272380932953,15.838272380932953
695.2488115968175,197.9681231618908,598.9129238549334,15.310216233053152,15.615216233053152
758.2733789913817,198.39802422933212,942.5649687179109,14.817847208022277,15.122847208022277
779.7663664757907,197.99378263703454,411.5711868815549,15.717513036879229,16.02251303687923
897.0289190340114,198.90604475761964,2495.2928062361857,13.760821658567293,14.065821658567293
367.794537341408,201.5859928584302,18012.36478273801,11.61469861090214,11.91969861090214
561.3212120143291,198.95994782037693,981.5395499024262,14.773855935863072,15.078855935863071
198.1339206101606,200.5147238772065,2105.964684470093,13.944997734707822,14.249997734707822
672.8990411655263,199.7450115032224,575.4341989726403,15.35363627212179,15.65863627212179
927.5472874058795,200.55228076405336,2050.988398745504,13.973717435403342,14.278717435403342
398.80916498212247,206.17424337999475,75858.42439170677,10.053615899962537,10.358615899962537
420.0888207691502,201.18368333817995,2629.44997022352,13.70396316487561,14.00896316487561
437.04980562508,201.97906123958035,1047.917643635424,14.702807563532067,15.007807563532067
621.0969893869951,200.23886099529597,326.939824311085,15.967455882686933,16.272455882686934
1048.8230576939768,200.54712910936692,316.0062229933128,16.0043863572034,16.3093863572034
153.24631047453374,201.05941049203665,36.524222343633426,18.347173000177044,18.652173000177044
752.5375656612018,201.77178406612634,3196.9465165497686,13.49178701799823,13.79678701799823
20.365459024434255,206.5670218825358,2718.43368026774,13.667828589242427,13.972828589242427
837.1713803095881,206.81857228040062,8757.832004574946,12.397633919545756,12.702633919545756
264.41843867261525,205.63738745083756,631.85097011885,15.25208880339692,15.557088803396919
297.28496777541125,208.08165294917322,5619.023275303194,12.8794733673414,13.1844733673414
968.648991620535,207.78892555795227,1789.5171936570098,14.121785756356264,14.426785756356264
721.5123562706134,206.78670832991503,674.1807507528104,15.181684574057236,15.486684574057236
957.7594560418434,207.3551606809367,707.6864627456287,15.129023224673594,15.434023224673593
4.072799515970195,207.5749110621602,421.4860129890085,15.691667527110399,15.996667527110398
750.4224177422245,211.60551097424414,16138.444193363057,11.733971282998379,12.038971282998379
486.7561048902193,214.84971661861198,185948.97789515185,9.080140956167286,9.385140956167286
941.0303296763525,209.08388479499672,990.9063886201462,14.763543873898382,15.068543873898381
205.99245190388623,209.77377269150688,3104.819382596234,13.523534592634704,13.828534592634703
535.4569850024935,209.41502662857306,333.01226070554264,15.947474886278966,16.252474886278968
788.0525797570596,210.35508074157178,341.3275673283441,15.920697031214289,16.22569703121429
197.9254477029568,214.6401742435865,8303.728576571662,12.455442582506972,12.760442582506972
627.0149184632944,213.69322164560714,1762.058929180421,14.138574373490457,14.443574373490456
929.4424939532871,212.64845307644984,612.1009926344176,15.286567735489733,15.591567735489733
76.33052658699864,214.02572603261905,595.975087615196,15.315555179575135,15.620555179575135
117.0268427721778,213.38706370440283,566.2537428071075,15.37109773091748,15.67609773091748
374.482819819004,214.71345966763664,4804.32164233818,13.049545257241821,13.35454525724182
693.3580263060405,213.79834747342093,1075.2086086354232,14.674893612726638,14.979893612726638
156.42007750107186,214.11598811975585,75.87289850433494,17.553408756600703,17.858408756600703
286.15488472930826,214.86528983201723,3023.9128486200643,13.552202269147887,13.857202269147887
638.4994103521769,214.51921298705324,327.40718781631875,15.965904921025006,16.270904921025007
727.6646735821068,215.977415038773,4588.906058076471,13.099352527176286,13.404352527176286
408.2101435530738,217.35647974201223,4459.427518211622,13.130427671296307,13.435427671296306
805.5646931032858,216.35727222798855,858.982849289775,14.918664213301698,15.223664213301698
1010.040198852521,215.53466799612042,552.2254375613976,15.398334424994834,15.703334424994834
1.8113908402033345,216.82973332759846,785.6574392369455,15.015542377183852,15.320542377183852
329.3590467481659,217.17679069125106,1764.864758489956,14.136846867381342,14.441846867381342
206.27897762338765,218.83127374763808,2856.617205710943,13.613995325789856,13.918995325789856
279.39092725716813,223.41349661133543,59862.99367776134,10.310729365954103,10.615729365954103
943.6848457763367,225.00582299348793,41040.21548209572,10.720601364016153,11.025601364016152
991.1981280890365,218.4679383562773,1179.9933992869753,14.573926500129778,14.878926500129777
234.11026233489895,218.99135825920126,285.534747919189,16.114478027679883,16.419478027679883
740.6600920281866,219.5603717626476,170.24833618369289,16.67591825421434,16.98091825421434
567.3023424067778,223.19771451111419,2288.1258351871747,13.854925683092333,14.159925683092332
1052.5323151568327,224.91705853759194,10819.12605552769,12.168144992800698,12.473144992800698
1027.9560928787857,224.31866924813315,1459.9797449450775,14.342758368375158,14.647758368375158
173.51882579649194,226.26056575457582,6138.408962411502,12.78348589674336,13.088485896743359
330.119600887747,223.28526963938316,1907.8111073702776,14.052287012603674,14.357287012603674
885.5225023290028,225.24532471818412,7883.122876687999,12.511879704713209,12.816879704713209
311.5622724808442,225.12901073367362,555.7186559203626,15.391488003350966,15.696488003350966
674.1970364501261,227.4435430992257,2205.303348171167,13.894954602881898,14.199954602881897
1077.9390577361667,227.96528029857492,1527.3809590327219,14.2937570144492,14.5987570144492
725.1413899250955,227.11917736688264,249.14092215269176,16.262512776004062,16.56751277600406
769.6520526112133,227.80342198991877,160.20525943121615,16.74193352101318,17.04693352101318
969.0104816993238,229.20951146791845,430.79814307997253,15.667940888362043,15.972940888362043
497.74003750828894,230.55823891583404,235.95217166958344,16.321565497758172,16.626565497758172
219.5490269034255,231.63899166025755,597.6758541124265,15.312461167838597,15.617461167838597
79.0993997019431,232.92088612847493,569.7441392155681,15.364425778909393,15.669425778909392
564.0313358625273,233.2161193719282,1207.4024477941778,14.548995315026886,14.853995315026886
614.0970781998533,232.62481403215327,468.28425936800807,15.577351545190615,15.882351545190614
1024.3088859135016,232.73726696371972,1534.8560626784558,14.288456309947584,14.593456309947584
519.103756978117,234.77155436656608,480.2009548862781,15.550067896654003,15.855067896654003
533.1849141004029,235.6718730637442,739.7721246013596,15.080880538433288,15.385880538433288
281.1333410720602,238.82737989761114,1524.4457478850463,14.29584551179872,14.60084551179872
324.54299821750834,236.07242461510012,1251.3679389458382,14.510162885435884,14.815162885435884
791.1918446126655,235.86366248457267,845.5091058896317,14.935829721996528,15.240829721996528
293.46875222224355,237.12510564981525,634.4256701486554,15.247673577209818,15.552673577209818
622.9958329169627,236.48931530359135,188.2628703583065,16.5667137552282,16.8717137552282
638.9515466066795,236.7530828677725,778.2684913455174,15.02580182461297,15.33080182461297
1072.2669707197763,236.43492900423314,335.33176754106,15.939938699665355,16.244938699665354
121.87902020894249,238.34279282610404,688.3970352004337,15.159027966877716,15.464027966877715
654.134413103459,239.47950176130803,9893.677523349987,12.265231068032126,12.570231068032125
907.2485422017248,238.60296239118975,2383.419837508206,13.810624070679001,14.115624070679
1020.5107441989793,238.94432364404696,1956.3709483504972,14.024997432395258,14.329997432395258
111.50921579936222,241.38019664602277,1046.5792738542405,14.704195120336212,15.009195120336212
601.4177738840416,241.41802250232314,3544.8546825317367,13.379629353826923,13.684629353826923
743.3511073618953,239.2069986201834,1072.826885203246,14.677301323797689,14.982301323797689
18.89958784357351,240.46748368301277,946.0217895717456,14.813872596075738,15.118872596075738
960.5911838347847,240.90747165430662,1934.676928141411,14.037104313614028,14.342104313614028
224.99030842923344,241.13517889610193,1053.1052893184024,14.697445959816914,15.002445959816914
574.2180467038214,242.15991016326132,2198.898361155661,13.898112555970915,14.203112555970915
945.7631778803409,240.75925490203787,3881.551046906457,13.281112189925066,13.586112189925066
1013.4857083945716,241.38898571339234,883.7444961216383,14.88780863979067,15.19280863979067
1042.288472160589,240.49969787643388,444.9343066677973,15.632885711652701,15.9378857116527
789.1018709372237,243.59296029831575,840.6928205091551,14.94203209853153,15.24703209853153
921.553517495481,243.666664519773,403.7221726947589,15.738418940430286,16.043418940430286
476.4842195603862,249.90105471213383,9794.853692398945,12.276130561861342,12.581130561861341
513.102636387623,245.0237643504576,-78.0441920139506,,
773.8027473154405,245.83902611862553,452.943402318922,15.613515599951432,15.918515599951432
940.9816330776831,248.4396335896886,11327.366131766867,12.118303099122931,12.423303099122931
2.282194020722156,248.04805577483012,4215.208300092208,13.191577843142298,13.496577843142298
426.38056605830786,247.4073921293362,826.0345394826254,14.961129927164407,15.266129927164407
537.5082560953872,246.99981268070695,2374.5142885072855,13.814688476788415,14.119688476788415
1050.0526611124417,247.79023881524262,2244.826642676355,13.875668424636421,14.180668424636421
841.6405015738453,249.09466070783435,1390.6618104542788,14.395571623774012,14.700571623774012
694.6376193765622,248.91751756773743,321.53971637551126,15.98553888410033,16.290538884100332
71.40962795892318,252.50470917811754,1336.3523843059734,14.4388229628218,14.743822962821799
419.0453701693665,252.0171231319573,822.5836444849695,14.965675269617108,15.270675269617108
15.104682519231181,252.59177816563965,1389.7255830010843,14.396302814026587,14.701302814026587
184.54849558090132,252.99640534546091,553.4982820076956,15.395834751913135,15.700834751913135
1031.7867229466042,252.62828151871562,308.5037854125639,16.030474201721812,16.335474201721812
488.6619728526888,254.02586274592142,1512.1943470538736,14.304606419380164,14.609606419380164
531.3744711048371,256.86390491451374,13529.320879124654,11.925435451960428,12.230435451960428
572.843438867157,256.29302460914334,3066.9151858877362,13.53687103011833,13.84187103011833
1045.21966775179,255.97799825001314,4165.086484449761,13.204565385987744,13.509565385987743
201.90031394449903,255.6121626065336,-15.063851257456776,,
506.8239415818836,256.00225954633356,640.8396884890698,15.236751943363545,15.541751943363545
230.29011565499465,259.66051118574757,6095.6764971497205,12.79107066856656,13.09607066856656
480.7413071343498,258.1902990602469,4605.895811109968,13.095340170796216,13.400340170796216
659.2027890492141,260.0599456002569,4188.771923475048,13.198408660238156,13.503408660238156
833.9479902463838,258.3298311664926,1033.436897324786,14.717915536650434,15.022915536650434
343.64899671164903,261.5878834304433,2157.0089791103587,13.918995562535374,14.223995562535373
624.3105822457286,259.22828615957104,1485.5574599990425,14.323901808518954,14.628901808518954
53.58600757615759,264.72284324866666,21310.142510013622,11.43215955986927,11.73715955986927
670.0077125162493,261.4632152649492,1954.2418976260547,14.026179644888657,14.331179644888657
93.36070237285811,262.0069832824166,1539.2363003344326,14.285362202636868,14.590362202636868
139.0142207256156,261.74270993563977,382.497022330827,15.797055298460467,16.102055298460467
385.0809196092714,261.1302500675852,192.8384071442348,16.54064160613605,16.84564160613605
907.1749644971928,261.58102494236334,148.437108701539,16.82476922882811,17.12976922882811
987.001955932242,261.46715738156223,-90.221484865935,,
353.3001918224677,265.39318207529743,2133.6001380742973,13.930842867993078,14.235842867993078
418.842622332526,265.28735723324894,4431.454021839983,13.137259825761074,13.442259825761074
187.96920362407212,268.4157437761505,7815.672824713504,12.521209517708614,12.826209517708614
282.03920394276474,266.1926874115768,-60.20178896978534,,
323.70534600434377,265.8875191135742,1131.480065086275,14.619508178043102,14.924508178043101
549.9460795352626,266.46382414951177,637.9086218390726,15.241729264902185,15.546729264902185
887.1336663394616,265.3104796231671,-107.43796961574931,,
671.6795963095135,266.3030606841964,1092.5412546575442,14.657530832383014,14.962530832383013
451.54939053206147,270.6078260911694,9349.905948013045,12.326607339293464,12.631607339293463
468.7052163789425,269.4508373540696,6293.0850494406695,12.756466442044236,13.061466442044235
778.0319429674764,277.3610749414865,365308.56298490445,8.34697581402318,8.65197581402318
814.5103813706272,267.02694705318527,336.74268067595074,15.935380032908007,16.240380032908007
426.9460087837499,272.1217414187266,26574.100066582974,11.192479029867917,11.497479029867916
439.6917662555148,270.3465096718109,2184.202763381266,13.905393064399814,14.210393064399813
828.1878949783542,272.6110176421604,1580.0518909932234,14.256947069976125,14.561947069976124
159.81522768527842,273.54095527905724,5041.971928908041,12.99712438640996,13.30212438640996
225.30956865498567,271.5084911862997,1145.0731360508814,14.6065423798666,14.9115423798666
651.3789514718993,274.211509550666,6035.279556329241,12.80188196601878,13.10688196601878
924.5546188569593,272.0965289698035,989.8547263008454,14.764696792293172,15.069696792293172
514.0154266895289,274.3292970312344,2761.53554160908,13.650748852291855,13.955748852291855
623.5508722826079,283.0850554598019,257074.0564658712,8.728479818718927,9.033479818718927
728.7224285965026,275.81679583743045,5183.098421248693,12.967151805748047,13.272151805748047
216.72871329048968,275.5436206275776,1926.900619343582,14.04147715414888,14.34647715414888
691.2297952747132,276.7745422337197,3954.56089743242,13.260879775571341,13.565879775571341
976.6106166961276,277.74637546173216,11625.488237174339,12.090097442290054,12.395097442290053
149.75249888892998,279.76411901370346,18805.421773261503,11.567917749095688,11.872917749095688
1068.6253072568468,275.99630448529047,1506.3136423938067,14.30883692137606,14.613836921376059
133.72798268176254,278.5499160593474,8413.257541261235,12.441214986299896,12.746214986299895
682.5890469596027,276.8541911219275,1383.4683238367238,14.401202395213229,14.706202395213229
741.2884090828506,278.6809312060395,998.7008600851682,14.755036885228634,15.060036885228634
931.632372227616,288.8256811982935,229224.16532918165,8.852974444925357,9.157974444925356
530.148188051672,282.67803487246346,21539.73119124267,11.420524747101322,11.725524747101321
704.4439890631643,279.38256272706684,49.81301637631158,18.01026834299204,18.315268342992038
803.9063224888386,279.7069049067459,350.57677807232125,15.8916675814889,16.1966675814889
864.6410369435598,281.8453310052753,481.1288795103761,15.547971879997668,15.852971879997668
316.1255937149351,287.8667891441823,29897.898277323347,11.064523795105867,11.369523795105867
330.3133625258385,283.30790316456756,-312.8529687854019,,
887.9442788054342,284.00323134182145,1380.8966645829078,14.403222493409627,14.708222493409627
520.2539036568022,284.68944087454446,2868.7234095003796,13.609403751513543,13.914403751513543
96.07759716158358,286.4146330652379,2025.0400688422437,13.98754139274409,14.29254139274409
1056.4613424508088,293.73132426547875,14979.064170859976,11.814913741679623,12.119913741679623
898.2596165495041,286.48441651704127,77.74144566974203,17.5269939138261,17.8319939138261
432.37524857575283,287.63341919553324,256.84028999974237,16.22946756593784,16.534467565937838
725.0359088128941,291.0640050025286,2223.943489838417,13.88581607577324,14.19081607577324
482.764270195939,300.4210264629106,162131.83872484445,9.228954674884855,9.533954674884855
833.7896469458514,294.3781528915736,26980.349480028744,11.17600651784502,11.48100651784502
671.1360819614607,295.5211350655179,49437.62818298408,10.51848137773116,10.82348137773116
792.1276474235744,290.79144080888517,533.5189496408474,15.435750821461994,15.740750821461994
493.6756689163771,292.76704189903035,9711.593160706247,12.285399243478524,12.590399243478524
370.33029641131606,296.4681989522642,976.8820975877893,14.779020068050425,15.084020068050425
818.0329856978204,296.1293499668321,699.4759289702363,15.14169351063282,15.44669351063282
1030.1630339000562,294.09625170987357,50.22686356796889,18.001285296577695,18.306285296577695
388.5167848551918,295.5560359448823,275.6447382555354,16.152751178193142,16.457751178193142
459.6644275329927,295.7718455848002,1409.3773658393961,14.381057213501652,14.686057213501652
781.3888589103512,307.548373356252,234991.72075425123,8.825994041345588,9.130994041345588
985.8367588102221,295.3846735747256,355.7911488151544,15.87563759562805,16.18063759562805
1072.2412547138886,297.5519363263027,1363.2172066704006,14.41721279704104,14.72221279704104
303.45127216519035,297.3451312809935,1333.6390147414927,14.441029714939628,14.746029714939628
413.41680319549414,298.3000999634768,3988.284010297163,13.251660251582699,13.556660251582699
599.1554361410082,297.16689728121685,1507.3104642144872,14.308118659548047,14.613118659548046
241.58246122329422,299.9548293118139,812.2693429722644,14.979375289435689,15.284375289435689
257.41229962461193,299.7701503505511,611.8578073670069,15.286999179836986,15.591999179836986
648.4493947059561,300.81803349456504,4779.50198901518,13.055168828267949,13.360168828267948
580.2465573974729,301.4885805851498,770.6626536508921,15.036464661048864,15.341464661048864
591.6309682670857,300.18154247989213,814.5303217508257,14.97635730492055,15.281357304920549
882.0529714154064,302.81579657905274,1852.1017550253048,14.084463336784381,14.389463336784381
283.60384616260313,305.0547640963652,7634.646483395302,12.54665311451945,12.85165311451945
80.30901139642354,305.7940994585175,391.5373086151528,15.771692566946603,16.076692566946605
524.8267353494394,305.3263733403436,-223.1970277467328,,
536.6732747241465,306.72324258419593,2091.0413676287353,13.95271888329483,14.25771888329483
981.1791709452613,307.08790460066473,2946.84255418825,13.580233113202622,13.885233113202622
135.82739652709913,307.09494023421064,2076.1228199086795,13.960492839804783,14.265492839804782
192.56600127694134,307.4062130800688,896.947931448854,14.871707363383388,15.176707363383388
10.573502861030557,307.337047650718,693.4685376785477,15.151058539629286,15.456058539629286
92.76762052541855,307.1708037794602,107.77306508926749,17.17234985880598,17.47734985880598
258.83843293376503,309.37810096063083,690.6346324551441,15.155504563405328,15.460504563405328
320.9609832651665,306.9841724200125,475.28057555272426,15.561250281738833,15.866250281738832
738.7833620672699,319.92483903110656,278449.19542546547,8.641760526608785,8.946760526608784
834.8982490265139,307.0375196207029,741.6737293344597,15.078093204378078,15.383093204378078
57.3295705895135,308.75963754790314,403.89184409527485,15.737962736398824,16.042962736398824
149.8926056610633,309.23444429159974,636.2917076158628,15.244484786485165,15.549484786485165
404.3648261968151,310.13178574252817,118.80193212065387,17.06656668546607,17.37156668546607
939.1882144255891,310.523678235027,403.9876815409294,15.737705138126547,16.042705138126546
849.6844420520824,312.61352202218427,3673.901212884748,13.340806758881573,13.645806758881573
171.00901983979662,311.88304906105225,225.29054965384304,16.371768008474294,16.676768008474294
161.936212763441,313.780675127545,398.0070791888594,15.75389845305919,16.05889845305919
640.3654262212232,314.92613901991234,5028.108438600505,13.00011385666468,13.30511385666468
697.5989475639001,314.80042431316025,754.492625219919,15.059487947146229,15.364487947146229
1018.3935129888571,316.1294928926123,1684.9214018697312,14.187176328129373,14.492176328129373
454.2024455616768,316.0046505022424,987.1695413312264,14.767646077618998,15.072646077618998
97.43285469678781,316.19536538638516,522.431686849378,15.458551669552568,15.763551669552568
842.2902950456245,319.89526726209425,4482.184464992131,13.12490112990234,13.42990112990234
252.4433512278251,319.96282337964914,2669.156285097251,13.687690436336126,13.992690436336126
1035.349672246495,318.3317619617367,822.0685325991399,14.966355383807848,15.271355383807848
59.45470345551861,321.46220999450077,1476.0096379974707,14.330902461616216,14.635902461616215
19.9184048792163,320.61036649504064,1592.503430633451,14.248424503503642,14.553424503503642
130.30099451546346,319.82321974233275,865.1351294210805,14.910915576938457,15.215915576938457
409.5521324358971,320.8192815319465,1260.9233713803126,14.501903708697794,14.806903708697794
677.3869121647907,335.47223191368823,310173.61931840435,8.524613300657354,8.829613300657353
973.6685469968623,320.3742699426054,1122.0690897657523,14.628576447980187,14.933576447980187
433.8767025090411,321.7289908902869,3491.0521579458214,13.396234601398815,13.701234601398815
628.1100700851637,326.281243364838,8307.823770585734,12.454907256198661,12.75990725619866
722.0285899242398,320.75039027557204,987.9930070717403,14.766740768210031,15.07174076821003
991.7239797368268,322.18145304778045,1003.9861848149083,14.749306102927584,15.054306102927583
460.5724075956087,323.49974654349796,3064.2408717599437,13.5378181923919,13.8428181923919
531.3966570527323,324.3908006424294,2449.491061919425,13.780935797273745,14.085935797273745
537.5323921659926,323.05402468885677,2005.6516817349807,13.997986664918368,14.302986664918368
312.4044897504788,335.91714921165726,45608.02024782698,10.606022392953847,10.911022392953846
37.24381211887189,326.5503550377625,931.8206718552192,14.830294593038076,15.135294593038076
128.01826966119532,332.39639161588934,10819.981854428428,12.168059113858288,12.473059113858287
236.860845556332,326.4056164177035,2045.7561386669959,13.976490787384115,14.281490787384115
325.4830583795763,326.1164046486411,995.5296520070885,14.758489944746593,15.063489944746593
399.0129910493373,325.12317006426076,339.4809250887613,15.926587002553125,16.231587002553127
1009.65824890641,326.87428318583926,2167.7107370491312,13.913622123085895,14.218622123085895
345.98372959173867,326.77409605356956,670.7660054112627,15.187197834112908,15.492197834112908
518.0999263649093,328.41701988184445,5183.544601648759,12.967058345557813,13.272058345557813
605.9251887836979,327.07820935249407,-50.642970233190646,,
484.0828058579526,329.04727275435323,6456.375712884061,12.728653457092236,13.033653457092235
704.7350427995104,327.60396843402367,-237.25244830774156,,
941.5333811997698,326.7745704586274,240.67858809584072,16.300031807198025,16.605031807198024
407.9210842770659,329.42243919540255,1752.538743004728,14.144456375956654,14.449456375956654
434.71894354579865,329.2721963702138,2249.1991621240077,13.873555662327265,14.178555662327264
1048.8322176978475,328.07647590391684,125.31272930840854,17.008637472430763,17.313637472430763
89.69059356588629,329.47861741914585,547.9700379314036,15.406733413333228,15.711733413333228
97.13417325600093,329.36369526850444,895.517704682726,14.87344000391969,15.17844000391969
502.8360955449012,331.0896692019781,4839.797592866282,13.041557446912918,13.346557446912918
1033.7009508788126,330.8249203495759,1946.8729002413693,14.030281445109269,14.335281445109269
146.83737448430182,332.6758745480129,7754.0633539518985,12.529802082325533,12.834802082325533
223.29678350703492,336.71084538991687,9291.334499700464,12.33343020619975,12.63843020619975
333.9301714795927,332.34689348998086,825.957265514616,14.961231500482825,15.266231500482824
354.80158519170186,331.7430148609182,1979.2183590400623,14.012391168015776,14.317391168015776
119.3676063531587,331.53031074465855,4414.062947623614,13.141529139428378,13.446529139428378
417.68056949884465,338.6965728903775,93916.12051890016,9.82177508379678,10.12677508379678
913.4225813322321,333.72012665659685,92.84084768462684,17.334277702126023,17.639277702126023
1000.5513394476149,336.26327024977866,317.87583731045027,15.997981652080792,16.302981652080792
20.803044959805135,339.00699243015526,2635.8708993796,13.701315106426225,14.006315106426225
772.2141676114459,335.9973528098581,-88.90091072411664,,
898.867240343378,336.71501200271746,368.1797900661967,15.838475580572403,16.143475580572403
264.904447398143,343.31159035806957,6642.519894825728,12.69779328539139,13.00279328539139
516.8369261184848,349.4662759835105,27507.19193688909,11.155009800370891,11.46000980037089
697.2131238683694,338.1693768636376,1621.860305498068,14.228591833163906,14.533591833163905
962.2342872836583,344.1428184810427,36714.85591488621,10.84152087449486,11.14652087449486
986.4978778720712,339.7718477168387,2502.8407062231922,13.757542420629752,14.062542420629752
889.807219695977,340.89034498617514,40.671371754519356,18.23040339387427,18.53540339387427
178.40695910705207,343.6998825676783,2714.3624570741176,13.669455845312655,13.974455845312654
655.9203594353422,342.92213920449706,762.1506300663345,15.048523412471898,15.353523412471898
1078.539590592274,342.8822540932848,306.9538171587831,16.03594284879055,16.34094284879055
56.6359977918243,344.64936193420056,5906.260562679642,12.825343938608615,13.130343938608615
95.49073683170008,345.01403581391895,1273.9715988554071,14.490726079431793,14.795726079431793
286.0558261088107,346.4143000448873,7173.767426533665,12.614257213096389,12.919257213096389
485.0066928690476,346.6385606804285,6688.263450978254,12.690342015845784,12.995342015845784
766.3222647754021,346.03102407378276,7044.724338227099,12.633965435636743,12.938965435636742
722.2626643628809,347.95974511491,8146.571892319358,12.476188208832104,12.781188208832104
739.5641356669377,345.7977249472274,149.3582335067246,16.81805252377696,17.12305252377696
117.74906708647038,346.75154778666894,213.9163155565647,16.428015670465005,16.733015670465004
405.64546589176086,347.8344850351662,890.1493810753838,14.879968209435347,15.184968209435347
612.9098931697397,347.63003819619667,217.294997515763,16.411001124284397,16.716001124284396
663.6030034178319,347.6529919724168,2538.4362958223983,13.742209772723054,14.047209772723054
942.9717446629904,347.7051866042243,250.10452222529625,16.258321583889295,16.563321583889294
975.0112369647297,349.0236738124551,2713.953098171841,13.669619599898127,13.974619599898126
26.18655853617541,351.16429546127296,4357.628785327498,13.155499867191551,13.460499867191551
200.17123818110176,351.6149380555384,4171.514434621691,13.202891068199268,13.507891068199267
248.38488636289904,349.5538068735321,133.73939572241804,16.937977053494627,17.242977053494627
554.8243892498517,351.6429720536222,22207.1699671249,11.387392403606228,11.692392403606227
709.4412035521821,348.51201643062853,-13.087476706131525,,
1052.8696278229936,348.2129312783299,617.8643716216075,15.276392562742867,15.581392562742867
476.08035995546544,350.5725195881696,3776.75587029513,13.310828162670543,13.615828162670542
921.4714915404267,349.67204382166125,3489.9213723733865,13.396586338829481,13.70158633882948
928.4838924447455,354.77409022486927,9145.760809230876,12.350575847436446,12.655575847436445
214.1402657145498,355.27017667550365,5833.615713150417,12.83878090303156,13.14378090303156
432.71962792039443,352.1241399125463,355.27447222157946,15.877215437576606,16.182215437576605
489.29025595155974,355.18629789193295,14170.152404804398,11.875189141816932,12.180189141816932
614.1902325433394,354.04693309824177,253.11469269238665,16.24533205588891,16.55033205588891
3.1692065613882345,354.7822826533823,-26.009518719367108,,
61.90444948742166,355.62405143754535,611.861106948717,15.286993324774551,15.59199332477455
67.0850057191405,354.6498684875233,728.7229503922881,15.097219326446119,15.402219326446119
127.89211762606398,355.69052415102476,5334.231065314932,12.93594588422755,13.24094588422755
373.77517509715074,356.25028959475213,6058.722219351534,12.797672841474416,13.102672841474416
679.4353221897572,356.2729212112817,2240.851521306849,13.877592742057864,14.182592742057864
664.5839594468443,358.57206750052615,7024.262851354602,12.637123558174608,12.942123558174607
1069.7364735632384,356.4913964788925,739.3872688897081,15.081445523912226,15.386445523912226
81.48849033272892,356.9353210842518,31.72635061017542,18.50007514660435,18.80507514660435
530.9603541086453,369.90842587985975,630218.1439610093,7.754898189103303,8.059898189103302
415.82255308486276,358.245227454438,1325.745394767354,14.447475126991542,14.752475126991541
578.6633580430728,358.4745051024677,1723.160487715977,14.162811125856058,14.467811125856057
227.99664499226103,358.03217003093494,598.3869343435853,15.311170189388521,15.616170189388521
238.27302860429194,358.6830730171627,809.4078740144738,14.983206882601174,15.288206882601173
746.5310221639238,359.1354302670284,61.63740749672513,17.779014535546096,18.084014535546096
913.9393887708409,363.93351716244075,27505.12335604892,11.1550914523828,11.4600914523828
1035.6113531605506,359.07087587971995,141.0801853051339,16.879960391384536,17.184960391384536
463.97115713168137,360.50143396779066,529.69403196461,15.443562745486236,15.748562745486236
718.0489855241325,360.6557622673611,289.7333177364819,16.098629346085232,16.403629346085232
876.4280274812072,360.2818343075124,151.42738191139304,16.803114410653343,17.108114410653343
1004.0107778524239,364.30473557904065,2711.973901310496,13.670411680508211,13.975411680508211
317.51346181706543,363.858908321894,-129.38101048063433,,
489.92390873550943,364.51451429087354,2913.456673376503,13.592604034984905,13.897604034984905
597.6624412823311,362.87889102065907,-124.79970387723608,,
623.1523247422368,366.1199966160971,3695.1789425485667,13.334536759053464,13.639536759053463
12.975371187162825,365.722750026936,1645.3580053665976,14.212974423532557,14.517974423532557
792.9643712413858,364.7272446394384,426.8320081048643,15.677982995737931,15.982982995737931
808.1672374625508,370.78358545252513,47105.09264057189,10.570955789338715,10.875955789338715
893.9526301372138,363.78537170014295,105.24308178657662,17.198141552827884,17.503141552827884
202.70920447853445,367.1350327580885,3319.823984469346,13.450837799405043,13.755837799405043
58.89535544758601,367.5842143717852,2642.2202126307766,13.698702918629102,14.003702918629102
240.9413849195805,372.03806185890215,25130.26017081312,11.253132982913357,11.558132982913357
703.513145838414,376.974328500205,124073.15671404761,9.51943086534654,9.824430865346539
468.84456407333244,368.2615735207549,1018.1615257929695,14.734083740145405,15.039083740145404
608.547510924558,372.0566501604578,1210.8091304066268,14.545936226954806,14.850936226954806
291.97282964158745,367.7005688191639,1381.7626215582272,14.402541844242808,14.707541844242808
335.6414885142606,373.86133035791266,3353.225997672651,13.439968383461991,13.744968383461991
730.0717738347436,371.2991003600054,5670.2994114761295,12.869610465576825,13.174610465576825
1049.2977209511848,369.0048587215896,358.4067917966284,15.867684867625552,16.172684867625552
662.5374797462797,371.6253956160205,1507.6866559369084,14.307847717348896,14.612847717348895
66.13634756883712,375.75482760475677,2368.2783876832864,13.817543565617996,14.122543565617995
102.01555626142373,373.7251569836338,628.0584477159116,15.258625291272654,15.563625291272654
155.05282240419257,373.537190947055,579.2767936386795,15.346410118432662,15.651410118432661
291.8949724439486,377.74384126530236,4728.3026399861365,13.066862279364793,13.371862279364793
303.84272772345986,376.14041051681875,21819.039999439865,11.406536348820438,11.711536348820438
906.0320909659332,373.72754410911995,1429.547106250569,14.365629268097326,14.670629268097326
463.55185952650777,374.01218359717694,1054.5366689488467,14.695971230278188,15.000971230278187
588.893061299649,377.46085922255503,6800.524077670059,12.672269488463046,12.977269488463046
742.187660972962,374.61233777538774,276.47483051376105,16.149486443711346,16.454486443711346
823.6607318624029,376.03837891444107,3263.936070244079,13.469271335543134,13.774271335543133
948.0633581759084,377.2510402830335,1941.9408715909672,14.033035439131053,14.338035439131053
113.07621889663471,376.59695615953154,674.7716439482836,15.180733385299167,15.485733385299167
493.0664951075396,377.3488843134796,2821.787580352606,13.627314650819905,13.932314650819905
8.845679771415515,379.31475748301,1689.627294644802,14.18414815344104,14.48914815344104
619.3602267245487,378.06818664174455,-302.8401689818038,,
653.6062734352853,382.1361996765658,-113.51328918846201,,
80.29625009812914,381.54243490049026,161.34718022378198,16.734221995261052,17.03922199526105
768.1053273365696,382.2489766474776,672.9484523764149,15.183670948240797,15.488670948240797
52.57419836763898,383.3199501136137,43.776631932598235,18.150519582565416,18.455519582565415
324.5101905387267,385.10470916539185,850.925242599174,14.928896927101238,15.233896927101238
876.5072289621947,386.8502849392459,6534.962413937673,12.715517709800181,13.020517709800181
176.70373823444484,388.5186869409692,434.9488926842249,15.65752987113218,15.96252987113218
687.2539820134075,386.3590624607283,759.293106479667,15.052601802474143,15.357601802474143
734.243644636758,386.6779692023201,1324.0402054222852,14.448872512548576,14.753872512548575
742.1584169121243,387.84442598453353,2191.4072530564963,13.901817708133388,14.206817708133388
1015.0069677048442,386.44777895613464,508.0687757496638,15.488819181441151,15.793819181441151
444.0096849351654,390.36258738018904,3998.3016849928317,13.248936545051878,13.553936545051878
455.9252575114822,388.62382066535787,53.19379632396925,17.938972979794357,18.243972979794357
628.6196291465074,390.2272212259264,5408.04881499786,12.921023937335715,13.226023937335714
1056.290574083006,389.29811926006846,137.54952440316526,16.907477712225166,17.212477712225166
397.9399199124149,392.1602675804629,11933.436515577541,12.061711627310533,12.366711627310533
811.0201861308642,391.46727419509483,6182.235612437997,12.775761563640303,13.080761563640303
139.01366328372123,392.42739689328226,3508.4746574624014,13.390829585297764,13.695829585297764
211.62005230493898,392.82460230681863,1577.6567511895469,14.258594144354227,14.563594144354227
331.41532490346697,391.75106906469705,629.5315911541547,15.256081623069434,15.561081623069434
426.44141286379767,392.04666826234876,1633.7858609760601,14.220637611731878,14.525637611731877
870.7885836726313,396.4420487851014,39369.51075225991,10.765725400422669,11.070725400422669
186.50699333069954,395.4424316886928,2413.9464353883754,13.796806372389273,14.101806372389273
435.72724805215597,394.05828730779547,2607.236616960624,13.713174327744053,14.018174327744052
778.1741532885485,395.72171211599704,459.9103877847115,15.596942397723149,15.901942397723149
937.882294222073,394.76115576368755,3748.772346826094,13.3189027758343,13.6239027758343
1020.5138189228796,399.2265899481602,19698.338849547203,11.517551435253347,11.822551435253347
82.2782056613265,396.35028926049466,6779.268790322047,12.675668311123534,12.980668311123534
283.07211267706873,393.85705732898253,118.84121031155232,17.066207779638894,17.371207779638894
989.3689781410394,394.2704192092065,319.77140975015243,15.991526366031316,16.296526366031316
430.6927638407482,396.50566120000525,2326.902009188924,13.83668020845009,14.14168020845009
565.4168388419251,397.11649939531344,3219.2979295813143,13.484222519255951,13.78922251925595
733.5480907921469,400.5998782085779,62229.09022322405,10.268641815627827,10.573641815627827
505.20065890844546,397.71428189908033,2065.2812130892335,13.966177458759041,14.271177458759041
373.5311778465004,400.1844659696249,1572.0450617860579,14.262462968239046,14.567462968239045
424.55924410985847,398.5647615285367,1319.8209019572328,14.452337939992688,14.757337939992688
914.2566521416816,398.22997159510686,297.57043102458056,16.069651009839315,16.374651009839315
220.20146444712373,398.918493020949,364.32735269123646,15.849895999720289,16.15489599972029
411.6635710114408,401.7648546391486,11313.120396587567,12.119669422454313,12.424669422454313
651.3884482335537,401.0302432828489,4638.096698177509,13.087775947806456,13.392775947806456
1075.1967230311175,400.7016197649607,2521.691838239094,13.749395412969312,14.054395412969312
164.20225682354302,400.5545989266545,734.1151711678838,15.08921494680851,15.39421494680851
462.2954566836728,401.4409485003944,1162.1238017453886,14.590494454534234,14.895494454534234
574.4494553762371,401.8424789458008,4083.251832324066,13.226110030900955,13.531110030900955
769.2102321116546,400.9258052871729,1023.5058092300621,14.728399665008116,15.033399665008115
904.2779218162779,401.71701000420114,1493.7992989326465,14.317894816759202,14.622894816759201
266.6297380885913,402.74248317063666,519.4982304537801,15.464665263521102,15.769665263521102
95.39622501523412,407.6335915545955,3298.180085878998,13.45793953214661,13.76293953214661
192.25224008443053,407.950779708776,1398.9714786620943,14.389103293802009,14.694103293802009
329.93432543497534,405.2076400928656,527.5850309373765,15.44789428270958,15.75289428270958
715.2746839807255,403.82469468930196,-348.4156345678258,,
773.006485313673,404.2498079421528,571.2246999055196,15.361607999507239,15.666607999507239
427.62920460846675,409.1174537041663,3838.585264499429,13.293197465441178,13.598197465441178
761.9625553148818,406.1582398998805,2129.950780080537,13.932701525784033,14.237701525784033
824.1636457863498,405.88442107736927,1342.1319478048915,14.434137409128486,14.739137409128485
843.4669975647988,407.16167664735354,5220.327026667877,12.959381169528983,13.264381169528983
933.0566023640935,405.69146714215367,470.82638470894943,15.571473464096144,15.876473464096144
104.98762359860218,407.34590855249763,2478.144489078109,13.76830888378673,14.07330888378673
606.3070009136181,407.79072481878643,4712.137582826085,13.070580539223412,13.375580539223412
140.61779203782532,408.8677825858525,2121.1498572427936,13.937197064717177,14.242197064717177
119.9837334790936,411.84461717697945,21679.19877612368,11.413517376394239,11.718517376394239
301.1922132774044,408.77311421408206,807.4899762833227,14.985782595074223,15.290782595074223
553.2773455563223,420.09776097499235,62776.61293600287,10.259130745033989,10.564130745033989
178.0688407069499,415.5610380213747,7207.84194164222,12.609112308518144,12.914112308518144
830.3481164397624,412.76827734069224,1133.6945265104705,14.617385320302098,14.922385320302098
32.797200597415426,415.8798156385737,2011.988107044066,13.99456192181908,14.29956192181908
271.0685794637869,413.99826492583327,2914.3158454369695,13.592283900931658,13.897283900931658
522.8919609382053,416.2381285147274,10679.482385172121,12.182249935586356,12.487249935586355
746.5173161745494,414.22324009031263,857.1686182646001,14.920959788114125,15.225959788114125
768.2516897343453,414.12949001599657,870.7277367163967,14.90391949752737,15.20891949752737
41.550908765522465,415.0619253565369,1161.1280221724628,14.591425179296277,14.896425179296276
261.8908530386708,418.04130015337665,10195.628948796395,12.232590390624676,12.537590390624676
570.6461041462741,414.0814368235603,470.43121887705047,15.572385107995004,15.877385107995003
621.7874374680343,416.2301399637135,11812.488624920192,12.072771936698508,12.377771936698508
965.4945885234641,416.50717120470614,1716.4195330981433,14.16706682440606,14.47206682440606
303.514162843064,418.1973333636868,2698.6389573749843,13.67576348116815,13.98076348116815
908.3852633239259,418.6260289130378,6612.639587065674,12.70268831316401,13.00768831316401
595.5792095592669,417.7391870964601,-160.9674848472828,,
855.9492537918378,418.394648140297,899.5450568640852,14.86856814149456,15.17356814149456
148.24274681256904,419.3897023445182,114.81717817590071,17.103608272085634,17.408608272085633
18.099778112525595,421.7575401763815,1377.2079722750088,14.406126624834654,14.711126624834653
433.79589643713064,423.5041897205377,4034.295790079571,13.239206102379175,13.544206102379174
535.7670739999205,420.9635063414396,1171.5153932752175,14.581755446365353,14.886755446365353
542.6077429732076,422.4347719265942,4472.679360444294,13.127206031509898,13.432206031509898
1010.8146375783826,422.0052779051547,705.7039739538882,15.13206903736969,15.437069037369689
87.02449161716967,422.74586319736727,569.4072452114965,15.365067972796968,15.670067972796968
611.6883656753048,421.8985262002499,1417.1134844411404,14.375113868577479,14.680113868577479
840.5914935944662,422.67351762153424,381.9942657250002,15.798483335996927,16.103483335996927
934.5764170946461,423.308527439328,909.9639554713531,14.856064970338592,15.161064970338591
314.575648484944,423.9646803863569,830.9720670773333,14.954659381643342,15.259659381643342
771.1625112673252,426.6547874774548,11439.687797034341,12.107590014472288,12.412590014472288
320.589182951154,424.15451194011746,2264.659573189775,13.866118126214786,14.171118126214786
326.46232250724154,431.5689165878557,6052.814216184549,12.798732085027725,13.103732085027724
657.8596629492831,432.9505853637835,108815.75038169033,9.661896041830847,9.966896041830847
755.8558185286911,424.81830452997735,-139.8502305370146,,
90.89544592103951,426.5078993260519,535.7115785413258,15.431297862338388,15.736297862338388
66.97664464514986,427.64839818461485,1770.1183672081966,14.133619673820444,14.438619673820444
606.7995676172521,428.4026676332994,2194.3610606801935,13.90035522487644,14.20535522487644
979.2461493413617,426.8887378524939,160.9877737111363,16.73664320847392,17.04164320847392
60.64761230495884,428.0334549965202,1736.762540377539,14.15427433645539,14.45927433645539
862.5448918783434,429.7164638845075,1918.3145588422906,14.046325887862778,14.351325887862778
201.06126426408144,428.2627635808824,442.90283252930124,15.637854300536919,15.942854300536919
537.5162138076589,431.19879933955497,2382.1747172149544,13.811191417395932,14.116191417395932
11.915561525255885,431.198044486559,3181.502420246725,13.497044800083202,13.802044800083202
22.138907685539678,429.66486339437984,1693.178902066397,14.181868324236925,14.486868324236925
743.0011833128324,430.2300842044144,364.3204056308365,15.849916702933623,16.154916702933622
954.1935287836523,429.951560927908,257.6568241398254,16.22602132144679,16.53102132144679
28.042204180318627,431.3131859861224,1042.7403021613986,14.708185046333671,15.013185046333671
445.3853250314827,432.0215714402238,750.4472615774481,15.06532500201526,15.37032500201526
921.120678863887,438.19635795066864,6360.765790623425,12.744851933110722,13.049851933110721
35.95392795903007,434.1725360729594,1189.159091798626,14.56552554334144,14.87052554334144
209.6184086470926,433.08281723002113,769.2086200526858,15.03851508879132,15.34351508879132
378.77969693885495,434.09862913190847,-211.10302820065687,,
153.65034764613338,435.3750240795196,666.6192417559305,15.193930831760637,15.498930831760637
229.71066078873403,433.8578361426742,15.825569941159202,19.255227045891825,19.560227045891825
474.0308014787345,435.3303825227372,531.5607160165112,15.439743250587394,15.744743250587394
108.1949938031264,435.82844975154325,511.3779763517382,15.481770394410962,15.786770394410961
280.313010834863,435.7789717634248,1210.4613123516194,14.546248161260795,14.851248161260795
399.23942639896035,435.8553055640661,726.7976111783331,15.100091716937138,15.405091716937138
407.84652574876213,436.7329409149946,507.9522870787195,15.48906814472089,15.79406814472089
603.7054364368363,457.8035251879379,1621653.7705788217,6.7287301044551135,7.033730104455113
485.62667785648625,437.2306416192731,564.7236369772679,15.374035530275536,15.679035530275536
40.57069870278737,438.14359575633006,1248.8324616740615,14.51236499724526,14.81736499724526
210.54223534319433,442.10666097928714,2516.8225315300815,13.751493961804918,14.056493961804918
630.886559458154,441.8668836961311,4434.540981431097,13.13650376309131,13.44150376309131
886.8612816975005,438.8433257288126,578.766217149495,15.34736751191522,15.65236751191522
56.70757834128692,442.1372734938172,1665.6632679416366,14.199657423555696,14.504657423555695
1048.5374831435165,440.69368820406703,1037.82242606024,14.713317817391662,15.018317817391662
463.3384907908936,445.15402474365277,23243.189560686274,11.33788613463626,11.64288613463626
931.0521463939374,442.08961568348985,1848.3579343444721,14.08666025467318,14.39166025467318
13.001061317243732,445.0475285834175,2886.2632924459413,13.60278557986768,13.90778557986768
318.80865948480886,452.2504059913789,60448.91844475328,10.300154107844069,10.605154107844069
429.2090486589298,443.21678844532755,595.4371233285517,15.31653567538877,15.62153567538877
780.0745105087002,443.31865682701067,2123.8247776212393,13.93582873697252,14.240828736972519
500.84278796459427,446.27321432882417,3033.1197233465173,13.548901562142214,13.853901562142214
974.2601058682817,447.02222803469834,2500.1597025571405,13.758706067556044,14.063706067556044
154.24936802970223,451.0624683815818,2274.2915738126776,13.861510089177248,14.166510089177248
261.5977437882591,445.8327534023767,349.5788936706092,15.894762435963187,16.199762435963187
358.57124036705875,447.31082050861926,6471.307025791256,12.726145432329515,13.031145432329515
518.5686186349787,448.0423341654056,2274.1317545026977,13.86158638885237,14.16658638885237
666.9690160957662,447.2043931311827,1356.9826180124219,14.42218973323467,14.72718973323467
899.6398302803133,447.43379633172117,727.2857224853077,15.099362790161663,15.404362790161663
333.5705786177711,448.88699805331584,653.4220713811719,15.215640944844456,15.520640944844455
391.6847177593894,450.98757353317336,1378.3544012180441,14.405223201639863,14.710223201639863
1064.304006143009,452.5079893953218,1900.6597472632598,14.056364501970702,14.361364501970701
404.4001334829906,452.9248780246694,5394.867511795746,12.923673485806102,13.228673485806102
864.5188916070422,453.0767662509938,5166.310177924447,12.970674252350584,13.275674252350584
467.21335893872333,453.7451062891444,4862.508473849262,13.036474517021555,13.341474517021554
703.8777930761315,463.95113501070654,522418.4887233013,7.95857909871639,8.26357909871639
358.8861792322747,454.68887809529343,4468.144801325886,13.128307347303728,13.433307347303728
534.5837885257544,454.9896254771299,1975.2213299193954,14.014586027994447,14.319586027994447
102.92029675477988,456.09828408816685,594.2956109777103,15.318619137719537,15.623619137719537
411.58229827602634,456.4693777692211,3530.1907902514968,13.384130000956446,13.689130000956446
296.80940806536796,457.2669547545335,2018.8557074710723,13.990862245036068,14.295862245036068
1077.7243682155474,459.2375929001916,6012.421722284102,12.80600185697384,13.11100185697384
627.0152326156474,459.18507591049917,3082.7842004005415,13.531267633675455,13.836267633675455
758.9496070069647,457.0721371521563,230.00970211246124,16.34926005616584,16.65426005616584
524.2797966965157,459.95499191324075,2473.3425032473865,13.770414793188802,14.075414793188802
952.044119795087,458.43917050678164,459.32742074942524,15.59831951362367,15.90331951362367
971.5672804071821,459.82003598442833,2399.520382413757,13.803314336604988,14.108314336604987
509.032914064025,460.1615155268711,1817.5452951806965,14.104912338083126,14.409912338083126
1015.4195686440559,460.3829979193815,524.804882383457,15.453630778134524,15.758630778134524
23.66236703382048,464.21178742050796,4067.5953542463403,13.230281088364151,13.535281088364151
1045.433618149193,461.1702788057217,326.8040313724475,15.967906931857545,16.272906931857545
175.0161549774308,462.8290134722776,549.9033215217542,15.402909587680355,15.707909587680355
568.1982240903964,463.3578619558029,2425.4447442049654,13.79164698220789,14.09664698220789
64.00954990995348,463.90248786264857,1019.151655247889,14.73302840953522,15.03802840953522
532.5495757517062,464.93168676928696,933.226813334647,14.828657423995868,15.133657423995867
256.1417980599774,466.4953463085392,1078.1917219304692,14.671885462190737,14.976885462190737
343.4990405350098,466.61761507215294,5925.599042362783,12.821794791317396,13.126794791317396
382.516330481085,466.01537915453275,687.9671459928313,15.159706197680702,15.464706197680702
504.99323316163384,466.36674051361905,3006.055061179932,13.558633116984684,13.863633116984683
997.791150353694,465.46581118521215,772.3082584336867,15.03414874782608,15.33914874782608
1059.204716369586,467.01144807710534,4845.292204571348,13.040325512129847,13.345325512129847
297.69968956904944,466.90940679912836,863.5106891362119,14.91295615012005,15.217956150120049
494.8311805019405,466.18640826943295,609.8762783532733,15.290521091360308,15.595521091360308
372.9879067755578,470.3014265219094,2647.364217774571,13.696591208548217,14.001591208548216
662.3326180169968,474.3395981699232,5340.441728462387,12.93468249325981,13.23968249325981
133.1496915076622,471.06276531190196,493.8014480811846,15.519744547025791,15.82474454702579
147.52273165719131,471.01354650084755,860.0705612244141,14.91729023809166,15.22229023809166
445.84203683797557,472.89221176515144,1965.616588161617,14.019878423535118,14.324878423535118
676.0814571985829,488.5340429059304,413416.57420860813,8.21265573530697,8.51765573530697
770.6623269051543,472.49874605114604,-23.057367905394614,,
783.851913547453,472.6301921936533,367.028119577732,15.841877098297179,16.14687709829718
958.9064268889042,473.1229930256074,563.1206026762678,15.3771219024693,15.6821219024693
263.64349562796303,475.2270430635859,953.5756525007419,14.805237560550054,15.110237560550054
31.017271785488127,476.3867876319525,1273.6399591499294,14.491008754579873,14.796008754579873
504.61975681670464,476.554078954419,5453.996694950033,12.91183826888779,13.21683826888779
740.8392091538453,475.1062979841389,87.1880420597346,17.402483132387605,17.707483132387605
915.0223180518044,475.3049192929546,559.8026599666142,15.383538050622361,15.68853805062236
16.61318605119897,477.0481998278884,-173.64612863310577,,
226.94291865966582,476.5704378799445,1098.8865471823806,14.651243303246492,14.956243303246492
310.6226902931754,477.72898031192926,7382.376562910105,12.58313495977707,12.88813495977707
809.8884403930526,483.3631122183235,77168.1417115803,10.035030339667832,10.340030339667832
294.01534813765676,478.6977053057113,622.86198505796,15.267645881153266,15.572645881153266
461.89111409223494,477.15771619950374,390.43837768947515,15.77474419604173,16.07974419604173
447.8410469886051,478.8116831020295,2125.3192891873323,13.93506498532883,14.24006498532883
1061.08907352969,478.3668607028751,1104.3573201420074,14.645851409443143,14.950851409443143
200.64377861072143,480.6518866567848,360.1008098353328,15.862565199803171,16.16756519980317
755.6730937906358,481.7782035755603,823.7241583058544,14.964170936899542,15.269170936899542
937.281456012239,481.78716644271606,2047.084129830824,13.975786216454306,14.280786216454306
958.0957184597411,481.62374530253385,548.3595313051874,15.405961953569506,15.710961953569505
765.6542020462891,483.0995457055666,774.3310088277744,15.03130881658332,15.336308816583319
1018.990894152312,483.8995764285149,1916.5053634615815,14.047350347478538,14.352350347478538
1067.527733033772,483.2873970541062,1253.7651723727731,14.5080849408304,14.8130849408304
337.25641454157716,486.2532717104877,2636.8855950115267,13.700897225646347,14.005897225646347
429.56070083563424,482.6763005666416,162.734484600734,16.724926462973222,17.029926462973222
795.7854844752451,485.21472886906787,4285.54062407508,13.173611404258207,13.478611404258206
926.5509049530176,484.59949707388733,1011.5227905738451,14.741186264244675,15.046186264244675
26.532106975546533,487.4439158781404,1046.0059845748594,14.704790021728629,15.009790021728628
489.4837602853328,486.04932811689946,610.5063343863383,15.28940000900505,15.59440000900505
841.2025953288248,486.2411138296402,3409.2530325163666,13.421977356270876,13.726977356270876
632.3350087425856,485.8662553905315,2367.1588946988395,13.818056918034827,14.123056918034827
781.7612194226965,484.8613751412611,141.2204765848402,16.878881262960903,17.183881262960902
1053.631757138124,487.70058464703084,5886.407029299302,12.828999722201376,13.133999722201375
82.22913826379309,486.96563260027114,1139.4803518929932,14.611858342402272,14.916858342402271
178.07879891828088,487.94901274229943,1287.9661957018075,14.478864283543647,14.783864283543647
234.39756666831744,486.14164765480706,469.4069690344357,15.574751612338869,15.879751612338868
624.3760409193848,486.4250193102469,4235.268479117782,13.186423079896944,13.491423079896943
983.2267926528848,487.3886642295631,633.1826759935411,15.249802885040856,15.554802885040855
92.73362956984006,488.86042873854944,961.6804507905798,14.796048475657248,15.101048475657247
270.07255788864046,488.0351815803675,70.23844666431297,17.63718819869805,17.942188198698048
555.6376807926747,488.78518979576864,231.90740625063768,16.34033889847929,16.645338898479288
568.7606875626641,488.1103436373035,52.65430858053128,17.95004065923386,18.25504065923386
539.9029579824108,491.3026082130628,5301.169041689922,12.942696312293304,13.247696312293304
373.19790664252423,490.2059710438482,508.97281910517404,15.48688896960865,15.79188896960865
626.5682522623101,492.9749702932801,3801.7859101155573,13.30365630295368,13.60865630295368
109.54883259195131,493.4038126618824,2730.5428664904757,13.663002947794915,13.968002947794915
329.2485717772581,491.74637075598133,2695.5550158714386,13.677004944610205,13.982004944610205
85.66365035711799,492.5239387334563,1828.230427896456,14.098548112995953,14.403548112995953
1014.2790271862733,495.51474712781885,1909.738985217395,14.051190410382805,14.356190410382805
713.787188963044,493.9931598820197,1634.0409048734805,14.220468134942784,14.525468134942784
727.7599261397395,493.42651772798865,678.6812918229767,15.174460750411008,15.479460750411008
744.8582059778862,497.28545438867525,4697.191773182911,13.074029716029173,13.379029716029173
312.29188595816305,500.9939932349017,19044.39493274895,11.554207497288317,11.859207497288317
205.25074627559871,495.08546063130524,345.4747373845773,15.907584706535655,16.212584706535655
412.82218128587175,497.5298709363334,2686.4150785603324,13.68069265383706,13.98569265383706
161.17950500544407,496.5860955944833,396.5193229457132,15.757964555080758,16.062964555080757
326.0783206613089,497.24202533483617,3133.228159941493,13.513645392167295,13.818645392167294
5.361163239566182,498.70894546766016,395.80435343520253,15.759924028252389,16.06492402825239
228.63882680010465,498.6099051567004,742.9181999447413,15.076272950492589,15.381272950492589
354.88478739841133,496.96020690923945,1234.7505266662715,14.524677394769942,14.829677394769941
492.22547771468976,497.6733608538585,407.11173765451827,15.729341385123844,16.034341385123845
525.7421229643105,498.05343298472485,189.70813119981204,16.55841058031725,16.86341058031725
566.3830722058063,499.08677139522575,2179.032589629992,13.907966130943208,14.212966130943208
350.08808204197453,499.9250533308105,1169.4594687145727,14.583662508538367,14.888662508538367
461.3418198986289,499.64884689323856,582.4597169170959,15.340460707949305,15.645460707949304
725.0032337829375,499.3151338384819,614.2367023155465,15.282786037059541,15.58778603705954
333.2361154577025,500.4591694969065,2228.831226673072,13.883432485625534,14.188432485625533
122.4743931359342,502.4201345961687,3461.375156420969,13.405503764311018,13.710503764311017
954.4670820185142,502.1026575846264,1064.6482620292634,14.685610071276898,14.990610071276897
928.675282500965,502.93597624416714,803.9956711246247,14.990491168896767,15.295491168896767
944.1316742586787,503.825518884432,3056.981107851069,13.540393557976024,13.845393557976024
245.31608627428972,504.3711531251427,1850.5583992871289,14.085368457551057,14.390368457551057
511.01839052770316,504.65543892843226,1194.4545979016984,14.56070132859332,14.86570132859332
295.6098670749932,504.7202495967432,412.11342086928266,15.716083550030913,16.021083550030912
1059.9765389689856,508.7787049636695,59971.54098789572,10.308762424168856,10.613762424168856
379.9114955598394,505.67607434038797,239.14689044098247,16.306963599367627,16.611963599367627
653.6053955658346,508.5992102449872,15333.454612328107,11.789525414959257,12.094525414959257
214.44173038931243,507.9936091792629,788.2024350676867,15.012031014364416,15.317031014364415
168.39655552983226,509.8816998774577,2587.004326019297,13.721632557586389,14.026632557586389
1015.0686085065239,512.7238139679558,32965.10100283861,10.95848941813356,11.26348941813356
1041.6403152913747,508.71643209635243,680.3416448777158,15.171807805751365,15.476807805751365
154.1661831758725,510.5033089412838,4495.690999037393,13.121634311569677,13.426634311569677
58.151237078297655,509.8457683024122,937.4851358893593,14.823714468500572,15.128714468500572
90.92151459828274,509.05215551467495,547.2315858351141,15.408197553415791,15.71319755341579
97.5168419663634,509.3569119779772,792.5793066688229,15.006018621914265,15.311018621914265
262.4291067566891,511.64150085258547,234.54014613793737,16.328082466416696,16.633082466416695
995.3882702539589,516.4153157064977,12889.775453209826,11.978012065518003,12.283012065518003
859.6945850492689,517.3842065805878,47364.04191625952,10.565003552996433,10.870003552996433
206.32976009936314,514.3877359256483,721.9201274695884,15.107402569173503,15.412402569173503
431.8449659641586,520.4705998052139,12378.085848693474,12.021991718876645,12.326991718876645
479.00361746648844,515.8423586405728,3797.2287464107726,13.304958545005341,13.609958545005341
897.9314339259138,514.4153373390011,447.4733911305266,15.626707406884941,15.931707406884941
309.63462423830333,523.7233686440917,21292.641482401166,11.433051590792486,11.738051590792486
362.79902572390915,515.5820324613343,523.7749366393084,15.45576366248475,15.76076366248475
109.18936394316898,518.0468169158183,1583.2757121430132,14.254734070887245,14.559734070887245
145.22230424235195,523.8025150438452,10056.167102605781,12.247544241515104,12.552544241515104
590.0664906195518,517.911875975982,342.66910090854464,15.91643808226546,16.22143808226546
786.1120869636125,523.4546173254863,40813.912695725725,10.726604867074508,11.031604867074508
483.5981177623653,523.0361319730238,6672.365709927657,12.692925840450275,12.997925840450275
744.1022028810552,520.1258825449731,1470.6704666083356,14.334837016992946,14.639837016992946
1049.055587141662,520.4810280026254,896.956804708838,14.871696622545901,15.1766966225459
264.16107339329085,522.856538352988,3556.03918099148,13.376209101338896,13.681209101338895
65.14468153090694,522.5168086678985,251.62567463394933,16.251738064245675,16.556738064245675
389.0993700802988,522.7111629671696,643.4028158768656,15.232418051769194,15.537418051769194
223.2876706901005,523.9487999516388,305.7915927252233,16.04006159252482,16.34506159252482
798.9175775179156,524.1936970806921,1235.934050168285,14.52363720175975,14.828637201759749
235.23334568969054,525.2770403074522,741.286437434216,15.078660309087816,15.383660309087816
299.1236671994225,524.7883550230569,4680.737456734861,13.077839739540128,13.382839739540128
751.9603341350415,534.0316257308257,345304.05881099286,8.408121236931517,8.713121236931517
206.07748935658083,525.5571328776822,830.0951404620071,14.955805766400454,15.260805766400454
359.7508029411231,527.0126732865427,3422.802719895237,13.417670773897544,13.722670773897544
340.4989941919098,533.4041800960432,103808.0221465351,9.713048153680292,10.018048153680292
399.1134900938915,531.8516272228845,6994.4478006104255,12.641741861476778,12.946741861476777
687.0787914955255,527.2162170364659,394.12157824568794,15.764549911865696,16.069549911865696
847.0008992578679,528.7832248230502,6761.719675509034,12.678482539941418,12.983482539941418
589.3095677760783,533.6063327498123,58387.270280463235,10.337830015945023,10.642830015945023
892.9599476895545,529.5786790268879,2627.8159930411066,13.704638066337402,14.009638066337402
903.6838105356965,529.1166181359016,762.3924953211122,15.048178913373624,15.353178913373624
1071.7831034044054,530.6071324232125,758.0478183731677,15.054383939453377,15.359383939453377
127.21007212537677,531.2409720022287,1499.4057809261753,14.313827492644736,14.618827492644735
16.51622481469098,530.8605096640279,893.0229462455816,14.876468899363138,15.181468899363137
624.8675462400901,533.2641566829828,3518.2737658655565,13.38780136996299,13.69280136996299
250.0280817942097,534.516570950269,3226.8012740767726,13.481694895588525,13.786694895588525
1012.932052806504,535.1542960671427,13988.4142455039,11.889204232973169,12.194204232973169
835.1588833856609,537.750861026837,6742.029052799141,12.681648895825642,12.986648895825642
36.55811798411825,536.4703694295985,396.82744917644277,15.757121181582772,16.06212118158277
82.31359775987148,537.7837966739289,2655.573703811443,13.693229546214951,13.99822954621495
121.79681106669506,537.5044327850977,1092.1108583864905,14.657958632138527,14.962958632138527
367.5836805203237,542.1199287630184,25739.429269255183,11.227128162739094,11.532128162739093
641.4837599443839,536.7912643308988,1155.0190183311765,14.597152606709539,14.902152606709539
1029.37945687088,537.3047841677735,726.1569955204234,15.101049131098588,15.406049131098587
789.2944520168548,539.5567400070961,999.4312103377633,14.754243176185625,15.059243176185625
873.0421553747724,545.0319063744257,102911.06214832969,9.722470293482719,10.027470293482718
165.01434760762754,541.7174412119384,885.4253298121833,14.885745590201722,15.190745590201722
269.44481384086544,541.3848240275787,3095.796727176604,13.526694353017493,13.831694353017493
490.39750552519195,539.6371034397741,29.626564877688757,18.574422197221057,18.879422197221057
518.3018491926831,538.893107444503,28.84404517160175,18.603485027405,18.908485027405
1057.226228007473,541.9169364870941,12129.971173407908,12.043976023017352,12.348976023017352
449.60806311646934,540.7269199135321,975.8923568178407,14.78012065340154,15.085120653401539
699.3695119128596,541.9813999782252,683.4581990248388,15.166845550363362,15.471845550363362
7.360640980607363,543.8806805897685,907.4168895162506,14.859108298919532,15.164108298919531
581.9745029670278,544.4964727831085,598.4851847370369,15.310991934739857,15.615991934739856
641.0592482312632,545.9166510133275,3191.081608259871,13.493780667660598,13.798780667660598
622.8896726120822,545.7464955753723,1818.2307003295562,14.10450297887355,14.40950297887355
220.5481138383606,546.3029846105296,933.6398015298781,14.828177050904996,15.133177050904996
893.8146550462936,546.5178009486905,1175.5743880229145,14.57800015589372,14.88300015589372
332.0052763819401,547.2302433389507,1470.293567990656,14.335115301577297,14.640115301577296
823.3113477312771,548.0440164443906,5072.718893130436,12.9905234540321,13.2955234540321
51.61090675753736,547.4662338636186,665.7412931576439,15.195361706800933,15.500361706800932
464.604703227145,551.4933713316361,19563.851585324686,11.524989546133696,11.829989546133696
973.1199909289481,548.0789234521928,494.5987890389675,15.517992823178147,15.822992823178147
180.2489889668214,548.3018311715375,776.9962909396174,15.027578080803174,15.332578080803174
253.05029945271073,548.5637806814703,765.359802863069,15.04396132223139,15.34896132223139
358.99414487879517,549.3226205923653,2625.893980439529,13.705432475915078,14.010432475915078
398.14000530244164,548.4105300235761,794.1983005044756,15.003803061492098,15.308803061492098
8.881194564270302,555.4322337692023,3219.73096587948,13.484076483822584,13.789076483822583
300.40932392650683,550.4610035574744,282.3048413002622,16.126829629933333,16.431829629933333
437.532712585953,554.9942386959057,2687.8934111217436,13.680095338209137,13.985095338209137
268.50224188970657,551.0707335617471,3074.142591470653,13.534315424939123,13.839315424939123
594.0950263869966,553.1434113574561,868.2968435876783,14.906954889239133,15.211954889239133
177.8030570426632,553.2698434087503,898.0672201877328,14.870353333069186,15.175353333069186
683.2482761068679,558.6698036746216,90466.21306287128,9.862409417392206,10.167409417392205
830.5949580727544,554.1731679146745,1594.1635552049597,14.247293254130696,14.552293254130696
1077.5575898491302,555.0192255865953,1852.5407915801334,14.084205995959174,14.389205995959173
347.07383551707034,554.307544734162,-67.80294007980244,,
749.1160757786776,560.0431251828616,5816.144890365318,12.842037402403626,13.147037402403626
821.9471003735207,554.1838184490684,4785.66416850035,13.053769897568223,13.358769897568223
46.910268026857665,555.150999122729,801.8612312917345,14.993377403610051,15.29837740361005
85.75173178331184,558.3394934063688,7308.685683797539,12.59402723224903,12.89902723224903
109.9696360249573,556.7710039767242,928.7766460947481,14.833847228413035,15.138847228413034
264.55415175704417,560.0159376715393,7876.963835167109,12.512728316123608,12.817728316123608
290.61040214478123,556.7910893488814,682.1855962591072,15.168869081392103,15.473869081392102
392.69237338081996,559.5501855687895,9323.998427890392,12.329619965903698,12.634619965903697
1007.5203179263915,557.6889219663802,140.83627388224926,16.88183912900363,17.18683912900363
24.641024230254175,558.9922028221192,736.819112843845,15.085223237985259,15.390223237985259
97.55793954740804,558.3402375371628,716.8366374399318,15.115074960051569,15.420074960051569
118.13984523096879,558.0708314769953,1096.7012200087122,14.653404628473996,14.958404628473996
236.78813783405323,560.8276415066398,7096.202891979863,12.62606038449363,12.93106038449363
793.3272136506577,558.1277293552274,192.83439527104548,16.54066419438154,16.84566419438154
605.9063653386352,560.2745373350633,1454.0290607410611,14.347192728526537,14.652192728526536
455.1842424721964,562.3064890963814,2616.226698369486,13.709437011745884,14.014437011745883
126.57136086835658,564.2091491581391,2986.1995371275584,13.565828385434335,13.870828385434335
422.7088036798119,562.7984755470327,187.44007153436007,16.57146934162906,16.87646934162906
710.8532748320436,565.7972440186351,9553.926004727724,12.303170761599333,12.608170761599332
533.1844666211567,564.6092374365925,750.8225743606635,15.064782140664715,15.369782140664714
212.87902231746637,568.1795308536806,7298.828564409555,12.595492537411392,12.900492537411392
770.5395022611839,565.6324280271814,504.72145857920316,15.495996021324807,15.800996021324806
568.9740439099652,572.7357732490426,33655.9306368046,10.935971435083758,11.240971435083758
673.6487773429909,568.4725316028591,1649.4409266844768,14.21028352927373,14.515283529273729
323.7647569748138,573.5921467610107,19570.09582668557,11.524643064399926,11.829643064399926
391.0936939145556,570.7126654033398,712.5038932848556,15.121657340530742,15.426657340530742
657.6663135604763,570.4198366300428,85.17850065612652,17.427800466983044,17.732800466983043
257.1150598750564,571.5693743328272,1645.7345662812033,14.212725967549527,14.517725967549527
506.9238214283836,571.6069720989569,713.5964977298456,15.11999367022676,15.42499367022676
531.9059631120293,571.3015896151876,1660.7828596512359,14.202843309978402,14.507843309978401
541.7630081295661,578.467185110506,53318.58855782361,10.436428834181338,10.741428834181338
636.8916468700601,574.3722773055457,20130.474580231188,11.493990410974286,11.798990410974286
918.3539095043761,572.9298307717181,1447.5296003429403,14.352056811657278,14.657056811657277
928.4024811433313,573.7570505657986,2617.0634856046013,13.709089799887703,14.014089799887703
1019.076488710803,572.265214019058,611.7266158870925,15.287232002905567,15.592232002905567
249.49954555754263,573.2265881160642,1489.8272681697683,14.320785647804176,14.625785647804175
426.28193094176646,572.915234654649,58.385461688624375,17.837863648002887,18.142863648002887
488.1683722196477,590.7468885238397,653806.2325291893,7.715002804318239,8.020002804318239
220.93983964092126,574.9171818446297,2851.747409632878,13.615847805633276,13.920847805633276
590.5844028904249,578.5625103491955,96379.2623696354,9.79366644960376,10.09866644960376
744.3746466264806,578.8679255449878,6332.7478038033405,12.749644962535001,13.054644962535
792.4980808571427,575.2242616547553,5576.848780072071,12.887653273784498,13.192653273784497
109.41571536212179,576.7115129360348,1074.8048615927378,14.675301389508533,14.980301389508533
798.9353066104437,578.303328862642,6971.68483298556,12.64528108033013,12.95028108033013
898.7094013292693,577.976575907782,628.3576942327976,15.258108101509125,15.563108101509124
458.8363620946897,578.6376925031047,1581.0985491716042,14.256228094564285,14.561228094564285
842.7748603708436,581.8686804133715,1180.2200010460915,14.573718019206268,14.878718019206268
95.36501787810644,583.3735658327485,7689.136861806005,12.538931467106046,12.843931467106046
854.3104278827359,580.7493469973116,-82.40988763067404,,
267.0539168687827,582.0059118623607,849.9375616969353,14.9301578883406,15.2351578883406
789.1143984266291,581.8586902976581,1803.7220972519144,14.113201380414244,14.418201380414244
808.9458646728947,581.9499444781023,411.27644546163685,15.71829085146301,16.02329085146301
187.45087052131967,583.4374122211503,530.5843882402412,15.441739276758796,15.746739276758795
298.20162698289437,582.712193472638,-47.62201403929428,,
47.32353727788171,584.7714229202136,264.0505557588993,16.19940773019945,16.50440773019945
390.34324987978033,587.0014239136468,2084.8902374118434,13.955917455608017,14.260917455608016
550.3146526032624,586.6875581133224,1890.0147049400143,14.062462487107183,14.367462487107183
717.4732842411087,589.2963758568462,13514.444380221532,11.926629956862644,12.231629956862644
82.15441225318901,586.1897167565621,604.1068764160271,15.300840996869214,15.605840996869214
462.87174459529757,588.1831340588407,1558.2494689651635,14.272032976057407,14.577032976057406
700.1902268352986,593.7893072418314,47523.414670978105,10.561356349482105,10.866356349482105
800.0394863299719,592.8245503898427,17435.4008437546,11.650045604075755,11.955045604075755
31.801025311591605,593.0753333352069,1129.119589547439,14.621775589417023,14.926775589417023
832.4568153598935,591.1526129330574,496.5232899112011,15.513776384167237,15.818776384167236
61.63702542351492,593.2951714947407,587.1031602247849,15.331839399762558,15.636839399762557
182.95081984847963,593.3978529654689,1178.3303155722372,14.575457817046603,14.880457817046603
683.2962482396982,591.777948809909,46.12524220778083,18.093778795729335,18.398778795729335
1006.6886795261211,593.3554201270592,2028.8082841404262,13.985522921109894,14.290522921109893
532.4057889239532,594.5405895638572,3297.063817471848,13.458307061552105,13.763307061552105
1038.7103321675681,594.7033995319649,2624.6286915048368,13.705955764782987,14.010955764782986
215.32435184823441,595.3195478780697,476.4973198466905,15.558474289444954,15.863474289444953
140.8031729543153,595.6042884237678,346.6815373808225,15.903798660455312,16.20879866045531
172.50237958434002,597.3962442195684,525.2472848625144,15.452715904698726,15.757715904698726
199.5596283825095,595.4401545480962,327.6874738749391,15.964975843876623,16.269975843876622
302.6516013784961,596.260726893285,93.2479019624512,17.3295277720796,17.6345277720796
331.8636437405812,596.4324399794393,1613.6256677419608,14.234118461140877,14.539118461140877
747.4599468756705,597.50294611566,5487.220857974274,12.905244343235658,13.210244343235658
978.4893000960847,599.7167432235008,4493.864989831756,13.1220753932726,13.4270753932726
58.532110996232795,598.3795543382929,866.6008924931712,14.909077615037948,15.214077615037947
727.3842918876562,599.0998742785214,1753.2989264092957,14.143985527768372,14.448985527768372
759.2885094510945,603.3695016615077,12570.084444859975,12.00527995682855,12.31027995682855
15.974939395361163,602.0219266692623,11024.143909427079,12.147763260233546,12.452763260233546
41.817496519307646,602.0584024055557,5402.724048629617,12.922093480127579,13.227093480127579
1014.2362332875028,599.5521041852176,747.9891889430061,15.068887142867,15.373887142867
152.76479003816004,601.7611368195268,1829.8699178055354,14.097574900944567,14.402574900944566
538.7395360979957,602.316171738767,2190.953011700817,13.902042786062873,14.207042786062873
523.3560534348236,603.7057728778727,1415.922718149031,14.376026570045749,14.681026570045749
333.8207736662686,605.1608920806787,5150.097561887238,12.97408680430484,13.27908680430484
1000.3276779041212,603.819241622999,586.7502544031545,15.332492228530073,15.637492228530073
645.532416481713,604.8750107586015,563.8042233388107,15.375804633069329,15.680804633069329
786.8376886196687,606.3929220035758,6564.533027703615,12.710615850695644,13.015615850695644
855.0717024167549,606.503974055785,5828.93277636307,12.839652828115936,13.144652828115936
959.8144378986309,605.8449137935759,3121.05714194474,13.517871144889236,13.822871144889236
112.75387486480561,608.0024728801237,6999.149899434663,12.641012207926147,12.946012207926147
984.5358488453537,606.422554833198,3702.9285021572077,13.332262128527107,13.637262128527107
659.4946018718291,606.418958172853,18.23333289972885,19.101460291745546,19.406460291745546
1067.6477431992812,607.2240511017887,-107.61193061481535,,
407.02263061173,608.6338652491331,223.79432068919817,16.379002792256852,16.68400279225685
420.3560490754153,609.4194557964984,1659.0795238327578,14.203957436599108,14.508957436599108
1007.4148469094692,611.2652472428981,1467.7631577376203,14.336985489228777,14.641985489228777
173.39483781368142,612.1974061524534,3526.231322360668,13.385348447932326,13.690348447932326
242.75993086179818,611.9156583727389,2807.5134668853007,13.632820824630087,13.937820824630087
607.1041966413247,611.5026425390089,2588.7637566880035,13.720894395590012,14.025894395590011
631.3176361074658,610.9434314068242,493.36343122691676,15.520708055347757,15.825708055347757
838.1055176525997,611.8854598320389,1938.355882986899,14.03504165323,14.34004165323
231.44500975309208,612.3673331732818,1226.9406016484281,14.5315665992689,14.836566599268899
273.08916539953964,614.758517798244,30233.121493014078,11.052417971722477,11.357417971722477
376.8289518021992,612.1221972836718,1741.4214732706532,14.151365706478963,14.456365706478962
507.30721292213605,615.9923860054848,22733.40752608455,11.361964101703599,11.666964101703599
157.5106516074239,613.4634901743112,973.331611153661,14.782973374201145,15.087973374201145
383.3675940383229,613.4346967790966,2135.4887430219633,13.929882228868877,14.234882228868877
696.9360376075543,617.25621865086,44495.02656914272,10.632846768872282,10.937846768872282
905.2345375194459,614.1461736867789,1890.8774250226952,14.061967002754603,14.366967002754603
921.3708004558644,614.103740905573,-0.6943874780436374,,
806.7979903890507,614.6867001896438,283.63128028719797,16.12174013161819,16.42674013161819
123.37132198218886,615.7010097024478,790.4547679416231,15.008932886409795,15.313932886409795
165.06917000438983,616.9735763237834,1401.106902041103,14.387447263784749,14.692447263784748
251.01226389344916,616.9284431771523,1720.831048204985,14.164279861869595,14.469279861869595
359.8894266103204,617.1309584963961,936.0957369786554,14.825324776332572,15.130324776332571
991.8837163848304,619.1716693249551,9973.007368059854,12.256560095217077,12.561560095217077
1077.9535179846425,618.7429840486193,497.082387840858,15.512554505222916,15.817554505222915
380.31691196464726,622.1897965056738,3433.7403327080046,13.414206820646937,13.719206820646937
262.3109393125222,620.8211930203508,5438.810087637013,12.914865708995674,13.219865708995673
175.9820804336283,621.2505017825475,1315.2488700963622,14.456105601520784,14.761105601520784
628.3380293202825,623.8761552559646,707.0363188611086,15.130021137215323,15.435021137215323
38.43514764475419,623.9356583579436,1314.4299038973284,14.456781867603398,14.761781867603398
512.5628305573132,623.5381991684594,4637.0227379314365,13.088027381232166,13.393027381232166
566.2035324607532,623.3853919908092,144.22827386260752,16.855999430290595,17.160999430290595
725.6046247221158,629.1886313358914,27519.828078297673,11.15451115383495,11.45951115383495
806.8992702746614,623.9022619235168,532.533603940109,15.43775790038612,15.74275790038612
339.3082155526561,627.3925467977894,2144.901745476297,13.92510693836093,14.23010693836093
585.3281581383749,624.8590098146503,799.5957239989436,14.996449287525074,15.301449287525074
639.8018823454097,625.1303677083052,505.2159686032277,15.494932772325102,15.799932772325102
822.6977071301839,625.8863668808797,1377.4049950338283,14.405971311006313,14.710971311006313
894.649412491589,624.9870771571145,715.3294619106186,15.117360163763545,15.422360163763544
155.36358721650902,627.092449635089,3611.2772719607065,13.359473358440644,13.664473358440643
925.2618357273892,633.2362612906944,215796.1249956192,8.918516340248333,9.223516340248333
970.977118151399,626.1846921360308,428.3299882153876,15.674179241804733,15.979179241804733
27.67190597666814,627.0443135383748,735.1164829335596,15.087735043211923,15.392735043211923
541.3477648637893,628.461829768586,1472.7048308407147,14.33333616641885,14.63833616641885
181.113849505598,634.0362186372039,1570.5234280399732,14.263514396701442,14.568514396701442
940.8546514391497,631.2896464705691,2900.939661028677,13.597278705817065,13.902278705817064
217.58030578092104,631.069603154666,970.1140655354654,14.786568441459075,15.091568441459074
281.7158967850803,632.9501907617197,1365.6900789090485,14.415245058768413,14.720245058768413
383.42320982784446,632.3410401506818,2347.226378605057,13.827238001920442,14.132238001920442
132.68648619426273,633.735414145512,1091.4538034946672,14.658612048379,14.963612048379
846.5193723893223,633.1186487696399,281.31476097104246,16.130644142985876,16.435644142985876
995.3337050384131,636.7774279173411,3748.9749010577516,13.318844112757105,13.623844112757105
173.4611717275919,636.9870661835544,2016.5301941563412,13.992113621901382,14.297113621901381
524.9837274411166,639.3394604804985,15463.150347588555,11.78038049862524,12.08538049862524
945.5043789534878,637.3827655345852,3374.600497077373,13.433069529586628,13.738069529586628
616.4721703087263,638.1697706446157,25.900230951713414,18.720366353231263,19.025366353231263
330.43867213612725,638.4343384306078,408.21506961420914,15.726402862374288,16.03140286237429
386.85941392704774,639.7471529564258,3050.6634365684795,13.542639702733723,13.847639702733723
213.47403145762522,640.4301756980644,933.2040084626423,14.828683956000047,15.133683956000047
322.85379083179856,639.1382243497394,587.7675927929655,15.330611352217838,15.635611352217838
735.5441311375151,639.2180377818175,160.49822484208966,16.739949861605627,17.044949861605627
785.4745091028827,639.8023560527673,785.3160125722383,15.016014312971883,15.321014312971883
73.78523054970762,644.4954217043255,5232.598316363899,12.956831952121323,13.261831952121323
399.9714385432949,643.1417786800931,2525.7437190955507,13.747652240763049,14.052652240763049
534.2384744756378,642.4339767111094,3619.568366636683,13.356983484901134,13.661983484901134
837.5800909331347,649.6868374999982,268588.363888372,8.680907460693405,8.985907460693404
1047.5239748335537,641.7482334813689,233.85936904736752,16.331238510909042,16.636238510909042
639.9186269131555,642.8596666396215,1239.0685836101063,14.520887080837904,14.825887080837903
286.8582296293773,644.9167075696894,5965.531798258402,12.814502532507412,13.119502532507411
93.97875248807233,648.7967553337957,2172.578571014933,13.911186715943048,14.216186715943048
158.0363197380346,644.3520018476581,625.1296856124101,15.263700137986572,15.568700137986571
175.67482283685032,646.4878270785537,1557.75211002075,14.272379574480809,14.577379574480808
102.41023067636841,646.8790396812901,2508.4663371328306,13.755104751707808,14.060104751707808
732.8602239236503,647.8224605721758,387.16867241822274,15.783874921679757,16.088874921679757
934.1634715418238,646.5136476711963,3536.665382985935,13.38214051608865,13.68714051608865
990.3813933403923,647.563169420064,327.4736276004869,15.965684618100696,16.270684618100695
62.29806203662087,650.0770974654565,1563.5203753523729,14.268366581915547,14.573366581915547
262.4374866625354,651.4541409277828,3132.4711849298205,13.513907733251678,13.818907733251677
295.8800094940495,650.456472849982,904.5820114261106,14.862505577238185,15.167505577238185
759.9292414358567,649.4425524747521,418.6285949002351,15.69905321997959,16.00405321997959
779.6101992284399,649.5161450716477,1.838077079482801,21.592716146197677,21.897716146197677
676.6077427555874,652.1448323700017,1727.2841860020512,14.160215952722325,14.465215952722325
507.79743205403923,652.4487531746628,2639.4259494508988,13.699851739617852,14.004851739617852
818.6058531887985,650.996731478871,633.0114239271479,15.25009657551022,15.55509657551022
874.3397937070248,651.2608291416406,42.640546518527316,18.179068539080227,18.484068539080226
103.72206397917091,654.2900922853784,2017.5755768845745,13.99155091484029,14.29655091484029
514.851406188097,654.4543676133809,2940.7913306905552,13.582464921387844,13.887464921387844
647.3252011969979,653.5415303617131,961.0673993125306,14.796740830827602,15.101740830827602
656.4421450679963,653.9805927003393,2666.1217562576157,13.688925497810079,13.993925497810078
463.688861537693,656.0592118319092,2144.5361400638426,13.925292021369245,14.230292021369245
61.41166385404476,655.7937374447877,829.1149156313271,14.95708862471894,15.26208862471894
687.2229144164429,658.1521163754454,8043.118142861633,12.490064325045198,12.795064325045198
701.2676096918008,657.339303548321,865.8451770246961,14.910024839556042,15.215024839556042
586.6299953976029,658.292824726606,7274.612736942039,12.599100748301856,12.904100748301856
715.4312540820624,655.9086983897614,377.69880053519995,15.81076143087771,16.11576143087771
84.75904239717539,661.7353741995915,5576.919598629433,12.887639486467227,13.192639486467227
806.9263576777089,657.1453486509807,270.1513187031414,16.174607715400814,16.479607715400814
204.01128484492878,659.1156830507242,854.3965605711995,14.924476716441767,15.229476716441766
658.8417930838876,660.3015442422796,2193.3974116806753,13.900832128348164,14.205832128348163
308.3734617278537,659.640074118837,653.6005158468154,15.21534447924396,15.52034447924396
407.17131463538544,658.9526547694322,355.09460847557835,15.877765249189853,16.182765249189853
491.7412761897871,661.0040103673081,3380.2021644375136,13.431268756193564,13.736268756193564
1076.4483294905265,659.3234390678529,111.8308875230818,17.132221015955373,17.437221015955373
627.6305956090316,661.1166967499161,692.3227314603837,15.152853966698132,15.457853966698131
550.4679985315664,660.7177206794669,133.2742975379918,16.941759439649722,17.246759439649722
296.58925152335183,664.1350557540973,3185.9023916382976,13.495544280125308,13.800544280125308
141.7154553109296,667.221697591026,1768.2352013744724,14.134775364725073,14.439775364725072
611.9547520784081,666.2431632262642,3813.432094623132,13.30033540156456,13.60533540156456
783.9762390207375,663.3990209369016,1141.4706307149784,14.609963590310281,14.91496359031028
16.772140197408113,664.2393217521058,624.8391796274968,15.26420481115079,15.56920481115079
376.2652838700697,665.9506233252936,1217.3122592797558,14.540120455656023,14.845120455656023
525.2712390123243,665.3990631211078,672.5146564964192,15.18437106094638,15.489371060946379
687.0176746938384,670.8652368171731,45264.15060890913,10.614239507065843,10.919239507065843
909.0975199651384,670.541751193257,58670.12203003581,10.332582966156387,10.637582966156387
1005.0562340642399,665.8021271961968,760.7581774382807,15.05050887167411,15.35550887167411
833.9326184860148,666.3385156209821,986.0248171494836,14.76890583048893,15.073905830488929
597.6042602826798,667.492808203861,826.3843843902825,14.960670189887763,15.265670189887762
974.4081238038182,668.0385992173785,773.6422112110832,15.032275051076098,15.337275051076098
55.704853542876116,672.6035019325046,16304.875743312994,11.722831711284844,12.027831711284843
946.3036626688938,672.1049900595848,10718.846047494546,12.178255361741103,12.483255361741103
717.1025763901606,672.0358990592824,2999.461646263886,13.561017162359086,13.866017162359086
781.367675820283,672.8270084385401,5408.562510683726,12.920920811136945,13.225920811136945
23.419461491600323,675.1307640656878,2016.182440967714,13.992300874632885,14.297300874632885
794.4146028183574,672.0301624440792,1547.458179406238,14.27957814273067,14.58457814273067
883.4462668425472,672.3968274297735,1158.3126933847473,14.594060905981394,14.899060905981393
153.39105800354864,673.3492199223683,840.5064796842332,14.942272780264918,15.247272780264918
4.855999342616197,674.5872932546375,91.92179041882713,17.3450792579832,17.6500792579832
229.4052641876187,676.3782749182595,374.2228726382633,15.820799624429917,16.125799624429916
693.8857407317109,676.6878339656951,13078.400833686797,11.962238835670867,12.267238835670867
633.7604294836675,677.0099537616934,292.27414182590053,16.089149459928613,16.394149459928613
1042.9732819736687,679.6501334465723,908.4738450685082,14.857844373709003,15.162844373709003
422.75586418840544,680.4204842028996,1546.8571787562175,14.279999902052191,14.584999902052191
959.2265800457315,678.2699029125944,50.676007983275,17.991619455236773,18.296619455236772
1059.8298780816103,681.3649157478876,4364.086452234528,13.153892081601334,13.458892081601334
14.360144526233587,682.6699724630697,1555.7095110550208,14.273804177856071,14.578804177856071
523.0608345440681,679.9077928871558,1970.2687528893387,14.017311770500308,14.322311770500308
741.5405666375547,679.8541289615588,568.8024362404657,15.366221825323993,15.671221825323993
412.54606805279855,680.2216416246637,412.6804526382607,15.714590699422793,16.019590699422793
712.6379347677008,681.1958339115782,1303.136507630341,14.466150665453569,14.771150665453568
833.5651695742769,682.280468599095,1721.2394159716966,14.164022238049357,14.469022238049357
34.68556477032021,683.8773959595292,270.6215362817559,16.172719557098574,16.477719557098574
683.105155726937,684.4799031052062,3042.969977226702,13.545381276182031,13.85038127618203
524.3974321087479,686.0311559180832,2576.8077572789707,13.725920396901964,14.030920396901964
1011.7180927760373,683.8549671895433,63.84903575618097,17.740739587552543,18.045739587552543
388.7727167039089,687.375579479406,3690.349549690636,13.335956683822749,13.640956683822749
704.6181339442971,687.2864600049169,2422.0628140199183,13.793161939985886,14.098161939985886
991.9468357502628,685.7452984785656,1956.4759024458247,14.024939187099438,14.329939187099438
181.95618670769886,687.4735850998821,1164.5381588292898,14.588241135502487,14.893241135502487
940.7405654078518,686.7837756453339,1135.6530257990548,14.615511289054334,14.920511289054334
209.62381722670222,688.0116024616138,216.1500657914321,16.416737014811236,16.721737014811236
351.2891833737194,687.465019973917,431.17035416214514,15.66700321355342,15.97200321355342
996.3997581258003,691.653461488689,2116.707985881561,13.939473074200443,14.244473074200442
69.39407336171647,690.5456791095705,86.64803049784604,17.40922870574387,17.71422870574387
192.7916297296246,691.5939033118137,1717.4980704008244,14.166384800448924,14.471384800448924
272.5849695300959,691.3708911387702,1722.9177818240803,14.162964061775538,14.467964061775538
975.608225299559,692.1153668329417,1934.7273568881567,14.03707601348715,14.34207601348715
784.4554943418436,690.8638891252325,354.8639677655391,15.878470684651498,16.1834706846515
867.9682122851211,692.6714545006004,992.8021213841691,14.76146870376865,15.066468703768649
43.317580243414476,692.5674612406132,1011.2534878911313,14.74147536361518,15.04647536361518
164.36186668573984,694.09524754316,2357.3851681479305,13.822549078026752,14.127549078026751
500.6786396970982,695.080995531197,1291.296081243542,14.47606086232409,14.78106086232409
732.5713983189933,693.8375938981543,681.7181912149945,15.169613237399595,15.474613237399595
526.5532988592662,694.166110883542,1103.479199619729,14.64671506695122,14.95171506695122
624.1203012500306,697.2322052192781,5586.399308638612,12.885795506746307,13.190795506746307
267.35694494812026,697.4657846373475,1131.4403546286226,14.619546283741569,14.924546283741568
705.8347635640416,695.9497868656497,1062.7975600481413,14.687499073225748,14.992499073225748
1038.1451886795246,696.1007127867161,814.623246137997,14.976233447509493,15.281233447509493
301.27129257362895,698.6419505105572,2550.0498184189805,13.737253782450704,14.042253782450704
433.5697246564216,698.6369510506761,490.6150212624074,15.526773342563622,15.831773342563622
