x,y,raw_flux,Red,R_mag
4.927158519008853,1.6445959159596963,423.0420716843233,15.592093933813146,15.492693933813147
56.952530040029245,2.350409738141945,3806.5685310610943,13.206718702061842,13.107318702061843
229.25319954102287,0.988306199644731,95919.77761871654,9.703282426422348,9.603882426422349
261.4585954124917,0.8031335149180743,3182.281279927893,13.401206424383687,13.301806424383688
407.3938607351737,4.421757024390935,2807.337121324131,13.537316413555605,13.437916413555605
425.3617591041677,0.5210627657844816,1937.8913466480365,13.93972927584521,13.84032927584521
443.6821438441237,0.49752042298636684,1697.150236084585,14.083752112274123,13.984352112274124
487.58951289455234,0.3531516276029936,164.17069954137708,16.61981371260715,16.52041371260715
792.053424552379,1.5339765953837232,3637.327324676461,13.256096871562397,13.156696871562398
880.1683513191706,0.7050250865595729,163.74791790753522,16.622613368109988,16.52321336810999
985.1705259525775,0.37278208691601533,398.12796983494127,15.65799611119535,15.558596111195351
179.63222841263118,1.9240072210702168,687.1262578482474,15.065461471994613,14.966061471994614
580.2684978498977,4.2735992397150415,737.282788553764,14.988967595310504,14.889567595310504
149.3935589454698,5.356877206584542,1449.5207842324542,14.254991717095095,14.155591717095096
678.567307625526,6.626026125665899,2866.784097127411,13.51456536785085,13.41516536785085
798.540512395523,7.920736818654402,6861.010758533435,12.56708258364569,12.46768258364569
916.889427605674,4.473197039201569,378.2699187747488,15.713548318997914,15.614148318997914
926.1661439119526,4.3987324985692045,641.5886053316576,15.139911228877654,15.040511228877655
176.03109785928498,5.675952068706611,422.36289225589155,15.593838446526163,15.494438446526164
304.97716262701215,6.5585830600434925,1591.8231713928328,14.153315778909693,14.053915778909694
498.8477161809026,6.4514915164330695,113.49619150916581,17.02059961312238,16.92119961312238
1050.2852505687258,9.471403846594189,6239.453585705009,12.670186438432061,12.570786438432062
513.504537717458,8.797352836892939,605.4751687954298,15.20281199210029,15.103411992100291
851.4928562686728,9.553375707499299,1462.55958637726,14.245268912530156,14.145868912530156
331.57365613526326,10.051488163056508,973.9172849230491,14.686747650249643,14.587347650249644
408.77885318797155,10.876043915273785,3056.647510637524,13.444939436389964,13.345539436389965
420.6075560151871,11.6886436241167,718.4189907190303,15.017108324545774,14.917708324545774
948.0956538969667,12.76995455033748,1164.4464634117821,14.492754018952873,14.393354018952873
463.43472734652454,13.518207906572403,8226.731942448041,12.369984467957105,12.270584467957105
807.2702526173086,11.418231123393893,1878.0824808923323,13.973766180660975,13.874366180660976
322.66147342070997,13.813517748113814,4590.00808453655,13.003519208282817,12.904119208282818
833.753715360583,13.978986312212914,2342.633207083887,13.733792096557426,13.634392096557427
996.0147476643696,14.616728143140294,7379.871829017578,12.487930786429473,12.388530786429474
1069.8618027068078,16.600094882100592,14521.298520750985,11.753039200727057,11.653639200727058
263.75295700325074,14.56630903210609,550.0923455272571,15.306963829888478,15.207563829888478
523.9914599730436,13.549425270616268,951.8379974721723,14.711645239747,14.612245239747
599.2859031587524,17.795142169537975,7208.282539729448,12.513473331608228,12.414073331608229
610.4148390023473,14.772228922324873,421.60971070261724,15.59577632151256,15.49637632151256
662.4917000847852,15.688656386693065,1081.5868379208564,14.572899350471019,14.47349935047102
40.07306047774897,16.10819265312584,769.5142636626288,14.942511148735868,14.843111148735868
184.07160251106276,17.31632972832771,5693.70434268928,12.769565555066418,12.670165555066419
248.82954433649178,15.307599672124557,869.6844497000328,14.809648572501672,14.710248572501673
283.13367324603934,15.3122367070394,416.76995606355126,15.608311824014608,15.508911824014609
407.01170888230786,16.597998185193024,1538.6601650873235,14.190196058649585,14.090796058649586
290.0185631580773,16.150067173298297,388.35265275772514,15.684987144277393,15.585587144277394
700.3177078616739,18.901027116169754,2519.525954540826,13.654755743126302,13.555355743126302
513.7385737168744,19.30692494540682,1315.600040196184,14.360243139271986,14.260843139271987
222.3478588751483,19.31101403707944,359.69049585420464,15.768230428086298,15.668830428086299
303.3545547004993,21.25653725636115,1523.960268080179,14.20061872335774,14.101218723357741
1046.0560774231542,21.67100226618434,3453.964229997092,13.312258245454435,13.212858245454436
96.48675090208731,24.88054454526252,22456.126421957437,11.279715722985328,11.180315722985329
377.29793499834534,21.01568246952288,144.37863545809807,16.75929550216867,16.65989550216867
672.1238807980284,22.6742386109586,306.2324530746329,15.942924801253834,15.843524801253835
809.9965217342676,21.899741194655203,367.29105599550905,15.745526952344315,15.646126952344316
148.86548246144147,23.25107986919572,990.5980824934021,14.66830912701947,14.56890912701947
394.22487151538496,22.71385914955055,785.7538204507399,14.919836581225441,14.820436581225442
541.9508262031958,21.878160451590375,458.91028285702873,15.503733361742697,15.404333361742697
197.85401849322005,26.887324593281676,13429.85977662776,11.837874139090681,11.738474139090682
236.07255134906083,24.867940273734302,710.3010199375647,15.029446738756734,14.930046738756735
311.4798095991592,27.56727554991843,3481.9265395059256,13.303503823767395,13.204103823767396
417.9102799734765,24.48050366135822,719.0622754486947,15.016136572657206,14.916736572657207
941.5453854351285,25.846364282539522,1969.8314990558297,13.921980139829078,13.822580139829078
1034.3184972126462,25.290510230151177,-73.73919067311515,,
609.5181226297943,27.256824261072037,149.54875301520147,16.721095844227328,16.62169584422733
725.336063261237,30.8223055798027,24405.01474865871,11.189355148348122,11.089955148348123
1017.1897992356882,29.487663834507423,2837.0632050026106,13.525880306333635,13.426480306333636
255.65025173361622,30.01732123838561,630.0918363332372,15.159543202480233,15.060143202480234
459.8310100126181,30.211431245805347,1624.8672271881135,14.131008136346448,14.031608136346449
978.7519157983112,30.176664231697174,1010.6769500132026,14.646521931761676,14.547121931761676
22.393089602440842,33.0083563741525,1506.4780436371962,14.213145818538234,14.113745818538234
945.045435206425,33.95065585549236,3812.8234565305743,13.204936092484358,13.105536092484359
38.49280034184751,32.60084830144556,354.9824792914736,15.78253553869869,15.683135538698691
540.4441341638338,33.10730400465385,776.6009736904615,14.932558007666142,14.833158007666142
1050.342119934865,33.149193809937586,-57.99488737247259,,
103.88459062765156,34.55664127376926,2657.0830563848567,13.597040009449016,13.497640009449016
452.67974692906864,33.93373664786031,1455.6464075997133,14.250413102176463,14.151013102176464
796.2074840289195,35.53819043301352,5022.329241852199,12.905789885098063,12.806389885098064
999.9301159402962,33.95246177088724,1293.1244743536809,14.378952005791351,14.279552005791352
1064.511434998032,34.102734755968484,213.28247289711544,16.335664915688877,16.236264915688878
128.08948824291392,35.988313268247175,990.7405501153071,14.668152987879164,14.568752987879165
756.848985837401,37.80966349888867,3709.9396537978637,13.234635720970168,13.135235720970169
407.7027108306659,38.950122717023106,2434.625733205219,13.691972314328622,13.592572314328622
73.61185248017496,39.65486886090242,1872.7883631257414,13.976831079127203,13.877431079127204
572.3064311206501,39.74336858946237,1357.766217062334,14.325990337777089,14.22659033777709
598.4569640559307,38.055172107520704,-109.99283492128401,,
897.4822951744043,38.2740415268147,824.9032600229709,14.86704528461696,14.767645284616961
1076.5215776257737,39.41533613548607,931.9966117162105,14.734517000785189,14.63511700078519
420.38278331847874,42.113176323779115,13403.20891494519,11.84003086706422,11.74063086706422
891.229475524721,39.1443313083097,1113.9343718966265,14.540903822284701,14.441503822284702
163.77728028100768,40.70761069526591,521.9853451033804,15.363907058910728,15.264507058910729
392.1173206419213,41.11340442161364,1818.9321298005125,14.008511598361832,13.909111598361832
678.2585455125264,42.008312930359686,3067.838358822334,13.440971651071303,13.341571651071304
988.3157657001832,42.19985728996701,2521.1039060771645,13.654075971266158,13.554675971266159
459.77147470790175,41.8285156019427,217.79092269754887,16.312953397351446,16.213553397351447
499.55231010644803,42.24135444715164,368.90191053764,15.740775573377954,15.641375573377955
653.1687727635573,43.75193313517389,1838.5595165884658,13.996858601682257,13.897458601682258
774.8037697002961,47.03419282367188,23539.95835099077,11.22853860918337,11.129138609183371
813.230536604124,42.68277331794129,476.19333792550606,15.46359454643838,15.36419454643838
540.3856560871199,43.00224904080849,-268.2738761120641,,
587.255480159625,44.930629851044415,1426.71049927083,14.272213191321285,14.172813191321286
662.6918142975358,45.349123651403154,673.8013526615198,15.08672313823265,14.98732313823265
670.865325262292,44.15946083874314,1997.9868666273615,13.906571261596024,13.807171261596025
236.44747211900037,46.393374433949546,361.8560107844602,15.761713356769706,15.662313356769706
883.0476395395675,48.319077200924504,1767.7591942416025,14.039495072675415,13.940095072675415
170.23474755058865,46.2724059340551,543.5513937576536,15.319951300259756,15.220551300259757
524.7872658110563,45.964700283077036,-100.12204910369417,,
377.47838250222156,49.27978453437592,130.1339484002542,16.87207631713312,16.772676317133122
955.9074484780518,51.16170352545296,10851.486172117915,12.069329781141562,11.969929781141563
844.2908253914562,50.28365010531226,-195.23493773515884,,
151.4285861530143,50.8077961882542,828.1612586645501,14.862765558544144,14.763365558544145
610.8972833868246,51.59302080392207,789.184001846847,14.915107152588018,14.815707152588018
923.7388821149518,50.48845396886051,859.8237873289461,14.822029194827781,14.722629194827782
8.411296304663784,52.15930023164227,737.1232507743505,14.98920255900326,14.889802559003261
64.72490373915271,53.47312286750643,2515.673536599431,13.656417131303012,13.557017131303013
296.64839555330553,53.39610578784136,4184.388739916262,13.103972772597164,13.004572772597164
647.896559974376,52.214629221868485,888.6667378228765,14.786205521640412,14.686805521640412
728.6582753358502,53.34398153035346,1938.0047944946814,13.93966571664238,13.840265716642381
88.21877959972397,54.481907293743014,1373.7542438760786,14.313280216772382,14.213880216772383
587.6435645166376,53.13000448067076,497.8813720669539,15.415238140192193,15.315838140192193
737.6301349552663,53.52295810535185,1193.1944663388304,14.466274758038335,14.366874758038335
1032.8948841155964,58.5914362635296,52963.764155233934,10.348105726957673,10.248705726957674
548.5343563592324,57.08830255841586,6790.970617690807,12.578223205920061,12.478823205920062
1076.9274600492463,56.66870694659014,917.8495529703321,14.751124082637839,14.65172408263784
502.9534241263923,61.73566065245279,19667.6720810466,11.423670437747186,11.324270437747186
799.6829204841761,61.01264671781025,23982.196934231008,11.208330422102602,11.108930422102603
827.3762633599614,57.943819004254905,785.8140825215442,14.919753315701943,14.820353315701944
861.3150774447622,61.82986061038122,9926.0390030846,12.166112891050139,12.06671289105014
48.08516308618139,61.322544312260504,8797.843752690895,12.297112222577551,12.197712222577552
222.9640363038322,61.30116090427018,6819.7689541160335,12.573628680694078,12.474228680694079
108.62314012386605,60.229290640647356,1406.0088832720364,14.288082672975714,14.188682672975714
384.7220129064638,62.03522670476183,1211.8277242157592,14.449450624294364,14.350050624294365
40.116368595360626,62.333180509488884,4891.20048204842,12.934514174012651,12.835114174012652
88.87307551235601,62.85526455310028,882.3662091608525,14.793930664132324,14.694530664132325
280.4606396877697,67.00125041368894,47044.94440358503,10.476770435392577,10.377370435392578
832.2172079694609,62.96793763211283,1034.5156829491204,14.621210137405473,14.521810137405474
336.71936257240696,63.344687800724216,1865.4614453008405,13.98108714041048,13.881687140410481
707.9204786464911,62.525678554123694,481.6182886869326,15.451295408962343,15.351895408962344
738.1870216016802,62.34925129631346,1102.5257232507054,14.552081007295314,14.452681007295315
1052.3451417940096,61.93126567011768,752.9365461262764,14.966156890744038,14.866756890744039
989.5342541711778,66.13254706161393,7660.783690427948,12.447369834992237,12.347969834992238
361.968810959508,66.25838126197995,1101.8608263589379,14.552735976497374,14.453335976497375
514.3276893153783,70.15028973109061,24894.900756514107,11.167776836220057,11.068376836220057
549.7745076722807,67.78510859123017,2572.8792571650247,13.632004320342293,13.532604320342294
216.89714651079206,68.62409376595264,2839.9499455311898,13.524776120420146,13.425376120420147
262.5766232495609,69.87257017160037,2164.013673025395,13.819902833287365,13.720502833287366
612.1402957775086,66.74125930450403,666.6883521149228,15.098245665670726,14.998845665670727
843.7313044751346,67.33576666765342,3419.327889812107,13.323200962921565,13.223800962921565
482.2170374305961,69.0130070717787,1702.108867438872,14.080584498837089,13.98118449883709
15.687008928430055,68.54253193839556,874.9114222281702,14.803142618443758,14.703742618443759
632.5352229952888,69.95790370031669,1514.7055029504681,14.207232326428711,14.107832326428712
60.63028916960857,69.35737082755327,129.11464413134144,16.880614078055064,16.781214078055065
95.28021079901148,70.13198321185526,661.6180806139896,15.106534421845264,15.007134421845265
198.33883308195925,69.64944174437026,645.8058361211165,15.132797920970384,15.033397920970385
491.2144678790107,69.76424093492912,862.1499107803616,14.819095865489576,14.719695865489577
847.7530846692338,72.39372166786555,3849.517009328015,13.194537227156282,13.095137227156282
384.49119536785423,74.40634486734629,10464.948157136814,12.108710131457805,12.009310131457806
656.2752708653364,72.58948226564668,2597.963128307365,13.621470376872967,13.522070376872968
368.58508328337064,74.72184875536442,943.5848290125027,14.721100460299272,14.621700460299273
936.7043582806746,73.57399064434746,383.3373725296725,15.699099930007744,15.599699930007745
998.9027238929808,73.46376482755299,1736.9042583688074,14.058613134652155,13.959213134652156
416.10888753005327,74.92837478243445,728.6108293336476,15.001813779803264,14.902413779803265
693.7629089261202,74.3125353007953,1583.8911823499927,14.15873948181816,14.05933948181816
869.4021464800882,74.55144749258933,826.8290876629675,14.86451346795394,14.76511346795394
35.87790804595471,75.18526296089334,134.94323202152094,16.83267506517493,16.73327506517493
339.2891130072434,77.66017000497408,2548.416015024828,13.642377020327096,13.542977020327097
5.022591105493937,77.38998792042231,1012.8001301140303,14.644243463304262,14.544843463304263
962.6206959339534,78.29032729314099,394.9323429195205,15.666746080300513,15.567346080300513
88.03279563560817,77.87730924599373,372.2903154674929,15.730848487235637,15.631448487235637
904.5067088057276,79.9027891146893,3715.3906826191946,13.233041615350745,13.133641615350745
770.33833094037,79.1481350127968,693.1067710994482,15.05605248052667,14.956652480526671
994.7254811392962,82.63200612648113,3350.4747079303443,13.345286974768266,13.245886974768267
609.4740800179857,83.52970769802187,6649.990620779764,12.601000252547065,12.501600252547066
662.1232976881435,81.94092911776535,308.669018003068,15.934320233762422,15.834920233762423
700.8519976324695,86.42499051397866,13184.020027615386,11.85793319926474,11.758533199264741
838.5881584009613,87.16978081421743,7745.107261988373,12.435484242768982,12.336084242768983
984.1014750294925,82.00136325755827,303.2984301342226,15.953377428426274,15.853977428426274
317.16210632629065,83.43019878681031,1339.6902367230832,14.340541853547434,14.241141853547434
475.67951045570834,84.74169617968407,5026.242083715957,12.904944329217122,12.805544329217122
275.2861197196463,85.4681886807873,1721.7208179989902,14.06814600766506,13.968746007665061
509.3971601466696,84.91133211330207,2523.582895478013,13.653008896592848,13.553608896592849
560.0926604191078,90.45510250612695,54262.57913148885,10.321801754017018,10.22240175401702
948.5272861943691,85.42701204965927,87.13094248461663,17.30762180504877,17.20822180504877
306.074544455155,86.65460004338695,1085.2320656845147,14.56924629069325,14.469846290693251
528.0261625788548,87.08090590255752,281.1354427428561,16.035763833070067,15.936363833070068
740.7703169218246,87.90541696864203,2112.943294384352,13.845833229638261,13.746433229638262
852.0924059167021,88.8764780888058,1925.3593026999424,13.946773365290216,13.847373365290217
922.9663213439869,85.87079573226447,272.3781873100563,16.070122021213525,15.970722021213525
1043.8634095231862,88.2687096396085,2983.815858423502,13.471122789931599,13.3717227899316
490.9756499454951,89.82322165695959,5645.241075204023,12.77884660239072,12.67944660239072
879.0060828047514,88.92314394667703,1009.7382946828191,14.647530766110936,14.548130766110937
1072.4596441760314,91.1436812095368,15216.546138676717,11.702262616515236,11.602862616515237
11.698185850049681,88.10829831991836,237.64513165510758,16.2182305298153,16.118830529815302
39.84677057968599,89.69719565179406,337.06946814789774,15.838754295021788,15.739354295021789
642.5371623591554,89.30716603622228,88.02901606907966,17.296488215414122,17.197088215414123
822.7207974288448,89.6501241053843,268.06935306900436,16.08743491881508,15.988034918815082
970.915286030009,89.79637510160026,466.5947295473112,15.48570326226555,15.386303262265551
127.9764183659312,92.8906253283912,6004.020776406496,12.711947368438606,12.612547368438607
137.69722725069457,93.27635428579654,2472.3006469650004,13.675299628200495,13.575899628200496
722.5805846829577,91.77534235094652,453.38966562330603,15.516873792535698,15.417473792535699
795.1244047442755,91.45539686200758,807.1329846278202,14.89069009515117,14.79129009515117
206.695528463001,94.41043065481053,2418.6343002813364,13.699127315464567,13.599727315464568
517.4231347788993,92.44980513542939,438.93640178842173,15.552048836561195,15.452648836561195
782.886099918046,101.86022175376306,5980.86034131509,12.716143681101538,12.61674368110154
114.53409112064004,96.4643744396219,471.2711331087229,15.474875737913248,15.375475737913249
935.4181352186797,97.22130299785515,851.7543977665347,14.832266872999142,14.732866872999143
1061.1046162996251,104.82126565282641,58996.46128059812,10.230987927925522,10.131587927925523
169.7612987428133,102.28966807974867,13184.43424170572,11.85789908825999,11.75849908825999
667.3505687482033,98.43913362106534,83.26288646829535,17.356924178305945,17.257524178305946
1009.8978514974775,102.35309768169056,7355.0823355928005,12.491583987600096,12.392183987600097
907.1762136049658,100.75683536540707,1987.7150995460956,13.912167492419186,13.812767492419187
493.7669600975075,106.8113810662324,5917.054531005213,12.72778890519254,12.62838890519254
573.5663057966275,103.33668975959004,2567.119832523872,13.63443747971039,13.535037479710391
380.5878103393135,101.89067813227446,215.97631132450684,16.322037535589907,16.222637535589907
546.4457680110354,103.15438590733733,154.01004945687333,16.689180183658504,16.589780183658505
601.1062319554189,104.33305630737799,1355.9416110967736,14.32745036308578,14.228050363085782
741.656977128379,106.41787837900469,31898.83913512434,10.898615638300662,10.799215638300662
793.7618891839372,102.57035982676908,579.7134984963584,15.250019302130847,15.150619302130847
26.109776509144663,104.98948999797453,904.6031814699679,14.766907557429182,14.667507557429182
134.09495317447968,105.66400651923408,4302.090251997884,13.073854041836265,12.974454041836266
473.3342467782137,104.37447289947154,821.237596020801,14.871880776896427,14.772480776896428
588.59803039708,103.0954970390987,1400.8174917305619,14.292098944325511,14.192698944325512
305.1026662173555,105.82537056612932,1557.8876472150964,14.17671250015773,14.077312500157731
961.9455230208602,105.74302700823479,1293.2446294716271,14.378851125556087,14.279451125556088
338.77301010723943,111.80224226704628,122573.33666547379,9.43706281314345,9.337662813143451
627.9453968256372,108.22577654116401,5703.305356597583,12.76773627332611,12.66833627332611
75.63570674000788,107.75596277095951,852.0873640892496,14.831842521860167,14.732442521860168
843.1996495681955,107.80216561837324,153.36459175587146,16.69374007722639,16.59434007722639
972.6015084328742,108.29851120043513,1661.5623776090852,14.106761209461364,14.007361209461365
983.8780824573171,109.7999136780822,2041.4656805809027,13.883197626162527,13.783797626162528
445.4328340174552,110.63607378867702,1387.9041200264094,14.30215417202341,14.202754172023411
584.5200467070558,118.26991632691713,209106.26243379738,8.857135235692395,8.757735235692396
927.0730000247249,109.83240142284423,1419.170785173023,14.277966178817444,14.178566178817444
15.781642443708728,113.33837755782636,887.2670949647314,14.787916895354222,14.688516895354223
452.8697631196429,112.04821283285533,563.0471009516696,15.281691017734936,15.182291017734936
558.0761277465734,112.94124078158815,-151.9657524553135,,
805.625646737858,112.67039548511278,396.23755508967076,15.663163746348744,15.563763746348744
384.026060089317,114.62689144970042,5661.228885355498,12.775776049698967,12.676376049698968
1008.773838572831,113.81449187114181,1179.7435077464288,14.47858384433908,14.379183844339082
161.0712330116308,114.99015336525162,1731.0207106982525,14.062297174476672,13.962897174476673
185.9930022799449,116.5637619647131,6087.628232158832,12.69693252830604,12.59753252830604
438.7307897356902,117.75271649691182,632.7940528831514,15.154896862151467,15.055496862151468
569.568965034852,116.4449632529407,948.5959782188154,14.715349636889503,14.615949636889503
968.1003994825938,118.02125414763294,1237.6667956628858,14.426543485044117,14.327143485044118
428.8281603700404,118.5368579668019,407.45635910684393,15.632850084076267,15.533450084076268
326.12296937269537,118.70701418089648,1583.1582992670556,14.159241979626179,14.05984197962618
495.7922795009134,118.2409538464673,10076.010910483204,12.149831261751338,12.050431261751338
816.9005296883897,118.21377486948217,378.96120966078416,15.711565939448754,15.612165939448754
934.5707521510695,118.77127493270616,444.72804219036493,15.537816547927207,15.438416547927208
281.74539572787455,123.27834137191503,18533.36095481819,11.488167374170413,11.388767374170413
387.42265652021337,121.36940121522086,4437.683901889602,13.040161924428652,12.940761924428653
607.6265073241157,121.2503536587163,2935.1265205106297,13.48898576814849,13.38958576814849
220.17740377120984,121.18786289231649,1024.8852085553335,14.631364771194022,14.531964771194023
501.6569057905618,127.49208855538375,127975.74309384095,9.390233684547475,9.290833684547476
716.0687472413164,120.14002956729365,444.9983546767948,15.537156821379408,15.43775682137941
75.59754636628927,121.41085533929964,1117.0400610517581,14.537880962600784,14.438480962600785
160.34973837717712,123.84635256393304,2703.043187268824,13.578420372978453,13.479020372978454
460.6555740971239,124.491791809353,451.24421217169544,15.522023723159666,15.422623723159667
726.0001124715353,124.51082271002706,2761.8768826557875,13.555042047104502,13.455642047104503
474.5849017204524,127.64905166475386,4018.864236236608,13.14779449630498,13.048394496304981
523.3653845836942,127.38391619564285,13092.92770126638,11.865460910161882,11.766060910161883
760.9362812006842,124.62875962997711,1961.1345792048492,13.926784341122367,13.827384341122368
777.0096246389936,123.44915402330582,589.3240266997486,15.23216746544146,15.13276746544146
805.0482471778744,131.42814659635548,26107.346122017847,11.116146017145333,11.016746017145334
377.3857001145414,127.19412743492104,-114.6738913620596,,
667.8839312615349,127.79070866449321,1179.199064604902,14.479085019439832,14.379685019439833
855.0362538992451,127.5279191051628,85.09246274605806,17.33332510149762,17.233925101497622
59.30329150079911,129.50400600112226,2271.3015547744817,13.767365838992333,13.667965838992334
78.54566295373246,129.05231389312013,949.8751894350922,14.713886474145813,14.614486474145814
389.57676343187177,128.20049288317713,1271.2959037679689,14.397436215331481,14.298036215331482
315.20505950313554,130.51227842699242,933.5406049554678,14.732719802929743,14.633319802929744
424.52157549650184,129.98854468400384,-58.685470839784784,,
594.4591038785977,130.91407914029824,1552.5518410644904,14.18043755806282,14.081037558062821
635.5890811260996,128.90712765255213,-167.0778309358915,,
1036.6165527998708,129.4873075047885,476.0483599098425,15.46392515133013,15.364525151330131
255.02889184418584,131.3030440956646,601.5806347186453,15.209818215521734,15.110418215521735
322.8290177146441,131.71272738180204,1108.307287702742,14.54640236207492,14.44700236207492
727.9026150015853,133.3707821445969,2175.987630435559,13.813911778837337,13.714511778837338
986.8718939458216,131.73718996767911,315.51938752919705,15.910487708894747,15.811087708894748
1067.3844875009904,133.54884308523836,3489.803998993115,13.301050244542164,13.201650244542165
879.3246731855227,135.58438226385337,1555.14821383856,14.178623369738377,14.079223369738378
19.088752929620423,136.61506028567362,2791.301864843196,13.543535820151973,13.444135820151974
168.08460952580796,135.478804737034,370.5029531385609,15.73607364965709,15.63667364965709
190.03087623336154,136.6087911916496,4084.2536198324556,13.130271077897042,13.030871077897043
899.5058586240558,137.78480594881916,369.1269944687092,15.740113318067927,15.640713318067927
144.1474046416026,138.18236439956604,343.4108646335223,15.818517756974366,15.719117756974367
263.06632952243564,139.1300641747416,223.4893181621487,16.28491090812939,16.18551090812939
386.121825914272,139.74684227252695,715.2450501157913,15.021915682136537,14.922515682136538
659.3529550918618,141.6694013824769,2698.5034507277883,13.580245390075788,13.480845390075789
603.4836504425843,142.7902679758615,707.6918392166679,15.033442365606806,14.934042365606807
444.54042849300885,147.72925154811193,15096.963513900342,11.710828820836003,11.611428820836004
312.08590358191174,148.28594375984764,3684.3399067775845,13.242153609087763,13.142753609087764
559.8922375802728,146.68576539437427,-256.77124709906485,,
674.9780800174137,148.9805507928036,2211.85091056728,13.796163209286934,13.696763209286935
888.2557021342261,147.64645459919143,1153.3582562109614,14.503142262400171,14.403742262400172
2.1426265675595464,148.72698605759766,3769.0736536468758,13.21746627364149,13.11806627364149
329.28183501886593,147.9055564027117,73.52540392027396,17.491959286890538,17.39255928689054
84.85408189486716,149.70527091428113,512.5316563460776,15.38375109794802,15.28435109794802
282.2326948950727,149.37229053304227,759.7275317368747,14.956408171795243,14.857008171795243
543.728669084188,149.0634504761174,-337.7345770570206,,
727.449656952975,150.0592696245926,638.168151862829,15.14571501774605,15.04631501774605
1056.0784016180753,150.59617579272663,123.02135110216395,16.933101603410837,16.833701603410837
356.4518310683831,151.53621726464362,-157.37806031533825,,
686.358828947621,153.9940983057804,13050.760212469853,11.868963308836648,11.769563308836648
1072.6788912232628,155.4632662584547,8247.154547149268,12.367292501772596,12.267892501772597
432.041836691899,151.99154247003645,-116.17933971199737,,
834.0141902279105,153.16503190160196,1817.3451602374985,14.009459287595835,13.910059287595836
231.78644319623885,153.73458489893378,745.6037779911196,14.97678258464304,14.87738258464304
273.93568822745885,154.32711409306816,872.7015808543772,14.805888427797257,14.706488427797257
583.8034092665285,155.15786321743076,1424.7211781407689,14.273728134387486,14.174328134387487
866.9922720006477,154.94164742868958,25.576210399614112,18.638462344597645,18.539062344597646
980.4241204768114,157.78570610440264,1455.2675205754995,14.250695742867446,14.151295742867447
1021.0921437141028,157.7706145739735,5302.119644701809,12.84692902557926,12.747529025579261
130.32654499655146,157.3561829066961,420.24220226581076,15.599303675203199,15.4999036752032
891.012741195952,157.60100729617193,833.284211110566,14.856069952007875,14.756669952007876
196.39010029270813,157.23414337005454,626.9242471246058,15.165015166778076,15.065615166778077
487.9739608547664,171.74195359444093,1003221.7960894865,7.154560436693559,7.0551604366935585
167.79191132398637,158.6850108229648,978.0940023346856,14.682101344912091,14.582701344912092
297.09333325744194,160.04644426270295,1848.7056285582282,13.990883425787555,13.891483425787555
459.7367348827884,158.7750280165427,473.2808712165488,15.470255455051955,15.370855455051956
606.6282958120179,159.2642586692249,443.4242920043019,15.541004131275725,15.441604131275726
630.9777918435806,159.3689493536291,998.7204808784446,14.659442944232307,14.560042944232308
910.932689587992,164.80405604207118,77326.2747904585,9.93723511333645,9.837835113336451
53.748324608154235,163.98768568958724,14636.398117642648,11.744467299443917,11.645067299443918
91.59739789591664,159.47448320297391,305.90912516300983,15.94407175439273,15.844671754392731
337.11333880231155,159.98135039149034,2410.759354182882,13.702668183026617,13.603268183026618
809.9669070510013,160.42030657310048,608.2939434239674,15.197769103566788,15.098369103566789
898.7445359230645,159.86410893422658,1871.6257551423441,13.97750530242634,13.878105302426341
77.61155475358075,162.88576041971754,3593.3497751788104,13.269304101203462,13.169904101203462
359.87257691289,163.07991951666693,3727.2777310874517,13.229573447982165,13.130173447982166
748.3368021297553,161.60215389132858,540.6589493158327,15.325744344240723,15.226344344240724
245.9598284368892,164.42048403148058,1369.5558746490183,14.316603446617025,14.217203446617026
660.7004236885689,162.33659884262235,310.55513028876254,15.927706064294037,15.828306064294038
26.535290647366338,163.50514366323543,481.24771716522343,15.452131128439387,15.352731128439387
119.25658884966137,166.1124648223156,3950.105931746699,13.166530978344554,13.067130978344554
330.15915755666276,165.42818801995804,2711.1916816760804,13.575152276087147,13.475752276087148
1069.4084362527392,165.63011441869483,1541.214244776035,14.188395298583087,14.088995298583088
595.8105177309146,166.4769441553592,1186.560175106023,14.472328414763668,14.372928414763669
1027.5908624539625,168.23820320166533,3280.251827132275,13.368284869296229,13.26888486929623
1053.00816916278,165.90688642611514,-32.24851938271141,,
18.902973970062295,170.28955094278803,627.9415461965757,15.1632547894033,15.063854789403301
212.86531908074693,173.6230002239786,2770.4761169430035,13.551666807846066,13.452266807846067
405.81642033421673,175.16366969479142,18781.245978978106,11.473741832718103,11.374341832718104
681.9328271612128,171.2935553408366,371.5309546029873,15.73306532588403,15.633665325884031
522.5627010035372,176.29007300807228,2483.4631563128432,13.670408531081272,13.571008531081272
1032.6078548695846,174.76177016389687,2456.951752376295,13.682061263868105,13.582661263868106
707.5599532983741,184.36566093948556,92941.63443641002,9.737527070600553,9.638127070600554
1044.4779331957639,174.39917869244488,4530.195947008785,13.017760366490139,12.91836036649014
250.7360422270233,175.97510786683023,461.7987140339651,15.496921036452687,15.397521036452687
293.4994820035031,176.8477731362214,2942.081858937962,13.486415954119515,13.387015954119516
1016.8963125163183,175.7348552327887,84.93889827482467,17.33528627560709,17.23588627560709
261.54936336269,177.17982624810492,896.6461372268207,14.776500129790286,14.677100129790286
367.7238894385236,176.65928235861125,142.90824483922938,16.770409621051023,16.671009621051024
396.14052611404395,176.26606476743544,3465.138585885586,13.308751312944867,13.209351312944868
573.2727650694569,177.4219627386256,2942.806832519698,13.486148445213082,13.386748445213083
612.2048648193503,177.01308872318833,709.6931550601257,15.030376293197126,14.930976293197126
967.7132021001531,179.21344704345188,6665.827251156244,12.598417698289655,12.499017698289656
56.16278661419751,177.51290027440817,652.7280519044391,15.1212221406912,15.021822140691201
450.02740159119526,183.5257296645243,17942.227012988653,11.523361966320977,11.423961966320977
946.293035079673,179.17750396190354,2720.887217799078,13.571276483424088,13.471876483424088
41.32097858741768,179.53838555190518,368.2104495325649,15.742812561246474,15.643412561246475
767.0655623905432,179.36136363418342,378.3759177087113,15.713244116224377,15.613844116224378
857.8053574573969,179.8823908021575,1093.9798023149788,14.560529574779972,14.461129574779973
981.1307740780394,180.50771312668022,4292.699480980071,13.076226619748859,12.97682661974886
1046.66634739583,181.55129940597584,6935.5810847975345,12.555345700743208,12.455945700743209
900.4478388952289,181.74658437757233,294.6206076358187,15.984895032265532,15.885495032265533
922.9954018218148,181.29551827409404,785.5396033391891,14.920132621763265,14.820732621763266
573.8251359641635,183.5279734764656,2982.7959365046163,13.471493977534282,13.372093977534282
64.91805162991614,184.91760711113693,351.3639248308409,15.793659910349447,15.694259910349448
283.80235988260335,184.8009752562336,759.7763137164808,14.956338459090567,14.856938459090568
751.3556055211645,186.01521479108834,2442.121447967592,13.688634689881592,13.589234689881593
852.1518158038776,190.14445925824973,4516.5292325471055,13.021040770765616,12.921640770765617
191.84112712078195,187.81267173916098,784.8877480102722,14.921033959823774,14.821633959823775
738.79315788269,193.423391128027,6046.421409513672,12.704306803595756,12.604906803595757
285.85931247704013,189.02765175628207,879.9540539684032,14.796902843382856,14.697502843382857
299.24477234214123,190.00492063081472,1294.2739266009776,14.377987328683897,14.278587328683898
415.1203571415601,188.81387487687095,876.190484857116,14.801556503043212,14.702156503043213
476.25477580011125,190.95868334417048,1221.716423238438,14.440626804391597,14.341226804391598
20.884766464394534,194.54085047881154,5935.289232748546,12.724448115913948,12.625048115913948
627.9988801841379,190.84181746941778,501.5989891137017,15.40716120302688,15.30776120302688
130.95803405040306,193.13716806099418,3341.6576195340235,13.348147957535264,13.248747957535265
407.25042523282764,195.4527128903845,1624.5266485228378,14.131235734848174,14.031835734848174
1026.8029733474536,194.21210951925332,5448.240326335761,12.817412193441637,12.718012193441638
47.91244210645427,193.868697393891,2116.404779494891,13.844056000391458,13.744656000391458
79.5927959452517,194.5548778704176,232.20505187766196,16.243373674316548,16.14397367431655
579.22923993808,195.17670242175595,4419.926036034118,13.044515329883348,12.945115329883349
916.9230509725513,197.13512815353147,7523.291656761752,12.46703308818261,12.367633088182611
974.732874548146,195.1084171537813,279.97688821317445,16.040247378756725,15.940847378756725
953.0245740288095,197.0847215168827,510.3259324547203,15.38843374003805,15.28903374003805
172.00646734242466,198.06990395058637,487.6870523408445,15.437699770444304,15.338299770444305
695.2488115968175,197.9681231618908,598.9129238549334,15.214643622564505,15.115243622564506
758.2733789913817,198.39802422933212,942.5649687179109,14.72227459753363,14.622874597533631
779.7663664757907,197.99378263703454,411.5711868815549,15.62194042639058,15.52254042639058
897.0289190340114,198.90604475761964,2495.2928062361857,13.665249048078646,13.565849048078647
367.794537341408,201.5859928584302,18012.36478273801,11.519126000413493,11.419726000413494
561.3212120143291,198.95994782037693,981.5395499024262,14.678283325374426,14.578883325374427
198.1339206101606,200.5147238772065,2105.964684470093,13.849425124219174,13.750025124219174
672.8990411655263,199.7450115032224,575.4341989726403,15.258063661633141,15.158663661633142
927.5472874058795,200.55228076405336,2050.988398745504,13.878144824914695,13.778744824914696
398.80916498212247,206.17424337999475,75858.42439170677,9.958043289473888,9.85864328947389
420.0888207691502,201.18368333817995,2629.44997022352,13.608390554386961,13.508990554386962
437.04980562508,201.97906123958035,1047.917643635424,14.60723495304342,14.507834953043421
621.0969893869951,200.23886099529597,326.939824311085,15.871883272198286,15.772483272198286
1048.8230576939768,200.54712910936692,316.0062229933128,15.908813746714754,15.809413746714755
153.24631047453374,201.05941049203665,36.524222343633426,18.2516003896884,18.1522003896884
752.5375656612018,201.77178406612634,3196.9465165497686,13.396214407509586,13.296814407509586
20.365459024434255,206.5670218825358,2718.43368026774,13.57225597875378,13.472855978753781
837.1713803095881,206.81857228040062,8757.832004574946,12.302061309057109,12.20266130905711
264.41843867261525,205.63738745083756,631.85097011885,15.156516192908272,15.057116192908273
297.28496777541125,208.08165294917322,5619.023275303194,12.783900756852756,12.684500756852756
968.648991620535,207.78892555795227,1789.5171936570098,14.026213145867617,13.926813145867618
721.5123562706134,206.78670832991503,674.1807507528104,15.086111963568587,14.986711963568588
957.7594560418434,207.3551606809367,707.6864627456287,15.033450614184947,14.934050614184947
4.072799515970195,207.5749110621602,421.4860129890085,15.596094916621752,15.496694916621752
750.4224177422245,211.60551097424414,16138.444193363057,11.638398672509732,11.538998672509733
486.7561048902193,214.84971661861198,185948.97789515185,8.984568345678639,8.88516834567864
941.0303296763525,209.08388479499672,990.9063886201462,14.667971263409736,14.568571263409737
205.99245190388623,209.77377269150688,3104.819382596234,13.427961982146059,13.32856198214606
535.4569850024935,209.41502662857306,333.01226070554264,15.85190227579032,15.75250227579032
788.0525797570596,210.35508074157178,341.3275673283441,15.825124420725642,15.725724420725642
197.9254477029568,214.6401742435865,8303.728576571662,12.359869972018325,12.260469972018326
627.0149184632944,213.69322164560714,1762.058929180421,14.04300176300181,13.94360176300181
929.4424939532871,212.64845307644984,612.1009926344176,15.190995125001086,15.091595125001087
76.33052658699864,214.02572603261905,595.975087615196,15.219982569086488,15.120582569086489
117.0268427721778,213.38706370440283,566.2537428071075,15.275525120428835,15.176125120428836
374.482819819004,214.71345966763664,4804.32164233818,12.953972646753174,12.854572646753175
693.3580263060405,213.79834747342093,1075.2086086354232,14.579321002237991,14.479921002237992
156.42007750107186,214.11598811975585,75.87289850433494,17.457836146112058,17.35843614611206
286.15488472930826,214.86528983201723,3023.9128486200643,13.45662965865924,13.357229658659241
638.4994103521769,214.51921298705324,327.40718781631875,15.870332310536359,15.77093231053636
727.6646735821068,215.977415038773,4588.906058076471,13.00377991668764,12.90437991668764
408.2101435530738,217.35647974201223,4459.427518211622,13.03485506080766,12.93545506080766
805.5646931032858,216.35727222798855,858.982849289775,14.82309160281305,14.723691602813052
1010.040198852521,215.53466799612042,552.2254375613976,15.302761814506187,15.203361814506188
1.8113908402033345,216.82973332759846,785.6574392369455,14.919969766695203,14.820569766695204
329.3590467481659,217.17679069125106,1764.864758489956,14.041274256892695,13.941874256892696
206.27897762338765,218.83127374763808,2856.617205710943,13.51842271530121,13.41902271530121
279.39092725716813,223.41349661133543,59862.99367776134,10.215156755465456,10.115756755465457
943.6848457763367,225.00582299348793,41040.21548209572,10.625028753527506,10.525628753527506
991.1981280890365,218.4679383562773,1179.9933992869753,14.47835388964113,14.378953889641132
234.11026233489895,218.99135825920126,285.534747919189,16.018905417191235,15.919505417191235
740.6600920281866,219.5603717626476,170.24833618369289,16.580345643725693,16.480945643725693
567.3023424067778,223.19771451111419,2288.1258351871747,13.759353072603686,13.659953072603686
1052.5323151568327,224.91705853759194,10819.12605552769,12.072572382312051,11.973172382312052
1027.9560928787857,224.31866924813315,1459.9797449450775,14.247185757886509,14.14778575788651
173.51882579649194,226.26056575457582,6138.408962411502,12.687913286254712,12.588513286254713
330.119600887747,223.28526963938316,1907.8111073702776,13.956714402115026,13.857314402115026
885.5225023290028,225.24532471818412,7883.122876687999,12.416307094224564,12.316907094224565
311.5622724808442,225.12901073367362,555.7186559203626,15.29591539286232,15.19651539286232
674.1970364501261,227.4435430992257,2205.303348171167,13.79938199239325,13.699981992393251
1077.9390577361667,227.96528029857492,1527.3809590327219,14.198184403960553,14.098784403960554
725.1413899250955,227.11917736688264,249.14092215269176,16.166940165515413,16.067540165515414
769.6520526112133,227.80342198991877,160.20525943121615,16.646360910524535,16.546960910524536
969.0104816993238,229.20951146791845,430.79814307997253,15.572368277873395,15.472968277873395
497.74003750828894,230.55823891583404,235.95217166958344,16.225992887269527,16.126592887269528
219.5490269034255,231.63899166025755,597.6758541124265,15.21688855734995,15.117488557349951
79.0993997019431,232.92088612847493,569.7441392155681,15.268853168420746,15.169453168420747
564.0313358625273,233.2161193719282,1207.4024477941778,14.45342270453824,14.354022704538242
614.0970781998533,232.62481403215327,468.28425936800807,15.481778934701968,15.382378934701968
1024.3088859135016,232.73726696371972,1534.8560626784558,14.192883699458937,14.093483699458938
519.103756978117,234.77155436656608,480.2009548862781,15.454495286165356,15.355095286165357
533.1849141004029,235.6718730637442,739.7721246013596,14.985307927944643,14.885907927944643
281.1333410720602,238.82737989761114,1524.4457478850463,14.200272901310074,14.100872901310074
324.54299821750834,236.07242461510012,1251.3679389458382,14.414590274947237,14.315190274947238
791.1918446126655,235.86366248457267,845.5091058896317,14.840257111507881,14.740857111507882
293.46875222224355,237.12510564981525,634.4256701486554,15.152100966721171,15.052700966721172
622.9958329169627,236.48931530359135,188.2628703583065,16.471141144739555,16.371741144739556
638.9515466066795,236.7530828677725,778.2684913455174,14.93022921412432,14.830829214124321
1072.2669707197763,236.43492900423314,335.33176754106,15.844366089176708,15.744966089176708
121.87902020894249,238.34279282610404,688.3970352004337,15.063455356389067,14.964055356389068
654.134413103459,239.47950176130803,9893.677523349987,12.169658457543479,12.07025845754348
907.2485422017248,238.60296239118975,2383.419837508206,13.715051460190352,13.615651460190353
1020.5107441989793,238.94432364404696,1956.3709483504972,13.929424821906611,13.830024821906612
111.50921579936222,241.38019664602277,1046.5792738542405,14.608622509847564,14.509222509847564
601.4177738840416,241.41802250232314,3544.8546825317367,13.284056743338276,13.184656743338277
743.3511073618953,239.2069986201834,1072.826885203246,14.581728713309044,14.482328713309045
18.89958784357351,240.46748368301277,946.0217895717456,14.718299985587091,14.618899985587092
960.5911838347847,240.90747165430662,1934.676928141411,13.941531703125381,13.842131703125382
224.99030842923344,241.13517889610193,1053.1052893184024,14.601873349328267,14.502473349328268
574.2180467038214,242.15991016326132,2198.898361155661,13.802539945482268,13.703139945482269
945.7631778803409,240.75925490203787,3881.551046906457,13.18553957943642,13.08613957943642
1013.4857083945716,241.38898571339234,883.7444961216383,14.792236029302021,14.692836029302022
1042.288472160589,240.49969787643388,444.9343066677973,15.537313101164052,15.437913101164053
789.1018709372237,243.59296029831575,840.6928205091551,14.846459488042886,14.747059488042886
921.553517495481,243.666664519773,403.7221726947589,15.64284632994164,15.543446329941641
476.4842195603862,249.90105471213383,9794.853692398945,12.180557951372695,12.081157951372695
513.102636387623,245.0237643504576,-78.0441920139506,,
773.8027473154405,245.83902611862553,452.943402318922,15.517942989462785,15.418542989462786
940.9816330776831,248.4396335896886,11327.366131766867,12.022730488634284,11.923330488634285
2.282194020722156,248.04805577483012,4215.208300092208,13.096005232653653,12.996605232653653
426.38056605830786,247.4073921293362,826.0345394826254,14.865557316675762,14.766157316675763
537.5082560953872,246.99981268070695,2374.5142885072855,13.719115866299767,13.619715866299767
1050.0526611124417,247.79023881524262,2244.826642676355,13.780095814147774,13.680695814147775
841.6405015738453,249.09466070783435,1390.6618104542788,14.299999013285365,14.200599013285366
694.6376193765622,248.91751756773743,321.53971637551126,15.889966273611684,15.790566273611685
71.40962795892318,252.50470917811754,1336.3523843059734,14.343250352333152,14.243850352333153
419.0453701693665,252.0171231319573,822.5836444849695,14.87010265912846,14.77070265912846
15.104682519231181,252.59177816563965,1389.7255830010843,14.300730203537942,14.201330203537943
184.54849558090132,252.99640534546091,553.4982820076956,15.300262141424488,15.200862141424489
1031.7867229466042,252.62828151871562,308.5037854125639,15.934901591233166,15.835501591233166
488.6619728526888,254.02586274592142,1512.1943470538736,14.209033808891517,14.109633808891518
531.3744711048371,256.86390491451374,13529.320879124654,11.82986284147178,11.73046284147178
572.843438867157,256.29302460914334,3066.9151858877362,13.441298419629682,13.341898419629683
1045.21966775179,255.97799825001314,4165.086484449761,13.108992775499097,13.009592775499097
201.90031394449903,255.6121626065336,-15.063851257456776,,
506.8239415818836,256.00225954633356,640.8396884890698,15.141179332874898,15.0417793328749
230.29011565499465,259.66051118574757,6095.6764971497205,12.695498058077913,12.596098058077914
480.7413071343498,258.1902990602469,4605.895811109968,12.99976756030757,12.90036756030757
659.2027890492141,260.0599456002569,4188.771923475048,13.10283604974951,13.00343604974951
833.9479902463838,258.3298311664926,1033.436897324786,14.622342926161789,14.52294292616179
343.64899671164903,261.5878834304433,2157.0089791103587,13.823422952046727,13.724022952046727
624.3105822457286,259.22828615957104,1485.5574599990425,14.228329198030309,14.12892919803031
53.58600757615759,264.72284324866666,21310.142510013622,11.336586949380623,11.237186949380623
670.0077125162493,261.4632152649492,1954.2418976260547,13.93060703440001,13.83120703440001
93.36070237285811,262.0069832824166,1539.2363003344326,14.189789592148221,14.090389592148222
139.0142207256156,261.74270993563977,382.497022330827,15.701482687971822,15.602082687971823
385.0809196092714,261.1302500675852,192.8384071442348,16.4450689956474,16.3456689956474
907.1749644971928,261.58102494236334,148.437108701539,16.729196618339465,16.629796618339466
987.001955932242,261.46715738156223,-90.221484865935,,
353.3001918224677,265.39318207529743,2133.6001380742973,13.835270257504432,13.735870257504432
418.842622332526,265.28735723324894,4431.454021839983,13.041687215272425,12.942287215272426
187.96920362407212,268.4157437761505,7815.672824713504,12.425636907219967,12.326236907219968
282.03920394276474,266.1926874115768,-60.20178896978534,,
323.70534600434377,265.8875191135742,1131.480065086275,14.523935567554455,14.424535567554456
549.9460795352626,266.46382414951177,637.9086218390726,15.146156654413538,15.046756654413539
887.1336663394616,265.3104796231671,-107.43796961574931,,
671.6795963095135,266.3030606841964,1092.5412546575442,14.561958221894367,14.462558221894367
451.54939053206147,270.6078260911694,9349.905948013045,12.231034728804817,12.131634728804817
468.7052163789425,269.4508373540696,6293.0850494406695,12.66089383155559,12.561493831555591
778.0319429674764,277.3610749414865,365308.56298490445,8.251403203534533,8.152003203534534
814.5103813706272,267.02694705318527,336.74268067595074,15.839807422419362,15.740407422419363
426.9460087837499,272.1217414187266,26574.100066582974,11.09690641937927,10.99750641937927
439.6917662555148,270.3465096718109,2184.202763381266,13.809820453911165,13.710420453911166
828.1878949783542,272.6110176421604,1580.0518909932234,14.161374459487478,14.061974459487478
159.81522768527842,273.54095527905724,5041.971928908041,12.901551775921313,12.802151775921313
225.30956865498567,271.5084911862997,1145.0731360508814,14.510969769377953,14.411569769377953
651.3789514718993,274.211509550666,6035.279556329241,12.70630935553013,12.606909355530131
924.5546188569593,272.0965289698035,989.8547263008454,14.669124181804523,14.569724181804524
514.0154266895289,274.3292970312344,2761.53554160908,13.555176241803208,13.455776241803209
623.5508722826079,283.0850554598019,257074.0564658712,8.63290720823028,8.533507208230281
728.7224285965026,275.81679583743045,5183.098421248693,12.8715791952594,12.772179195259401
216.72871329048968,275.5436206275776,1926.900619343582,13.945904543660234,13.846504543660235
691.2297952747132,276.7745422337197,3954.56089743242,13.165307165082694,13.065907165082695
976.6106166961276,277.74637546173216,11625.488237174339,11.994524831801407,11.895124831801407
149.75249888892998,279.76411901370346,18805.421773261503,11.472345138607041,11.372945138607042
1068.6253072568468,275.99630448529047,1506.3136423938067,14.213264310887412,14.113864310887413
133.72798268176254,278.5499160593474,8413.257541261235,12.345642375811249,12.24624237581125
682.5890469596027,276.8541911219275,1383.4683238367238,14.305629784724582,14.206229784724583
741.2884090828506,278.6809312060395,998.7008600851682,14.659464274739989,14.56006427473999
931.632372227616,288.8256811982935,229224.16532918165,8.75740183443671,8.65800183443671
530.148188051672,282.67803487246346,21539.73119124267,11.324952136612675,11.225552136612675
704.4439890631643,279.38256272706684,49.81301637631158,17.914695732503393,17.815295732503394
803.9063224888386,279.7069049067459,350.57677807232125,15.796094971000255,15.696694971000255
864.6410369435598,281.8453310052753,481.1288795103761,15.452399269509023,15.352999269509024
316.1255937149351,287.8667891441823,29897.898277323347,10.96895118461722,10.86955118461722
330.3133625258385,283.30790316456756,-312.8529687854019,,
887.9442788054342,284.00323134182145,1380.8966645829078,14.30764988292098,14.208249882920981
520.2539036568022,284.68944087454446,2868.7234095003796,13.513831141024896,13.414431141024897
96.07759716158358,286.4146330652379,2025.0400688422437,13.891968782255443,13.792568782255444
1056.4613424508088,293.73132426547875,14979.064170859976,11.719341131190976,11.619941131190977
898.2596165495041,286.48441651704127,77.74144566974203,17.43142130333745,17.332021303337452
432.37524857575283,287.63341919553324,256.84028999974237,16.133894955449193,16.034494955449194
725.0359088128941,291.0640050025286,2223.943489838417,13.790243465284593,13.690843465284594
482.764270195939,300.4210264629106,162131.83872484445,9.133382064396208,9.03398206439621
833.7896469458514,294.3781528915736,26980.349480028744,11.080433907356372,10.981033907356373
671.1360819614607,295.5211350655179,49437.62818298408,10.422908767242513,10.323508767242513
792.1276474235744,290.79144080888517,533.5189496408474,15.340178210973347,15.240778210973348
493.6756689163771,292.76704189903035,9711.593160706247,12.189826632989877,12.090426632989878
370.33029641131606,296.4681989522642,976.8820975877893,14.68344745756178,14.58404745756178
818.0329856978204,296.1293499668321,699.4759289702363,15.046120900144173,14.946720900144173
1030.1630339000562,294.09625170987357,50.22686356796889,17.905712686089046,17.806312686089047
388.5167848551918,295.5560359448823,275.6447382555354,16.057178567704494,15.957778567704494
459.6644275329927,295.7718455848002,1409.3773658393961,14.285484603013005,14.186084603013006
781.3888589103512,307.548373356252,234991.72075425123,8.730421430856943,8.631021430856944
985.8367588102221,295.3846735747256,355.7911488151544,15.780064985139404,15.680664985139405
1072.2412547138886,297.5519363263027,1363.2172066704006,14.321640186552393,14.222240186552394
303.45127216519035,297.3451312809935,1333.6390147414927,14.345457104450979,14.24605710445098
413.41680319549414,298.3000999634768,3988.284010297163,13.15608764109405,13.056687641094051
599.1554361410082,297.16689728121685,1507.3104642144872,14.2125460490594,14.1131460490594
241.58246122329422,299.9548293118139,812.2693429722644,14.883802678947042,14.784402678947043
257.41229962461193,299.7701503505511,611.8578073670069,15.19142656934834,15.092026569348342
648.4493947059561,300.81803349456504,4779.50198901518,12.959596217779302,12.860196217779302
580.2465573974729,301.4885805851498,770.6626536508921,14.940892050560215,14.841492050560216
591.6309682670857,300.18154247989213,814.5303217508257,14.880784694431902,14.781384694431903
882.0529714154064,302.81579657905274,1852.1017550253048,13.988890726295736,13.889490726295737
283.60384616260313,305.0547640963652,7634.646483395302,12.451080504030804,12.351680504030805
80.30901139642354,305.7940994585175,391.5373086151528,15.676119956457956,15.576719956457957
524.8267353494394,305.3263733403436,-223.1970277467328,,
536.6732747241465,306.72324258419593,2091.0413676287353,13.857146272806183,13.757746272806184
981.1791709452613,307.08790460066473,2946.84255418825,13.484660502713975,13.385260502713976
135.82739652709913,307.09494023421064,2076.1228199086795,13.864920229316136,13.765520229316136
192.56600127694134,307.4062130800688,896.947931448854,14.776134752894741,14.676734752894742
10.573502861030557,307.337047650718,693.4685376785477,15.05548592914064,14.956085929140642
92.76762052541855,307.1708037794602,107.77306508926749,17.07677724831733,16.97737724831733
258.83843293376503,309.37810096063083,690.6346324551441,15.059931952916681,14.960531952916682
320.9609832651665,306.9841724200125,475.28057555272426,15.465677671250187,15.366277671250188
738.7833620672699,319.92483903110656,278449.19542546547,8.546187916120138,8.446787916120138
834.8982490265139,307.0375196207029,741.6737293344597,14.982520593889431,14.883120593889432
57.3295705895135,308.75963754790314,403.89184409527485,15.642390125910177,15.542990125910178
149.8926056610633,309.23444429159974,636.2917076158628,15.148912175996518,15.049512175996519
404.3648261968151,310.13178574252817,118.80193212065387,16.970994074977426,16.871594074977427
939.1882144255891,310.523678235027,403.9876815409294,15.642132527637898,15.542732527637899
849.6844420520824,312.61352202218427,3673.901212884748,13.245234148392928,13.145834148392929
171.00901983979662,311.88304906105225,225.29054965384304,16.276195397985646,16.176795397985646
161.936212763441,313.780675127545,398.0070791888594,15.658325842570541,15.558925842570542
640.3654262212232,314.92613901991234,5028.108438600505,12.904541246176032,12.805141246176033
697.5989475639001,314.80042431316025,754.492625219919,14.963915336657582,14.864515336657583
1018.3935129888571,316.1294928926123,1684.9214018697312,14.091603717640727,13.992203717640727
454.2024455616768,316.0046505022424,987.1695413312264,14.67207346713035,14.57267346713035
97.43285469678781,316.19536538638516,522.431686849378,15.362979059063921,15.263579059063922
842.2902950456245,319.89526726209425,4482.184464992131,13.029328519413694,12.929928519413695
252.4433512278251,319.96282337964914,2669.156285097251,13.59211782584748,13.49271782584748
1035.349672246495,318.3317619617367,822.0685325991399,14.870782773319203,14.771382773319203
59.45470345551861,321.46220999450077,1476.0096379974707,14.23532985112757,14.135929851127571
19.9184048792163,320.61036649504064,1592.503430633451,14.152851893014995,14.053451893014996
130.30099451546346,319.82321974233275,865.1351294210805,14.815342966449808,14.71594296644981
409.5521324358971,320.8192815319465,1260.9233713803126,14.406331098209147,14.306931098209148
677.3869121647907,335.47223191368823,310173.61931840435,8.429040690168707,8.329640690168707
973.6685469968623,320.3742699426054,1122.0690897657523,14.53300383749154,14.43360383749154
433.8767025090411,321.7289908902869,3491.0521579458214,13.300661990910168,13.201261990910169
628.1100700851637,326.281243364838,8307.823770585734,12.359334645710014,12.259934645710015
722.0285899242398,320.75039027557204,987.9930070717403,14.671168157721382,14.571768157721383
991.7239797368268,322.18145304778045,1003.9861848149083,14.653733492438938,14.55433349243894
460.5724075956087,323.49974654349796,3064.2408717599437,13.44224558190325,13.342845581903251
531.3966570527323,324.3908006424294,2449.491061919425,13.685363186785096,13.585963186785097
537.5323921659926,323.05402468885677,2005.6516817349807,13.90241405442972,13.80301405442972
312.4044897504788,335.91714921165726,45608.02024782698,10.5104497824652,10.4110497824652
37.24381211887189,326.5503550377625,931.8206718552192,14.73472198254943,14.635321982549431
128.01826966119532,332.39639161588934,10819.981854428428,12.07248650336964,11.973086503369641
236.860845556332,326.4056164177035,2045.7561386669959,13.880918176895467,13.781518176895467
325.4830583795763,326.1164046486411,995.5296520070885,14.662917334257946,14.563517334257947
399.0129910493373,325.12317006426076,339.4809250887613,15.831014392064478,15.731614392064479
1009.65824890641,326.87428318583926,2167.7107370491312,13.818049512597248,13.71864951259725
345.98372959173867,326.77409605356956,670.7660054112627,15.091625223624263,14.992225223624263
518.0999263649093,328.41701988184445,5183.544601648759,12.871485735069166,12.772085735069167
605.9251887836979,327.07820935249407,-50.642970233190646,,
484.0828058579526,329.04727275435323,6456.375712884061,12.63308084660359,12.533680846603591
704.7350427995104,327.60396843402367,-237.25244830774156,,
941.5333811997698,326.7745704586274,240.67858809584072,16.204459196709376,16.105059196709377
407.9210842770659,329.42243919540255,1752.538743004728,14.048883765468007,13.949483765468008
434.71894354579865,329.2721963702138,2249.1991621240077,13.777983051838618,13.678583051838618
1048.8322176978475,328.07647590391684,125.31272930840854,16.913064861942118,16.81366486194212
89.69059356588629,329.47861741914585,547.9700379314036,15.31116080284458,15.21176080284458
97.13417325600093,329.36369526850444,895.517704682726,14.777867393431043,14.678467393431044
502.8360955449012,331.0896692019781,4839.797592866282,12.945984836424271,12.846584836424272
1033.7009508788126,330.8249203495759,1946.8729002413693,13.934708834620622,13.835308834620623
146.83737448430182,332.6758745480129,7754.0633539518985,12.434229471836886,12.334829471836887
223.29678350703492,336.71084538991687,9291.334499700464,12.237857595711104,12.138457595711104
333.9301714795927,332.34689348998086,825.957265514616,14.865658889994176,14.766258889994177
354.80158519170186,331.7430148609182,1979.2183590400623,13.91681855752713,13.81741855752713
119.3676063531587,331.53031074465855,4414.062947623614,13.045956528939731,12.946556528939732
417.68056949884465,338.6965728903775,93916.12051890016,9.726202473308133,9.626802473308134
913.4225813322321,333.72012665659685,92.84084768462684,17.238705091637378,17.13930509163738
1000.5513394476149,336.26327024977866,317.87583731045027,15.902409041592147,15.803009041592148
20.803044959805135,339.00699243015526,2635.8708993796,13.605742495937578,13.506342495937579
772.2141676114459,335.9973528098581,-88.90091072411664,,
898.867240343378,336.71501200271746,368.1797900661967,15.742902970083756,15.643502970083757
264.904447398143,343.31159035806957,6642.519894825728,12.602220674902743,12.502820674902743
516.8369261184848,349.4662759835105,27507.19193688909,11.059437189882244,10.960037189882245
697.2131238683694,338.1693768636376,1621.860305498068,14.133019222675259,14.03361922267526
962.2342872836583,344.1428184810427,36714.85591488621,10.745948264006213,10.646548264006213
986.4978778720712,339.7718477168387,2502.8407062231922,13.661969810141105,13.562569810141106
889.807219695977,340.89034498617514,40.671371754519356,18.134830783385624,18.035430783385625
178.40695910705207,343.6998825676783,2714.3624570741176,13.573883234824006,13.474483234824007
655.9203594353422,342.92213920449706,762.1506300663345,14.952950801983253,14.853550801983253
1078.539590592274,342.8822540932848,306.9538171587831,15.940370238301902,15.840970238301903
56.6359977918243,344.64936193420056,5906.260562679642,12.729771328119968,12.630371328119969
95.49073683170008,345.01403581391895,1273.9715988554071,14.395153468943146,14.295753468943147
286.0558261088107,346.4143000448873,7173.767426533665,12.518684602607742,12.419284602607743
485.0066928690476,346.6385606804285,6688.263450978254,12.594769405357138,12.495369405357138
766.3222647754021,346.03102407378276,7044.724338227099,12.538392825148094,12.438992825148095
722.2626643628809,347.95974511491,8146.571892319358,12.380615598343457,12.281215598343458
739.5641356669377,345.7977249472274,149.3582335067246,16.722479913288314,16.623079913288315
117.74906708647038,346.75154778666894,213.9163155565647,16.33244305997636,16.23304305997636
405.64546589176086,347.8344850351662,890.1493810753838,14.7843955989467,14.684995598946701
612.9098931697397,347.63003819619667,217.294997515763,16.315428513795748,16.21602851379575
663.6030034178319,347.6529919724168,2538.4362958223983,13.646637162234407,13.547237162234408
942.9717446629904,347.7051866042243,250.10452222529625,16.162748973400646,16.063348973400647
975.0112369647297,349.0236738124551,2713.953098171841,13.57404698940948,13.47464698940948
26.18655853617541,351.16429546127296,4357.628785327498,13.059927256702903,12.960527256702903
200.17123818110176,351.6149380555384,4171.514434621691,13.10731845771062,13.007918457710621
248.38488636289904,349.5538068735321,133.73939572241804,16.84240444300598,16.74300444300598
554.8243892498517,351.6429720536222,22207.1699671249,11.29181979311758,11.192419793117582
709.4412035521821,348.51201643062853,-13.087476706131525,,
1052.8696278229936,348.2129312783299,617.8643716216075,15.180819952254222,15.081419952254222
476.08035995546544,350.5725195881696,3776.75587029513,13.215255552181898,13.115855552181898
921.4714915404267,349.67204382166125,3489.9213723733865,13.301013728340834,13.201613728340835
928.4838924447455,354.77409022486927,9145.760809230876,12.255003236947799,12.1556032369478
214.1402657145498,355.27017667550365,5833.615713150417,12.743208292542914,12.643808292542914
432.71962792039443,352.1241399125463,355.27447222157946,15.781642827087957,15.682242827087958
489.29025595155974,355.18629789193295,14170.152404804398,11.779616531328285,11.680216531328286
614.1902325433394,354.04693309824177,253.11469269238665,16.149759445400264,16.050359445400264
3.1692065613882345,354.7822826533823,-26.009518719367108,,
61.90444948742166,355.62405143754535,611.861106948717,15.191420714285904,15.092020714285905
67.0850057191405,354.6498684875233,728.7229503922881,15.00164671595747,14.902246715957471
127.89211762606398,355.69052415102476,5334.231065314932,12.840373273738903,12.740973273738904
373.77517509715074,356.25028959475213,6058.722219351534,12.702100230985769,12.60270023098577
679.4353221897572,356.2729212112817,2240.851521306849,13.782020131569217,13.682620131569218
664.5839594468443,358.57206750052615,7024.262851354602,12.541550947685959,12.44215094768596
1069.7364735632384,356.4913964788925,739.3872688897081,14.985872913423577,14.886472913423578
81.48849033272892,356.9353210842518,31.72635061017542,18.404502536115704,18.305102536115704
530.9603541086453,369.90842587985975,630218.1439610093,7.659325578614656,7.5599255786146555
415.82255308486276,358.245227454438,1325.745394767354,14.351902516502893,14.252502516502894
578.6633580430728,358.4745051024677,1723.160487715977,14.06723851536741,13.967838515367411
227.99664499226103,358.03217003093494,598.3869343435853,15.215597578899875,15.116197578899875
238.27302860429194,358.6830730171627,809.4078740144738,14.887634272112527,14.788234272112527
746.5310221639238,359.1354302670284,61.63740749672513,17.68344192505745,17.584041925057452
913.9393887708409,363.93351716244075,27505.12335604892,11.059518841894153,10.960118841894154
1035.6113531605506,359.07087587971995,141.0801853051339,16.78438778089589,16.68498778089589
463.97115713168137,360.50143396779066,529.69403196461,15.347990134997588,15.248590134997588
718.0489855241325,360.6557622673611,289.7333177364819,16.003056735596587,15.903656735596588
876.4280274812072,360.2818343075124,151.42738191139304,16.707541800164698,16.6081418001647
1004.0107778524239,364.30473557904065,2711.973901310496,13.574839070019564,13.475439070019565
317.51346181706543,363.858908321894,-129.38101048063433,,
489.92390873550943,364.51451429087354,2913.456673376503,13.497031424496258,13.397631424496259
597.6624412823311,362.87889102065907,-124.79970387723608,,
623.1523247422368,366.1199966160971,3695.1789425485667,13.238964148564818,13.13956414856482
12.975371187162825,365.722750026936,1645.3580053665976,14.117401813043912,14.018001813043913
792.9643712413858,364.7272446394384,426.8320081048643,15.582410385249286,15.483010385249287
808.1672374625508,370.78358545252513,47105.09264057189,10.475383178850068,10.375983178850069
893.9526301372138,363.78537170014295,105.24308178657662,17.10256894233924,17.00316894233924
202.70920447853445,367.1350327580885,3319.823984469346,13.355265188916396,13.255865188916397
58.89535544758601,367.5842143717852,2642.2202126307766,13.603130308140457,13.503730308140458
240.9413849195805,372.03806185890215,25130.26017081312,11.15756037242471,11.05816037242471
703.513145838414,376.974328500205,124073.15671404761,9.423858254857892,9.324458254857893
468.84456407333244,368.2615735207549,1018.1615257929695,14.638511129656758,14.539111129656758
608.547510924558,372.0566501604578,1210.8091304066268,14.45036361646616,14.35096361646616
291.97282964158745,367.7005688191639,1381.7626215582272,14.30696923375416,14.20756923375416
335.6414885142606,373.86133035791266,3353.225997672651,13.344395772973346,13.244995772973347
730.0717738347436,371.2991003600054,5670.2994114761295,12.774037855088178,12.674637855088179
1049.2977209511848,369.0048587215896,358.4067917966284,15.772112257136905,15.672712257136906
662.5374797462797,371.6253956160205,1507.6866559369084,14.21227510686025,14.112875106860251
66.13634756883712,375.75482760475677,2368.2783876832864,13.72197095512935,13.622570955129351
102.01555626142373,373.7251569836338,628.0584477159116,15.163052680784007,15.063652680784008
155.05282240419257,373.537190947055,579.2767936386795,15.250837507944015,15.151437507944015
291.8949724439486,377.74384126530236,4728.3026399861365,12.971289668876146,12.871889668876147
303.84272772345986,376.14041051681875,21819.039999439865,11.310963738331791,11.211563738331792
906.0320909659332,373.72754410911995,1429.547106250569,14.270056657608679,14.17065665760868
463.55185952650777,374.01218359717694,1054.5366689488467,14.60039861978954,14.500998619789542
588.893061299649,377.46085922255503,6800.524077670059,12.576696877974399,12.4772968779744
742.187660972962,374.61233777538774,276.47483051376105,16.053913833222698,15.954513833222698
823.6607318624029,376.03837891444107,3263.936070244079,13.373698725054489,13.27429872505449
948.0633581759084,377.2510402830335,1941.9408715909672,13.937462828642406,13.838062828642407
113.07621889663471,376.59695615953154,674.7716439482836,15.085160774810522,14.985760774810522
493.0664951075396,377.3488843134796,2821.787580352606,13.531742040331258,13.432342040331259
8.845679771415515,379.31475748301,1689.627294644802,14.088575542952395,13.989175542952395
619.3602267245487,378.06818664174455,-302.8401689818038,,
653.6062734352853,382.1361996765658,-113.51328918846201,,
80.29625009812914,381.54243490049026,161.34718022378198,16.638649384772403,16.539249384772404
768.1053273365696,382.2489766474776,672.9484523764149,15.08809833775215,14.988698337752151
52.57419836763898,383.3199501136137,43.776631932598235,18.054946972076767,17.955546972076768
324.5101905387267,385.10470916539185,850.925242599174,14.833324316612593,14.733924316612594
876.5072289621947,386.8502849392459,6534.962413937673,12.619945099311535,12.520545099311535
176.70373823444484,388.5186869409692,434.9488926842249,15.561957260643533,15.462557260643534
687.2539820134075,386.3590624607283,759.293106479667,14.957029191985495,14.857629191985495
734.243644636758,386.6779692023201,1324.0402054222852,14.353299902059929,14.25389990205993
742.1584169121243,387.84442598453353,2191.4072530564963,13.80624509764474,13.706845097644742
1015.0069677048442,386.44777895613464,508.0687757496638,15.393246570952506,15.293846570952507
444.0096849351654,390.36258738018904,3998.3016849928317,13.153363934563231,13.053963934563232
455.9252575114822,388.62382066535787,53.19379632396925,17.843400369305712,17.744000369305713
628.6196291465074,390.2272212259264,5408.04881499786,12.825451326847068,12.726051326847069
1056.290574083006,389.29811926006846,137.54952440316526,16.81190510173652,16.71250510173652
397.9399199124149,392.1602675804629,11933.436515577541,11.966139016821886,11.866739016821887
811.0201861308642,391.46727419509483,6182.235612437997,12.680188953151657,12.580788953151657
139.01366328372123,392.42739689328226,3508.4746574624014,13.295256974809117,13.195856974809118
211.62005230493898,392.82460230681863,1577.6567511895469,14.163021533865578,14.063621533865579
331.41532490346697,391.75106906469705,629.5315911541547,15.160509012580787,15.061109012580788
426.44141286379767,392.04666826234876,1633.7858609760601,14.12506500124323,14.025665001243231
870.7885836726313,396.4420487851014,39369.51075225991,10.670152789934022,10.570752789934023
186.50699333069954,395.4424316886928,2413.9464353883754,13.701233761900625,13.601833761900625
435.72724805215597,394.05828730779547,2607.236616960624,13.617601717255408,13.518201717255408
778.1741532885485,395.72171211599704,459.9103877847115,15.501369787234502,15.401969787234503
937.882294222073,394.76115576368755,3748.772346826094,13.22333016534565,13.123930165345651
1020.5138189228796,399.2265899481602,19698.338849547203,11.4219788247647,11.322578824764701
82.2782056613265,396.35028926049466,6779.268790322047,12.580095700634889,12.48069570063489
283.07211267706873,393.85705732898253,118.84121031155232,16.970635169150246,16.871235169150246
989.3689781410394,394.2704192092065,319.77140975015243,15.895953755542669,15.79655375554267
430.6927638407482,396.50566120000525,2326.902009188924,13.741107597961443,13.641707597961444
565.4168388419251,397.11649939531344,3219.2979295813143,13.388649908767304,13.289249908767305
733.5480907921469,400.5998782085779,62229.09022322405,10.17306920513918,10.073669205139181
505.20065890844546,397.71428189908033,2065.2812130892335,13.870604848270395,13.771204848270395
373.5311778465004,400.1844659696249,1572.0450617860579,14.166890357750399,14.0674903577504
424.55924410985847,398.5647615285367,1319.8209019572328,14.356765329504041,14.257365329504042
914.2566521416816,398.22997159510686,297.57043102458056,15.974078399350669,15.87467839935067
220.20146444712373,398.918493020949,364.32735269123646,15.754323389231644,15.654923389231644
411.6635710114408,401.7648546391486,11313.120396587567,12.024096811965666,11.924696811965667
651.3884482335537,401.0302432828489,4638.096698177509,12.992203337317811,12.892803337317812
1075.1967230311175,400.7016197649607,2521.691838239094,13.653822802480665,13.554422802480666
164.20225682354302,400.5545989266545,734.1151711678838,14.993642336319864,14.894242336319865
462.2954566836728,401.4409485003944,1162.1238017453886,14.494921844045585,14.395521844045586
574.4494553762371,401.8424789458008,4083.251832324066,13.130537420412308,13.031137420412309
769.2102321116546,400.9258052871729,1023.5058092300621,14.632827054519469,14.53342705451947
904.2779218162779,401.71701000420114,1493.7992989326465,14.222322206270555,14.122922206270555
266.6297380885913,402.74248317063666,519.4982304537801,15.369092653032457,15.269692653032457
95.39622501523412,407.6335915545955,3298.180085878998,13.362366921657964,13.262966921657965
192.25224008443053,407.950779708776,1398.9714786620943,14.29353068331336,14.194130683313361
329.93432543497534,405.2076400928656,527.5850309373765,15.352321672220935,15.252921672220936
715.2746839807255,403.82469468930196,-348.4156345678258,,
773.006485313673,404.2498079421528,571.2246999055196,15.26603538901859,15.166635389018591
427.62920460846675,409.1174537041663,3838.585264499429,13.19762485495253,13.09822485495253
761.9625553148818,406.1582398998805,2129.950780080537,13.837128915295386,13.737728915295387
824.1636457863498,405.88442107736927,1342.1319478048915,14.338564798639837,14.239164798639838
843.4669975647988,407.16167664735354,5220.327026667877,12.863808559040336,12.764408559040337
933.0566023640935,405.69146714215367,470.82638470894943,15.475900853607495,15.376500853607496
104.98762359860218,407.34590855249763,2478.144489078109,13.672736273298083,13.573336273298084
606.3070009136181,407.79072481878643,4712.137582826085,12.975007928734765,12.875607928734766
140.61779203782532,408.8677825858525,2121.1498572427936,13.84162445422853,13.74222445422853
119.9837334790936,411.84461717697945,21679.19877612368,11.317944765905592,11.218544765905593
301.1922132774044,408.77311421408206,807.4899762833227,14.890209984585576,14.790809984585577
553.2773455563223,420.09776097499235,62776.61293600287,10.163558134545342,10.064158134545343
178.0688407069499,415.5610380213747,7207.84194164222,12.513539698029497,12.414139698029498
830.3481164397624,412.76827734069224,1133.6945265104705,14.521812709813453,14.422412709813454
32.797200597415426,415.8798156385737,2011.988107044066,13.898989311330435,13.799589311330436
271.0685794637869,413.99826492583327,2914.3158454369695,13.496711290443011,13.397311290443012
522.8919609382053,416.2381285147274,10679.482385172121,12.086677325097709,11.98727732509771
746.5173161745494,414.22324009031263,857.1686182646001,14.82538717762548,14.72598717762548
768.2516897343453,414.12949001599657,870.7277367163967,14.808346887038724,14.708946887038724
41.550908765522465,415.0619253565369,1161.1280221724628,14.495852568807628,14.396452568807629
261.8908530386708,418.04130015337665,10195.628948796395,12.137017780136029,12.03761778013603
570.6461041462741,414.0814368235603,470.43121887705047,15.476812497506359,15.37741249750636
621.7874374680343,416.2301399637135,11812.488624920192,11.977199326209863,11.877799326209864
965.4945885234641,416.50717120470614,1716.4195330981433,14.071494213917413,13.972094213917414
303.514162843064,418.1973333636868,2698.6389573749843,13.580190870679505,13.480790870679506
908.3852633239259,418.6260289130378,6612.639587065674,12.607115702675364,12.507715702675364
595.5792095592669,417.7391870964601,-160.9674848472828,,
855.9492537918378,418.394648140297,899.5450568640852,14.772995531005911,14.673595531005912
148.24274681256904,419.3897023445182,114.81717817590071,17.008035661596985,16.908635661596985
18.099778112525595,421.7575401763815,1377.2079722750088,14.310554014346007,14.211154014346008
433.79589643713064,423.5041897205377,4034.295790079571,13.143633491890528,13.044233491890528
535.7670739999205,420.9635063414396,1171.5153932752175,14.486182835876708,14.386782835876708
542.6077429732076,422.4347719265942,4472.679360444294,13.031633421021251,12.932233421021252
1010.8146375783826,422.0052779051547,705.7039739538882,15.036496426881042,14.937096426881043
87.02449161716967,422.74586319736727,569.4072452114965,15.26949536230832,15.17009536230832
611.6883656753048,421.8985262002499,1417.1134844411404,14.279541258088834,14.180141258088835
840.5914935944662,422.67351762153424,381.9942657250002,15.702910725508278,15.60351072550828
934.5764170946461,423.308527439328,909.9639554713531,14.760492359849945,14.661092359849945
314.575648484944,423.9646803863569,830.9720670773333,14.859086771154697,14.759686771154698
771.1625112673252,426.6547874774548,11439.687797034341,12.012017403983641,11.912617403983642
320.589182951154,424.15451194011746,2264.659573189775,13.770545515726138,13.671145515726138
326.46232250724154,431.5689165878557,6052.814216184549,12.703159474539078,12.603759474539078
657.8596629492831,432.9505853637835,108815.75038169033,9.5663234313422,9.4669234313422
755.8558185286911,424.81830452997735,-139.8502305370146,,
90.89544592103951,426.5078993260519,535.7115785413258,15.335725251849741,15.236325251849742
66.97664464514986,427.64839818461485,1770.1183672081966,14.038047063331796,13.938647063331796
606.7995676172521,428.4026676332994,2194.3610606801935,13.804782614387793,13.705382614387794
979.2461493413617,426.8887378524939,160.9877737111363,16.641070597985276,16.541670597985277
60.64761230495884,428.0334549965202,1736.762540377539,14.058701725966745,13.959301725966746
862.5448918783434,429.7164638845075,1918.3145588422906,13.950753277374131,13.851353277374132
201.06126426408144,428.2627635808824,442.90283252930124,15.542281690048272,15.442881690048273
537.5162138076589,431.19879933955497,2382.1747172149544,13.715618806907283,13.616218806907284
11.915561525255885,431.198044486559,3181.502420246725,13.401472189594555,13.302072189594556
22.138907685539678,429.66486339437984,1693.178902066397,14.086295713748278,13.986895713748279
743.0011833128324,430.2300842044144,364.3204056308365,15.754344092444978,15.654944092444978
954.1935287836523,429.951560927908,257.6568241398254,16.130448710958145,16.031048710958146
28.042204180318627,431.3131859861224,1042.7403021613986,14.612612435845024,14.513212435845025
445.3853250314827,432.0215714402238,750.4472615774481,14.969752391526612,14.870352391526612
921.120678863887,438.19635795066864,6360.765790623425,12.649279322622075,12.549879322622076
35.95392795903007,434.1725360729594,1189.159091798626,14.469952932852792,14.370552932852792
209.6184086470926,433.08281723002113,769.2086200526858,14.942942478302673,14.843542478302673
378.77969693885495,434.09862913190847,-211.10302820065687,,
153.65034764613338,435.3750240795196,666.6192417559305,15.09835822127199,14.998958221271991
229.71066078873403,433.8578361426742,15.825569941159202,19.159654435403176,19.060254435403177
474.0308014787345,435.3303825227372,531.5607160165112,15.34417064009875,15.24477064009875
108.1949938031264,435.82844975154325,511.3779763517382,15.386197783922313,15.286797783922314
280.313010834863,435.7789717634248,1210.4613123516194,14.45067555077215,14.35127555077215
399.23942639896035,435.8553055640661,726.7976111783331,15.004519106448491,14.905119106448492
407.84652574876213,436.7329409149946,507.9522870787195,15.393495534232244,15.294095534232245
603.7054364368363,457.8035251879379,1621653.7705788217,6.633157493966467,6.533757493966466
485.62667785648625,437.2306416192731,564.7236369772679,15.27846291978689,15.17906291978689
40.57069870278737,438.14359575633006,1248.8324616740615,14.416792386756613,14.317392386756614
210.54223534319433,442.10666097928714,2516.8225315300815,13.65592135131627,13.55652135131627
630.886559458154,441.8668836961311,4434.540981431097,13.040931152602663,12.941531152602664
886.8612816975005,438.8433257288126,578.766217149495,15.251794901426575,15.152394901426575
56.70757834128692,442.1372734938172,1665.6632679416366,14.104084813067049,14.00468481306705
1048.5374831435165,440.69368820406703,1037.82242606024,14.617745206903015,14.518345206903016
463.3384907908936,445.15402474365277,23243.189560686274,11.242313524147614,11.142913524147614
931.0521463939374,442.08961568348985,1848.3579343444721,13.991087644184534,13.891687644184534
13.001061317243732,445.0475285834175,2886.2632924459413,13.507212969379033,13.407812969379034
318.80865948480886,452.2504059913789,60448.91844475328,10.204581497355422,10.105181497355423
429.2090486589298,443.21678844532755,595.4371233285517,15.220963064900122,15.121563064900123
780.0745105087002,443.31865682701067,2123.8247776212393,13.840256126483872,13.740856126483873
500.84278796459427,446.27321432882417,3033.1197233465173,13.453328951653567,13.353928951653568
974.2601058682817,447.02222803469834,2500.1597025571405,13.663133457067397,13.563733457067398
154.24936802970223,451.0624683815818,2274.2915738126776,13.7659374786886,13.666537478688602
261.5977437882591,445.8327534023767,349.5788936706092,15.799189825474539,15.69978982547454
358.57124036705875,447.31082050861926,6471.307025791256,12.630572821840868,12.531172821840869
518.5686186349787,448.0423341654056,2274.1317545026977,13.766013778363725,13.666613778363725
666.9690160957662,447.2043931311827,1356.9826180124219,14.326617122746026,14.227217122746026
899.6398302803133,447.43379633172117,727.2857224853077,15.003790179673015,14.904390179673015
333.5705786177711,448.88699805331584,653.4220713811719,15.120068334355807,15.020668334355808
391.6847177593894,450.98757353317336,1378.3544012180441,14.309650591151218,14.210250591151219
1064.304006143009,452.5079893953218,1900.6597472632598,13.960791891482057,13.861391891482057
404.4001334829906,452.9248780246694,5394.867511795746,12.828100875317453,12.728700875317454
864.5188916070422,453.0767662509938,5166.310177924447,12.875101641861939,12.77570164186194
467.21335893872333,453.7451062891444,4862.508473849262,12.940901906532908,12.841501906532908
703.8777930761315,463.95113501070654,522418.4887233013,7.863006488227743,7.763606488227743
358.8861792322747,454.68887809529343,4468.144801325886,13.032734736815081,12.933334736815082
534.5837885257544,454.9896254771299,1975.2213299193954,13.919013417505798,13.8196134175058
102.92029675477988,456.09828408816685,594.2956109777103,15.223046527230892,15.123646527230893
411.58229827602634,456.4693777692211,3530.1907902514968,13.288557390467798,13.189157390467798
296.80940806536796,457.2669547545335,2018.8557074710723,13.89528963454742,13.795889634547422
1077.7243682155474,459.2375929001916,6012.421722284102,12.710429246485194,12.611029246485195
627.0152326156474,459.18507591049917,3082.7842004005415,13.435695023186808,13.336295023186809
758.9496070069647,457.0721371521563,230.00970211246124,16.25368744567719,16.15428744567719
524.2797966965157,459.95499191324075,2473.3425032473865,13.674842182700155,13.575442182700156
952.044119795087,458.43917050678164,459.32742074942524,15.502746903135023,15.403346903135024
971.5672804071821,459.82003598442833,2399.520382413757,13.70774172611634,13.608341726116342
509.032914064025,460.1615155268711,1817.5452951806965,14.00933972759448,13.90993972759448
1015.4195686440559,460.3829979193815,524.804882383457,15.35805816764588,15.25865816764588
23.66236703382048,464.21178742050796,4067.5953542463403,13.134708477875504,13.035308477875505
1045.433618149193,461.1702788057217,326.8040313724475,15.872334321368898,15.772934321368899
175.0161549774308,462.8290134722776,549.9033215217542,15.30733697719171,15.20793697719171
568.1982240903964,463.3578619558029,2425.4447442049654,13.696074371719243,13.596674371719244
64.00954990995348,463.90248786264857,1019.151655247889,14.637455799046574,14.538055799046575
532.5495757517062,464.93168676928696,933.226813334647,14.733084813507222,14.633684813507223
256.1417980599774,466.4953463085392,1078.1917219304692,14.57631285170209,14.47691285170209
343.4990405350098,466.61761507215294,5925.599042362783,12.72622218082875,12.62682218082875
382.516330481085,466.01537915453275,687.9671459928313,15.064133587192055,14.964733587192056
504.99323316163384,466.36674051361905,3006.055061179932,13.463060506496035,13.363660506496036
997.791150353694,465.46581118521215,772.3082584336867,14.938576137337432,14.839176137337432
1059.204716369586,467.01144807710534,4845.292204571348,12.944752901641198,12.8453529016412
297.69968956904944,466.90940679912836,863.5106891362119,14.817383539631404,14.717983539631405
494.8311805019405,466.18640826943295,609.8762783532733,15.194948480871663,15.095548480871663
372.9879067755578,470.3014265219094,2647.364217774571,13.60101859805957,13.50161859805957
662.3326180169968,474.3395981699232,5340.441728462387,12.839109882771165,12.739709882771166
133.1496915076622,471.06276531190196,493.8014480811846,15.424171936537144,15.324771936537145
147.52273165719131,471.01354650084755,860.0705612244141,14.821717627603013,14.722317627603013
445.84203683797557,472.89221176515144,1965.616588161617,13.924305813046473,13.824905813046474
676.0814571985829,488.5340429059304,413416.57420860813,8.117083124818324,8.017683124818324
770.6623269051543,472.49874605114604,-23.057367905394614,,
783.851913547453,472.6301921936533,367.028119577732,15.746304487808532,15.646904487808532
958.9064268889042,473.1229930256074,563.1206026762678,15.281549291980653,15.182149291980654
263.64349562796303,475.2270430635859,953.5756525007419,14.709664950061406,14.610264950061406
31.017271785488127,476.3867876319525,1273.6399591499294,14.395436144091228,14.296036144091229
504.61975681670464,476.554078954419,5453.996694950033,12.816265658399143,12.716865658399144
740.8392091538453,475.1062979841389,87.1880420597346,17.30691052189896,17.20751052189896
915.0223180518044,475.3049192929546,559.8026599666142,15.287965440133714,15.188565440133715
16.61318605119897,477.0481998278884,-173.64612863310577,,
226.94291865966582,476.5704378799445,1098.8865471823806,14.555670692757843,14.456270692757844
310.6226902931754,477.72898031192926,7382.376562910105,12.487562349288423,12.388162349288423
809.8884403930526,483.3631122183235,77168.1417115803,9.939457729179185,9.840057729179186
294.01534813765676,478.6977053057113,622.86198505796,15.172073270664619,15.07267327066462
461.89111409223494,477.15771619950374,390.43837768947515,15.679171585553082,15.579771585553083
447.8410469886051,478.8116831020295,2125.3192891873323,13.839492374840184,13.740092374840184
1061.08907352969,478.3668607028751,1104.3573201420074,14.550278798954494,14.450878798954495
200.64377861072143,480.6518866567848,360.1008098353328,15.766992589314526,15.667592589314527
755.6730937906358,481.7782035755603,823.7241583058544,14.868598326410895,14.769198326410896
937.281456012239,481.78716644271606,2047.084129830824,13.88021360596566,13.78081360596566
958.0957184597411,481.62374530253385,548.3595313051874,15.310389343080857,15.210989343080858
765.6542020462891,483.0995457055666,774.3310088277744,14.93573620609467,14.836336206094671
1018.990894152312,483.8995764285149,1916.5053634615815,13.95177773698989,13.85237773698989
1067.527733033772,483.2873970541062,1253.7651723727731,14.412512330341753,14.313112330341754
337.25641454157716,486.2532717104877,2636.8855950115267,13.6053246151577,13.505924615157701
429.56070083563424,482.6763005666416,162.734484600734,16.629353852484577,16.529953852484578
795.7854844752451,485.21472886906787,4285.54062407508,13.07803879376956,12.97863879376956
926.5509049530176,484.59949707388733,1011.5227905738451,14.64561365375603,14.54621365375603
26.532106975546533,487.4439158781404,1046.0059845748594,14.609217411239982,14.509817411239982
489.4837602853328,486.04932811689946,610.5063343863383,15.193827398516405,15.094427398516405
841.2025953288248,486.2411138296402,3409.2530325163666,13.326404745782229,13.22700474578223
632.3350087425856,485.8662553905315,2367.1588946988395,13.72248430754618,13.623084307546181
781.7612194226965,484.8613751412611,141.2204765848402,16.783308652472257,16.683908652472258
1053.631757138124,487.70058464703084,5886.407029299302,12.733427111712729,12.63402711171273
82.22913826379309,486.96563260027114,1139.4803518929932,14.516285731913625,14.416885731913625
178.07879891828088,487.94901274229943,1287.9661957018075,14.383291673054998,14.283891673054999
234.39756666831744,486.14164765480706,469.4069690344357,15.479179001850222,15.379779001850222
624.3760409193848,486.4250193102469,4235.268479117782,13.090850469408297,12.991450469408298
983.2267926528848,487.3886642295631,633.1826759935411,15.154230274552209,15.05483027455221
92.73362956984006,488.86042873854944,961.6804507905798,14.7004758651686,14.601075865168601
270.07255788864046,488.0351815803675,70.23844666431297,17.541615588209403,17.442215588209404
555.6376807926747,488.78518979576864,231.90740625063768,16.244766287990643,16.145366287990644
568.7606875626641,488.1103436373035,52.65430858053128,17.854468048745215,17.755068048745215
539.9029579824108,491.3026082130628,5301.169041689922,12.847123701804655,12.747723701804656
373.19790664252423,490.2059710438482,508.97281910517404,15.391316359120003,15.291916359120004
626.5682522623101,492.9749702932801,3801.7859101155573,13.208083692465033,13.108683692465034
109.54883259195131,493.4038126618824,2730.5428664904757,13.567430337306268,13.468030337306269
329.2485717772581,491.74637075598133,2695.5550158714386,13.581432334121558,13.482032334121559
85.66365035711799,492.5239387334563,1828.230427896456,14.002975502507304,13.903575502507305
1014.2790271862733,495.51474712781885,1909.738985217395,13.955617799894156,13.856217799894157
713.787188963044,493.9931598820197,1634.0409048734805,14.124895524454137,14.025495524454138
727.7599261397395,493.42651772798865,678.6812918229767,15.07888813992236,14.979488139922362
744.8582059778862,497.28545438867525,4697.191773182911,12.978457105540526,12.879057105540527
312.29188595816305,500.9939932349017,19044.39493274895,11.45863488679967,11.35923488679967
205.25074627559871,495.08546063130524,345.4747373845773,15.812012096047006,15.712612096047007
412.82218128587175,497.5298709363334,2686.4150785603324,13.585120043348411,13.485720043348412
161.17950500544407,496.5860955944833,396.5193229457132,15.66239194459211,15.562991944592111
326.0783206613089,497.24202533483617,3133.228159941493,13.41807278167865,13.31867278167865
5.361163239566182,498.70894546766016,395.80435343520253,15.66435141776374,15.56495141776374
228.63882680010465,498.6099051567004,742.9181999447413,14.980700340003942,14.881300340003943
354.88478739841133,496.96020690923945,1234.7505266662715,14.429104784281293,14.329704784281294
492.22547771468976,497.6733608538585,407.11173765451827,15.633768774635197,15.534368774635197
525.7421229643105,498.05343298472485,189.70813119981204,16.462837969828602,16.363437969828603
566.3830722058063,499.08677139522575,2179.032589629992,13.812393520454563,13.712993520454564
350.08808204197453,499.9250533308105,1169.4594687145727,14.488089898049719,14.38868989804972
461.3418198986289,499.64884689323856,582.4597169170959,15.244888097460656,15.145488097460657
725.0032337829375,499.3151338384819,614.2367023155465,15.187213426570894,15.087813426570895
333.2361154577025,500.4591694969065,2228.831226673072,13.787859875136887,13.688459875136887
122.4743931359342,502.4201345961687,3461.375156420969,13.309931153822372,13.210531153822373
954.4670820185142,502.1026575846264,1064.6482620292634,14.590037460788249,14.49063746078825
928.675282500965,502.93597624416714,803.9956711246247,14.89491855840812,14.795518558408121
944.1316742586787,503.825518884432,3056.981107851069,13.44482094748738,13.34542094748738
245.31608627428972,504.3711531251427,1850.5583992871289,13.98979584706241,13.890395847062411
511.01839052770316,504.65543892843226,1194.4545979016984,14.465128718104673,14.365728718104673
295.6098670749932,504.7202495967432,412.11342086928266,15.620510939542266,15.521110939542266
1059.9765389689856,508.7787049636695,59971.54098789572,10.21318981368021,10.11378981368021
379.9114955598394,505.67607434038797,239.14689044098247,16.211390988878982,16.111990988878983
653.6053955658346,508.5992102449872,15333.454612328107,11.69395280447061,11.594552804470611
214.44173038931243,507.9936091792629,788.2024350676867,14.916458403875769,14.81705840387577
168.39655552983226,509.8816998774577,2587.004326019297,13.626059947097742,13.526659947097743
1015.0686085065239,512.7238139679558,32965.10100283861,10.862916807644913,10.763516807644914
1041.6403152913747,508.71643209635243,680.3416448777158,15.076235195262718,14.97683519526272
154.1661831758725,510.5033089412838,4495.690999037393,13.02606170108103,12.92666170108103
58.151237078297655,509.8457683024122,937.4851358893593,14.728141858011927,14.628741858011928
90.92151459828274,509.05215551467495,547.2315858351141,15.312624942927144,15.213224942927145
97.5168419663634,509.3569119779772,792.5793066688229,14.910446011425616,14.811046011425617
262.4291067566891,511.64150085258547,234.54014613793737,16.232509855928047,16.133109855928048
995.3882702539589,516.4153157064977,12889.775453209826,11.882439455029356,11.783039455029357
859.6945850492689,517.3842065805878,47364.04191625952,10.469430942507786,10.370030942507787
206.32976009936314,514.3877359256483,721.9201274695884,15.011829958684856,14.912429958684857
431.8449659641586,520.4705998052139,12378.085848693474,11.926419108387998,11.827019108387999
479.00361746648844,515.8423586405728,3797.2287464107726,13.209385934516693,13.109985934516693
897.9314339259138,514.4153373390011,447.4733911305266,15.531134796396294,15.431734796396295
309.63462423830333,523.7233686440917,21292.641482401166,11.337478980303839,11.23807898030384
362.79902572390915,515.5820324613343,523.7749366393084,15.360191051996104,15.260791051996105
109.18936394316898,518.0468169158183,1583.2757121430132,14.1591614603986,14.059761460398601
145.22230424235195,523.8025150438452,10056.167102605781,12.151971631026457,12.052571631026458
590.0664906195518,517.911875975982,342.66910090854464,15.820865471776813,15.721465471776813
786.1120869636125,523.4546173254863,40813.912695725725,10.631032256585861,10.531632256585862
483.5981177623653,523.0361319730238,6672.365709927657,12.59735322996163,12.497953229961631
744.1022028810552,520.1258825449731,1470.6704666083356,14.239264406504299,14.1398644065043
1049.055587141662,520.4810280026254,896.956804708838,14.776124012057254,14.676724012057255
264.16107339329085,522.856538352988,3556.03918099148,13.280636490850249,13.18123649085025
65.14468153090694,522.5168086678985,251.62567463394933,16.156165453757026,16.056765453757027
389.0993700802988,522.7111629671696,643.4028158768656,15.136845441280549,15.03744544128055
223.2876706901005,523.9487999516388,305.7915927252233,15.944488982036173,15.845088982036174
798.9175775179156,524.1936970806921,1235.934050168285,14.428064591271102,14.328664591271103
235.23334568969054,525.2770403074522,741.286437434216,14.983087698599169,14.88368769859917
299.1236671994225,524.7883550230569,4680.737456734861,12.982267129051479,12.88286712905148
751.9603341350415,534.0316257308257,345304.05881099286,8.312548626442869,8.21314862644287
206.07748935658083,525.5571328776822,830.0951404620071,14.860233155911807,14.760833155911808
359.7508029411231,527.0126732865427,3422.802719895237,13.322098163408896,13.222698163408896
340.4989941919098,533.4041800960432,103808.0221465351,9.617475543191645,9.518075543191646
399.1134900938915,531.8516272228845,6994.4478006104255,12.54616925098813,12.446769250988131
687.0787914955255,527.2162170364659,394.12157824568794,15.668977301377048,15.569577301377048
847.0008992578679,528.7832248230502,6761.719675509034,12.582909929452772,12.483509929452772
589.3095677760783,533.6063327498123,58387.270280463235,10.242257405456376,10.142857405456377
892.9599476895545,529.5786790268879,2627.8159930411066,13.609065455848754,13.509665455848754
903.6838105356965,529.1166181359016,762.3924953211122,14.952606302884977,14.853206302884978
1071.7831034044054,530.6071324232125,758.0478183731677,14.958811328964728,14.859411328964729
127.21007212537677,531.2409720022287,1499.4057809261753,14.218254882156089,14.11885488215609
16.51622481469098,530.8605096640279,893.0229462455816,14.78089628887449,14.681496288874492
624.8675462400901,533.2641566829828,3518.2737658655565,13.292228759474343,13.192828759474343
250.0280817942097,534.516570950269,3226.8012740767726,13.38612228509988,13.28672228509988
1012.932052806504,535.1542960671427,13988.4142455039,11.793631622484522,11.694231622484523
835.1588833856609,537.750861026837,6742.029052799141,12.586076285336995,12.486676285336996
36.55811798411825,536.4703694295985,396.82744917644277,15.661548571094126,15.562148571094127
82.31359775987148,537.7837966739289,2655.573703811443,13.597656935726304,13.498256935726305
121.79681106669506,537.5044327850977,1092.1108583864905,14.56238602164988,14.462986021649881
367.5836805203237,542.1199287630184,25739.429269255183,11.131555552250447,11.032155552250448
641.4837599443839,536.7912643308988,1155.0190183311765,14.501579996220892,14.402179996220893
1029.37945687088,537.3047841677735,726.1569955204234,15.00547652060994,14.906076520609941
789.2944520168548,539.5567400070961,999.4312103377633,14.658670565696978,14.559270565696979
873.0421553747724,545.0319063744257,102911.06214832969,9.626897682994072,9.527497682994072
165.01434760762754,541.7174412119384,885.4253298121833,14.790172979713075,14.690772979713076
269.44481384086544,541.3848240275787,3095.796727176604,13.431121742528846,13.331721742528847
490.39750552519195,539.6371034397741,29.626564877688757,18.47884958673241,18.37944958673241
518.3018491926831,538.893107444503,28.84404517160175,18.507912416916355,18.408512416916356
1057.226228007473,541.9169364870941,12129.971173407908,11.948403412528705,11.849003412528706
449.60806311646934,540.7269199135321,975.8923568178407,14.684548042912894,14.585148042912895
699.3695119128596,541.9813999782252,683.4581990248388,15.071272939874715,14.971872939874716
7.360640980607363,543.8806805897685,907.4168895162506,14.763535688430885,14.664135688430886
581.9745029670278,544.4964727831085,598.4851847370369,15.215419324251211,15.116019324251212
641.0592482312632,545.9166510133275,3191.081608259871,13.398208057171951,13.298808057171952
622.8896726120822,545.7464955753723,1818.2307003295562,14.008930368384902,13.909530368384903
220.5481138383606,546.3029846105296,933.6398015298781,14.732604440416349,14.63320444041635
893.8146550462936,546.5178009486905,1175.5743880229145,14.482427545405073,14.383027545405074
332.0052763819401,547.2302433389507,1470.293567990656,14.239542691088648,14.140142691088649
823.3113477312771,548.0440164443906,5072.718893130436,12.894950843543453,12.795550843543454
51.61090675753736,547.4662338636186,665.7412931576439,15.099789096312286,15.000389096312286
464.604703227145,551.4933713316361,19563.851585324686,11.42941693564505,11.33001693564505
973.1199909289481,548.0789234521928,494.5987890389675,15.422420212689499,15.3230202126895
180.2489889668214,548.3018311715375,776.9962909396174,14.932005470314529,14.83260547031453
253.05029945271073,548.5637806814703,765.359802863069,14.948388711742744,14.848988711742745
358.99414487879517,549.3226205923653,2625.893980439529,13.60985986542643,13.51045986542643
398.14000530244164,548.4105300235761,794.1983005044756,14.908230451003451,14.808830451003452
8.881194564270302,555.4322337692023,3219.73096587948,13.388503873333939,13.28910387333394
300.40932392650683,550.4610035574744,282.3048413002622,16.031257019444684,15.931857019444685
437.532712585953,554.9942386959057,2687.8934111217436,13.58452272772049,13.48512272772049
268.50224188970657,551.0707335617471,3074.142591470653,13.438742814450476,13.339342814450477
594.0950263869966,553.1434113574561,868.2968435876783,14.811382278750486,14.711982278750487
177.8030570426632,553.2698434087503,898.0672201877328,14.77478072258054,14.67538072258054
683.2482761068679,558.6698036746216,90466.21306287128,9.766836806903559,9.66743680690356
830.5949580727544,554.1731679146745,1594.1635552049597,14.15172064364205,14.052320643642052
1077.5575898491302,555.0192255865953,1852.5407915801334,13.988633385470528,13.88923338547053
347.07383551707034,554.307544734162,-67.80294007980244,,
749.1160757786776,560.0431251828616,5816.144890365318,12.746464791914978,12.647064791914978
821.9471003735207,554.1838184490684,4785.66416850035,12.958197287079576,12.858797287079577
46.910268026857665,555.150999122729,801.8612312917345,14.897804793121404,14.798404793121405
85.75173178331184,558.3394934063688,7308.685683797539,12.498454621760382,12.399054621760383
109.9696360249573,556.7710039767242,928.7766460947481,14.73827461792439,14.63887461792439
264.55415175704417,560.0159376715393,7876.963835167109,12.417155705634961,12.317755705634962
290.61040214478123,556.7910893488814,682.1855962591072,15.073296470903454,14.973896470903455
392.69237338081996,559.5501855687895,9323.998427890392,12.23404735541505,12.134647355415051
1007.5203179263915,557.6889219663802,140.83627388224926,16.786266518514985,16.686866518514986
24.641024230254175,558.9922028221192,736.819112843845,14.989650627496612,14.890250627496613
97.55793954740804,558.3402375371628,716.8366374399318,15.019502349562924,14.920102349562924
118.13984523096879,558.0708314769953,1096.7012200087122,14.55783201798535,14.45843201798535
236.78813783405323,560.8276415066398,7096.202891979863,12.530487774004985,12.431087774004986
793.3272136506577,558.1277293552274,192.83439527104548,16.445091583892896,16.345691583892897
605.9063653386352,560.2745373350633,1454.0290607410611,14.251620118037888,14.152220118037889
455.1842424721964,562.3064890963814,2616.226698369486,13.613864401257237,13.514464401257237
126.57136086835658,564.2091491581391,2986.1995371275584,13.470255774945688,13.370855774945689
422.7088036798119,562.7984755470327,187.44007153436007,16.475896731140416,16.376496731140417
710.8532748320436,565.7972440186351,9553.926004727724,12.207598151110684,12.108198151110685
533.1844666211567,564.6092374365925,750.8225743606635,14.969209530176068,14.869809530176068
212.87902231746637,568.1795308536806,7298.828564409555,12.499919926922745,12.400519926922746
770.5395022611839,565.6324280271814,504.72145857920316,15.400423410836158,15.301023410836159
568.9740439099652,572.7357732490426,33655.9306368046,10.84039882459511,10.740998824595112
673.6487773429909,568.4725316028591,1649.4409266844768,14.114710918785082,14.015310918785083
323.7647569748138,573.5921467610107,19570.09582668557,11.42907045391128,11.32967045391128
391.0936939145556,570.7126654033398,712.5038932848556,15.026084730042095,14.926684730042096
657.6663135604763,570.4198366300428,85.17850065612652,17.3322278564944,17.2328278564944
257.1150598750564,571.5693743328272,1645.7345662812033,14.11715335706088,14.017753357060881
506.9238214283836,571.6069720989569,713.5964977298456,15.024421059738113,14.925021059738114
531.9059631120293,571.3015896151876,1660.7828596512359,14.107270699489753,14.007870699489754
541.7630081295661,578.467185110506,53318.58855782361,10.340856223692692,10.241456223692692
636.8916468700601,574.3722773055457,20130.474580231188,11.398417800485639,11.29901780048564
918.3539095043761,572.9298307717181,1447.5296003429403,14.256484201168632,14.157084201168633
928.4024811433313,573.7570505657986,2617.0634856046013,13.613517189399058,13.514117189399059
1019.076488710803,572.265214019058,611.7266158870925,15.19165939241692,15.09225939241692
249.49954555754263,573.2265881160642,1489.8272681697683,14.225213037315527,14.125813037315528
426.28193094176646,572.915234654649,58.385461688624375,17.74229103751424,17.64289103751424
488.1683722196477,590.7468885238397,653806.2325291893,7.619430193829592,7.520030193829592
220.93983964092126,574.9171818446297,2851.747409632878,13.52027519514463,13.42087519514463
590.5844028904249,578.5625103491955,96379.2623696354,9.698093839115113,9.598693839115114
744.3746466264806,578.8679255449878,6332.7478038033405,12.654072352046354,12.554672352046355
792.4980808571427,575.2242616547553,5576.848780072071,12.79208066329585,12.692680663295851
109.41571536212179,576.7115129360348,1074.8048615927378,14.579728779019886,14.480328779019887
798.9353066104437,578.303328862642,6971.68483298556,12.549708469841484,12.450308469841485
898.7094013292693,577.976575907782,628.3576942327976,15.162535491020478,15.063135491020478
458.8363620946897,578.6376925031047,1581.0985491716042,14.16065548407564,14.061255484075641
842.7748603708436,581.8686804133715,1180.2200010460915,14.478145408717621,14.378745408717622
95.36501787810644,583.3735658327485,7689.136861806005,12.443358856617401,12.343958856617402
854.3104278827359,580.7493469973116,-82.40988763067404,,
267.0539168687827,582.0059118623607,849.9375616969353,14.834585277851954,14.735185277851954
789.1143984266291,581.8586902976581,1803.7220972519144,14.017628769925597,13.918228769925598
808.9458646728947,581.9499444781023,411.27644546163685,15.622718240974361,15.523318240974362
187.45087052131967,583.4374122211503,530.5843882402412,15.34616666627015,15.246766666270151
298.20162698289437,582.712193472638,-47.62201403929428,,
47.32353727788171,584.7714229202136,264.0505557588993,16.1038351197108,16.004435119710802
390.34324987978033,587.0014239136468,2084.8902374118434,13.86034484511937,13.76094484511937
550.3146526032624,586.6875581133224,1890.0147049400143,13.966889876618536,13.867489876618537
717.4732842411087,589.2963758568462,13514.444380221532,11.831057346373997,11.731657346373998
82.15441225318901,586.1897167565621,604.1068764160271,15.205268386380567,15.105868386380568
462.87174459529757,588.1831340588407,1558.2494689651635,14.17646036556876,14.07706036556876
700.1902268352986,593.7893072418314,47523.414670978105,10.465783738993458,10.36638373899346
800.0394863299719,592.8245503898427,17435.4008437546,11.554472993587108,11.455072993587109
31.801025311591605,593.0753333352069,1129.119589547439,14.526202978928376,14.426802978928377
832.4568153598935,591.1526129330574,496.5232899112011,15.418203773678592,15.318803773678592
61.63702542351492,593.2951714947407,587.1031602247849,15.23626678927391,15.136866789273911
182.95081984847963,593.3978529654689,1178.3303155722372,14.479885206557956,14.380485206557957
683.2962482396982,591.777948809909,46.12524220778083,17.998206185240686,17.898806185240687
1006.6886795261211,593.3554201270592,2028.8082841404262,13.889950310621247,13.790550310621247
532.4057889239532,594.5405895638572,3297.063817471848,13.362734451063458,13.263334451063459
1038.7103321675681,594.7033995319649,2624.6286915048368,13.61038315429434,13.51098315429434
215.32435184823441,595.3195478780697,476.4973198466905,15.462901678956307,15.363501678956307
140.8031729543153,595.6042884237678,346.6815373808225,15.808226049966663,15.708826049966664
172.50237958434002,597.3962442195684,525.2472848625144,15.35714329421008,15.25774329421008
199.5596283825095,595.4401545480962,327.6874738749391,15.869403233387974,15.770003233387975
302.6516013784961,596.260726893285,93.2479019624512,17.233955161590952,17.134555161590953
331.8636437405812,596.4324399794393,1613.6256677419608,14.138545850652228,14.039145850652229
747.4599468756705,597.50294611566,5487.220857974274,12.809671732747011,12.710271732747012
978.4893000960847,599.7167432235008,4493.864989831756,13.026502782783954,12.927102782783955
58.532110996232795,598.3795543382929,866.6008924931712,14.8135050045493,14.714105004549301
727.3842918876562,599.0998742785214,1753.2989264092957,14.048412917279723,13.949012917279724
759.2885094510945,603.3695016615077,12570.084444859975,11.909707346339903,11.810307346339904
15.974939395361163,602.0219266692623,11024.143909427079,12.0521906497449,11.9527906497449
41.817496519307646,602.0584024055557,5402.724048629617,12.826520869638932,12.727120869638933
1014.2362332875028,599.5521041852176,747.9891889430061,14.973314532378353,14.873914532378354
152.76479003816004,601.7611368195268,1829.8699178055354,14.00200229045592,13.90260229045592
538.7395360979957,602.316171738767,2190.953011700817,13.806470175574226,13.707070175574227
523.3560534348236,603.7057728778727,1415.922718149031,14.280453959557104,14.181053959557104
333.8207736662686,605.1608920806787,5150.097561887238,12.878514193816192,12.779114193816193
1000.3276779041212,603.819241622999,586.7502544031545,15.236919618041426,15.137519618041427
645.532416481713,604.8750107586015,563.8042233388107,15.28023202258068,15.180832022580681
786.8376886196687,606.3929220035758,6564.533027703615,12.615043240206997,12.515643240206998
855.0717024167549,606.503974055785,5828.93277636307,12.744080217627289,12.64468021762729
959.8144378986309,605.8449137935759,3121.05714194474,13.42229853440059,13.32289853440059
112.75387486480561,608.0024728801237,6999.149899434663,12.5454395974375,12.446039597437501
984.5358488453537,606.422554833198,3702.9285021572077,13.23668951803846,13.137289518038461
659.4946018718291,606.418958172853,18.23333289972885,19.005887681256898,18.9064876812569
1067.6477431992812,607.2240511017887,-107.61193061481535,,
407.02263061173,608.6338652491331,223.79432068919817,16.283430181768203,16.184030181768204
420.3560490754153,609.4194557964984,1659.0795238327578,14.108384826110461,14.008984826110462
1007.4148469094692,611.2652472428981,1467.7631577376203,14.241412878740128,14.142012878740129
173.39483781368142,612.1974061524534,3526.231322360668,13.289775837443678,13.190375837443678
242.75993086179818,611.9156583727389,2807.5134668853007,13.537248214141439,13.43784821414144
607.1041966413247,611.5026425390089,2588.7637566880035,13.625321785101365,13.525921785101366
631.3176361074658,610.9434314068242,493.36343122691676,15.425135444859109,15.32573544485911
838.1055176525997,611.8854598320389,1938.355882986899,13.939469042741353,13.840069042741353
231.44500975309208,612.3673331732818,1226.9406016484281,14.435993988780252,14.336593988780253
273.08916539953964,614.758517798244,30233.121493014078,10.95684536123383,10.85744536123383
376.8289518021992,612.1221972836718,1741.4214732706532,14.055793095990314,13.956393095990315
507.30721292213605,615.9923860054848,22733.40752608455,11.266391491214954,11.166991491214954
157.5106516074239,613.4634901743112,973.331611153661,14.687400763712496,14.588000763712497
383.3675940383229,613.4346967790966,2135.4887430219633,13.834309618380232,13.734909618380232
696.9360376075543,617.25621865086,44495.02656914272,10.537274158383635,10.437874158383636
905.2345375194459,614.1461736867789,1890.8774250226952,13.966394392265958,13.866994392265958
921.3708004558644,614.103740905573,-0.6943874780436374,,
806.7979903890507,614.6867001896438,283.63128028719797,16.026167521129544,15.926767521129545
123.37132198218886,615.7010097024478,790.4547679416231,14.913360275921148,14.813960275921149
165.06917000438983,616.9735763237834,1401.106902041103,14.291874653296102,14.192474653296102
251.01226389344916,616.9284431771523,1720.831048204985,14.06870725138095,13.96930725138095
359.8894266103204,617.1309584963961,936.0957369786554,14.729752165843925,14.630352165843926
991.8837163848304,619.1716693249551,9973.007368059854,12.16098748472843,12.061587484728431
1077.9535179846425,618.7429840486193,497.082387840858,15.41698189473427,15.317581894734271
380.31691196464726,622.1897965056738,3433.7403327080046,13.31863421015829,13.219234210158291
262.3109393125222,620.8211930203508,5438.810087637013,12.819293098507027,12.719893098507027
175.9820804336283,621.2505017825475,1315.2488700963622,14.360532991032137,14.261132991032138
628.3380293202825,623.8761552559646,707.0363188611086,15.034448526726678,14.935048526726678
38.43514764475419,623.9356583579436,1314.4299038973284,14.361209257114751,14.261809257114752
512.5628305573132,623.5381991684594,4637.0227379314365,12.99245477074352,12.89305477074352
566.2035324607532,623.3853919908092,144.22827386260752,16.76042681980195,16.66102681980195
725.6046247221158,629.1886313358914,27519.828078297673,11.058938543346303,10.959538543346303
806.8992702746614,623.9022619235168,532.533603940109,15.342185289897476,15.242785289897476
339.3082155526561,627.3925467977894,2144.901745476297,13.829534327872281,13.730134327872282
585.3281581383749,624.8590098146503,799.5957239989436,14.900876677036425,14.801476677036426
639.8018823454097,625.1303677083052,505.2159686032277,15.399360161836455,15.299960161836456
822.6977071301839,625.8863668808797,1377.4049950338283,14.310398700517666,14.210998700517667
894.649412491589,624.9870771571145,715.3294619106186,15.021787553274898,14.922387553274898
155.36358721650902,627.092449635089,3611.2772719607065,13.263900747951997,13.164500747951998
925.2618357273892,633.2362612906944,215796.1249956192,8.822943729759686,8.723543729759687
970.977118151399,626.1846921360308,428.3299882153876,15.578606631316088,15.479206631316089
27.67190597666814,627.0443135383748,735.1164829335596,14.992162432723276,14.892762432723277
541.3477648637893,628.461829768586,1472.7048308407147,14.2377635559302,14.138363555930201
181.113849505598,634.0362186372039,1570.5234280399732,14.167941786212797,14.068541786212798
940.8546514391497,631.2896464705691,2900.939661028677,13.501706095328418,13.402306095328418
217.58030578092104,631.069603154666,970.1140655354654,14.69099583097043,14.59159583097043
281.7158967850803,632.9501907617197,1365.6900789090485,14.319672448279764,14.220272448279765
383.42320982784446,632.3410401506818,2347.226378605057,13.731665391431795,13.632265391431796
132.68648619426273,633.735414145512,1091.4538034946672,14.563039437890353,14.463639437890354
846.5193723893223,633.1186487696399,281.31476097104246,16.03507153249723,15.935671532497231
995.3337050384131,636.7774279173411,3748.9749010577516,13.223271502268458,13.123871502268459
173.4611717275919,636.9870661835544,2016.5301941563412,13.896541011412737,13.797141011412737
524.9837274411166,639.3394604804985,15463.150347588555,11.684807888136593,11.585407888136594
945.5043789534878,637.3827655345852,3374.600497077373,13.337496919097982,13.238096919097982
616.4721703087263,638.1697706446157,25.900230951713414,18.624793742742618,18.52539374274262
330.43867213612725,638.4343384306078,408.21506961420914,15.63083025188564,15.531430251885642
386.85941392704774,639.7471529564258,3050.6634365684795,13.447067092245076,13.347667092245077
213.47403145762522,640.4301756980644,933.2040084626423,14.7331113455114,14.6337113455114
322.85379083179856,639.1382243497394,587.7675927929655,15.235038741729191,15.135638741729192
735.5441311375151,639.2180377818175,160.49822484208966,16.64437725111698,16.54497725111698
785.4745091028827,639.8023560527673,785.3160125722383,14.920441702483238,14.821041702483239
73.78523054970762,644.4954217043255,5232.598316363899,12.861259341632678,12.761859341632679
399.9714385432949,643.1417786800931,2525.7437190955507,13.652079630274404,13.552679630274405
534.2384744756378,642.4339767111094,3619.568366636683,13.261410874412487,13.162010874412488
837.5800909331347,649.6868374999982,268588.363888372,8.58533485020476,8.48593485020476
1047.5239748335537,641.7482334813689,233.85936904736752,16.235665900420393,16.136265900420394
639.9186269131555,642.8596666396215,1239.0685836101063,14.425314470349257,14.325914470349257
286.8582296293773,644.9167075696894,5965.531798258402,12.718929922018763,12.619529922018764
93.97875248807233,648.7967553337957,2172.578571014933,13.8156141054544,13.716214105454402
158.0363197380346,644.3520018476581,625.1296856124101,15.168127527497925,15.068727527497925
175.67482283685032,646.4878270785537,1557.75211002075,14.176806963992162,14.077406963992162
102.41023067636841,646.8790396812901,2508.4663371328306,13.659532141219161,13.560132141219162
732.8602239236503,647.8224605721758,387.16867241822274,15.68830231119111,15.588902311191111
934.1634715418238,646.5136476711963,3536.665382985935,13.286567905600002,13.187167905600003
990.3813933403923,647.563169420064,327.4736276004869,15.870112007612049,15.77071200761205
62.29806203662087,650.0770974654565,1563.5203753523729,14.172793971426902,14.073393971426903
262.4374866625354,651.4541409277828,3132.4711849298205,13.418335122763029,13.31893512276303
295.8800094940495,650.456472849982,904.5820114261106,14.766932966749536,14.667532966749537
759.9292414358567,649.4425524747521,418.6285949002351,15.603480609490942,15.504080609490943
779.6101992284399,649.5161450716477,1.838077079482801,21.49714353570903,21.39774353570903
676.6077427555874,652.1448323700017,1727.2841860020512,14.06464334223368,13.96524334223368
507.79743205403923,652.4487531746628,2639.4259494508988,13.604279129129203,13.504879129129204
818.6058531887985,650.996731478871,633.0114239271479,15.154523965021573,15.055123965021574
874.3397937070248,651.2608291416406,42.640546518527316,18.083495928591578,17.98409592859158
103.72206397917091,654.2900922853784,2017.5755768845745,13.895978304351644,13.796578304351645
514.851406188097,654.4543676133809,2940.7913306905552,13.486892310899197,13.387492310899198
647.3252011969979,653.5415303617131,961.0673993125306,14.701168220338957,14.601768220338958
656.4421450679963,653.9805927003393,2666.1217562576157,13.59335288732143,13.49395288732143
463.688861537693,656.0592118319092,2144.5361400638426,13.829719410880598,13.730319410880599
61.41166385404476,655.7937374447877,829.1149156313271,14.861516014230293,14.762116014230294
687.2229144164429,658.1521163754454,8043.118142861633,12.394491714556551,12.295091714556552
701.2676096918008,657.339303548321,865.8451770246961,14.814452229067395,14.715052229067396
586.6299953976029,658.292824726606,7274.612736942039,12.503528137813209,12.40412813781321
715.4312540820624,655.9086983897614,377.69880053519995,15.715188820389063,15.615788820389064
84.75904239717539,661.7353741995915,5576.919598629433,12.79206687597858,12.692666875978581
806.9263576777089,657.1453486509807,270.1513187031414,16.079035104912165,15.979635104912166
204.01128484492878,659.1156830507242,854.3965605711995,14.82890410595312,14.72950410595312
658.8417930838876,660.3015442422796,2193.3974116806753,13.805259517859518,13.705859517859519
308.3734617278537,659.640074118837,653.6005158468154,15.119771868755313,15.020371868755314
407.17131463538544,658.9526547694322,355.09460847557835,15.782192638701206,15.682792638701207
491.7412761897871,661.0040103673081,3380.2021644375136,13.335696145704917,13.236296145704918
1076.4483294905265,659.3234390678529,111.8308875230818,17.036648405466725,16.937248405466725
627.6305956090316,661.1166967499161,692.3227314603837,15.057281356209483,14.957881356209484
550.4679985315664,660.7177206794669,133.2742975379918,16.846186829161073,16.746786829161074
296.58925152335183,664.1350557540973,3185.9023916382976,13.399971669636663,13.300571669636664
141.7154553109296,667.221697591026,1768.2352013744724,14.039202754236426,13.939802754236426
611.9547520784081,666.2431632262642,3813.432094623132,13.204762791075913,13.105362791075914
783.9762390207375,663.3990209369016,1141.4706307149784,14.514390979821634,14.414990979821635
16.772140197408113,664.2393217521058,624.8391796274968,15.168632200662145,15.069232200662146
376.2652838700697,665.9506233252936,1217.3122592797558,14.444547845167376,14.345147845167377
525.2712390123243,665.3990631211078,672.5146564964192,15.08879845045773,14.989398450457731
687.0176746938384,670.8652368171731,45264.15060890913,10.518666896577196,10.419266896577197
909.0975199651384,670.541751193257,58670.12203003581,10.23701035566774,10.137610355667741
1005.0562340642399,665.8021271961968,760.7581774382807,14.954936261185463,14.855536261185463
833.9326184860148,666.3385156209821,986.0248171494836,14.67333322000028,14.573933220000281
597.6042602826798,667.492808203861,826.3843843902825,14.865097579399116,14.765697579399117
974.4081238038182,668.0385992173785,773.6422112110832,14.936702440587451,14.837302440587452
55.704853542876116,672.6035019325046,16304.875743312994,11.627259100796197,11.527859100796197
946.3036626688938,672.1049900595848,10718.846047494546,12.082682751252456,11.983282751252457
717.1025763901606,672.0358990592824,2999.461646263886,13.465444551870439,13.36604455187044
781.367675820283,672.8270084385401,5408.562510683726,12.825348200648298,12.725948200648299
23.419461491600323,675.1307640656878,2016.182440967714,13.896728264144238,13.79732826414424
794.4146028183574,672.0301624440792,1547.458179406238,14.184005532242024,14.084605532242024
883.4462668425472,672.3968274297735,1158.3126933847473,14.498488295492747,14.399088295492747
153.39105800354864,673.3492199223683,840.5064796842332,14.846700169776273,14.747300169776274
4.855999342616197,674.5872932546375,91.92179041882713,17.249506647494556,17.150106647494557
229.4052641876187,676.3782749182595,374.2228726382633,15.72522701394127,15.62582701394127
693.8857407317109,676.6878339656951,13078.400833686797,11.866666225182222,11.767266225182222
633.7604294836675,677.0099537616934,292.27414182590053,15.993576849439968,15.894176849439969
1042.9732819736687,679.6501334465723,908.4738450685082,14.762271763220358,14.662871763220359
422.75586418840544,680.4204842028996,1546.8571787562175,14.184427291563544,14.085027291563545
959.2265800457315,678.2699029125944,50.676007983275,17.896046844748128,17.79664684474813
1059.8298780816103,681.3649157478876,4364.086452234528,13.058319471112688,12.958919471112688
14.360144526233587,682.6699724630697,1555.7095110550208,14.178231567367424,14.078831567367425
523.0608345440681,679.9077928871558,1970.2687528893387,13.921739160011661,13.822339160011662
741.5405666375547,679.8541289615588,568.8024362404657,15.270649214835345,15.171249214835345
412.54606805279855,680.2216416246637,412.6804526382607,15.619018088934148,15.519618088934148
712.6379347677008,681.1958339115782,1303.136507630341,14.37057805496492,14.27117805496492
833.5651695742769,682.280468599095,1721.2394159716966,14.06844962756071,13.969049627560711
34.68556477032021,683.8773959595292,270.6215362817559,16.077146946609925,15.977746946609926
683.105155726937,684.4799031052062,3042.969977226702,13.449808665693384,13.350408665693385
524.3974321087479,686.0311559180832,2576.8077572789707,13.630347786413317,13.530947786413318
1011.7180927760373,683.8549671895433,63.84903575618097,17.645166977063894,17.545766977063895
388.7727167039089,687.375579479406,3690.349549690636,13.240384073334102,13.140984073334103
704.6181339442971,687.2864600049169,2422.0628140199183,13.69758932949724,13.598189329497242
991.9468357502628,685.7452984785656,1956.4759024458247,13.92936657661079,13.82996657661079
181.95618670769886,687.4735850998821,1164.5381588292898,14.49266852501384,14.393268525013841
940.7405654078518,686.7837756453339,1135.6530257990548,14.519938678565687,14.420538678565688
209.62381722670222,688.0116024616138,216.1500657914321,16.321164404322587,16.221764404322588
351.2891833737194,687.465019973917,431.17035416214514,15.571430603064773,15.472030603064773
996.3997581258003,691.653461488689,2116.707985881561,13.843900463711794,13.744500463711795
69.39407336171647,690.5456791095705,86.64803049784604,17.313656095255226,17.214256095255227
192.7916297296246,691.5939033118137,1717.4980704008244,14.070812189960277,13.971412189960278
272.5849695300959,691.3708911387702,1722.9177818240803,14.067391451286891,13.967991451286892
975.608225299559,692.1153668329417,1934.7273568881567,13.941503402998503,13.842103402998504
784.4554943418436,690.8638891252325,354.8639677655391,15.782898074162851,15.683498074162852
867.9682122851211,692.6714545006004,992.8021213841691,14.665896093280002,14.566496093280003
43.317580243414476,692.5674612406132,1011.2534878911313,14.645902753126535,14.546502753126536
164.36186668573984,694.09524754316,2357.3851681479305,13.726976467538105,13.627576467538105
500.6786396970982,695.080995531197,1291.296081243542,14.380488251835445,14.281088251835445
732.5713983189933,693.8375938981543,681.7181912149945,15.07404062691095,14.97464062691095
526.5532988592662,694.166110883542,1103.479199619729,14.551142456462575,14.451742456462576
624.1203012500306,697.2322052192781,5586.399308638612,12.79022289625766,12.69082289625766
267.35694494812026,697.4657846373475,1131.4403546286226,14.523973673252922,14.424573673252922
705.8347635640416,695.9497868656497,1062.7975600481413,14.591926462737103,14.492526462737104
1038.1451886795246,696.1007127867161,814.623246137997,14.880660837020846,14.781260837020847
301.27129257362895,698.6419505105572,2550.0498184189805,13.641681171962057,13.542281171962058
433.5697246564216,698.6369510506761,490.6150212624074,15.431200732074974,15.331800732074974
