ra,dec,x_v,y_v,B_mag,V_mag,R_mag,B-V,V-R
122.62576107920759,-48.455339031738525,56.88300974947605,2.218945861129181,14.269258097544888,13.657626200855775,13.1067397056211,0.6116318966891132,0.5508864952346748
122.47056781958598,-48.503283024138895,229.19481832282943,0.9529506424099196,10.155188771597627,9.7871354025911,9.60389481706376,0.3680533690065282,0.18324058552734002
122.44157497741081,-48.51214482930989,261.3100606511762,0.6315179270844277,14.275083114319695,13.671494623604737,13.302298482695829,0.6035884907149587,0.3691961409089082
122.29422404333613,-48.55816130880259,425.095855213448,0.561906259688695,14.731956157983342,14.189017163575972,13.840731817335897,0.5429389944073701,0.34828534624007546
122.27779617116803,-48.563364985995385,443.39624819529496,0.677956090894653,14.780627902328014,14.404414099399409,13.984901689306422,0.3762138029286053,0.41951241009298634
122.23806554274589,-48.57545100580154,487.32728613368545,0.2918785339030813,16.13305734220491,16.045034564702465,16.48965701161458,0.08802277750244514,-0.4446224469121134
121.96382173199059,-48.66133562904293,791.92325760133,1.7424104788450492,14.346676760496596,13.664440899315606,13.153247883963877,0.68223586118099,0.5111930153517292
122.54413915949213,-48.48339494590829,149.37311268079512,5.398407662343293,15.927555591872723,14.924556275178414,14.159118498490052,1.002999316694309,0.765437776688362
122.15597903987755,-48.60378230717261,580.2312737868316,4.200290118042376,15.66623624667942,14.935652462741816,14.888871239360055,0.7305837839376039,0.046781223381760384
121.85201998707892,-48.69725696150354,916.5632017486168,3.953901138290637,16.76897768403802,15.994227736068174,15.693976793981026,0.7747499479698465,0.300250942087148
122.40421547535034,-48.52785776296334,305.47123158887035,6.133788752754421,16.525531916028697,15.170716907566918,14.044055313763106,1.3548150084617792,1.1266615938038118
122.0682776579443,-48.63268824265566,678.5656857300405,6.631560784189234,14.933763527196714,13.977730626261604,13.414889708301748,0.9560329009351101,0.5628409179598552
121.96100116080383,-48.66675020762048,797.9562453729554,8.002875962807739,14.132762288289603,13.111904626138784,12.465189251109166,1.020857662150819,0.6467153750296184
122.52027175008305,-48.49103717922678,176.04490491706423,5.579648493991489,17.397209549888533,16.32177919103465,15.49495247370998,1.0754303588538825,0.8268267173246713
122.23012884593376,-48.5823122440758,498.9719924235767,6.330293695489637,17.149309160499318,16.919341898304438,16.856587254531508,0.2299672621948794,0.06275464377293005
121.7332486420988,-48.7373917004867,1050.1521373306114,9.260788432601874,14.507559650784906,13.363499785117064,12.574612788750116,1.1440598656678418,0.7888869963669478
122.21608434567173,-48.58796531095794,515.3884475050913,8.100658610828717,16.006720659151206,15.941021650996316,15.033046352644284,0.06569900815489049,0.9079752983520315
121.91341971291529,-48.68226521523646,851.15088964423,9.235034289485078,15.810240400568244,14.756878499631847,14.156398906732852,1.0533619009363964,0.6004795928989957
122.39202045466584,-48.53729937163624,322.6794306912346,13.85716960462126,13.938803661994315,13.334925078416935,12.903749967024288,0.6038785835773801,0.43117511139264764
122.26503890680273,-48.576588938000526,463.5387754468071,13.390616623390978,14.101761126889135,12.997962508274057,12.274066566515552,1.1037986186150786,0.7238959417585047
121.82830410513338,-48.710351587678296,946.486928227562,11.994999771676452,16.011242297161104,14.913385434272994,14.40485752811606,1.0978568628881096,0.5085279061569352
121.78454948194812,-48.72567567853856,996.0433518493492,14.683938166367298,14.319641534022702,13.123545848045152,12.388606287549909,1.19609568597755,0.7349395604952438
122.21086955776553,-48.593692000237255,523.8234449635328,13.745838615177952,15.590127528197344,14.935341091400206,14.602789899814931,0.6547864367971385,0.33255119158527435
121.93127900518991,-48.679992858092746,833.4588894457651,13.658170041969012,15.47512631504358,14.273364807625502,13.640722795710198,1.2017615074180785,0.6326420119153031
121.7183686959161,-48.74722687593218,1069.940201072989,16.571691621218314,12.745604633478868,12.09252702432702,11.653717849038443,0.6530776091518469,0.43880917528857744
122.51800661202229,-48.50026050034466,184.10446773887517,17.25680463392631,13.72056549650143,13.100173745874974,12.669784506982948,0.6203917506264567,0.43038923889202607
122.44576434474253,-48.521039479207964,263.2760306020273,14.643944272069165,18.08240631853027,15.689468338306831,15.204046715080038,2.39293798022344,0.4854216232267934
122.13314756368995,-48.61837382936193,610.3833338018437,14.539157425316052,17.016984403586747,15.589229069224608,15.381736252382195,1.4277553343621392,0.2074928168424126
122.14456456892084,-48.61719362753695,599.2446125580036,17.779239740688855,14.279446671987142,13.060798907792806,12.41412352421806,1.2186477641943352,0.6466753835747472
122.05323255592569,-48.6459274320247,700.7477625843763,18.45629117160504,15.244808206235396,14.253132348279404,13.54215647055709,0.9916758579559914,0.7109758777223139
122.22245305199536,-48.59414632276949,513.5865392246562,19.317393087472745,15.48786876323677,14.70864321644639,14.26828417196655,0.7792255467903804,0.4403590444798393
121.7422550090632,-48.74366946462388,1045.9588431383186,21.701269602977753,13.861612487039531,13.42493383863269,13.211323559904988,0.4366786484068417,0.21361027872770144
122.48470068536905,-48.512172721867444,222.12391180275685,19.242250256255225,17.249727043017646,15.59181230015772,15.719092664348466,1.6579147428599263,-0.12728036419074584
122.34593616204845,-48.55657833517741,377.0602315942833,20.55104919002051,17.871336567898098,16.491572779761345,16.569332032504384,1.3797637881367528,-0.0777592527430393
122.59997060133686,-48.480010127977806,96.41835662939437,24.88591936279704,12.087710080245204,11.523436943102972,11.180324338270845,0.5642731371422318,0.34311260483212713
122.33173731934569,-48.56256740559783,393.8431345824825,22.68902168668009,16.75290263624677,15.670396530436394,14.83429066471023,1.082506105810376,0.8361058657261644
121.9565642907958,-48.67834751139391,809.417875938114,22.092296909315696,16.605804158433983,16.02573182383011,15.654601068523736,0.580072334603873,0.37113075530637474
122.55299602388291,-48.49426735032399,148.40143732766785,24.13753510940697,16.589176515769786,16.03575117746501,14.526923221008458,0.5534253383047769,1.5088279564565514
122.50984677787996,-48.50986286332468,197.76708734267137,26.91228467428458,13.28386727632206,12.319767905685596,11.738154540861954,0.9640993706364629,0.5816133648236423
122.47468462881557,-48.519380801983644,235.91185006303505,24.819118685774548,17.370461915438884,15.050965091846324,14.92768188858365,2.3194968235925604,0.12328320326267317
122.40776927372075,-48.54207479047217,311.46110508270556,27.180970225197832,14.334607454473796,13.751795801255744,13.200356559477155,0.5828116532180516,0.5514392417785885
122.31101202275246,-48.57027272426358,417.6663780929166,24.39246957971776,16.87394139420608,15.531963783173156,14.894020193416129,1.3419776110329256,0.6379435897570271
122.0362198375816,-48.660116334374074,725.3220449195447,30.75898151929811,12.67424070216602,11.695944011595136,11.09000908959034,0.9782966905708843,0.6059349220047956
121.83832847435228,-48.71744350992678,941.8993209603392,25.99338153023225,15.080744311147315,14.143137339417487,13.71827972357542,0.9376069717298279,0.4248576158420665
121.77107363677858,-48.740223365649605,1017.5648941259705,29.06689332872915,14.808484471103617,14.278869374572537,13.432275031818886,0.5296150965310797,0.8465943427536509
122.27598708238195,-48.58542291137818,459.29483758967734,30.213697700520985,15.783324196854837,14.696458652145946,13.995857649150736,1.0868655447088909,0.7006010029952101
121.80697519698539,-48.730095832942034,978.4734109653372,30.21774972724571,16.200466039616746,15.899001076084687,14.544926276633008,0.30146496353205876,1.3540747994516789
121.83858066792631,-48.72311198667934,945.2883089981004,33.91035322539831,14.395464769661457,13.648369415791109,13.106112555240484,0.747095353870348,0.5422568605506246
122.67065501297328,-48.46412687919049,21.815468315045475,33.7173709488087,15.351177081239314,14.77427565446285,14.104495616950958,0.5769014267764643,0.6697800375118916
122.59741333736764,-48.487996040735204,103.94923644277556,34.73111930397246,14.775120234306266,14.127344516395455,13.51074498704592,0.647775717910811,0.6165995293495357
122.28375353887114,-48.585658465739826,452.3886864097871,33.8605047693416,16.02035389270702,14.796994156103256,14.200934596060923,1.223359736603765,0.5960595600423328
121.97413087945476,-48.68272401099064,796.2537720953966,35.55555653662893,15.059402586105234,13.693780061318623,12.806247705679272,1.3656225247866107,0.8875323556393511
122.01059178144615,-48.672958526080265,756.8551528875812,37.56243528955088,14.450346718849577,13.555368055821386,13.133890197305316,0.8949786630281906,0.4214778585160701
122.57630152773932,-48.49555658321326,128.06162707873207,35.97360583535425,16.387076015346153,15.178653878761567,14.568348847174867,1.208422136584586,0.6103050315866998
122.62673222897897,-48.48229892877882,73.59185336630232,39.60344652370503,15.612653424367805,14.5491587257799,13.875325089463004,1.0634946985879044,0.6738336363168962
122.32644956812298,-48.576222142517885,407.4854747595837,39.179520259145875,15.282672566062326,14.297270111152582,13.594398863392485,0.9854024549097442,0.7028712477600969
121.88407069577417,-48.71206807468098,896.8871332662244,37.88576231956677,15.610933102479878,15.008378084023922,14.727591770352465,0.6025550184559556,0.2807863136714577
122.31621373927617,-48.58141955016374,420.14960699740425,41.93399406247425,12.661665239635736,12.085823241658025,11.740577051073291,0.5758419979777116,0.34524619058473327
122.546353463017,-48.50867441489949,163.81869899967504,41.03222999292342,16.703758049869883,16.22828966729097,15.174579580727157,0.47546838257891366,1.0537100865638127
122.34109620886264,-48.57297075393813,392.071545076886,40.991027982373566,15.748907055017634,14.87787468851776,13.91148773443975,0.8710323664998736,0.9663869540780112
122.08353176705177,-48.653647162877405,678.1676766475599,41.950994855024305,15.049284918438502,14.013504475116992,13.340737446235533,1.03578044332151,0.6727670288814593
121.80296010118698,-48.73993577771461,988.3979157192427,42.08856584634146,14.89820418830056,14.2400141854214,13.555580228551165,0.6581900028791612,0.6844339568702349
122.10668955360413,-48.64749373993759,653.166784460456,43.33179326938445,15.443979867433365,14.620720502491748,13.900657477889736,0.8232593649416167,0.7200630246020125
121.99841925146177,-48.68282165734095,774.2427292084353,45.97904779159182,13.124340861665129,11.960672027159466,11.156560748492346,1.1636688345056623,0.8041112786671203
122.09175970494576,-48.65321304394158,670.4115455097348,44.851085603666654,15.323969425388904,14.529046809244456,14.025631719809612,0.7949226161444489,0.5034150894348439
121.90102084931891,-48.71449399409216,883.0333314657281,48.38479278304365,15.286088416798462,14.378302817845416,13.93973287808809,0.9077855989530459,0.4385699397573255
122.56166212265694,-48.51095133467011,151.39236650220573,50.76475261803451,16.084460229720033,15.57299999262942,14.756741236862188,0.5114602370906134,0.8162587557672314
122.69050450954542,-48.47097523900979,8.255687575769262,51.71004713758233,16.305078299354008,15.342684713675538,14.929881101042003,0.9623935856784698,0.41280361263353527
122.04266386499503,-48.67463172391523,728.7837482490302,53.469165288815155,14.98958300771593,14.37799725298287,13.833543052496854,0.6115857547330599,0.5444542004860171
122.62019480538243,-48.49535254165954,88.04831446937844,54.672205813104526,15.540341237992315,14.855101264897856,14.192612146503844,0.6852399730944594,0.6624891183940118
122.20695591248656,-48.626390076042256,548.4699744407112,57.02506401259385,14.488324512402563,12.883439083703506,12.479724392520222,1.604885428699058,0.40371469118328385
122.03443548318714,-48.67708765397384,737.8367981956003,53.35772671498426,16.158961918298196,14.87386799833748,14.430276821727812,1.2850939199607154,0.44359117660966874
121.99808062420209,-48.68984308628552,779.0525026898667,55.50067664008685,14.419164425567889,13.674075783422657,13.119183120414498,0.7450886421452321,0.5548926630081592
121.76951889588314,-48.762043321983064,1032.8790278087265,58.49191167362412,11.885049894745327,10.895577497971228,10.248788303415433,0.989472396774099,0.6467891945557955
122.65886264897469,-48.48795015679801,48.09060109352735,61.26283263453311,13.88541470799526,12.907166635689563,12.198017318560002,0.9782480723056963,0.7091493171295618
121.98173902525981,-48.6988101862028,799.648499998789,60.92299807329664,12.69462113242623,11.723837071705937,11.10913608049104,0.9707840607202929,0.614700991214896
121.9263267739056,-48.71647171247369,861.3040421875207,61.80015608818296,12.91041834593002,12.41529741780198,12.066764155710729,0.4951209281280402,0.34853326209125157
122.50189742842537,-48.537482073488,222.95175224553145,61.38231509751163,14.28692931691018,13.195318284970703,12.472521583281958,1.0916110319394772,0.7227967016887451
122.60413938967505,-48.504606088105405,108.6688742807944,60.41659278120011,15.373920924863429,14.775369708497736,14.186609054143522,0.5985512163656921,0.5887606543542141
122.35709485766634,-48.5831307125975,384.1145973074021,61.80489017658002,15.12939856082372,14.704629562482452,14.36387179887211,0.4247689983412677,0.34075776361034293
122.66630299355651,-48.48590337200676,39.99529331423394,61.68036228290101,14.37874285907358,13.514315170999526,12.827601472963131,0.8644276880740538,0.6867136980363941
122.45259818695278,-48.55704168648642,280.44314402822,67.00104177964187,10.901224218070585,10.52599235603127,10.377381258646093,0.375231862039314,0.14861109738517797
122.40041550772396,-48.57063031555707,336.6612454457796,63.22847525307094,15.850322930455002,14.822831950951782,13.885232465178442,1.02749097950322,0.9375994857733403
121.8118738404092,-48.754601721835,989.6511039396336,66.0533234803495,13.962395267486816,13.067086259896737,12.347626840920276,0.8953090075900789,0.7194594189764612
122.37912893218443,-48.57961226283842,361.8197838314591,66.42440346531512,16.02939313102464,15.29906337368981,14.44148396098215,0.7303297573348306,0.8575794127076595
122.47001174853523,-48.553750195780836,262.48845877146334,69.97579574857097,15.06260611705062,14.595981258079991,13.726225147105072,0.4666248589706292,0.8697561109749188
122.27167633495513,-48.614913089348775,482.266844919621,68.89319438119142,16.500325356870217,14.562468676715634,13.978959323202265,1.9378566801545833,0.5835093535133691
121.94340058210847,-48.718228406425844,846.9169278709551,71.43669742693402,14.009258451394038,13.4939583600087,13.07322644166627,0.5153000913853383,0.4207319183424296
122.6914534180872,-48.483160026916515,15.358616795700945,68.82076791026954,17.509490970708235,15.793135500159954,14.704958812153508,1.7163554705482813,1.0881766880064454
122.1366174728909,-48.65758428421635,632.4679575226098,69.94381788260061,17.59543206549146,15.096167247351504,14.108877848582155,2.4992648181399577,0.9872893987693487
122.62067096501828,-48.50644780800562,94.85437865538978,70.0910332946188,15.947699686694287,15.504888860806473,14.975566852789346,0.44281082588781473,0.529322008017127
122.52783855129437,-48.53584377079771,198.32313757329655,70.31627744254641,17.423794751030194,15.935127703686016,15.05237662942454,1.4886670473441779,0.8827510742614759
122.37497883068427,-48.58479122166225,368.9454356968069,71.75569521344194,16.55975125032613,15.119002189194102,14.494731363394049,1.4407490611320277,0.6242708258000533
122.11620063274322,-48.665771408678204,656.2823033935475,72.51839119559911,16.569814554272547,14.272033275614564,13.523302169397832,2.2977812786579825,0.7487311062167326
121.80654274154448,-48.761328083332145,998.7844314169504,73.07940249955101,14.96286367156213,14.424716403144831,13.960021994009876,0.5381472684172994,0.46469440913495497
122.0826643085208,-48.67717000326066,694.0743983510579,73.94461460287424,15.73445190886738,15.01716885058704,14.124531881719692,0.7172830582803389,0.8926369688673486
121.92401892774117,-48.72640097529432,869.7541563380499,74.49899066440268,16.323911187877865,15.876574719872844,14.75267687798056,0.44733646800502136,1.1238978418922834
122.40445320674306,-48.57997625529311,339.054451960738,77.79423156645484,15.464657227880624,14.54854272735312,13.54304573975356,0.9161145005275042,1.0054969875995585
122.37790693658158,-48.58727473384493,367.89531806722977,76.42227575771254,16.537375920041754,15.885029302145728,14.659769002970329,0.6523466178960255,1.2252602991753996
121.89470587875978,-48.7392892286815,904.624386151563,79.87118554170603,14.33340768994864,13.618437182336397,13.133427394167498,0.714970507612243,0.48500978816889884
122.01563516210364,-48.70172245886652,770.7237414160435,79.29055688055061,17.073176034623465,16.036759863624223,14.953772475403431,1.0364161709992423,1.0829873882207917
122.163194350067,-48.65918393880995,609.3586563960145,83.45832761486591,13.582954223412637,12.864618044079965,12.501280968943195,0.7183361793326721,0.36333707513676927
121.95750793429053,-48.725205668572045,838.5706336054261,87.00935804226043,13.564279016722418,12.805336299812309,12.33665110480301,0.7589427169101093,0.4686851950092983
121.81426896671006,-48.765839513835246,994.643344110061,82.5485626511793,14.366358753406685,13.686272923104848,13.243964310099551,0.6800858303018362,0.4423086130052969
122.43764262709145,-48.57557409960915,306.05782955443243,86.00868329730066,15.551293204479,14.875059337496518,14.474056980281878,0.6762338669824821,0.40100235721464017
122.4267461732705,-48.57733553515761,317.0960092381667,83.74411284087766,16.22270682506789,14.864025598399753,14.238881672849342,1.3586812266681356,0.625143925550411
122.21057912970004,-48.64958248470066,560.1377513617499,90.45289781224824,10.899191597068551,10.440138295945571,10.222433396703185,0.4590533011229798,0.21770489924238667
122.46522392004962,-48.56655288988022,275.15391951343116,85.4864867238907,15.525961278224145,14.554396762175957,13.9716290494068,0.971564516048188,0.5827677127691562
121.77164635214322,-48.7829435327642,1044.2615841097695,88.19692882493138,14.953732260731195,14.067581619809276,13.369173149453522,0.8861506409219189,0.6984084703557549
122.04622357028188,-48.69871610112018,741.0128633933789,88.12218092850686,14.873020137019187,14.1977137131909,13.74780405087193,0.6753064238282871,0.4499096623189711
121.94645839812537,-48.730406131228214,851.9360472725164,89.49788086909327,15.379979340813826,14.697013825424124,13.85460645089043,0.6829655153897018,0.8424073745336944
121.92013701194246,-48.73766858648236,880.4893695635535,88.3765436427512,16.06473716658924,15.407241432930698,14.52202893135404,0.657495733658541,0.8852125015766585
121.83868643641918,-48.76339198912243,970.9035186759496,89.45683273213896,16.21442802826347,15.580694213527831,15.363406407666576,0.6337338147356384,0.21728780586125573
121.74728902514967,-48.792537482005656,1072.4948612691503,91.19122718324984,13.120279588196428,12.255104062402074,11.602847575679208,0.8651755257943545,0.652256486722866
122.67859340104657,-48.50227478663598,39.52972797363247,89.44476888584617,16.43016158781978,15.397808286943684,15.717584618992628,1.0323533008760943,-0.31977633204894396
122.60063820526331,-48.52933538870933,127.97394464907596,92.81364317533968,14.68944564976471,13.420496578382377,12.61259788298566,1.268949071382334,0.807898695396716
122.53065272248723,-48.55266389988692,206.7134561664284,94.60506083383522,14.974671386261791,14.196273386199932,13.602206058646814,0.7783980000618591,0.5940673275531179
122.0090313601506,-48.71553302250132,785.58001127687,95.50122096844026,15.219306506273645,14.127797555661974,13.396944017271656,1.0915089506116704,0.7308535383903187
121.76327575777968,-48.79757298658746,1061.1830297814854,104.8470282468174,10.932569656030454,10.41419770579058,10.131740570071976,0.5183719502398745,0.2824571357186034
122.56704578698869,-48.546764875505794,169.8317508623622,102.21043030619302,12.830101216209062,12.205426898100288,11.759402851540612,0.6246743181087737,0.44602404655967653
122.66085438544376,-48.51524625017892,64.10935519288468,99.54181976395968,16.265660015597987,16.07436850046215,14.969227335118038,0.19129151513583764,1.1051411653441114
121.90096261687826,-48.75230867104803,907.2664255940886,100.44453423406128,15.456828886715822,14.460955787478872,13.8144892944673,0.9958730992369507,0.6464664930115713
122.05338755636565,-48.709782735355674,741.6137441327887,106.3892563271484,11.711962556824073,11.136867150116052,10.799172434688,0.5750954067080212,0.33769471542805185
122.01746546605438,-48.720575830598676,781.1564763441401,106.01490748250605,14.03442091884337,13.36776064927986,12.981152370450896,0.6666602695635095,0.3866082788289642
122.19863704428576,-48.662400112306216,579.2474430814763,102.98146421934666,15.763375781327548,14.534599210908352,13.709582474198935,1.2287765704191962,0.8250167367094168
122.00490758096316,-48.721924651042706,793.4238572505305,102.552246088608,16.41859336927594,15.8137735553431,15.15512616096687,0.6048198139328385,0.6586473943762314
121.85340911490243,-48.77057061732811,962.1166542946024,105.54978215058613,15.495962504481271,14.939881605091289,14.279375265876457,0.5560808993899826,0.660506339214832
122.17949405244181,-48.66960449801941,601.2718263054516,104.72914596257506,16.78731823884251,14.469079191800905,14.221618145599678,2.3182390470416046,0.24746104620122722
122.69748957921475,-48.50786572410688,26.028787321471683,105.29560507713224,16.526378650788423,15.54849305096372,14.66466001819877,0.9778855998247042,0.8838330327649491
122.60070485260762,-48.5386485916371,133.98609018024453,105.61336371445168,14.309591543708317,13.60297718010474,12.973479603131809,0.7066143636035775,0.6294975769729305
122.44713004970946,-48.586994961404635,304.85814375423234,105.7632600908442,15.125411190645623,14.84271493725454,14.06903511273729,0.28269625339108373,0.7736798245172505
121.95038577544503,-48.740675319510224,854.9449692278691,105.29811401292832,16.369377167644462,15.90032370276454,15.00688924653572,0.46905346487992183,0.8934344562288192
121.95490794304419,-48.739482461350185,850.0750580824762,105.56731100325108,15.665155857578268,15.445307190354104,15.087479589968105,0.21984866722416463,0.35782760038599903
122.15695457323517,-48.67918633831898,627.9082868949351,108.30699077641304,14.808865323947028,13.053545655999118,12.668772580667236,1.7553196679479104,0.3847730753318821
121.84485550741714,-48.7753273934406,972.9205833772924,108.5005665901427,15.393168062136969,14.54704549081629,14.00416093237995,0.846122571320679,0.5428845584363398
121.88701775563068,-48.76345258252896,927.0529393383866,109.91107965543408,15.698520392117512,14.813668092244113,14.176778520031805,0.8848522998733994,0.6368895722123078
121.99777135301971,-48.73098709171718,805.7143942652833,112.00492906988696,16.15883694710213,15.814740393804422,15.61778454846422,0.3440965532977085,0.19695584534020227
122.55848150206856,-48.55992993818066,186.1811468400041,116.57250100661878,14.39930555338497,13.265794645265164,12.595952336746766,1.1335109081198063,0.6698423085183975
122.3406246648028,-48.62947677644476,429.079850142132,118.4018675496214,16.857090924861907,15.092217364210676,15.49388080032753,1.7648735606512318,-0.40166343611685384
122.21333826680583,-48.66748835185474,569.1827758306908,116.24377982829358,16.73882128475363,15.18597049735173,14.868784692484162,1.5528507874018995,0.3171858048675684
122.39021347883495,-48.61362409915727,373.7998731607605,117.88301445331484,18.97079959195192,16.626095535768528,15.799815111341031,2.3447040561833923,0.8262804244274964
122.08216367253291,-48.71043371482385,715.9079258514429,119.49539831021448,17.378073373237886,16.395098824202837,15.689645243787544,0.982974549035049,0.705453580415293
122.52938042159231,-48.57248134820521,220.7651074543612,121.24390518733304,16.254486028770017,15.998452569421898,14.519390966182671,0.25603345934811905,1.4790616032392272
122.47546037861544,-48.590848846529376,281.64606538854264,123.23355569641664,13.467965261542592,12.233163435538769,11.388675930180415,1.2348018260038227,0.8444875053583534
122.27745050838041,-48.65560464353561,503.31785752541833,127.27540512195584,9.909437969209302,9.490790692732393,9.30557589775012,0.4186472764769089,0.18521479498227222
122.5852615863872,-48.55683334258753,159.8581694571057,123.8814754406664,15.217294036409598,14.160251858579914,13.477227468702775,1.0570421778296843,0.6830243898771382
122.02853747677827,-48.72976622566925,777.0018965250861,123.35446399159932,16.351071329757726,16.274962503508366,15.131230992619864,0.0761088262493601,1.143731510888502
122.0066180675312,-48.74240613889726,805.0064788022792,131.4679717141641,12.054977663332393,11.390006095942118,11.016739743871613,0.6649715673902747,0.3732663520705053
122.30353165510222,-48.64777839534662,474.5879576269745,127.6701888355994,14.829248314902935,13.409165013830064,13.048178712106536,1.4200833010728715,0.3609863017235284
122.1292308327293,-48.701941646916914,667.7243240330549,127.8081527463712,16.417360182164842,14.574759241117563,14.370248185064714,1.8426009410472783,0.20451105605284958
122.67811235126814,-48.53169013101021,59.187770882628584,129.5528950327295,14.757080545185971,14.1135901465986,13.669713640364147,0.643490398587371,0.44387650623445296
121.79627921692922,-48.805179046990865,1036.066201215276,129.1988434760559,16.34968061429495,16.224999100450937,15.357341082848604,0.12468151384401338,0.8676580176023325
122.07673803533307,-48.72212108618145,728.3435413532532,133.2721336814733,16.51425497869576,14.112953847343665,13.73191146065899,2.4013011313520956,0.3810423866846744
121.76989666195537,-48.81629536347518,1067.098622561758,133.436861351269,14.160502903459586,13.667804474286934,13.200951081530214,0.49269842917265194,0.46685339275672
121.94100089099103,-48.76554365692433,879.3863676640901,135.57538676954218,15.830035637885274,14.841556352249627,14.078887288733211,0.9884792856356466,0.762669063516416
122.58263576605503,-48.56602189100057,168.22963212662918,135.34933491957014,16.51173181705818,15.454329417301803,15.657083102000712,1.057402399756377,-0.20275368469890864
122.56340526560278,-48.57288444503999,190.15046002103284,136.46470307422808,14.93400331055481,13.840747726964414,13.028724710711646,1.0932555835903948,0.812023016252768
122.19376396510008,-48.69271516580162,603.2165615232678,142.58153554896322,16.392226203983792,15.03169599211646,14.943670178156829,1.3605302118673333,0.08802581395963038
122.33920518993637,-48.651267701835295,444.474395419972,147.72461200735464,12.56175593001425,11.872912309342231,11.61149268825713,0.688843620672019,0.26141962108510164
122.13178581498796,-48.716495803028764,674.7724896620912,148.91119546800795,16.04669766458915,14.230998281919009,13.700561212403604,1.8156993826701413,0.5304370695154041
122.66365115797683,-48.55103852469959,84.94924921254855,149.81371305302588,16.914058763672244,15.108086322740307,15.279595553718858,1.8059724409319369,-0.17150923097855042
121.98954806357335,-48.76341407185264,833.9673216234938,153.1623427365411,15.00619891126576,14.193338491463935,13.911800343141644,0.8128604198018241,0.28153814832229074
121.77482322730768,-48.8315627044468,1072.3548501410426,156.55103185496785,13.329921613328922,12.665027432266298,12.2603899852225,0.6648941810626248,0.40463744704379856
122.49581250547179,-48.607098229651655,273.74086439312634,154.28647537267113,16.245585919234387,15.620536350374886,14.738293781507736,0.6250495688595006,0.8822425688671505
121.82204193779415,-48.81813341754859,1020.9476916173326,157.8834156605531,13.580477230447531,13.055525155569423,12.74745076759493,0.524952074878108,0.30807438797449294
121.85801070402039,-48.80676711149456,981.0560325767996,157.35726345417896,15.583707296537897,14.717464044563156,14.148453782879931,0.8662432519747405,0.5690102616832249
122.62701980000297,-48.56890592551445,129.8435707822518,158.4697917302567,15.695762313803064,15.6216448904434,15.59209995043007,0.07411742335966309,0.029544940013330745
122.59321965831198,-48.5794983351989,167.41171296846332,158.3982257370421,15.904787842547911,15.471610245681044,14.556456686984676,0.43317759686686763,0.9151535586963675
122.17576851322094,-48.71027242293984,630.8605075214875,159.05879259376115,16.631204623989998,15.098861483459016,14.559493209814375,1.5323431405309815,0.5393682736446408
122.44084421410082,-48.628502518806116,337.5100825690313,160.0370927752766,16.025742253451966,14.100348740748348,13.623391580142789,1.925393512703618,0.4769571606055596
121.92475181054698,-48.791738558255936,910.8960948139162,164.78777931675663,11.513914252751295,10.48289758527819,9.83785259928531,1.0310166674731054,0.6450449859928806
122.52511714810954,-48.60534414761523,246.01790939753283,164.49192782920016,15.271152541096304,14.802876462203203,14.213162887736685,0.4682760788931013,0.5897135744665185
122.4498767184007,-48.62954572049846,329.99430230588587,165.34775260980024,15.027995985859995,13.99831410163913,13.484425153971422,1.0296818842208655,0.5138889476677075
122.63981972362863,-48.57043896980711,119.23420593583144,166.10278307700486,14.133095741358524,13.52498613525845,13.066445706906803,0.6081096061000739,0.45854042835164677
122.21047277695064,-48.704929604945455,595.9343147294276,166.49066151761582,16.440532992039724,14.98196570556461,14.37417109584883,1.4585672864751142,0.6077946097157803
121.82074965819447,-48.82624102578505,1027.2929209838892,168.51259898313322,14.52226244358642,13.829574237007693,13.276001852327433,0.6926882065787279,0.55357238468026
122.38581712890218,-48.65670954511878,405.7174641493949,175.15913408242665,13.028934737509251,11.774115582339723,11.374253089248906,1.2548191551695282,0.3998624930908168
122.55878819821302,-48.60138790766485,212.90414655221676,173.5694099891989,14.41844231619101,13.958487254273994,13.453470881369327,0.4599550619170163,0.5050163729046666
121.81815171192999,-48.83124433485024,1032.8417153142582,174.31522254756078,14.914403714340327,14.04765086242949,13.579307457789708,0.866752851910837,0.4683434046397821
122.11725476358706,-48.74686574835028,707.4960704201283,184.50910570638973,10.403350039370723,9.890728633914913,9.638134618844363,0.5126214054558105,0.25259401507054946
122.52547362858306,-48.613549034988004,251.03346359213052,175.90172673619102,17.2652325506265,15.91335015100753,15.355183812453816,1.3518823996189706,0.558166338553713
122.48763211838691,-48.625997346411154,293.446714043664,176.7016639019591,15.880336547502536,13.878712700144616,13.389747979644188,2.0016238473579193,0.4889647205004284
122.23617356095524,-48.70577238515393,573.1674655972437,178.6020611551021,15.111064548470411,13.797609778827413,13.34889010559072,1.3134547696429983,0.4487196732366936
122.51649860548656,-48.61732453233636,261.6289999105127,177.21845109001777,16.240763147919502,15.146225787479848,14.682467785088956,1.094537360439654,0.4637580023908914
121.8747967643212,-48.81787940075623,972.926744702966,179.73451975387715,13.66185743237748,12.839434233843882,12.290834013362923,0.822423198533599,0.5486002204809584
122.34962084453889,-48.67416699955001,449.8526322112279,183.63374390058584,12.463449388952233,11.856971722581717,11.422867706523498,0.606477666370516,0.43410401605821924
121.89867933978928,-48.810213028647375,946.3640996446362,179.23643998201453,15.0730615562583,14.023554489395226,13.472172487456264,1.0495070668630753,0.5513820019389613
122.5489506820672,-48.60731372200292,225.6844470929142,177.45859441539102,19.129764562306065,16.850560822933474,15.964347959364169,2.2792037393725906,0.8862128635693054
121.97916907309416,-48.785976257072136,857.8440344155921,179.83362474773054,15.49861070421023,14.851112448501524,14.469741809779524,0.6474982557087063,0.38137063872200017
121.80855312074941,-48.83938679701633,1046.7423267873703,181.50230780271377,14.192156586233963,13.07421622696676,12.457371644800777,1.1179403592672035,0.6168445821659834
121.98882904189492,-48.79043417152748,851.9404516189612,190.0534169375061,14.46890024357563,13.694106757060752,12.921737904304372,0.7747934865148789,0.7723688527563795
122.69647318882268,-48.56628411965658,65.14393766089306,184.91310728024308,17.000861030623327,15.67263642252683,15.66558261837916,1.3282246080964963,0.007053804147670206
122.50001858833342,-48.630892691123115,285.3973709127573,188.7449981290817,15.840058147696377,15.075855991117308,14.683235720532435,0.7642021565790689,0.3926202705848727
122.48796516431226,-48.63577705379925,299.50170520221127,190.26482427101615,16.155897615942305,14.743968299436212,14.278609794105844,1.411929316506093,0.46535850533036793
122.64091753820348,-48.589862136632426,130.91749464160128,193.20442362913704,14.99303662716673,13.911063041185256,13.24884070361158,1.0819735859814728,0.6622223375736773
121.83192703283838,-48.8415974796316,1026.953685461251,194.37303947621885,14.077378601634774,13.202181638001912,12.719755146267492,0.8751969636328614,0.48242649173442054
122.71589177586218,-48.56665651705765,47.78145752162611,193.83175206770585,14.85635281107768,14.227649612966392,13.744501537432328,0.6287031981112889,0.48314807553406425
122.23771018832961,-48.71732434215837,579.2308397202245,195.13421742584373,15.226377227873083,13.361224939905986,12.945131104751752,1.8651522879670974,0.4160938351542338
121.9328245605246,-48.81271876430564,917.0004209791508,197.08547681029015,14.23062123561343,13.07666760331224,12.367008982876524,1.1539536323011905,0.7096586204357163
122.60572972024107,-48.60467211863482,172.4813397275492,198.3165422361717,15.864462570873096,15.051029801199828,15.316392186063448,0.8134327696732679,-0.26536238486361974
122.07859379949724,-48.769277274375774,756.9641322446654,198.93677892710335,16.688406553696687,14.93756662800177,14.551942298353932,1.7508399256949172,0.3856243296478379
121.95169750150514,-48.808147695346754,896.9606042514162,198.75540264802635,15.5983940283751,14.120520098936009,13.566984993830784,1.4778739294390917,0.5535351051052242
122.43138964294988,-48.661710339518336,367.6385670698722,201.5630866746665,13.254384698378724,11.827036226808024,11.419790812877237,1.4273484715706992,0.40724541393078795
122.58356297308349,-48.61321792328695,198.1479513807502,200.47408813485828,14.848867744804751,14.13917092528132,13.75057239190694,0.7096968195234314,0.38859853337437933
122.38395400141448,-48.67614750399292,420.0058679901981,201.05167656775805,15.497865063792965,13.938907584287232,13.50501782880263,1.5589574795057324,0.43388975548460174
121.9248810681105,-48.81780034531248,927.4552703783836,200.73278845278583,14.97761486695008,14.284396414505215,13.782679831622229,0.6932184524448655,0.5017165828829864
122.40517214684384,-48.67324013535893,398.8857495364776,206.15025426281431,10.269370314339278,9.980595143160768,9.858694537209464,0.2887751711785107,0.12190060595130348
122.74631038198945,-48.56634736016464,20.00435902495509,206.58837688574116,14.852124955895924,14.049801585382172,13.468483871059489,0.8023233705137525,0.5813177143226831
122.00935318143493,-48.79633961428406,837.1170432246378,206.85970521868273,13.409291432992529,12.695036031536688,12.203111133147402,0.7142554014558407,0.49192489838928566
121.89937274752936,-48.82972136990616,958.2092322190554,206.3985343558479,17.360793224138092,15.337796702959237,14.918758526793388,2.0229965211788556,0.4190381761658486
121.89022388103821,-48.8332224823716,968.742671869355,207.36692669699943,15.225033032318898,14.46357646766007,13.921123288100748,0.7614565646588272,0.5424531795593222
122.49787116419812,-48.64571392463644,296.9812552940141,208.15829668225467,15.235823450749692,13.176580000245798,12.684092967006196,2.059243450503894,0.49248703323960186
122.32963769191919,-48.703094632629735,486.6960158474716,214.8200474975377,9.47615490612842,9.027771347910958,8.88517780747867,0.44838355821746134,0.1425935404322889
122.0898877227781,-48.775013467378386,750.4117910737137,211.61657781635964,13.319902865631084,11.913979763617904,11.539006149893073,1.4059231020131797,0.3749736137248316
122.05542929120966,-48.78495889892128,788.0403742198987,210.6974709096256,16.544930844487396,16.613623997197227,15.704542641017522,-0.06869315270983023,0.9090813561797049
122.58994208097097,-48.62158816541244,197.8213987787412,214.70316931043692,14.246931482849796,13.001320359924788,12.260914894011847,1.2456111229250073,0.7404054659129411
122.43101529273117,-48.671472360404344,374.31346719669216,214.8029807781599,14.17159937491252,13.165562886921416,12.856398559485667,1.0060364879911035,0.30916432743574873
122.20251146502783,-48.741833168666,626.954511918235,213.83098668800284,15.521754466192869,14.217572501658216,13.942914456262356,1.3041819645346528,0.27465804539586003
122.11238554130894,-48.77123050222357,727.5848002008224,215.95543098781408,14.79762813096361,13.481868453345434,12.903983990812518,1.3157596776181748,0.577884462532916
121.85667344534434,-48.84920220186575,1009.3706755333478,215.25807859024567,16.66417430216468,15.973210624382403,15.17845914974167,0.6909636777822783,0.7947514746407336
122.76686908884143,-48.56707676533263,1.848492965984482,216.5015974548439,15.543780205696828,15.282453109717526,14.791143663498763,0.26132709597930237,0.4913094462187626
122.40143189944952,-48.682647298891105,408.37656643159704,217.4631695500906,14.804115660165213,13.385153369537727,12.941136907167524,1.4189622906274852,0.44401646237020387
121.87476394413251,-48.84610079509449,990.9894267362998,218.5974899060154,16.06847283904675,15.057329979836028,14.370621395264884,1.01114285921072,0.6867085845711447
121.92040918192188,-48.83678239261124,943.654958568896,224.9884102076099,12.07493690954637,11.133808063140094,10.525763717538648,0.9411288464062757,0.6080443456014457
122.26067807163315,-48.73077460240282,567.0953476021907,223.4102961477791,15.668901049530172,14.109680892462109,13.662130281662616,1.5592201570680633,0.44755061079949243
122.61662673880473,-48.62150017206617,173.58050596551027,226.09221681198144,13.663812927938578,13.038152819295922,12.589207611813356,0.6256601086426556,0.4489452074825664
121.97332537247254,-48.82073667572338,885.4172616260652,225.21892227245064,14.21391990364418,13.08691406511864,12.316403418558808,1.127005838525541,0.7705106465598313
121.84314656544475,-48.859756961532405,1028.3727075346894,224.11171092327297,15.875057877584512,15.115381919277471,14.158380493363133,0.7596759583070405,0.9570014259143385
122.47454051634601,-48.66404830497317,330.04440161584205,223.29289019573875,15.297533161833728,14.613901397077578,13.84377578015535,0.6836317647561501,0.770125616922229
122.49219930973607,-48.65992161751995,311.35905482726315,225.21576694612816,16.026798619426465,15.65065517377924,15.180358971489802,0.3761434456472248,0.4702962022894379
122.16560233187079,-48.76330349950044,674.2470352669337,227.65226106815916,15.6827042807473,13.887990506356,13.701941825278931,1.794713774391301,0.18604868107706807
121.800288270435,-48.87572957024943,1077.4126909356207,228.11803892054328,15.465464864679353,14.679822108286658,14.098453485754018,0.7856427563926953,0.58136862253264
122.57770506327435,-48.637772966708376,219.4594995644215,231.62424911057184,15.631410027294356,15.653611806850174,15.109802325288053,-0.022201779555818035,0.5438094815621213
122.70407887449771,-48.59901147392614,79.64880257643837,233.05346228452584,16.398236093337022,16.54088661052126,15.136829775024763,-0.1426505171842365,1.4040568354964957
122.52552797151354,-48.65935575919561,280.7905966505415,238.7670564737844,15.738153551685471,14.412716623548988,14.104856686286396,1.325436928136483,0.30785993726259164
122.4857746875456,-48.670300826779666,323.92771316844943,236.69808566244745,17.06741152633073,15.567559912028315,14.323027147910215,1.4998516143024148,1.2445327641180999
121.95891470108495,-48.83461412813924,907.3682160883328,238.2419341856549,14.809604211527132,14.102349290962367,13.603845008718311,0.7072549205647647,0.4985042822440562
122.18874864024512,-48.764727402744406,654.1890795266802,239.45000330451904,14.189102288575889,12.473060959125965,12.070341176985451,1.716041329449924,0.4027197821405135
121.85654782318588,-48.866330216131296,1020.423464903672,238.8028380349225,15.563076853936312,14.474210250001958,13.82960089298956,1.0888666039343544,0.6446093570123974
122.2374013287407,-48.751191947761484,601.3728396402228,241.5502058434871,14.69369999910914,13.652860521346184,13.187620046272652,1.0408394777629564,0.46524047507353217
121.9118516820538,-48.85083421939349,960.4001875236144,240.73449942762667,15.568755782981077,14.41496368939831,13.844267669808318,1.1537920935827675,0.5706960195899917
121.86452628823548,-48.86571292847145,1012.7986791039116,241.3077869547733,15.481469027738887,14.932994570672331,14.885695379609665,0.5484744570665558,0.04729919106266678
122.5769772456405,-48.64508066532993,224.8808969156642,241.33270379056935,16.004720607990294,14.8330119446176,14.50267423925325,1.1717086633726943,0.33033770536434837
122.67889745275606,-48.61397001411077,112.24198145146632,242.6627746493298,16.078675060871788,14.867856447020898,14.539526372103182,1.2108186138508898,0.3283300749177158
122.29760238632048,-48.73654904033064,537.3678026709273,247.0954150542079,14.288530289408747,13.952908113042238,13.59876776870155,0.3356221763665097,0.35414034434068853
121.9327516421467,-48.8500034528743,940.929760709068,248.3977987545698,13.542370753810957,12.600598168014828,11.923501951126893,0.9417725857961283,0.6770962168879358
121.83291320893515,-48.8799459278315,1050.5344649345427,247.62902222904708,15.286208638122655,14.730223172815078,13.7439873831898,0.5559854653075771,0.9862357896252778
122.4068929008898,-48.70624656678745,418.7327006988664,252.2029463483255,17.40528145257831,15.006682048920007,14.801935933611905,2.398599403658304,0.20474611530810272
122.30721467771987,-48.73967667271208,530.6822112396171,255.4947866854636,14.27747509057261,12.230847920691884,11.794957099038296,2.0466271698807255,0.4358908216535884
122.71992346372117,-48.60839751469644,71.43339068966503,252.77143581169992,15.557249746097815,14.802956503273288,14.247204900192443,0.7542932428245273,0.5557516030808447
121.85181398405544,-48.877812104006146,1032.0456922950164,252.6316374061536,16.251629397475725,15.573361120908585,15.800093992843596,0.67826827656714,-0.22673287193501146
122.34483690404515,-48.72686528690682,488.3101957351911,253.96596967183143,16.21718808959697,14.410714308289208,14.030553452408306,1.806473781307762,0.3801608558809022
121.84129440343423,-48.88356153504891,1045.248072032258,256.13223108096076,14.262631524888429,13.629819157714715,13.01133555559732,0.6328123671737131,0.6184836021173954
122.57998698463942,-48.65744839889959,230.21393927945172,259.5905917423338,13.775711009110497,13.084750092519409,12.596938055583951,0.6909609165910879,0.48781203693545727
122.35352894383668,-48.72725254927293,480.68713646726593,258.21318830452225,15.53667998663134,13.514006573616635,12.899855217223426,2.0226734130147044,0.6141513563932097
122.22381207800085,-48.76828277380188,624.7146923407914,259.25473015109577,16.375548307032258,14.347029186443924,14.115303829397895,2.0285191205883333,0.23172535704602915
122.4781743551011,-48.69025013772722,343.77847409096427,260.8102226278945,15.789468962180491,14.223157258517686,13.740757814513929,1.5663117036628051,0.48239944400375734
122.70358551737874,-48.620288508689384,94.0090498735934,261.99661362728364,16.035315272825134,14.560917540345285,14.085410965926018,1.474397732479849,0.475506574419267
122.30717474499063,-48.746112062556136,534.880618287336,264.3185746152332,15.09358569763169,13.654310816624935,13.15515500170574,1.4392748810067548,0.49915581491919525
122.47179136240196,-48.69563510492488,353.0589152016902,265.4605199620993,15.806843453043642,14.367791305880363,13.728762424764112,1.4390521471632791,0.6390288811162517
122.41228405539765,-48.714082320605776,418.93171231071386,265.2695720882994,14.480724744314967,13.395753988483596,12.942110969366444,1.084970755831371,0.4536430191171519
122.62186038108652,-48.650838662545944,187.97940724524975,268.5749459051409,13.562472577991368,12.7799387863554,12.32539706323896,0.7825337916359683,0.45454172311644037
122.4980795220552,-48.68766797119501,324.07121847166775,265.8140595147832,17.68195276199034,15.835825032655356,14.404647082351625,1.8461277293349827,1.4311779503037307
122.36911527165438,-48.73058572358782,468.7287093073389,269.4548690471419,14.78185163606303,12.9892201320026,12.561287179918708,1.792631504060429,0.4279329520838928
122.09270705983806,-48.821921439541924,778.0135871435284,277.34132464399966,8.960819282141912,8.331872527863844,8.152001457539985,0.6289467542780685,0.17987107032385907
122.40805870692303,-48.72032779458012,426.8095258933561,272.0344317199015,12.650007419176074,11.350078947721093,10.99800569803197,1.2999284714549812,0.35207324968912346
122.38500859769756,-48.72649180981265,451.68154332891254,270.63163636102274,14.867553068169968,12.72991862840028,12.132637988535407,2.1376344397696876,0.5972806398648736
122.3956635903089,-48.72294544238033,439.7326832107731,270.32197786582844,13.638584920182518,14.028815754922796,13.694852430496493,-0.39023083474027764,0.3339633244263034
122.58969363556326,-48.66320881890085,225.1773012136616,271.6715170183671,15.808821833264204,14.846278113848255,14.356003097538844,0.9625437194159492,0.49027501630941117
121.95762749010355,-48.85953892547316,924.4985495042,272.0160872782561,15.73575425195144,15.443633552425489,14.565536068929108,0.29212069952595066,0.8780974834963811
122.64946344765545,-48.64585346968919,159.7284016212078,273.6503524844845,14.564965903859878,13.56166131358527,12.796181279791869,1.0033045902746078,0.765480033793402
122.206101997219,-48.78462154527772,651.2962745605843,274.17903170202453,14.380231424699833,12.965700304190667,12.606071537025858,1.4145311205091655,0.35962876716480885
122.13681482042972,-48.80718249382315,728.5846285842113,275.76811835163403,15.301011068268602,13.1666787019185,12.771820772764476,2.134332366350103,0.39485792915402307
122.59913423929115,-48.66289668250255,216.42464023331172,275.3110129163355,15.567423363553932,14.861646121072656,13.859226330880752,0.7057772424812754,1.0024197901919045
122.17103101743353,-48.797361955396056,691.2716914340668,276.78901385114716,15.326898747423533,13.61127587134356,13.066313482013603,1.7156228760799728,0.5449623893299567
121.9127005968285,-48.87741110238711,976.6313414271754,277.69450001199897,12.688050086664358,12.196615286932577,11.895204344238172,0.49143479973178117,0.30141094269440494
121.82842311842923,-48.90179817965716,1068.548385511969,275.8543577486121,15.808953846031224,14.659316241736288,14.113815663595538,1.149637604294936,0.54550057814075
122.67492824155683,-48.64135480675665,133.7310082563412,278.4801286722898,13.513660704357733,12.68454425263256,12.245808469128688,0.8291164517251737,0.438735783503871
122.6611907080365,-48.64668420518558,149.65165959531038,279.8518517604973,12.86900095708507,11.94760002008601,11.37315096394444,0.9214009369990599,0.5744490561415709
121.95818601415347,-48.87153323071838,931.6749047604524,288.76570850864,9.202140424719008,8.835066135800071,8.658236084732467,0.36707428891893734,0.1768300510676042
122.31923477383495,-48.75565918467469,530.1343338512638,282.58112912044606,13.05526801385864,11.632848383546133,11.225403875487666,1.4224196303125076,0.4074445080584663
121.99606781257232,-48.85660788563524,887.8046391083261,284.2017590927818,15.6807095561013,15.234087049113803,14.207703603425418,0.44662250698749695,1.026383445688385
122.71255118764893,-48.63540085023285,95.77360169823017,286.5823758144309,15.127989776638202,14.259012395147492,13.793974950509416,0.8689773814907102,0.4650374446380763
122.1464001980757,-48.81551313343835,725.2675935122079,291.2916169125228,16.738948570708658,14.249559243913057,13.697855702388104,2.4893893267956013,0.5517035415249527
122.19721854300585,-48.802874743802654,671.1115936368986,295.49495267319463,11.770511270025194,10.618376900733065,10.32353542350192,1.1521343692921295,0.2948414772311452
122.10241712873807,-48.840918212916314,781.4363775242448,307.5866592248625,8.984824157600158,8.752267725898722,8.631007384712811,0.23255643170143614,0.121260341185911
122.50969099398543,-48.70562232107204,325.23299942672975,295.4357839062199,18.160103242627404,15.741208573942869,14.937479652167887,2.418894668684535,0.8037289217749812
122.38807824272286,-48.74343697459165,459.8858829617967,295.21203586501593,15.171507439289886,14.75038826773313,14.484291495894407,0.4211191715567555,0.2660967718387237
121.8341892726112,-48.91529491643126,1071.9399603780712,296.872839303654,16.033113736334556,14.734050823988753,14.209029611658224,1.2990629123458035,0.5250212123305289
122.00899475238097,-48.86615050986294,882.2189895382768,302.7948547951576,15.32292581381821,14.366790021213763,13.889561107327104,0.9561357926044476,0.477228913886659
122.73468100465978,-48.642266945058445,80.2328646305524,305.56259935354353,17.198073775646407,16.428886935234647,15.58490113456842,0.7691868404117592,0.8439858006662266
122.68503476787882,-48.65904320656356,136.1406683359352,307.0881864084711,15.322631012288111,14.389079600969833,13.762702065702026,0.9335514113182786,0.6263775352678067
121.92105437383682,-48.89620603948291,981.0907080920748,307.0957553395878,14.744419731866657,13.95766335257682,13.38534236158558,0.7867563792898373,0.5723209909912388
122.63399505887793,-48.675365494275766,192.99791360663872,307.433774338358,16.239155656796676,15.231900948951392,14.670267031480208,1.0072547078452843,0.561633917471184
122.57530894449044,-48.6942761680166,258.4482002060414,308.08284640826946,16.73277277781329,15.325638600178497,14.729502711662215,1.407134177634795,0.5961358885162813
122.23342294079454,-48.80576456330489,640.2013772647626,314.86167478744017,15.05078628322597,13.287851197007738,12.804366099414716,1.7629350862182314,0.4834850975930216
122.18141174282034,-48.821591269350826,697.4867966591108,314.5111836372936,15.630810366041368,14.55572539882074,14.861821864130668,1.0750849672206275,-0.3060964653099276
121.89094110516672,-48.911961061943586,1018.4283495538758,316.12475405277894,15.7749017266405,14.730305605123757,13.990822801301476,1.0445961215167436,0.7394828038222805
122.66491183400233,-48.67043863225416,161.7990584234212,314.01778927426494,16.904449635685477,15.661367818985646,15.572867586195708,1.2430818166998314,0.08850023278993824
121.87597418493695,-48.91804808687552,1035.86742077543,318.2175416919588,15.969475722543104,15.106504548358972,14.776731459286667,0.8629711741841319,0.3297730890723045
121.93358165905003,-48.9023551447527,973.6853802110628,320.838073309096,16.089312644720838,15.107810808572957,14.435096136333428,0.9815018361478813,0.672714672239529
122.79540743029385,-48.634200004371095,19.990371274480104,320.8105959668678,15.401358411337869,14.574643255659966,14.057837148891304,0.8267151556779027,0.5168061067686622
122.24495935808879,-48.80783448919549,631.0962794766422,322.614845113772,14.539984348154398,13.318925309758734,12.735927634844334,1.2210590383956639,0.5829976749144006
121.91643410102199,-48.90778779748484,992.6831024458056,321.1010371661477,15.997670174079351,15.49504819097149,14.57524704460791,0.5026219831078613,0.9198011463635805
122.3996280619535,-48.76041613076912,460.43974474258704,323.46506797334837,15.48074147726368,13.697572330539137,13.34089857103561,1.7831691467245427,0.3566737595035274
122.60259683722352,-48.69906642789784,236.87518653505944,326.39907855051155,15.50783444407675,14.136763029002148,13.782071865076638,1.371071415074601,0.35469116392551037
122.53824047979033,-48.72250458533553,310.37868354187435,330.8607252999776,11.686762724414477,10.742092136907406,10.434220970199824,0.9446705875070709,0.3078711667075815
122.52241503150773,-48.72366880047661,325.4563050292991,325.6595204272726,15.500972522735632,15.029709018813234,14.645218370596616,0.4712635039223976,0.3844906482166177
121.90371435072443,-48.9159737884246,1009.4321594924636,327.0236037511795,15.926404847688186,14.419162580652982,13.717813702804133,1.5072422670352044,0.701348877848849
122.78256834706578,-48.64273229824616,37.20060298487186,326.93257493209774,15.349128575878552,14.926676553975996,14.655354462299648,0.42245202190255604,0.2713220916763479
122.50477435499367,-48.73006703342261,345.5813525508446,326.8636313822352,17.069973206559897,15.65906630644758,15.012820655158768,1.4109069001123178,0.6462456512888117
121.96518708437476,-48.896697097717464,941.45560024164,326.3625463173924,16.735227200322825,16.203266043141756,15.967127561010738,0.531961157181069,0.23613848213101818
122.25382962482102,-48.81056491636076,624.832066756133,330.14205075642735,14.547567372581582,13.263235696639514,12.873087551721676,1.2843316759420684,0.39014814491783767
122.68635493891956,-48.677323504555225,146.89381955149503,332.710937743045,14.154690493009266,13.107773518901372,12.334603865897783,1.0469169741078943,0.7731696530035883
122.42552784049153,-48.75674430211885,434.62061210309395,329.5067235194649,15.266281379782605,14.398680939377131,13.742723498002135,0.8676004404054733,0.655957441374996
121.88322253615748,-48.92480531598543,1033.6250922286788,330.5720775792179,14.698558917596865,14.188527124625097,13.834770420516872,0.5100317929717679,0.3537567041082248
122.44973867863061,-48.749257583855666,407.8529772206632,329.5982756344608,15.175543976779126,14.758478225626328,13.948980303598692,0.41706575115279776,0.8094979220276368
122.36459924710033,-48.776883264138505,502.81086861115904,331.10301602642767,14.571890621131232,13.185029377127035,12.847932717836866,1.386861244004196,0.33709665929016985
122.73019813632105,-48.66177031212191,97.0533100306171,330.3443630338297,15.912714665095328,15.087444641174192,14.694103316481474,0.825270023921135,0.39334132469271843
122.70415751876813,-48.67163330370834,127.06645055434272,332.6025550284705,13.594637671968574,12.592182736617149,11.966727624780294,1.002454935351425,0.625455111836855
122.6115713583431,-48.69966634197698,229.1458894675279,331.0868091512746,14.41668782623782,13.376393229688253,12.884058585734238,1.0402945965495682,0.49233464395401505
122.44477235411166,-48.75744206266737,417.66076016821506,338.704540854645,11.092121167653934,9.893853188156,9.626800042320172,1.1982679794979347,0.2670531458358276
122.6198370391364,-48.70153426262869,222.8858408806489,337.20848322083697,13.578894461809467,12.684152067459769,12.148762372381196,0.8947423943496986,0.5353896950785728
122.00785432643279,-48.89095913134275,899.1635405070003,336.4595670464248,16.74976202124117,15.648197674537249,15.691576968349231,1.1015643467039222,-0.04337929381198258
122.80320983187934,-48.64526204375272,20.18351270523684,339.34169265796754,15.318059685836232,14.176419158397657,13.501259971426707,1.1416405274385752,0.6751591869709497
122.58468827626831,-48.71725360465882,264.9350902222576,343.6299152239497,13.39455355810631,12.854076142067202,12.501840897529592,0.5404774160391081,0.35223524453761
121.95389084249443,-48.913061735768615,962.1602305034766,344.1337297733814,11.621834156929044,11.022671877082718,10.646380665333703,0.5991622798463254,0.3762912117490149
121.93002390052453,-48.91719763819019,986.4048487246406,339.77914492119316,15.173553991593993,14.21648747385076,13.563594224119566,0.9570665177432325,0.6528932497311946
122.66277305341734,-48.692669391580544,178.2553843484229,343.56570201044775,15.607258509938571,14.256377194631616,13.475681530306671,1.350881315306955,0.780695664324945
122.73821159486432,-48.67023438361571,95.34298525692968,345.40594720198743,15.757699396329173,14.889797650153442,14.290404305421246,0.8679017461757308,0.5993933447321957
122.56674632051936,-48.72487738541794,286.13382370739794,346.3680625899153,14.261411552174383,12.920205314780707,12.418988040413792,1.341206237393676,0.5012172743669154
122.38731824206062,-48.78117283640061,485.0351192699906,346.7010501125271,13.431407501470936,12.853144758502896,12.48621368647783,0.5782627429680396,0.36693107202506603
122.17320735800925,-48.84843075425839,722.207735674362,347.93018804273225,13.740698932393991,12.63738000432054,12.281032458284573,1.1033189280734508,0.35634754603596797
121.94429922975208,-48.91944078890935,974.9236613987651,348.87763549726975,15.309064746748334,14.0847843107012,13.459134831186056,1.2242804360471329,0.625649479515145
122.4599468210286,-48.75936813003773,405.1833249400892,347.8482659576862,16.19124956375378,15.270591223917677,14.736883548746915,0.9206583398361019,0.5337076751707617
122.8030835396234,-48.65400210827616,26.02867013406731,351.2559556153359,14.307238149600806,13.585334635875627,12.959622385526483,0.721903513725179,0.6257122503491441
122.39711971732689,-48.78102357616032,476.07157551458874,350.6859098920935,14.903406976836475,13.48421681358228,13.112724225087588,1.4191901632541946,0.3714925884946929
121.99332172443907,-48.90491127221056,921.2603006782296,349.5327150050021,14.76288379547042,13.951621282437864,13.277478981966826,0.8112625130325561,0.6741423004710381
122.63535456415902,-48.709826400512355,214.2595434144336,355.2627044563061,14.358844764937857,13.329001667893726,12.64731540970158,1.0298430970441306,0.6816862581921459
122.38661662924913,-48.78741390897481,489.7153792159463,354.97063303102937,13.717315380934185,12.119076958746714,11.692455279816585,1.598238422187471,0.4266216789301289
122.37381541527364,-48.78998099318343,502.958700620374,353.02612745632194,13.9673360186158,13.490597624634391,13.061925790909823,0.4767383939814085,0.4286718337245681
122.71333317530477,-48.68556047668917,127.87443174438856,355.65075809827516,13.72509086682991,13.06258397077723,12.74057817997131,0.6625068960526814,0.3220057908059193
121.98900665921386,-48.91009319238559,928.486369116267,354.8461061757213,13.755388277070834,12.812964067328544,12.155934488036644,0.9424242097422901,0.6570295792918994
122.49179301450847,-48.755466986278684,373.84116056827105,356.14547920712823,14.959746365577912,13.08145603340408,12.602703230003224,1.8782903321738313,0.478752803400857
122.76760436113724,-48.66812887067295,67.37761469929208,355.23819008317633,16.398936546241973,15.758622398439654,14.919876369074627,0.6403141478023198,0.8387460293650264
122.22991036583352,-48.83844080592186,664.4696667149603,358.2791804539192,14.082317213742092,12.989280076632772,12.444438065992388,1.0930371371093202,0.5448420106403837
122.7727625367986,-48.66701310815335,61.98130600082403,355.9426529334592,16.278272365389455,15.562493849203396,15.10087728463322,0.7157785161860595,0.46161656457017486
122.45484023699933,-48.768447843841166,415.69968900101816,358.1222430944784,17.121709995986713,14.759584347030252,14.256341626988828,2.362125648956461,0.503242720041424
121.85922600128,-48.95228919724926,1072.899510078405,358.35378197144615,16.85344204412774,16.266050091050715,14.928293504932856,0.5873919530770237,1.3377565861178589
122.00602137546916,-48.91145531693923,913.9677289779588,363.89696060959307,11.694397225478244,11.222294136894938,10.96014675100143,0.47210308858330663,0.26214738589350794
121.92454822970818,-48.936723109538406,1003.8542453846326,364.363330817064,15.494656632685563,14.218898606130644,13.473637741378615,1.2757580265549198,0.7452608647520282
122.39053307400853,-48.793176936033376,489.9088526476661,364.5572536971966,15.2850075910692,14.155512125874582,13.502404312281728,1.1294954651946174,0.6531078135928539
122.65105794105934,-48.713593648918696,202.51663120132233,367.194996586663,14.694409638613491,13.849611781275964,13.259919007133895,0.844797857337527,0.589692774142069
122.78047967212574,-48.673040493872485,58.95143298340636,367.53899367063815,15.20722559302009,14.18881611996341,13.500030870659248,1.0184094730566784,0.6887852493041624
122.1047572865685,-48.886065754892684,808.3540249306795,370.6801047475868,11.56571683269842,10.659188312101572,10.375888864792076,0.906528520596849,0.28329944730949563
122.41122784023302,-48.78963228216756,468.8939072233416,368.5371443221029,16.111488377658958,14.86989781066818,14.542375376168106,1.2415905669907783,0.32752243450007335
122.28604219073051,-48.831159750025485,608.9978030319655,372.15407268102376,17.010651646565933,14.62018302467482,14.393039475704128,2.390468621891113,0.227143548970691
122.53379507388159,-48.75574123205321,336.03348845943316,374.5444128370153,14.918395740521424,13.921072518023584,13.262107271114877,0.9973232224978403,0.6589652469087071
122.23744893904974,-48.84571756933155,662.3480977587199,371.4849961137461,15.409169372287906,14.73637235183488,14.082335794793032,0.6727970204530251,0.6540365570418487
122.74520105021934,-48.68901893547285,101.31805949499964,374.1626496330961,17.514056531259442,15.599065734202082,15.115346652031985,1.91499079705736,0.4837190821700972
122.60628738779143,-48.7322862821054,255.2005329048334,373.5380409776194,16.55169468414854,15.494444642248448,14.927692323158976,1.057250041900092,0.5667523190894723
122.01687897220926,-48.91516695675088,906.527878694426,373.5861631371196,14.974837036974955,14.341972712893906,14.135965105256483,0.6328643240810496,0.20600760763742265
122.69639844244857,-48.703839786108524,155.1429729553414,373.38536765053914,15.75244161936641,15.871065876101566,15.147969988053765,-0.11862425673515631,0.7230958880478013
122.57485044380911,-48.745155852512944,292.01629054189993,377.6635776717891,14.348432222955823,13.445493581755835,12.87003494910826,0.902938641199988,0.5754586326475746
122.30660130842553,-48.82869546513218,588.8123551625804,377.5251031779972,15.232507189499357,12.945824156397432,12.477575321964654,2.2866830331019248,0.468248834432778
121.98041389812384,-48.92895051152455,948.3461414321062,377.18276677802606,15.233523338782131,14.47854600799357,13.836619104232078,0.7549773307885612,0.6419269037614921
122.73608767411982,-48.69372823523585,112.64103484472976,376.674546070546,16.61794836640415,15.68786052457535,14.96736173955204,0.930087841828799,0.7204987850233113
122.39303683693083,-48.801724632129776,493.1861161098924,377.3633608234317,16.40764336799842,13.984191512259857,13.431360222660626,2.4234518557385645,0.5528312895992311
122.54784505685555,-48.75530848383786,323.0474695073738,379.98409590931345,16.39386159421593,15.455834162041072,15.538644580943773,0.9380274321748594,-0.08281041890270124
122.54894988430516,-48.75874740919227,324.28771144551035,385.1756308499283,16.660875088305726,15.1864006817906,14.73102854241421,1.4744744065151263,0.4553721393763901
122.05891125348072,-48.918718074483,870.7985008319248,396.2173507926579,12.12280326177194,11.150454047885114,10.569378281212416,0.9723492138868259,0.5810757666726989
122.04681516876433,-48.91550253939176,879.6705953944737,386.6842301142101,14.398340393181012,13.695206133511771,13.126206305033149,0.7031342596692411,0.5689998284786224
122.68375166280525,-48.71920297886843,176.6199228482701,388.98180881951055,17.0867190351629,15.86606358325242,15.367167845222967,1.2206554519104813,0.49889573802945186
122.44318337511314,-48.79551999870587,443.8197654218289,390.2889532774393,15.298996123524851,13.495793199719945,13.052793873722942,1.803202923804907,0.4429993259970022
122.71901759057396,-48.710539501970835,139.07429649889283,392.3322722240707,14.389705099410635,13.717291327584183,13.193810068229588,0.6724137718264522,0.523481259354595
122.65399017410714,-48.73141453608125,211.5024390977292,392.88672817507586,15.273558657100134,14.382182120877411,14.063107878559272,0.8913765362227224,0.3190742423181394
122.45348918754668,-48.79535310226832,434.3944536388691,394.47067948346063,15.09794312463455,14.32602361781501,13.841522627756875,0.7719195068195397,0.4845009900581356
121.99729614687821,-48.936500720377644,937.9198804364012,394.69109477829846,15.037737129054983,14.02323307305356,13.12275001094044,1.0145040560014227,0.9004830621131212
121.95061295641426,-48.950276030708494,988.9571125610918,393.9928156795883,16.166513350137276,15.937632258785165,15.719591198784125,0.2288810913521111,0.21804106000104007
121.9242490191554,-48.962131672242734,1020.383748405425,399.22792405076154,12.644563193285954,11.82165428035074,11.322519953752678,0.8229089129352136,0.4991343265980621
122.77191538139631,-48.6967052783267,82.20024190603849,396.24546463343626,14.230762514204264,13.19936130264893,12.480150991579684,1.031401211555334,0.7192103110692454
122.67758543551538,-48.72584994348105,186.53798805707137,395.4317754456478,15.926135923276624,14.28148267771198,13.602167308971056,1.644653245564644,0.679315368740923
122.18523785139527,-48.88312004762375,733.6843927027625,400.7278523294308,11.092734621017618,10.369403928115718,10.073672331207105,0.7233306929019001,0.29573159690861317
122.46422096476348,-48.7949745754495,424.44717333975234,398.54561731278454,14.756653545342443,14.832845054498131,14.256245232473134,-0.07619150915568795,0.5765998220249973
121.87523295491285,-48.978279868734845,1075.027148604633,400.87793085530336,14.7435031712459,14.116966323778632,13.553378203443671,0.6265368474672677,0.5635881203349609
122.47713507557336,-48.79325621170421,411.65712900933113,401.7180764938572,13.32561697424732,12.27765584382954,11.924693226394623,1.0479611304177787,0.3529626174349172
122.25990816842067,-48.86018136853892,651.3804867613657,400.91117783233375,15.85797812524182,13.557370542721424,12.892095042174107,2.3006075825203958,0.6652755005473168
122.33001259103082,-48.839117790856264,574.3888399844121,401.8184558333878,15.608513815450392,13.435834879864151,13.030074007884018,2.172678935586241,0.40576087198013333
122.03086691333918,-48.931369970235814,904.276588439654,401.7875361848649,16.713639406488802,14.940087283494522,14.120515162409763,1.7735521229942801,0.8195721210847591
122.76532094801861,-48.707413073184874,95.17515733491118,408.0599199120962,14.71994120687348,13.913589169163254,13.284300846955148,0.8063520377102265,0.6292883222081063
122.55265380514567,-48.77221483476277,329.7090113867461,405.2386165637237,16.15360715932703,15.960597291132052,15.249172080068846,0.193009868194979,0.7114252110632062
122.75604180214366,-48.70988379461498,105.1796005683428,407.4321530621067,15.857119192908996,14.349912935261022,13.60103167022116,1.5072062576479741,0.7488812650398629
122.00664213060861,-48.941997469799425,932.9953102348452,406.1967896111069,15.892631574376738,15.613349942712132,15.37265856462282,0.27928163166460607,0.24069137808931096
122.72472618117324,-48.720819520654835,140.64012520399297,408.8826816675748,15.32919743759858,14.208447869985736,13.742603094362552,1.1207495676128438,0.46584477562318405
122.74461405420868,-48.71672390198077,119.98607368264464,411.8629962221413,12.546068018878652,11.737047747095543,11.2187436981645,0.8090202717831083,0.5183040489310429
122.67961735802199,-48.735132086477684,190.76700965049827,409.0293300159811,15.800684527795712,14.87665686442287,14.243012469231074,0.9240276633728417,0.633644395191796
122.6938989235412,-48.73533622206728,177.99376848875636,415.46858794396786,14.012720461345252,13.037192956488957,12.413680325408414,0.975527504856295,0.6235126310805423
122.60903459955034,-48.760874733892145,271.3622643886601,413.91874236909774,15.787578955563308,14.189835850117037,13.497478139795364,1.5977431054462716,0.6923577103216729
122.2932334636998,-48.86100661213773,621.7915364181703,416.2224845996474,14.016305704114956,12.325971000098123,11.877735984883262,1.6903347040168324,0.44823501521486087
122.10237188209584,-48.917504839295304,830.7300472817429,412.91675974758664,15.708718061399605,15.26026950985602,14.4346032165929,0.448448551543585,0.8256662932631205
122.03434505824752,-48.942488094826295,908.2686811025682,418.5553987252169,13.643256389620122,12.991389922881996,12.5082742249482,0.6518664667381255,0.48311569793379583
121.98126268508982,-48.9571665385082,965.6628298052816,416.38298967935174,15.56726220147347,14.69469434087562,13.972464097606666,0.8725678605978509,0.7222302432689531
122.08163630155715,-48.92770500515887,856.0299521460419,418.18279270430975,15.38987105902468,15.384691414220129,14.666264816320158,0.005179644804551131,0.7184265978999704
122.46604591234752,-48.812264456773455,434.02982071241786,423.055164370764,14.081497159218468,13.554793947094804,13.049079099199393,0.5267032121236639,0.5057148478954119
122.37387654031802,-48.83935349516443,534.8961101291579,420.8495641638184,16.002647921446563,15.194273887421234,14.618540993122457,0.8083740340253289,0.5757328942987776
122.2677055335299,-48.881078771134256,657.8333127106346,432.9424497841805,9.988860849297042,9.596787050649054,9.466920679770556,0.3920737986479885,0.1298663708784975
122.31214407434976,-48.86419839761692,606.7662702154063,428.65778477462186,15.8974819378945,13.998538445815107,13.699797974487256,1.8989434920793933,0.29874047132785186
122.67868013391717,-48.74946569015828,200.9806697992408,428.269556298459,16.62001182020163,16.261442489623608,15.426001537815496,0.3585693305780211,0.8354409518081116
122.56728179148172,-48.78742781194138,326.39890279770407,432.3855667755835,13.58779279456969,12.93281190739348,12.638958071027025,0.65498088717621,0.29385383636645557
122.08057211159097,-48.936474380437765,862.6280063774756,429.79749355045544,15.26825649377599,14.701566308587804,13.84698250760735,0.566690185188186,0.8545838009804534
122.85032868707611,-48.697516936313804,11.871570048254076,431.3155170804836,14.230369330085612,13.611438346280586,13.304907411058048,0.6189309838050256,0.30653093522253805
122.37613279529523,-48.84634065853213,537.3850628206394,431.4068839179871,16.328795078545884,14.16420967937565,13.62776255636232,2.1645853991702335,0.5364471230133301
121.99769683768875,-48.96212731306239,953.9899288275658,430.13417899565326,16.863254905297037,16.304457057158583,16.03247320103355,0.5587978481384539,0.27198385612503273
122.45953930147512,-48.820634627794696,445.3462666195959,431.7576982891416,15.887626171568195,16.25984993299175,14.876038872248138,-0.3722237614235535,1.3838110607436107
122.03101013014735,-48.957777047389534,921.0957713874628,438.1887468859721,13.628213314526914,12.936843335243491,12.547153439885046,0.6913699792834223,0.3896898953584458
122.72430792960552,-48.740241910908,153.72607827663057,435.31289922421166,16.32474929670734,15.066424962328073,15.009507759675678,1.2583243343792656,0.05691720265239475
122.61030284851849,-48.776466159807725,280.38552771021665,435.8418198503491,17.146811942495077,15.490392302437586,14.35205413635359,1.656419640057491,1.1383381660839955
122.06304428252531,-48.94816338185975,885.9774045739451,438.4768634186003,17.795362088263452,16.093953847013893,15.02403329020868,1.7014082412495597,1.0699205568052133
122.29598478219859,-48.87872990509776,630.7646825679732,441.742771142156,15.233582076245495,13.38314922092193,12.939822864367622,1.8504328553235663,0.44332635655430686
122.67624093618215,-48.76034790367064,210.29532131018135,442.13251471925224,14.611221124976264,13.94809167586237,13.569113474471388,0.6631294491138942,0.37897820139098215
122.02381997868535,-48.96278539840863,930.806673123776,442.04947184665025,15.561143360225753,14.522944502151288,13.86438631394448,1.0381988580744643,0.6585581882068077
121.91618694214351,-48.994531306383195,1048.4010616360806,440.4587892951404,16.12045434908294,15.317542583119833,14.512773172651382,0.802911765963108,0.8047694104684506
122.44905092323786,-48.833619835563844,463.2549911170083,445.09276562486946,12.85127353531651,11.512419830661289,11.142974113649547,1.3388537046552216,0.36944571701174134
122.41552937389747,-48.845009716899995,500.9292305268383,446.3994788915282,15.550127073484273,14.020980855133836,13.350651305453102,1.5291462183504372,0.6703295496807335
122.05457838744876,-48.957135709401335,899.389606316393,447.2487898980306,15.90610429641076,15.399949982109137,14.912850068869677,0.5061543143016234,0.4870999132394598
122.51642597813482,-48.81682035406141,391.4757630021051,450.8853524897239,17.65067094362976,15.162143692229831,14.213261536568952,2.488527251399928,0.9488821556608791
122.73095317731564,-48.75022126630583,154.25341549821553,451.85399995922967,14.83234352054592,14.208536880723678,13.68572209185766,0.6238066398222433,0.5228147888660182
121.90678202520752,-49.006170671998376,1064.3440653362204,452.5390375571838,15.161881536206549,14.247227133099525,13.853597457488814,0.9146544031070238,0.39362967561071116
122.08887289273054,-48.95096499487084,864.4425361292012,453.2391130214109,15.014216433796353,13.56842426437231,12.776976711621511,1.4457921694240436,0.7914475527507978
122.3888687541398,-48.85943614247603,534.3672215563493,454.822954547852,15.721214623939415,14.056241816848624,13.828608084592648,1.6649728070907912,0.22763373225597583
122.6047959981488,-48.79387976999068,296.71692623998564,457.3505419508559,15.467161661760365,14.135485689627002,13.794950936477743,1.3316759721333629,0.3405347531492584
122.50085197534486,-48.82584510908121,411.41245245515904,456.5943573108872,14.219493532488444,13.578730915673768,13.199936591195328,0.6407626168146763,0.37879432447843975
121.89761430877405,-49.013858170158045,1077.542468120403,459.2786923335175,14.239542069214007,13.216447341857004,12.611004027319389,1.0230947273570035,0.6054433145376148
121.99478714461469,-48.98472345050158,971.1075287432616,460.01176808654,15.332419275839689,14.715883024111482,13.615651013866852,0.6165362517282063,1.1002320102446301
122.85414048352794,-48.72039490442845,23.45024776280388,464.2874044613837,13.9019644604623,13.254672218062437,13.033722322833174,0.6472922423998639,0.22094989522926234
122.36181961951915,-48.87403921121398,568.2608753275283,463.3383711267999,15.76010967115212,13.991209778655774,13.5970587034395,1.7688998924963464,0.3941510752162749
121.9275459581507,-49.00621257821639,1045.6130462626302,461.31717274754067,17.09903661229724,16.192541424191855,15.763209459839638,0.9064951881053851,0.4293319643522171
122.71753927647515,-48.76267754945329,174.51796167257348,463.1318022910156,15.846695936607448,16.27329261004993,15.198431145193837,-0.4265966734424804,1.0748614648560917
122.4201709380611,-48.85792056449373,505.1132656249884,466.10592280243975,15.498877584659224,13.83722462352582,13.38495913003356,1.661652961133404,0.452265493492261
121.91773128652427,-49.013288047688825,1059.0059802328171,466.93868916201546,14.464017475651374,13.446499233376525,12.845747219515433,1.0175182422748499,0.6007520138610918
122.56651893674263,-48.812635794425475,343.5100925875442,466.6303642332387,14.661582980371476,13.005078040382353,12.62691896329498,1.656504939989123,0.37815907708737306
122.75871326174482,-48.75581044506859,132.84323857812376,471.49778928845194,17.012866429053393,16.030878575797384,15.291291682932648,0.9819878532560082,0.739586892864736
122.2748824766358,-48.919333233239556,676.0692231678485,488.5570026306988,8.341036023927987,8.130492993276617,8.017680587096223,0.2105430306513707,0.11281240618039412
122.42515865678827,-48.864010032039644,504.5605704966452,476.5955246259346,15.80800555493597,13.367407345168331,12.716826295167758,2.4405982097676393,0.6505810500005733
122.60107469651999,-48.809891407289335,310.51877455371203,477.7059819566485,14.845566665082808,12.88047586882932,12.38837474420199,1.965090796253488,0.4921011246273306
122.15167492631345,-48.953610202668465,809.4245863572014,483.4303861879859,10.38120970639565,10.114627118012807,9.844664308429746,0.26658258838284254,0.2699628095830615
122.85274172344758,-48.729890643776706,30.948334745455437,476.6807153228488,15.89018036829922,15.11886427328763,14.28662534250708,0.7713160950115903,0.8322389307805498
122.67609804435027,-48.78576366431656,227.0318321242304,476.9038994476787,16.195104085065484,16.14360479899864,14.449366651577597,0.05149928606684284,1.6942381474210446
122.46433416326705,-48.8522868011063,461.5759811391241,477.24833091447016,18.327118910974463,16.077496530298866,15.58053795954508,2.2496223806755964,0.4969585707537867
122.47724557403671,-48.848996917458955,447.78045063534154,478.2566151290338,14.638848000598667,14.318030636585943,13.728067218396486,0.32081736401272387,0.5899634181894573
121.92016831146097,-49.02072813977533,1061.5651961007318,478.2081686915434,15.840902565281082,14.858252296366482,14.475669215118332,0.9826502689146004,0.3825830812481499
122.03485816433893,-48.98835436526047,937.2463182246794,481.8902945939989,14.968465227857791,14.217215654358442,13.780302335479242,0.751249573499349,0.43691331887920093
122.70227454010507,-48.7806502697469,200.0559207778193,481.1757964857141,16.35485342136919,15.737786575896685,15.580011107668644,0.6170668454725039,0.15777546822804034
121.91686727443896,-49.025316134090794,1067.481715044873,483.1406332969436,15.551363141358408,14.716675278366898,14.283848452291544,0.83468786299151,0.4328268260753543
121.96099842179765,-49.012265393469896,1019.2752463094386,483.7104456340264,15.061349254851857,14.382113594302291,13.85366257949351,0.6792356605495655,0.5284510148087804
122.58053608752455,-48.822586372824944,337.3375431187667,486.2936424699194,15.841425847738805,13.882591381621303,13.508390542674844,1.9588344661175014,0.37420083894645906
122.12399903434883,-48.96422676318489,841.2484716139251,486.3251035927405,14.86026578741736,13.86576874598726,13.226547779298446,0.9944970414300993,0.6392209666888142
122.0454378256762,-48.98656131499915,926.5418097255592,483.8829441616907,15.663252359324858,14.779735693011595,14.484508849885016,0.8835166663132625,0.29522684312657965
121.93148010124018,-49.02427992965606,1053.6231415758348,487.84955154934744,14.523247501954437,13.335921041445294,12.63398586958365,1.1873264605091425,0.7019351718616438
122.81147051855464,-48.75049866434876,81.73118176935702,487.0285742717712,15.899587548301811,14.942372675320806,14.44698791368172,0.9572148729810053,0.4953847616390856
121.99560345994757,-49.00407178378354,982.7761844808924,486.9881467156821,16.83148576569425,15.643321394856514,15.072212424985509,1.188164370837736,0.5711089698710055
122.72496672270333,-48.77840327025258,178.10025569733796,487.8821099282928,15.49965190298708,14.92865249663476,14.282610166865563,0.5709994063523212,0.6460423297691964
122.80294768809668,-48.75487753191387,92.29642399085652,489.3384523860546,15.785786964659508,14.88716946718928,14.517675254164589,0.8986174974702283,0.36949421302469077
122.54986916401346,-48.83510808739152,373.1794379039577,490.3093233848419,16.987293199005823,15.562328290388306,15.28488999921625,1.4249649086175165,0.27743829117205543
122.39945386880783,-48.88266530684991,539.8697353357611,491.2330249000607,15.5183045599129,13.25862670617508,12.747730608486156,2.25967785373782,0.5108960976889243
122.32163676593758,-48.90819195165047,626.6551420801825,493.13109524,15.4650915737952,13.58828857186034,13.113574134828706,1.87680300193486,0.4747144370316345
122.59037699224649,-48.823538243690344,329.07418421006525,491.8240464607153,15.134669063082686,14.04802503234217,13.48983938064531,1.0866440307405156,0.55818565169686
122.789363839241,-48.76221614323654,109.36924753852269,493.51540744722735,14.970406793053984,14.181115254729312,13.46650935379705,0.7892915383246724,0.714605900932261
122.24311642270983,-48.93306778864868,713.6194075685204,493.94141029492073,16.21273197029787,14.34416894857611,14.02877434665634,1.8685630217217604,0.3153946019197704
121.97007992831364,-49.0179442416526,1014.7134045360737,495.3471998840256,14.855463076201868,14.22811694816068,13.86135106804695,0.6273461280411876,0.36676588011373035
122.70371097861123,-48.79022080608318,205.0175437444377,494.9093263765007,16.955663766541342,15.422852094646528,15.75850572341793,1.5328116718948142,-0.3356536287714018
122.60979892666275,-48.82434392002677,312.0685355872361,501.2705318293875,12.88325703285969,11.774324674679397,11.359866239649,1.1089323581802937,0.41445843503039725
122.59547888829199,-48.825876421051504,325.9932154311115,497.22108262811696,15.4571349697039,13.913299991591591,13.321985839075143,1.543834978112308,0.591314152516448
122.74401155176204,-48.778458718925044,160.94535075750886,496.1752322600618,17.46308268084469,15.83334703203946,15.488743820054552,1.6297356488052284,0.34460321198490895
122.57417005104486,-48.83407176024127,350.5686759047348,499.31223237429293,16.13757937305025,14.5857500153601,14.36483903293157,1.551829357690151,0.22091098242852958
122.88608196060457,-48.73625186527361,5.030991064510755,499.83888001379194,15.97832390950718,16.113529434946383,15.522824666456463,-0.1352055254392024,0.5907047684899194
122.7813467263666,-48.77116568507623,122.47087909953176,502.30771304745303,14.522172792710744,13.730897607771874,13.209916717200768,0.7912751849388702,0.5209808905711064
122.05205526757553,-48.99799056016204,927.906536175199,502.3998550044896,16.320733604628717,15.341612933377752,14.780591918661868,0.9791206712509659,0.5610210147158838
122.02700733215269,-49.005173379378604,955.129679406842,501.7279757526388,16.352018057812337,15.856230442032354,14.64470109281875,0.4957876157799834,1.2115293492136043
122.67146968732452,-48.80718527141525,245.2065658497857,504.27012691601703,15.762782331359194,14.553614565611149,13.888665903812642,1.2091677657480453,0.6649486617985065
122.03813345552726,-49.00339128419597,943.9418688144826,503.9633333485726,15.30202503451198,14.23998344554274,13.347555405819971,1.0620415889692403,0.892428039722768
121.93454220562607,-49.03853032604248,1059.979856284563,508.7586957767464,10.944511286980717,10.41689518693588,10.113785535490692,0.5276161000448365,0.30310965144518853
122.70130886627868,-48.80067879277396,214.02415345180657,508.2046097290674,15.629229398515566,15.100937502280434,14.783277461723976,0.5282918962351317,0.3176600405564578
122.84257897792493,-48.75741321127642,58.19065195917088,509.958312494825,16.17420964099677,15.147363205348706,14.633637856280007,1.026846435648066,0.5137253490686984
122.71097138605923,-48.79760051796108,203.29096787114116,508.150669200916,16.168299938769067,15.073660666175291,14.854441360797898,1.094639272593776,0.21921930537739343
121.97711458566415,-49.028394044019706,1015.0591823108188,512.6911412064335,11.918203872173514,11.226921103099922,10.76348566232922,0.6912827690735917,0.4634354407707022
121.95175514882126,-49.03358052995587,1041.2727310314908,509.1728608073096,16.6456891190781,15.47126397111114,14.974156151182555,1.174425147966959,0.4971078199285852
122.81287930482146,-48.766217161964775,90.76911640143597,509.16173437389693,16.775484228632163,15.904272121745286,15.210138361171769,0.8712121068868761,0.6941337605735178
122.80663176954897,-48.768221828149876,97.72181945196176,509.20515302071,16.45050193445975,15.349716927019967,14.838487138205425,1.100785007439784,0.5112297888145427
122.75652647175855,-48.784977446432784,153.9186692438049,510.5067093099027,14.434512623113047,13.512391583574455,12.926944796679624,0.9221210395385917,0.5854467868948312
122.12040188964228,-48.98790883871359,859.7345029781858,517.3765385233104,11.276508584002622,10.697050696903808,10.370064423170083,0.5794578870988136,0.32698627373372524
122.71052390726142,-48.801947086679405,206.5376963693404,513.9135377235889,16.463640593282328,15.363808486718767,14.824983745900768,1.0998321065635608,0.5388247408179989
122.5099201707644,-48.86970346055644,431.74987088060874,520.6516285632729,12.74145802593588,12.24408706439245,11.828463341218228,0.49737096154342986,0.4156237231742228
122.46509448389651,-48.88010714910808,478.9626899083827,515.7532423442941,15.22019287755158,13.754400588256374,13.085558028040772,1.4657922892952069,0.6688425602156016
122.80056782936018,-48.776732923308586,108.7747172637412,518.2387004112273,15.774588370063004,14.743894703343114,14.071407728395224,1.0306936667198894,0.6724869749478906
122.36547766257418,-48.9125235873977,589.8892347064758,517.7461574240616,17.537405028952207,15.534144491204694,15.759808004633069,2.0032605377475132,-0.22566351342837443
122.77012422119842,-48.79040134914431,145.2016448844842,523.8065021938787,13.31940721659726,12.5121509493718,12.052891697499508,0.8072562672254584,0.4592592518722931
122.66230980966404,-48.82364062001526,264.22224162225666,522.8818199105492,14.759093368900228,13.74739002650819,13.181209570326049,1.0117033423920372,0.566180456182142
122.62379752842821,-48.83797020510184,308.32542459421,525.9669177989239,12.834416348695234,11.76434720899594,11.39172419226094,1.070069139699294,0.372623016735
122.71561088128365,-48.80882647472897,206.4474893337721,525.5319973282435,16.40876124031062,15.356743601912552,14.754220407221837,1.0520176383980697,0.6025231946907148
122.22546416447966,-48.96767578678818,751.8900611894823,534.0191287240091,8.648585801292135,8.32419265742458,8.213086628725913,0.3243931438675549,0.11110602869866781
122.57762417238645,-48.85300590100953,359.78972213617675,526.7604019072166,15.174647013624051,13.64923544324582,13.22147754538537,1.5254115703782318,0.4277578978604488
122.13685430705138,-48.99111486533202,846.9506690001988,528.7382241094195,13.789845266520416,13.02254881060158,12.483522695526268,0.7672964559188369,0.5390261150753108
122.59789848966687,-48.85146126262669,340.4913241718803,533.3421531199241,10.103445786427026,9.629067497283128,9.518109862005357,0.4743782891438979,0.1109576352777708
122.09528704588749,-49.0044821952844,893.0593728300689,529.5677379350052,14.857370796341243,14.10095830094334,13.514496023761936,0.7564124953979032,0.5864622771814041
122.37279604144668,-48.92178616839957,589.2871279398946,533.5832147538486,10.34060925817334,10.484551749190585,10.142865861537643,-0.14394249101724554,0.3416858876529414
122.08556142011119,-49.007294542676156,903.643511327043,529.3324341502409,16.539141826931886,15.392573060078766,14.747101338807663,1.14656876685312,0.6454717212711021
122.34034541265059,-48.93167979154195,624.9727781572929,533.3537547133192,14.815634881588466,13.764200037553858,13.193016467512985,1.051434844034608,0.5711835700408727
121.98866645241692,-49.04119794110826,1012.8408349831116,535.1743342213784,12.74807281606698,12.11506146390535,11.69424434181328,0.6330113521616294,0.4208171220920711
122.67995863562209,-48.826599429447086,250.23259774289676,534.5316198032218,14.578098923662235,13.666834689521606,13.28495671936929,0.9112642341406296,0.38187797015231517
122.83316041769889,-48.78080724026642,82.04295021878465,537.9112178782209,14.967629600951067,14.016087659381464,13.494275049732146,0.9515419415696034,0.5218126096493183
122.1514771971263,-48.99317819637032,835.0850485062729,537.757242508523,14.227172853524262,13.17909843808516,12.48676091547842,1.0480744154391015,0.6923375226067403
122.7981889118074,-48.7917229431511,120.74921308158753,537.7384858738487,16.31650492135521,15.07708560683,14.622694861982492,1.239419314525211,0.4543907448475082
122.57718711838578,-48.86430665586194,367.5483101917965,542.0705543085286,12.372222710397354,11.460372319093128,11.031199908270356,0.9118503913042257,0.4291724108227726
122.12007303425533,-49.00809396260721,873.0192584885315,544.9999993920665,10.174639755595006,9.722280758981778,9.52750256231621,0.45235899661322776,0.19477819666556861
122.66356479980502,-48.83585907557357,271.07115095457056,540.168676427227,15.13358791480972,14.129626996967362,13.448308672501508,1.0039609178423579,0.6813183244658543
122.50196333875567,-48.88667704013885,449.9679105219129,540.5345030811964,16.30616371915195,14.8568463075242,14.560027764804993,1.4493174116277494,0.29681854271920827
121.95115452147226,-49.05754785267005,1057.1636793678497,541.9204405513955,12.871524242158204,12.234928243211524,11.848941102335877,0.6365959989466798,0.3859871408756472
122.27640995602142,-48.95766777459068,699.4638834143291,541.8784089442878,17.07045031774969,14.849182176153525,14.970920691502393,2.2212681415961644,-0.12173851534886815
122.6709651847045,-48.836501860792076,264.8157472008623,544.2331240427667,14.91944369195027,13.937553738307916,13.421023381968206,0.9818899536423551,0.5165303563397092
122.33095843862641,-48.94375503953311,641.2577319699235,545.9455686999192,16.10138827304319,13.875348366604571,13.301724340475834,2.2260399064386203,0.5736240261287371
122.384107747914,-48.926313976264275,582.0168128145981,544.6197773534101,15.802514378293996,15.00732083470813,15.19976904891292,0.7951935435858655,-0.19244821420478964
122.34756111948471,-48.938428912857866,622.8330120833517,545.6938162016138,16.977821385829824,14.608769753569712,13.91183794036248,2.3690516322601116,0.6969318132072324
122.10155011652725,-49.01471449701263,893.9884407358131,546.286399241467,15.994451662609343,15.09691068854225,14.380105224226435,0.897540974067093,0.716805464315815
122.71162925365708,-48.82523460160296,220.77208028259463,546.2985708439704,16.696401305164834,15.17459989589904,14.634213008027222,1.5218014092657945,0.5403868878718168
122.61148946177254,-48.85737667644222,332.0891859142185,547.2874309780852,16.60958950783929,14.781793962163436,14.154135712585402,1.827795545675853,0.6276582495780332
122.16678956489858,-48.996100685960734,823.1533429726578,548.2511567422775,14.272519281007355,13.369321501017684,12.791723277790402,0.9031977799896715,0.577598223227282
122.68366168620241,-48.83582673210192,252.92277605236455,548.771044923492,16.038283188312455,15.47177831348921,14.817865176417964,0.5665048748232451,0.6539131370712461
122.67038680921408,-48.84173389783567,268.75572783628303,551.1551362638926,14.499110585876856,13.724619529327883,13.334719908604482,0.7744910565489729,0.38989962072340134
122.58956041491582,-48.86634778209879,357.718053773117,550.1770403673231,14.894026711501784,14.765630983196353,14.189822086981934,0.12839572830543133,0.5758088962144186
122.29824012583008,-48.96310636735167,683.2883913491469,558.6212514611099,11.215502011023686,9.973121090719342,9.667438772316991,1.2423809203043437,0.3056823184023507
121.93829006895734,-49.07094210551096,1077.3458879543246,554.9630083717213,14.991017773269514,14.404684710281062,13.890008126996731,0.5863330629884516,0.5146765832843307
122.23915603255845,-48.98250935200373,749.1133984983494,560.2104749765406,13.947236922237153,13.05702675135738,12.647291167610714,0.8902101708797723,0.4097355837466665
122.16327568330098,-49.00162387563267,829.8813745829341,554.3594341389862,15.194410762461928,14.426417313113587,13.92798323286528,0.7679934493483405,0.49843408024830715
122.83880406991648,-48.79397140596749,85.59270319534676,558.3756821281027,13.423541901703445,12.821809294734305,12.398823154269223,0.60173260696914,0.4229861404650812
122.6826578904955,-48.841872844449576,257.7796268959616,556.6249728162,14.113602960902876,13.518023511828448,12.927596232056173,0.5955794490744282,0.5904272797722747
122.65262874313179,-48.85135482488976,291.05539465352166,556.7057161385421,16.028299126445166,15.732828407348842,14.972513557350853,0.2954707190963237,0.7603148499979895
122.82809090511917,-48.797313935384416,97.44721206928634,558.3190139422678,15.52720677327186,14.737774805019852,14.924919894475664,0.7894319682520088,-0.18714508945581265
122.70332563256837,-48.838403440287024,236.87332403755505,560.7668043118937,13.761703984582692,12.94026565005299,12.431010056376811,0.8214383345297023,0.509255593676178
122.67736383934472,-48.846120952925624,265.3300344208696,560.1691271621918,13.434824165455003,12.773965394830649,12.34029559051812,0.6608587706243547,0.4336698043125278
122.36908394900522,-48.942285217269195,605.9180363655491,560.1513119146872,16.199068755776565,14.31603377153329,14.153857976132045,1.8830349842432756,0.16217579540124483
122.8045477442964,-48.809160071069506,126.4477037463545,564.3644644023854,14.79040259376032,13.929336494827348,13.366510262586129,0.8610660989329713,0.5628262322412194
122.27629206863057,-48.975081165902175,710.8237127927247,565.7546614659158,14.028492289026016,12.505819039679691,12.10853761320212,1.5226732493463242,0.39728142647757103
122.43697953855516,-48.924588010838406,533.2108519249815,564.7952452886703,17.759387628672187,16.228558402683813,14.81261543364448,1.5308292259883736,1.4159429690393335
122.2220842922561,-48.99186491476941,770.5483411747535,565.8342957265141,17.069603199682454,15.400968095800112,15.32581958990242,1.6686351038823428,0.07514850589769217
122.72829736520819,-48.8359945515042,212.7800182473183,568.2222759223531,13.761404218708492,12.940028903110138,12.401756643518915,0.8213753155983543,0.5382722595912224
122.34696752908368,-48.95941310212091,636.9562704148836,574.2608318294996,13.29110607433326,11.753357900149808,11.299202776069462,1.5377481741834522,0.4541551240803461
122.08182873293015,-49.040541106544396,928.3813011024888,573.4957203748054,14.68819655738992,13.928452300927797,13.512680738212351,0.759744256462124,0.41577156271544524
122.68987133055745,-48.85067832611763,257.03053544522743,571.7961776441713,15.178948666138025,14.690347281652372,14.025864993789831,0.48860138448565316,0.6644822878625405
122.46357324388129,-48.92129543832953,507.0922075152496,571.628829436586,16.812989570259692,15.308685175458416,14.924657901001796,1.5043043948012755,0.38402727445662066
122.09062960097187,-49.03721732351336,918.3080723304556,572.6341321551578,15.769070892575272,14.78719238055726,14.145594739096698,0.981878512018012,0.641597641460562
122.69694397886819,-48.84948832860835,249.87573134997757,573.2092036126312,15.590552284010837,15.396551979076932,14.085804551936064,0.19400030493390474,1.3107474271408677
122.43511951741276,-48.93513054246389,541.7314837407832,578.4724738726144,11.795325891347048,10.543167618753326,10.241465864302503,1.2521582725937215,0.30170175445082315
122.39087355191182,-48.94891369037572,590.5654946156327,578.532579387205,10.657198319908284,9.80750693309534,9.598700431443676,0.8496913868129443,0.20880650165166337
122.72355550979414,-48.842319449556626,221.19402368057987,574.8449201290244,14.517089945860992,13.993346718143767,13.47347001112322,0.5237432277172243,0.519876707020547
122.20181797750313,-49.00711332248761,798.6604724995283,578.2126277201476,13.317419036693774,12.764077434355144,12.447276154331934,0.5533416023386302,0.31680128002320984
122.11041345487153,-49.03489465572645,898.9740843551839,577.7848032698604,16.454769782875438,16.572326826691214,15.06058667408898,-0.11755704381577559,1.5117401526022327
122.5105461826614,-48.91151240360856,458.38023359342503,578.2799377349423,15.68960916198426,14.964420782732985,14.180221289508657,0.725188379251275,0.7841994932243281
122.84076429255167,-48.811617449207205,95.40794889590464,583.38219080633,14.305148925849084,13.060933415232872,12.343767881860826,1.2442155106162112,0.7171655333720466
122.68555504535328,-48.85947300807893,266.6706071657775,581.9914153500462,16.096916806609517,15.482738811998464,14.747790052993416,0.6141779946110528,0.7349487590050483
122.16308685086851,-49.02153200701027,842.8769534498146,581.6534702524978,15.754641491521811,14.92081596027684,14.37689768456859,0.8338255312449707,0.5439182757082506
122.19432896225837,-49.01210307120197,808.6306735582564,581.9026699995319,16.332810005650025,15.372732136058358,15.301617018574117,0.9600778695916663,0.07111511748424171
122.75816096599466,-48.838094670969056,187.23097497879235,583.9719327582214,16.40623925513348,15.594032039318824,15.170319046164918,0.8122072158146576,0.42371299315390587
122.57592731324213,-48.89763576644387,390.4033634219059,587.2374249211728,15.760694467981107,14.47650704147471,13.755811757656428,1.2841874265063975,0.7206952838182819
122.51093479507726,-48.91830297094857,462.44696962299,587.7625101056775,15.746471300345345,14.660656657130202,14.0660940139788,1.0858146432151425,0.5945626431514022
122.28031929536793,-48.99098928581255,717.4738269728809,589.321419931378,13.875469531164445,12.22222019007087,11.731618976400808,1.6532493410935754,0.49060121367006104
122.29798599109165,-48.98869238721251,700.0627422317422,593.6640396831415,12.030375373580624,10.70916815344071,10.366677213099134,1.3212072201399128,0.3424909403415768
122.20691270867499,-49.01612782831381,799.8811854043525,592.7607860255919,12.954875497586908,12.06489941356558,11.452816367307472,0.8899760840213276,0.6120830462581086
122.7659089246041,-48.84244163131121,183.09423160745433,593.267418497176,15.715415037978344,14.751706940631175,14.37775302135858,0.963708097347169,0.373953919272596
122.17694815345307,-49.02428633976792,832.1545479025444,591.3005653027634,15.82116358398273,16.071751251887747,15.323253359455856,-0.25058766790501785,0.7484978924318906
122.01890794280936,-49.07448060867105,1006.9109367427244,593.7023299278519,15.03690887524019,14.136807492788654,13.779259305715874,0.9001013824515365,0.3575481870727799
121.99043382515985,-49.083975577431445,1038.671586417536,594.8020847279316,15.326223759571532,13.993841849938478,13.513237145804723,1.3323819096330531,0.48060470413375533
122.25661867531475,-49.00418375464844,747.3642371278806,597.3996963825984,13.86290059945461,13.185141874661795,12.712546544060014,0.677758724792815,0.4725953306017807
122.04750940796846,-49.07003980142984,978.2760645834416,599.6249785255328,14.380546912108228,13.509085341458496,12.94674752961893,0.871461570649732,0.5623378118395657
122.89723220728852,-48.80744474634718,41.77117382643802,602.1071543457376,14.298568268072524,13.431424452781195,12.726581143873831,0.8671438152913282,0.704843308907364
122.24831541683493,-49.01106628291258,759.2935549145016,603.338486102564,13.407272904972096,12.515662842829627,11.810470941637607,0.891610062142469,0.7051919011920198
122.015169956676,-49.07997425524976,1013.8055039138916,599.6913280265173,15.638442990277266,14.680923715871073,14.824061714478855,0.9575192744061933,-0.14313799860778254
122.79691320122758,-48.83906080339494,152.93538311221084,602.0141759306096,15.835290040933412,14.85910248990056,13.902349012145352,0.9761875510328526,0.9567534777552069
122.44796084348317,-48.94851080402271,538.8425803356413,602.3161626582329,15.865022885857314,14.28753483330925,13.712320084969088,1.5774880525480643,0.5752147483401622
122.46233861101689,-48.944782865639866,523.4629812738096,603.3353206641254,16.54605188367423,14.60483252336557,14.167317080823803,1.9412193603086614,0.4375154425417662
122.63479892868656,-48.89227260513723,333.84301068537275,605.136065579666,14.00959217027312,13.320832605593113,12.779941947843678,0.6887595646800069,0.5408906577494346
122.0669321652924,-49.06836693884251,959.693526899496,605.5011345971357,14.715072302289803,13.87145503559909,13.32479959104116,0.8436172666907122,0.5466554445579312
122.2244885294884,-49.02062415676652,786.9392842774762,606.3815924549042,13.856052102276523,13.033593158036854,12.515678683919976,0.8224589442396688,0.5179144741168784
122.1625883894722,-49.03970549955082,855.034070552381,606.4315851274196,13.943933943622088,13.150819610723673,12.64464564926148,0.7931143328984156,0.5061739614621921
122.04479600177285,-49.07563332932169,984.3137271127798,606.1798405597525,14.862373504743845,13.835086219585913,13.090725022276516,1.0272872851579322,0.7443611973093969
122.8358492898381,-48.83116882467673,112.6705504967351,608.0249715882687,13.48445215604813,12.816281505668838,12.44545920651727,0.6681706503792917,0.37082229915156795
122.55818463369346,-48.91929789501238,420.5076091819412,609.3457465241657,16.48854906366336,14.413714859178082,14.010648819247788,2.0748342044852777,0.40306603993029455
122.78266249719712,-48.850724189157724,173.4226133803774,611.8378198938103,15.2060038247592,14.193304082500278,13.201490033832725,1.0126997422589223,0.9918140486675533
122.71995997065859,-48.87042265190919,242.82181940183983,611.8009697776926,14.680065273051271,13.86384258506072,13.440322030796573,0.8162226879905514,0.42352055426414736
122.3901316482954,-48.973197030650766,606.9774691808744,611.5579692852901,15.906631196665847,13.956786770327405,13.524881737852851,1.9498444263384425,0.43190503247455325
122.180234298339,-49.03809651959676,838.0932097663305,611.677158540297,14.81490051575174,14.2083140293108,13.835373421348155,0.6065864864409392,0.3729406079626454
122.0262903938388,-49.08499780035041,1007.005066995696,611.2812763283289,15.492564457646507,14.562191444041304,14.144754450633997,0.9303730136052035,0.417436993407307
122.11984916302167,-49.05842081104563,905.6038600865588,614.1244933067308,15.344207460803949,14.416927440362567,13.863627431451285,0.9272800204413816,0.5533000089112825
122.82958053360673,-48.83894749943803,123.42401496691564,615.9662374092098,16.390782178609097,15.176393044415532,14.81484934630698,1.2143891341935653,0.3615436981085516
122.0433583496726,-49.08547931472391,991.9314849435292,619.1235041379734,13.9439801524259,12.762662649793318,12.061598531080444,1.1813175026325808,0.7010641187128748
122.61671412948843,-48.90675922883283,359.5928478562115,617.235664512086,15.939635844082444,14.938808519920707,14.62795274815539,1.0008273241617367,0.31085577176531665
122.37567366730518,-48.98638317346024,628.5526687312553,623.5101327771474,17.174884889174198,14.981892634575914,14.932201185340958,2.192992254598284,0.04969144923495605
122.36637965318239,-48.99024488027303,639.429060642954,624.85932340365,17.918473163279717,16.320600439965034,15.26627676766083,1.5978727233146834,1.0543236723042035
122.20027918234176,-49.0424920103103,822.8635631144158,626.1957970412118,15.324264923593065,14.467100158172183,14.217090471677892,0.8571647654208814,0.2500096864942911
122.05856498445422,-49.08489976943107,977.8555879351778,624.7255387458753,16.78176690577111,15.540573019400677,15.283710876668572,1.241193886370434,0.25686214273210517
122.80561403217314,-48.85467761427158,155.3354664896575,627.1555394511747,14.48992951347584,13.55493122376065,13.16478491024058,0.934998289715189,0.39014631352007
122.10999673265638,-49.07515126293816,925.2458855415566,632.9809646298851,10.12621572555208,9.227788422779437,8.723644588716297,0.8984273027726442,0.5041438340631395
122.63964819260568,-48.90726436064443,339.2594425978943,627.7690689479366,15.189949085296096,14.470947488922386,13.718410059692674,0.71900159637371,0.7525374292297116
122.29001499345314,-49.01700025933464,725.5496952860263,629.1723847537603,11.985581553840731,11.340684391650283,10.95957099683338,0.644897162190448,0.38111339481690365
122.75051283983795,-48.87480149886724,218.16068097536436,630.9572730291131,17.2266677998655,16.006002935605476,14.61274625006375,1.2206648642600229,1.3932566855417257
122.82901053181769,-48.85204489996122,132.53209145564574,633.6524488339415,15.762096034439772,14.649761850781417,14.466606645542596,1.112334183658355,0.18315520523882078
122.78576465146168,-48.866573256375354,181.0151528278396,634.8820632933187,15.237890649052249,14.4781271576095,14.00756475475928,0.7597634914427491,0.47056240285022
122.79347180220181,-48.865630015503676,173.45452685960657,636.9146213315456,14.847674903603927,14.367773919017433,13.803627264930023,0.47990098458649477,0.5641466540874092
122.04771239994477,-49.09704855326913,995.4369380726324,636.8751037701938,14.257521620179148,13.52046714715823,13.125692915501109,0.7370544730209172,0.3947742316571219
122.09314348076536,-49.08343447927276,945.7573831022736,637.2717528629014,15.167536715075904,13.933349276680872,13.240811117451534,1.2341874383950326,0.692538159229338
122.65944049613181,-48.90924022216043,322.7201597524177,638.9749371692061,16.49716238209664,14.890812303086532,15.135323977281605,1.6063500790101077,-0.24451167419507236
122.65224424009782,-48.911343127917725,330.57560459561404,638.7673641850412,16.46973519545997,15.202668592235574,15.614134663060792,1.2670666032243947,-0.41146607082521847
122.60191439727747,-48.927735941621286,386.6080474310087,639.6506969032839,14.636918045373363,13.76627552008904,13.346400597917269,0.8706425252843228,0.4198749221717719
122.8848038736013,-48.841080901285565,75.07763825824014,642.7622832856067,14.18009554089052,13.379320801284935,12.913192614703297,0.8007747396055844,0.46612818658163846
122.75893113391918,-48.87902877842525,213.3459818935176,640.3747112650543,16.46023455939466,15.329289540574448,14.641536010748002,1.1309450188202117,0.6877535298264466
122.240282992945,-49.04027978909053,785.3944404887568,640.0839653076661,16.868299035759996,15.302017172986638,14.802516929507956,1.5662818627733586,0.49950024347868194
122.59118846428026,-48.93362833385175,400.1112542402528,643.1340740485641,14.782000506367035,14.00353976902673,13.55519717537696,0.7784607373403052,0.4483425936497696
122.46912543601177,-48.97122547854219,534.5269404233673,642.5202149605357,15.630580665798243,14.043465966947355,13.32183328527702,1.587114698850888,0.7216326816703358
122.19689767535425,-49.060578374010824,837.5733578093659,649.6292334283992,10.451282138167986,9.251402053160914,8.485942225247754,1.1998800850070719,0.7654598279131601
122.69432036590732,-48.90270760065818,287.0346968802514,645.0088473576747,14.307135024714658,13.2979276795619,12.61897351981618,1.009207345152758,0.6789541597457198
122.86730119924353,-48.84928691928558,96.23291387616284,646.4239977536081,15.0125192226943,14.261924385837752,13.669491750810444,0.750594836856548,0.5924326350273077
122.29172016297007,-49.03031205388861,732.6200590553502,648.1845337659543,15.885531477128277,15.940390368680893,15.690135413683963,-0.05485889155261603,0.2502549549969295
122.11390004829535,-49.08483694052175,927.9603410099198,647.9488057976065,14.215215992725016,13.426559017751863,12.85209595300408,0.7886569749731525,0.5744630647477837
122.89245030286861,-48.84345879891712,69.75407451180466,649.3253069513364,14.83359929317153,13.860480153696438,13.178724255965134,0.9731191394750915,0.6817558977313034
122.71926845237743,-48.89947367237893,262.4509123005768,651.306800962936,14.617847299754752,13.836665643269678,13.321861530711011,0.7811816564850744,0.5148041125586662
122.87363837865524,-48.85035529503805,91.22760800437749,650.6266705573688,15.767816682751189,14.562714819537812,13.8761950387547,1.2051018632133772,0.6865197807831116
122.49762281493248,-48.96958568273696,507.7939275231821,652.4343951655236,14.86715847958532,14.045165982196528,13.502304506923736,0.8219924973887931,0.542861475272792
122.3440425351678,-49.0168734210627,676.7982244230941,651.9338243352456,15.473346548335126,14.624189994443809,13.96628715260826,0.8491565538913175,0.6579028418355488
122.37168547034865,-49.009412398868825,647.0687407419554,653.4365613664975,15.580109827709055,15.36152730835544,14.643458549551037,0.21858251935361572,0.718068758804403
122.36367169853476,-49.014699384788486,657.7115753203332,657.2896657955807,14.658542519079727,14.05322747777765,13.48914588543835,0.6053150413020774,0.5640815923392992
122.33725081432792,-49.02357448513028,687.2534883557411,658.2525180266805,13.8935815548288,12.89052983499879,12.29238482634119,1.0030517198300117,0.5981450086575997
122.32431881310949,-49.02687903797359,701.038861185609,657.3004489182094,16.032251843027968,14.96974426121152,14.701964420247744,1.0625075818164476,0.26777984096377594
122.88425379841073,-48.85533186517578,84.93872338221708,662.0292218260186,14.075744572197568,13.168235180819655,12.694553217239768,0.9075093913779124,0.473681963579887
122.77511885729317,-48.88755362545529,204.35202437476423,659.0267880176648,16.844983153272757,14.918627098336476,14.736048634717864,1.9263560549362815,0.1825784636186114
122.68169068844684,-48.917210950793866,307.8890081667063,659.4564114174366,15.813548564763549,16.305422482627254,14.9939250713378,-0.49187391786370505,1.3114974112894533
122.39234553664396,-49.00835380982212,627.7763867656643,660.7706325576156,16.73280297029,15.961988893506325,15.001449859701976,0.7708140767836742,0.9605390338043485
122.69401821596914,-48.91686320253018,296.561435747947,664.2769966813865,14.529638416094938,13.872158138559447,13.302106024473249,0.6574802775354911,0.5700521140861987
122.25204252888786,-49.05395061969772,783.6302921115007,663.8508565069249,15.385643656630853,14.357770073079768,14.184725495777366,1.0278735835510844,0.1730445773024023
122.40910193326484,-49.00711371320935,611.8830644784307,666.1990906410069,14.43653447165504,13.696796516877576,13.102363657104409,0.7397379547774641,0.5944328597731676
122.62288793625954,-48.9406733939177,376.1589532377976,666.3795162918615,16.144737344454214,14.710924442467848,14.335880802020643,1.4338129019863661,0.3750436404472044
122.14069705550868,-49.09297961090139,909.06626835197,670.4475585858324,11.13943789773368,10.509902041681972,10.137762058729187,0.6295358560517084,0.3721399829527847
122.05172796728915,-49.11682309447885,1004.5189955874152,665.7740705303216,15.678382747352837,15.53122459575487,14.788698402299518,0.1471581515979672,0.7425261934553511
122.42236171753126,-49.003975480882836,597.9072796286094,667.5364859920537,17.68644370577817,15.878938669568887,14.765879372088612,1.8075050362092835,1.1130592974802749
122.34280475965836,-49.03102122281536,687.0732969853098,670.8389919568392,11.10531383138476,10.622016045651124,10.419257048219317,0.4832977857336367,0.20275899743180759
122.10745988816367,-49.10434336566434,946.309046997065,672.0651519612958,13.618273365332902,12.597477901368878,11.983230477299932,1.0207954639640242,0.614247424068946
122.2577321109253,-49.05858755314993,781.5018670745415,672.632205086236,14.107209127360008,13.241643157694936,12.72736365713389,0.8655659696650719,0.5142795005610452
122.9152561169044,-48.853304952689385,55.69367524975235,672.6704698228973,13.366367422990669,12.210460812341491,11.527829875513792,1.1559066106491773,0.6826309368276995
122.31606641403525,-49.04013590519626,717.0482292192679,672.0080606221203,14.551454701925527,13.84774871412178,13.366889765813209,0.7037059878037475,0.4808589483085708
122.2458295759813,-49.061837794775904,794.318384110228,672.0594739064244,15.360393993872552,14.351506690726694,14.083734153240986,1.0088873031458583,0.2677725374857083
122.82790129826672,-48.88171349697906,152.9992809958188,673.794683485208,15.79127397349862,15.649261934079371,14.773144557556735,0.14201203941924945,0.876117376522636
122.0079271589112,-49.141428603290336,1059.754498552113,681.2304453710444,14.225966534333686,13.521089222102464,12.95849473534541,0.704877312231222,0.5625944867570549
122.4955564612151,-48.99011993492328,523.006564028696,679.7267971542232,15.120201422948826,14.143663914739342,13.832731776135722,0.9765375082094838,0.31093213860362034
122.58659558562655,-48.962259117716435,422.9110940628689,680.4274811074196,15.95784443448448,14.800718761967907,14.089603235759991,1.1571256725165728,0.7111155262079158
122.023113052897,-49.13614766384735,1042.6927914693913,680.3396181922271,16.0801708650149,15.244872822716305,14.78478077505962,0.8352980422985947,0.4600920476566852
122.32391792818875,-49.04438235694401,712.7268181032783,681.1727432592822,15.747458097748725,14.58947830926323,14.240779068644684,1.1579797884854948,0.3486992406185454
122.3521985156272,-49.03797232878915,683.1170460574979,684.3752423385251,14.576929318581069,13.770087846970029,13.344098747032838,0.8068414716110404,0.4259890999371905
122.49727471546626,-48.99423530382642,524.1357055755037,686.1067841795552,14.818384789589562,13.881771515936324,13.529595378369503,0.9366132736532382,0.3521761375668202
122.3337116891988,-49.045505304847836,704.6367695165558,686.8717245056179,15.340409024452734,14.26932442265903,13.622698010611709,1.0710846017937037,0.646626412047322
122.62045891980208,-48.95666225661031,388.77812569067265,687.2586854624352,15.109791090440009,13.881705865286714,13.141622354034851,1.2280852251532952,0.7400835112518624
122.07170210111482,-49.12536498387034,992.0206826856072,685.9288764331873,15.510259019469512,14.448109305758283,13.821467797581263,1.0621497137112286,0.6266415081770198
122.80767424620846,-48.89794006205539,181.8518215952039,687.2860471221649,16.52090775359376,15.385115638870998,14.398057031313927,1.1357921147227632,0.9870586075570706
122.11955376460094,-49.11156594783361,940.0665581693296,687.0952949421159,16.47049850764953,14.931839892608847,14.379326465869417,1.5386586150406831,0.5525134267394307
122.65443519084776,-48.946393709320205,351.4924787568688,687.7515590032988,16.323001807211625,15.81442961751207,15.46776002466701,0.5085721896995548,0.3466695928450605
122.72969801702759,-48.924993505689336,269.7593033592328,690.7573485811287,15.558618417769626,14.897649832331217,14.095749524496028,0.6609685854384093,0.8019003078351883
122.79966319464235,-48.90360501005798,192.7770363733116,691.5892303594945,15.003273123642298,14.464910682768332,13.97111727105638,0.538362440873966,0.4937934117119518
122.08938605311526,-49.12445018675738,975.5122832068946,692.1122724126882,15.22768775157901,14.158656578118704,13.842508249349528,1.0690311734603064,0.31614832876917554
122.06988840024947,-49.1300208910701,996.6453441663408,691.5715697657661,15.136879952861037,14.404203684741388,13.766263738754112,0.7326762681196488,0.6379399459872754
122.72500680966598,-48.927342978258395,275.51906768110786,691.9586538399325,15.367411406596595,14.568848306971814,13.976073681751831,0.798563099624781,0.5927746252199828
122.26342527003214,-49.07029318225196,783.9380734611418,691.128266588445,16.17689491866166,16.416268941776703,15.693059705628292,-0.23937402311504385,0.7232092361484117
122.18738561588711,-49.09452511145104,868.0262595047122,692.278450235403,15.722818616275433,14.831459034965576,14.573657073328926,0.8913595813098567,0.25780196163665003
122.82674186750333,-48.89644589478367,163.70996158607912,693.4654805628921,15.253248896952986,14.289173794143569,13.633635656190968,0.9640751028094172,0.6555381379526004
122.31117443989802,-49.05716734351556,732.4707860431342,693.3287296164857,16.43450850048849,15.665556183156822,14.97626523655054,0.768952317331669,0.6892909466062811
122.52256289270072,-48.9929550269773,500.5407641638416,695.1473478918331,16.360339972745024,14.902068674049852,14.28662255266289,1.4582712986951716,0.6154461213869631
122.41129163894298,-49.02898789899575,624.101157818528,697.160681326403,14.499389556679535,13.415859035340988,12.691128621840424,1.083530521338547,0.7247304135005646
122.33567706432194,-49.05121367499526,706.5628117783449,695.546368694926,16.56771209625983,15.302900923802378,14.388527780794965,1.264811172457451,0.9143731430074133
122.03361578172182,-49.144922157872784,1038.8688546828264,696.827104498651,17.802877247962595,16.148878516505533,14.7870228900759,1.6539987314570617,1.3618556264296338
122.82526589655274,-48.90021223639634,167.50959270577536,697.9854484520982,15.801994755017365,14.494284613766162,13.71291479113119,1.3077101412512029,0.7813698226349715
122.7045314519533,-48.938697557269364,301.3745263357907,698.7144525577053,15.056445528267089,14.249587779014623,13.542824667318657,0.8068577492524653,0.7067631116959667
122.58480728955875,-48.97619629149375,433.6054996783277,698.7739433227769,16.530220803420065,16.116522139474284,15.3474214382059,0.41369866394578025,0.7691007012683837
