# File generated by CMD 3.9 (http://stev.oapd.inaf.it/cmd) on Sat May 23 04:18:18 UTC 2026
# isochrones based on PARSEC release v1.2S +  COLIBRI S_37 + S_35 + PR16
# Basic references: Bressan et al. (2012), MNRAS, 427, 127 + Chen et al. (2014, 2015), MNRAS, 444, 2525 + MNRAS, 452, 1068 + Tang et al. (2014), MNRAS, 445, 4287 + Marigo et al. (2017), ApJ, 835, 77 + Pastorelli al. (2019), MNRAS, 485, 5666 + Pastorelli al. (2020), MNRAS, in press
# Thermal pulse cycles included 
# On RGB, assumed Reimers mass loss with efficiency eta=0.2
# LPV periods and growth rates added cf. Trabucchi et al. (2019)
# but fundamental-mode LPV periods + transition are from Trabucchi et al. (2021)
# Photometric system: <i>UBVRIJHK</i> (cf. Maiz-Apellaniz 2006 + Bessell 1990)
# Using YBC version of bolometric corrections as in Chen et al. (2019)
# O-rich circumstellar dpmod60alox40 dust from Groenewegen (2006)
# C-rich circumstellar AMCSIC15 dust from Groenewegen (2006)
# IMF: Kroupa (2001, 2002) + Kroupa et al. (2013) canonical two-part-power law IMF corrected for unresolved binaries 
# Kind of output: isochrone tables
# Zini     MH   logAge Mini        int_IMF         Mass   logL    logTe  logg  label   McoreTP C_O  period0  period1  period2  period3  period4  pmode  Mloss  tau1m   X   Y   Xc  Xn  Xo  Cexcess  Z 	 mbolmag  Umag    Bmag    Vmag    Rmag    Imag    Jmag    Hmag    Kmag
0.0152 0.01508 7.17600 0.0900000036 1.0816895926    0.090 -2.185  3.4001  4.129    0  0.000  0.545     0.00     0.00     0.00     0.00     0.00 -1 -2.39e-15      0.00 7.092e-01 2.755e-01 2.746e-03 7.408e-04 6.719e-03 -1.000 1.527e-02 10.232 17.696 16.151 14.641 12.765 10.653 8.172 7.589 7.208
0.0152 0.01508 7.17600 0.0966729894 1.1426980035    0.097 -2.140  3.4048  4.135    0  0.000  0.545     0.00     0.00     0.00     0.00     0.00 -1 -2.54e-15      0.00 7.092e-01 2.755e-01 2.746e-03 7.408e-04 6.719e-03 -1.000 1.527e-02 10.121 17.594 16.044 14.533 12.655 10.543 8.062 7.478 7.097
0.0152 0.01508 7.17600 0.1000000015 1.1711064122    0.100 -2.119  3.4071  4.137    0  0.000  0.545     0.00     0.00     0.00     0.00     0.00 -1 -2.62e-15      0.00 7.092e-01 2.755e-01 2.746e-03 7.408e-04 6.719e-03 -1.000 1.527e-02 10.066 17.542 15.990 14.479 12.601 10.488 8.007 7.423 7.043
0.0152 0.01508 7.17600 0.1191895753 1.3139506993    0.119 -2.007  3.4188  4.148    0  0.000  0.545     0.00     0.00     0.00     0.00     0.00 -1 -3.06e-15      0.00 7.092e-01 2.755e-01 2.746e-03 7.408e-04 6.719e-03 -1.000 1.527e-02 9.787 17.204 15.656 14.143 12.282 10.183 7.731 7.147 6.769
0.0152 0.01508 7.17600 0.1200000122 1.3193155232    0.120 -2.003  3.4192  4.148    0  0.000  0.545     0.00     0.00     0.00     0.00     0.00 -1 -3.08e-15      0.00 7.092e-01 2.755e-01 2.746e-03 7.408e-04 6.719e-03 -1.000 1.527e-02 9.776 17.184 15.638 14.125 12.266 10.169 7.721 7.136 6.758
0.0152 0.01508 7.17600 0.1400000006 1.4384526719    0.140 -1.903  3.4298  4.158    0  0.000  0.545     0.00     0.00     0.00     0.00     0.00 -1 -3.54e-15      0.00 7.092e-01 2.755e-01 2.746e-03 7.408e-04 6.719e-03 -1.000 1.527e-02 9.527 16.536 15.061 13.554 11.794 9.776 7.491 6.904 6.536
0.0152 0.01508 7.17600 0.1502141356 1.4910706829    0.150 -1.857  3.4351  4.164    0  0.000  0.545     0.00     0.00     0.00     0.00     0.00 -1 -3.78e-15      0.00 7.092e-01 2.755e-01 2.746e-03 7.408e-04 6.719e-03 -1.000 1.527e-02 9.412 16.235 14.790 13.295 11.580 9.597 7.386 6.797 6.435
0.0152 0.01508 7.17600 0.1637450457 1.5540202748    0.164 -1.801  3.4415  4.171    0  0.000  0.545     0.00     0.00     0.00     0.00     0.00 -1 -4.08e-15      0.00 7.092e-01 2.755e-01 2.746e-03 7.408e-04 6.719e-03 -1.000 1.527e-02 9.272 15.873 14.465 12.984 11.323 9.382 7.257 6.666 6.312
0.0152 0.01508 7.17600 0.1741119623 1.5978429997    0.174 -1.762  3.4459  4.176    0  0.000  0.545     0.00     0.00     0.00     0.00     0.00 -1 -4.29e-15      0.00 7.092e-01 2.755e-01 2.746e-03 7.408e-04 6.719e-03 -1.000 1.527e-02 9.174 15.629 14.243 12.772 11.146 9.235 7.167 6.575 6.227
0.0152 0.01508 7.17600 0.1850349009 1.6404896368    0.185 -1.721  3.4502  4.179    0  0.000  0.545     0.00     0.00     0.00     0.00     0.00 -1 -4.57e-15      0.00 7.092e-01 2.755e-01 2.746e-03 7.408e-04 6.719e-03 -1.000 1.527e-02 9.073 15.380 14.018 12.556 10.966 9.084 7.073 6.479 6.137
0.0152 0.01508 7.17600 0.1997146010 1.6929099591    0.200 -1.671  3.4559  4.185    0  0.000  0.545     0.00     0.00     0.00     0.00     0.00 -1  -4.9e-15      0.00 7.092e-01 2.755e-01 2.746e-03 7.408e-04 6.719e-03 -1.000 1.527e-02 8.948 15.083 13.744 12.286 10.741 8.903 6.960 6.363 6.028
0.0152 0.01508 7.17600 0.2133786678 1.7373887588    0.213 -1.629  3.4605  4.190    0  0.000  0.545     0.00     0.00     0.00     0.00     0.00 -1 -5.19e-15      0.00 7.092e-01 2.755e-01 2.746e-03 7.408e-04 6.719e-03 -1.000 1.527e-02 8.843 14.839 13.518 12.064 10.555 8.752 6.864 6.266 5.937
0.0152 0.01508 7.17600 0.2322091013 1.7929577648    0.232 -1.575  3.4665  4.196    0  0.000  0.545     0.00     0.00     0.00     0.00     0.00 -1 -5.61e-15      0.00 7.092e-01 2.755e-01 2.746e-03 7.408e-04 6.719e-03 -1.000 1.527e-02 8.706 14.542 13.240 11.796 10.328 8.565 6.739 6.136 5.816
0.0152 0.01508 7.17600 0.2500000000 1.8403257998    0.250 -1.527  3.4718  4.202    0  0.000  0.545     0.00     0.00     0.00     0.00     0.00 -1 -5.99e-15      0.00 7.092e-01 2.755e-01 2.746e-03 7.408e-04 6.719e-03 -1.000 1.527e-02 8.588 14.286 12.999 11.563 10.131 8.403 6.630 6.024 5.711
0.0152 0.01508 7.17600 0.2744399905 1.8986925757    0.274 -1.467  3.4786  4.210    0  0.000  0.545     0.00     0.00     0.00     0.00     0.00 -1  -6.5e-15      0.00 7.092e-01 2.755e-01 2.746e-03 7.408e-04 6.719e-03 -1.000 1.527e-02 8.438 13.971 12.700 11.272 9.883 8.202 6.494 5.883 5.580
0.0152 0.01508 7.17600 0.3000000119 1.9529139769    0.300 -1.409  3.4852  4.217    0  0.000  0.545     0.00     0.00     0.00     0.00     0.00 -1 -7.04e-15      0.00 7.092e-01 2.755e-01 2.746e-03 7.408e-04 6.719e-03 -1.000 1.527e-02 8.294 13.681 12.419 10.989 9.639 8.012 6.366 5.748 5.453
0.0152 0.01508 7.17600 0.3295765519 2.0086147339    0.330 -1.351  3.4919  4.226    0  0.000  0.545     0.00     0.00     0.00     0.00     0.00 -1 -7.61e-15      0.00 7.092e-01 2.755e-01 2.746e-03 7.408e-04 6.719e-03 -1.000 1.527e-02 8.147 13.396 12.139 10.710 9.398 7.822 6.235 5.611 5.325
0.0152 0.01508 7.17600 0.3500000238 2.0434175133    0.350 -1.313  3.4963  4.232    0  0.000  0.545     0.00     0.00     0.00     0.00     0.00 -1 -8.01e-15      0.00 7.092e-01 2.755e-01 2.746e-03 7.408e-04 6.719e-03 -1.000 1.527e-02 8.052 13.215 11.962 10.541 9.252 7.702 6.150 5.519 5.239
0.0152 0.01508 7.17600 0.3620150089 2.0626815670    0.362 -1.292  3.4986  4.235    0  0.000  0.545     0.00     0.00     0.00     0.00     0.00 -1 -8.23e-15      0.00 7.092e-01 2.755e-01 2.746e-03 7.408e-04 6.719e-03 -1.000 1.527e-02 8.001 13.119 11.867 10.450 9.174 7.638 6.104 5.470 5.193
0.0152 0.01508 7.17600 0.4000000358 2.1185024810    0.400 -1.229  3.5057  4.244    0  0.000  0.545     0.00     0.00     0.00     0.00     0.00 -1 -8.97e-15      0.00 7.092e-01 2.755e-01 2.746e-03 7.408e-04 6.719e-03 -1.000 1.527e-02 7.843 12.836 11.586 10.181 8.940 7.444 5.962 5.320 5.051
0.0152 0.01508 7.17600 0.4378296733 2.1676351158    0.438 -1.173  3.5126  4.254    0  0.000  0.545     0.00     0.00     0.00     0.00     0.00 -1 -9.64e-15      0.00 7.092e-01 2.755e-01 2.746e-03 7.408e-04 6.719e-03 -1.000 1.527e-02 7.702 12.582 11.330 9.933 8.726 7.270 5.837 5.186 4.926
0.0152 0.01508 7.17600 0.4500000477 2.1822809714    0.450 -1.155  3.5147  4.257    0  0.000  0.545     0.00     0.00     0.00     0.00     0.00 -1 -9.86e-15      0.00 7.092e-01 2.755e-01 2.746e-03 7.408e-04 6.719e-03 -1.000 1.527e-02 7.658 12.505 11.252 9.857 8.660 7.217 5.799 5.144 4.886
0.0152 0.01508 7.17600 0.4771335721 2.2131558558    0.477 -1.119  3.5194  4.265    0  0.000  0.545     0.00     0.00     0.00     0.00     0.00 -1 -1.03e-14      0.00 7.092e-01 2.755e-01 2.746e-03 7.408e-04 6.719e-03 -1.000 1.527e-02 7.568 12.344 11.086 9.695 8.519 7.106 5.720 5.059 4.806
0.0152 0.01508 7.17600 0.5000000000 2.2374541529    0.500 -1.089  3.5233  4.271    0  0.000  0.545     0.00     0.00     0.00     0.00     0.00 -1 -1.07e-14      0.00 7.092e-01 2.755e-01 2.746e-03 7.408e-04 6.719e-03 -1.000 1.527e-02 7.492 12.215 10.951 9.562 8.403 7.014 5.654 4.988 4.739
0.0152 0.01508 7.17600 0.5124624968 2.2499428012    0.512 -1.074  3.5255  4.275    0  0.000  0.545     0.00     0.00     0.00     0.00     0.00 -1 -1.09e-14      0.00 7.092e-01 2.755e-01 2.746e-03 7.408e-04 6.719e-03 -1.000 1.527e-02 7.454 12.147 10.879 9.491 8.342 6.967 5.622 4.954 4.707
0.0152 0.01508 7.17600 0.5384365320 2.2738475157    0.538 -1.041  3.5298  4.281    0  0.000  0.545     0.00     0.00     0.00     0.00     0.00 -1 -1.14e-14      0.00 7.092e-01 2.755e-01 2.746e-03 7.408e-04 6.719e-03 -1.000 1.527e-02 7.372 12.007 10.732 9.347 8.216 6.869 5.551 4.878 4.634
0.0152 0.01508 7.17600 0.5500000119 2.2836582633    0.550 -1.028  3.5314  4.284    0  0.000  0.545     0.00     0.00     0.00     0.00     0.00 -1 -1.16e-14      0.00 7.092e-01 2.755e-01 2.746e-03 7.408e-04 6.719e-03 -1.000 1.527e-02 7.339 11.954 10.676 9.291 8.167 6.830 5.523 4.847 4.606
0.0152 0.01508 7.17600 0.5819644928 2.3084604029    0.582 -0.989  3.5369  4.292    0  0.000  0.545     0.00     0.00     0.00     0.00     0.00 -1 -1.22e-14      0.00 7.092e-01 2.755e-01 2.746e-03 7.408e-04 6.719e-03 -1.000 1.527e-02 7.243 11.790 10.501 9.120 8.018 6.715 5.441 4.759 4.523
0.0152 0.01508 7.17600 0.6000000238 2.3211213258    0.600 -0.967  3.5397  4.294    0  0.000  0.545     0.00     0.00     0.00     0.00     0.00 -1 -1.26e-14      0.00 7.092e-01 2.755e-01 2.746e-03 7.408e-04 6.719e-03 -1.000 1.527e-02 7.187 11.699 10.403 9.026 7.935 6.649 5.392 4.707 4.473
0.0152 0.01508 7.17600 0.6173980832 2.3325321417    0.617 -0.947  3.5431  4.300    0  0.000  0.545     0.00     0.00     0.00     0.00     0.00 -1 -1.29e-14      0.00 7.092e-01 2.755e-01 2.746e-03 7.408e-04 6.719e-03 -1.000 1.527e-02 7.137 11.610 10.306 8.929 7.851 6.588 5.351 4.662 4.432
0.0152 0.01508 7.17600 0.6499999762 2.3520353107    0.650 -0.908  3.5490  4.306    0  0.000  0.545     0.00     0.00     0.00     0.00     0.00 -1 -1.37e-14      0.00 7.092e-01 2.755e-01 2.746e-03 7.408e-04 6.719e-03 -1.000 1.527e-02 7.039 11.447 10.128 8.753 7.696 6.472 5.268 4.573 4.349
0.0152 0.01508 7.17600 0.6627818346 2.3590822727    0.663 -0.890  3.5521  4.310    0  0.000  0.545     0.00     0.00     0.00     0.00     0.00 -1 -1.41e-14      0.00 7.092e-01 2.755e-01 2.746e-03 7.408e-04 6.719e-03 -1.000 1.527e-02 6.996 11.371 10.044 8.669 7.622 6.421 5.234 4.536 4.315
0.0152 0.01508 7.17600 0.7000000477 2.3779267258    0.700 -0.840  3.5604  4.316    0  0.000  0.545     0.00     0.00     0.00     0.00     0.00 -1 -1.53e-14      0.00 7.092e-01 2.755e-01 2.746e-03 7.408e-04 6.719e-03 -1.000 1.527e-02 6.869 11.160 9.807 8.433 7.413 6.272 5.130 4.423 4.211
0.0152 0.01508 7.17600 0.7500000000 2.3998889087    0.750 -0.668  3.6208  4.417    0  0.000  0.538     0.00     0.00     0.00     0.00     0.00 -1 -1.95e-14      0.00 7.092e-01 2.755e-01 2.710e-03 7.399e-04 6.720e-03 -1.000 1.527e-02 6.441 10.105 8.634 7.348 6.481 5.749 4.855 4.142 4.012
0.0152 0.01508 7.17600 0.7822558880 2.4123566919    0.782 -0.632  3.6251  4.416    0  0.000  0.538     0.00     0.00     0.00     0.00     0.00 -1 -2.08e-14      0.00 7.092e-01 2.755e-01 2.710e-03 7.399e-04 6.720e-03 -1.000 1.527e-02 6.350 9.954 8.485 7.216 6.361 5.655 4.774 4.067 3.943
0.0152 0.01508 7.17600 0.8000000119 2.4187244405    0.800 -0.608  3.6277  4.411    0  0.000  0.538     0.00     0.00     0.00     0.00     0.00 -1 -2.19e-14      0.00 7.092e-01 2.755e-01 2.710e-03 7.399e-04 6.720e-03 -1.000 1.527e-02 6.289 9.857 8.389 7.130 6.282 5.591 4.720 4.015 3.895
0.0152 0.01508 7.17600 0.8500000238 2.4350346840    0.850 -0.543  3.6359  4.406    0  0.000  0.538     0.00     0.00     0.00     0.00     0.00 -1 -2.48e-14      0.00 7.092e-01 2.755e-01 2.710e-03 7.399e-04 6.720e-03 -1.000 1.527e-02 6.127 9.555 8.114 6.891 6.068 5.425 4.580 3.886 3.776
0.0152 0.01508 7.17600 0.8545488119 2.4364099813    0.854 -0.536  3.6368  4.405    0  0.000  0.538     0.00     0.00     0.00     0.00     0.00 -1 -2.51e-14      0.00 7.092e-01 2.755e-01 2.710e-03 7.399e-04 6.720e-03 -1.000 1.527e-02 6.111 9.523 8.086 6.867 6.047 5.409 4.567 3.874 3.765
0.0152 0.01508 7.17600 0.9000000358 2.4492786175    0.899 -0.470  3.6465  4.400    0  0.000  0.538     0.00     0.00     0.00     0.00     0.00 -1 -2.85e-14      0.00 7.092e-01 2.755e-01 2.710e-03 7.399e-04 6.720e-03 -1.000 1.527e-02 5.944 9.155 7.787 6.612 5.824 5.235 4.427 3.755 3.656
0.0152 0.01508 7.17600 0.9096168280 2.4518125509    0.909 -0.456  3.6487  4.399    0  0.000  0.538     0.00     0.00     0.00     0.00     0.00 -1 -2.93e-14      0.00 7.092e-01 2.755e-01 2.710e-03 7.399e-04 6.720e-03 -1.000 1.527e-02 5.909 9.072 7.723 6.557 5.777 5.198 4.398 3.732 3.635
0.0152 0.01508 7.17600 0.9500000477 2.4618122009    0.950 -0.384  3.6595  4.389    0  0.000  0.538     0.00     0.00     0.00     0.00     0.00 -1 -3.42e-14      0.00 7.092e-01 2.755e-01 2.710e-03 7.399e-04 6.720e-03 -1.000 1.527e-02 5.729 8.623 7.394 6.282 5.545 5.009 4.249 3.620 3.529
0.0152 0.01508 7.17600 1.0000000000 2.4729154477    1.000 -0.291  3.6746  4.379    0  0.000  0.538     0.00     0.00     0.00     0.00     0.00 -1 -4.16e-14      0.00 7.092e-01 2.755e-01 2.710e-03 7.399e-04 6.720e-03 -1.000 1.527e-02 5.496 8.035 6.973 5.935 5.259 4.766 4.062 3.482 3.400
0.0152 0.01508 7.17600 1.0443589687 2.4817494481    1.044 -0.199  3.6897  4.366    0  0.000  0.538     0.00     0.00     0.00     0.00     0.00 -1 -4.76e-14      0.00 7.092e-01 2.755e-01 2.709e-03 7.399e-04 6.720e-03 -1.000 1.527e-02 5.268 7.480 6.577 5.607 4.989 4.532 3.880 3.349 3.274
0.0152 0.01508 7.17600 1.0499999523 2.4828114860    1.050 -0.187  3.6917  4.364    0  0.000  0.538     0.00     0.00     0.00     0.00     0.00 -1 -4.86e-14      0.00 7.092e-01 2.755e-01 2.709e-03 7.399e-04 6.720e-03 -1.000 1.527e-02 5.236 7.406 6.524 5.564 4.953 4.500 3.856 3.331 3.257
0.0152 0.01508 7.17600 1.0830390453 2.4887771862    1.082 -0.113  3.7037  4.352    0  0.000  0.538     0.00     0.00     0.00     0.00     0.00 -1 -5.45e-14      0.00 7.092e-01 2.755e-01 2.709e-03 7.399e-04 6.720e-03 -1.000 1.527e-02 5.052 6.979 6.224 5.314 4.746 4.317 3.713 3.224 3.155
0.0152 0.01508 7.17600 1.1000000238 2.4916801480    1.099 -0.073  3.7101  4.345    0  0.000  0.538     0.00     0.00     0.00     0.00     0.00 -1 -5.82e-14      0.00 7.092e-01 2.755e-01 2.709e-03 7.399e-04 6.720e-03 -1.000 1.527e-02 4.953 6.758 6.068 5.184 4.636 4.219 3.636 3.166 3.100
0.0152 0.01508 7.17600 1.1021338701 2.4920380975    1.101 -0.068  3.7109  4.344    0  0.000  0.538     0.00     0.00     0.00     0.00     0.00 -1 -5.86e-14      0.00 7.092e-01 2.755e-01 2.709e-03 7.399e-04 6.720e-03 -1.000 1.527e-02 4.940 6.731 6.049 5.168 4.623 4.207 3.627 3.159 3.093
0.0152 0.01508 7.17600 1.1330941916 2.4970577003    1.132  0.009  3.7227  4.326    0  0.000  0.538     0.00     0.00     0.00     0.00     0.00 -1 -6.66e-14      0.00 7.092e-01 2.755e-01 2.709e-03 7.398e-04 6.720e-03 -1.000 1.527e-02 4.748 6.326 5.760 4.926 4.416 4.021 3.479 3.043 2.983
0.0152 0.01508 7.17600 1.1499999762 2.4996678137    1.149  0.053  3.7294  4.315    0  0.000  0.538     0.00     0.00     0.00     0.00     0.00 -1  -7.2e-14      0.00 7.092e-01 2.755e-01 2.709e-03 7.398e-04 6.720e-03 -1.000 1.527e-02 4.638 6.103 5.599 4.791 4.299 3.915 3.394 2.976 2.918
0.0152 0.01508 7.17600 1.1730008125 2.5030803925    1.172  0.116  3.7385  4.297    0  0.000  0.538     0.00     0.00     0.00     0.00     0.00 -1 -8.06e-14      0.00 7.092e-01 2.755e-01 2.709e-03 7.398e-04 6.720e-03 -1.000 1.527e-02 4.480 5.796 5.373 4.601 4.134 3.766 3.273 2.878 2.824
0.0152 0.01508 7.17600 1.1948174238 2.5061780360    1.194  0.180  3.7473  4.277    0  0.000  0.538     0.00     0.00     0.00     0.00     0.00 -1 -9.07e-14      0.00 7.092e-01 2.755e-01 2.709e-03 7.398e-04 6.720e-03 -1.000 1.527e-02 4.321 5.491 5.153 4.416 3.974 3.619 3.151 2.778 2.728
0.0152 0.01508 7.17600 1.2000000477 2.5068948796    1.200  0.195  3.7495  4.271    0  0.000  0.538     0.00     0.00     0.00     0.00     0.00 -1 -9.35e-14      0.00 7.092e-01 2.755e-01 2.709e-03 7.398e-04 6.720e-03 -1.000 1.527e-02 4.281 5.417 5.099 4.371 3.935 3.583 3.121 2.754 2.704
0.0152 0.01508 7.17600 1.2212316990 2.5097586692    1.221  0.263  3.7582  4.247    0  0.000  0.538     0.00     0.00     0.00     0.00     0.00 -1 -1.06e-13      0.00 7.092e-01 2.755e-01 2.709e-03 7.398e-04 6.720e-03 -1.000 1.527e-02 4.113 5.116 4.873 4.181 3.768 3.430 2.993 2.645 2.600
0.0152 0.01508 7.17600 1.2435050011 2.5126424084    1.243  0.337  3.7677  4.218    0  0.000  0.538     0.00     0.00     0.00     0.00     0.00 -1 -1.23e-13      0.00 7.092e-01 2.755e-01 2.709e-03 7.398e-04 6.720e-03 -1.000 1.527e-02 3.926 4.800 4.626 3.975 3.585 3.263 2.851 2.525 2.484
0.0152 0.01508 7.17600 1.2500000000 2.5134610955    1.250  0.360  3.7705  4.209    0  0.000  0.538     0.00     0.00     0.00     0.00     0.00 -1 -1.29e-13      0.00 7.092e-01 2.755e-01 2.709e-03 7.398e-04 6.720e-03 -1.000 1.527e-02 3.870 4.708 4.553 3.913 3.531 3.213 2.809 2.489 2.449
0.0152 0.01508 7.17600 1.2557365894 2.5141760920    1.256  0.380  3.7730  4.201    0  0.000  0.538     0.00     0.00     0.00     0.00     0.00 -1 -1.34e-13      0.00 7.092e-01 2.755e-01 2.709e-03 7.398e-04 6.720e-03 -1.000 1.527e-02 3.820 4.626 4.487 3.859 3.483 3.169 2.771 2.457 2.418
0.0152 0.01508 7.17600 1.2783797979 2.5169263882    1.278  0.458  3.7831  4.171    0  0.000  0.538     0.00     0.00     0.00     0.00     0.00 -1 -1.57e-13      0.00 7.092e-01 2.755e-01 2.709e-03 7.398e-04 6.720e-03 -1.000 1.527e-02 3.625 4.315 4.232 3.648 3.296 2.999 2.627 2.334 2.300
0.0152 0.01508 7.17600 1.2999999523 2.5194498592    1.300  0.526  3.7929  4.149    0  0.000  0.538     0.00     0.00     0.00     0.00     0.00 -1 -1.77e-13      0.00 7.092e-01 2.755e-01 2.709e-03 7.398e-04 6.720e-03 -1.000 1.527e-02 3.454 4.049 4.007 3.465 3.135 2.853 2.505 2.232 2.202
0.0152 0.01508 7.17600 1.3250246048 2.5222527744    1.325  0.591  3.8042  4.138    0  0.000  0.538     0.00     0.00     0.00     0.00     0.00 -1 -1.93e-13      0.00 7.092e-01 2.755e-01 2.709e-03 7.398e-04 6.719e-03 -1.000 1.527e-02 3.294 3.793 3.788 3.294 2.989 2.725 2.404 2.154 2.128
0.0152 0.01508 7.17600 1.3408546448 2.5239638414    1.341  0.625  3.8115  4.138    0  0.000  0.538     0.00     0.00     0.00     0.00     0.00 -1    -2e-13      0.00 7.092e-01 2.755e-01 2.709e-03 7.398e-04 6.719e-03 -1.000 1.527e-02 3.207 3.654 3.666 3.202 2.912 2.661 2.356 2.120 2.097
0.0152 0.01508 7.17600 1.3500001431 2.5249313723    1.350  0.632  3.8146  4.147    0  0.000  0.538     0.00     0.00     0.00     0.00     0.00 -1 -1.96e-13      0.00 7.092e-01 2.755e-01 2.709e-03 7.398e-04 6.719e-03 -1.000 1.527e-02 3.191 3.620 3.636 3.184 2.900 2.654 2.356 2.126 2.104
0.0152 0.01508 7.17600 1.3673883677 2.5267299428    1.368  0.642  3.8208  4.167    0  0.000  0.538     0.00     0.00     0.00     0.00     0.00 -1 -1.86e-13      0.00 7.092e-01 2.755e-01 2.709e-03 7.398e-04 6.719e-03 -1.000 1.527e-02 3.164 3.560 3.584 3.153 2.881 2.645 2.362 2.144 2.123
0.0152 0.01508 7.17600 1.3899706602 2.5289886970    1.390  0.635  3.8265  4.204    0  0.000  0.538     0.00     0.00     0.00     0.00     0.00 -1 -1.63e-13      0.00 7.092e-01 2.755e-01 2.709e-03 7.398e-04 6.719e-03 -1.000 1.527e-02 3.181 3.548 3.579 3.167 2.905 2.678 2.409 2.202 2.182
0.0152 0.01508 7.17600 1.4000000954 2.5299650415    1.400  0.626  3.8279  4.222    0  0.000  0.538     0.00     0.00     0.00     0.00     0.00 -1 -1.51e-13      0.00 7.092e-01 2.755e-01 2.709e-03 7.398e-04 6.719e-03 -1.000 1.527e-02 3.206 3.565 3.599 3.191 2.932 2.706 2.440 2.236 2.216
0.0152 0.01508 7.17600 1.4080189466 2.5307341635    1.408  0.616  3.8287  4.238    0  0.000  0.538     0.00     0.00     0.00     0.00     0.00 -1  -1.4e-13      0.00 7.092e-01 2.755e-01 2.709e-03 7.398e-04 6.719e-03 -1.000 1.527e-02 3.231 3.585 3.621 3.216 2.958 2.734 2.470 2.266 2.247
0.0152 0.01508 7.17600 1.4277633429 2.5325856544    1.428  0.591  3.8292  4.270    0  0.000  0.538     0.00     0.00     0.00     0.00     0.00 -1 -1.18e-13      0.00 7.092e-01 2.755e-01 2.709e-03 7.397e-04 6.719e-03 -1.000 1.527e-02 3.291 3.642 3.682 3.277 3.020 2.796 2.533 2.330 2.311
0.0152 0.01508 7.17600 1.4500000477 2.5346015836    1.450  0.588  3.8298  4.282    0  0.000  0.538     0.00     0.00     0.00     0.00     0.00 -1 -1.05e-13      0.00 7.092e-01 2.755e-01 2.709e-03 7.397e-04 6.719e-03 -1.000 1.525e-02 3.300 3.647 3.689 3.285 3.029 2.806 2.544 2.342 2.323
0.0152 0.01508 7.17600 1.4552085400 2.5350635439    1.455  0.587  3.8299  4.285    0  0.000  0.538     0.00     0.00     0.00     0.00     0.00 -1 -1.02e-13      0.00 7.092e-01 2.755e-01 2.709e-03 7.397e-04 6.719e-03 -1.000 1.525e-02 3.302 3.648 3.690 3.287 3.031 2.808 2.547 2.345 2.327
0.0152 0.01508 7.17600 1.4747835398 2.5367662206    1.475  0.596  3.8312  4.287    0  0.000  0.538     0.00     0.00     0.00     0.00     0.00 -1 -9.42e-14      0.00 7.092e-01 2.755e-01 2.709e-03 7.397e-04 6.719e-03 -1.000 1.525e-02 3.280 3.621 3.664 3.265 3.011 2.790 2.531 2.332 2.313
0.0152 0.01508 7.17600 1.5000000000 2.5388844597    1.500  0.638  3.8358  4.271    0  0.000  0.538     0.00     0.00     0.00     0.00     0.00 -1 -9.32e-14      0.00 7.092e-01 2.755e-01 2.709e-03 7.397e-04 6.719e-03 -1.000 1.525e-02 3.176 3.502 3.542 3.157 2.913 2.700 2.452 2.262 2.244
0.0152 0.01508 7.17600 1.5030418634 2.5391344641    1.503  0.643  3.8364  4.270    0  0.000  0.538     0.00     0.00     0.00     0.00     0.00 -1 -9.27e-14      0.00 7.092e-01 2.755e-01 2.709e-03 7.397e-04 6.719e-03 -1.000 1.525e-02 3.163 3.487 3.527 3.144 2.901 2.689 2.442 2.253 2.236
0.0152 0.01508 7.17600 1.5499999523 2.5428511323    1.550  0.727  3.8485  4.247    0  0.000  0.538     0.00     0.00     0.00     0.00     0.00 -1 -8.65e-14      0.00 7.093e-01 2.755e-01 2.709e-03 7.397e-04 6.718e-03 -1.000 1.527e-02 2.952 3.241 3.272 2.926 2.707 2.516 2.296 2.131 2.115
0.0152 0.01508 7.17600 1.5558892488 2.5432990894    1.556  0.738  3.8503  4.245    0  0.000  0.538     0.00     0.00     0.00     0.00     0.00 -1 -8.45e-14      0.00 7.093e-01 2.755e-01 2.709e-03 7.397e-04 6.718e-03 -1.000 1.527e-02 2.925 3.208 3.237 2.898 2.682 2.494 2.279 2.117 2.101
0.0152 0.01508 7.17600 1.5954680443 2.5462111699    1.595  0.814  3.8676  4.249    0  0.000  0.538     0.00     0.00     0.00     0.00     0.00 -1  -7.2e-14      0.00 7.093e-01 2.754e-01 2.709e-03 7.397e-04 6.718e-03 -1.000 1.527e-02 2.734 2.980 2.992 2.700 2.518 2.362 2.183 2.054 2.040
0.0152 0.01508 7.17600 1.6000000238 2.5465340628    1.600  0.823  3.8700  4.251    0  0.000  0.538     0.00     0.00     0.00     0.00     0.00 -1 -7.07e-14      0.00 7.093e-01 2.754e-01 2.709e-03 7.396e-04 6.718e-03 -1.000 1.527e-02 2.712 2.953 2.963 2.677 2.500 2.348 2.174 2.049 2.035
0.0152 0.01508 7.17600 1.6332340240 2.5488390789    1.633  0.883  3.8881  4.272    0  0.000  0.538     0.00     0.00     0.00     0.00     0.00 -1 -4.94e-14      0.00 7.093e-01 2.754e-01 2.709e-03 7.396e-04 6.718e-03 -1.000 1.527e-02 2.562 2.777 2.766 2.526 2.385 2.265 2.128 2.034 2.022
0.0152 0.01508 7.17600 1.6500000954 2.5499614852    1.649  0.908  3.8963  4.284    0  0.000  0.538     0.00     0.00     0.00     0.00     0.00 -1 -4.08e-14      0.00 7.093e-01 2.754e-01 2.709e-03 7.396e-04 6.718e-03 -1.000 1.527e-02 2.500 2.704 2.685 2.465 2.340 2.235 2.114 2.033 2.022
0.0152 0.01508 7.17600 1.6936991215 2.5527671886    1.693  0.956  3.9114  4.309    0  0.000  0.538     0.00     0.00     0.00     0.00     0.00 -1 -1.16e-28      0.00 7.093e-01 2.754e-01 2.709e-03 7.396e-04 6.718e-03 -1.000 1.527e-02 2.381 2.570 2.535 2.355 2.259 2.179 2.087 2.027 2.017
0.0152 0.01508 7.17600 1.7000000477 2.5531580802    1.699  0.961  3.9133  4.312    0  0.000  0.538     0.00     0.00     0.00     0.00     0.00 -1    -1e-30      0.00 7.093e-01 2.754e-01 2.708e-03 7.396e-04 6.718e-03 -1.000 1.527e-02 2.367 2.554 2.519 2.344 2.251 2.174 2.085 2.027 2.018
0.0152 0.01508 7.17600 1.7291141748 2.5549217758    1.728  0.985  3.9217  4.329    0  0.000  0.538     0.00     0.00     0.00     0.00     0.00 -1    -1e-30      0.00 7.093e-01 2.754e-01 2.708e-03 7.396e-04 6.717e-03 -1.000 1.527e-02 2.307 2.487 2.446 2.293 2.215 2.152 2.077 2.030 2.021
0.0152 0.01508 7.17600 1.7500000000 2.5561455243    1.749  1.001  3.9263  4.337    0  0.000  0.538     0.00     0.00     0.00     0.00     0.00 -1    -1e-30      0.00 7.093e-01 2.754e-01 2.708e-03 7.396e-04 6.717e-03 -1.000 1.527e-02 2.268 2.444 2.402 2.261 2.191 2.134 2.067 2.026 2.017
0.0152 0.01508 7.17600 1.7684196234 2.5571972319    1.767  1.013  3.9301  4.344    0  0.000  0.538     0.00     0.00     0.00     0.00     0.00 -1    -1e-30      0.00 7.093e-01 2.754e-01 2.708e-03 7.396e-04 6.717e-03 -1.000 1.527e-02 2.236 2.410 2.366 2.235 2.172 2.121 2.060 2.023 2.015
0.0152 0.01508 7.17600 1.7999999523 2.5589429085    1.799  1.046  3.9370  4.347    0  0.000  0.538     0.00     0.00     0.00     0.00     0.00 -1    -1e-30      0.00 7.093e-01 2.754e-01 2.708e-03 7.396e-04 6.717e-03 -1.000 1.527e-02 2.155 2.323 2.281 2.168 2.115 2.073 2.023 1.993 1.985
0.0152 0.01508 7.17600 1.8500000238 2.5615671203    1.849  1.094  3.9470  4.351    0  0.000  0.538     0.00     0.00     0.00     0.00     0.00 -1    -1e-30      0.00 7.093e-01 2.754e-01 2.708e-03 7.396e-04 6.717e-03 -1.000 1.527e-02 2.034 2.194 2.161 2.071 2.033 2.003 1.968 1.947 1.940
0.0152 0.01508 7.17600 1.9000000954 2.5640331317    1.899  1.142  3.9567  4.353    0  0.000  0.538     0.00     0.00     0.00     0.00     0.00 -1    -1e-30      0.00 7.093e-01 2.754e-01 2.708e-03 7.395e-04 6.717e-03 -1.000 1.527e-02 1.915 2.068 2.050 1.981 1.954 1.935 1.913 1.900 1.895
0.0152 0.01508 7.17600 1.9500001669 2.5663542767    1.950  1.188  3.9660  4.356    0  0.000  0.538     0.00     0.00     0.00     0.00     0.00 -1    -1e-30      0.00 7.094e-01 2.754e-01 2.708e-03 7.395e-04 6.716e-03 -1.000 1.527e-02 1.799 1.948 1.947 1.896 1.880 1.870 1.860 1.853 1.850
0.0152 0.01508 7.17600 2.0000000000 2.5685424513    2.000  1.233  3.9749  4.358    0  0.000  0.538     0.00     0.00     0.00     0.00     0.00 -1    -1e-30      0.00 7.094e-01 2.753e-01 2.708e-03 7.394e-04 6.716e-03 -1.000 1.527e-02 1.687 1.836 1.854 1.819 1.810 1.808 1.809 1.807 1.807
0.0152 0.01508 7.17600 2.0499999523 2.5706083333    2.050  1.276  3.9833  4.359    0  0.000  0.538     0.00     0.00     0.00     0.00     0.00 -1    -1e-30      0.00 7.094e-01 2.753e-01 2.708e-03 7.394e-04 6.716e-03 -1.000 1.527e-02 1.580 1.730 1.767 1.746 1.744 1.749 1.760 1.763 1.764
0.0152 0.01508 7.17600 2.0999999046 2.5725614918    2.099  1.318  3.9914  4.360    0  0.000  0.538     0.00     0.00     0.00     0.00     0.00 -1    -1e-30      0.00 7.094e-01 2.753e-01 2.708e-03 7.394e-04 6.716e-03 -1.000 1.526e-02 1.474 1.627 1.685 1.676 1.680 1.690 1.711 1.717 1.721
0.0152 0.01508 7.17600 2.1500000954 2.5744105556    2.149  1.359  3.9994  4.360    0  0.000  0.538     0.00     0.00     0.00     0.00     0.00 -1    -1e-30      0.00 7.094e-01 2.753e-01 2.708e-03 7.394e-04 6.716e-03 -1.000 1.526e-02 1.372 1.528 1.607 1.610 1.618 1.634 1.664 1.673 1.679
0.0152 0.01508 7.17600 2.2000000477 2.5761632879    2.199  1.399  4.0070  4.361    0  0.000  0.538     0.00     0.00     0.00     0.00     0.00 -1    -1e-30      0.00 7.094e-01 2.753e-01 2.708e-03 7.393e-04 6.716e-03 -1.000 1.527e-02 1.272 1.432 1.532 1.546 1.558 1.578 1.617 1.629 1.637
0.0152 0.01508 7.17600 2.2500000000 2.5778267375    2.249  1.438  4.0144  4.361    0  0.000  0.538     0.00     0.00     0.00     0.00     0.00 -1    -1e-30      0.00 7.094e-01 2.753e-01 2.708e-03 7.393e-04 6.715e-03 -1.000 1.527e-02 1.174 1.339 1.461 1.485 1.500 1.524 1.571 1.586 1.596
0.0152 0.01508 7.17600 2.2999999523 2.5794072884    2.299  1.476  4.0214  4.361    0  0.000  0.538     0.00     0.00     0.00     0.00     0.00 -1    -1e-30      0.00 7.094e-01 2.753e-01 2.708e-03 7.394e-04 6.715e-03 -1.000 1.527e-02 1.080 1.250 1.393 1.425 1.443 1.471 1.525 1.543 1.555
0.0152 0.01508 7.17600 2.4000000954 2.5823423892    2.399  1.549  4.0348  4.360    0  0.000  0.538     0.00     0.00     0.00     0.00     0.00 -1    -1e-30      0.00 7.094e-01 2.753e-01 2.708e-03 7.393e-04 6.715e-03 -1.000 1.526e-02 0.898 1.080 1.265 1.310 1.334 1.368 1.437 1.459 1.474
0.0152 0.01508 7.17600 2.5999999046 2.5874412955    2.600  1.684  4.0594  4.358    0  0.000  0.538     0.00     0.00     0.00     0.00     0.00 -1    -1e-30      0.00 7.092e-01 2.755e-01 2.710e-03 7.399e-04 6.720e-03 -1.000 1.527e-02 0.560 0.770 1.032 1.099 1.130 1.174 1.268 1.297 1.320
0.0152 0.01508 7.17600 2.8000001907 2.5917117867    2.800  1.809  4.0812  4.353    1  0.000  0.538     0.00     0.00     0.00     0.00     0.00 -1    -1e-30      0.00 7.092e-01 2.755e-01 2.710e-03 7.399e-04 6.720e-03 -1.000 1.527e-02 0.248 0.490 0.820 0.902 0.938 0.991 1.105 1.141 1.168
0.0152 0.01508 7.17600 3.0000000000 2.5953341962    3.000  1.925  4.1011  4.347    1  0.000  0.538     0.00     0.00     0.00     0.00     0.00 -1    -1e-30      0.00 7.092e-01 2.755e-01 2.710e-03 7.399e-04 6.720e-03 -1.000 1.527e-02 -0.042 0.238 0.628 0.721 0.762 0.821 0.953 0.994 1.025
0.0152 0.01508 7.17600 3.2000000477 2.5984409005    3.199  2.032  4.1191  4.340    1  0.000  0.538     0.00     0.00     0.00     0.00     0.00 -1    -1e-30      0.00 7.092e-01 2.755e-01 2.710e-03 7.399e-04 6.720e-03 -1.000 1.527e-02 -0.310 0.010 0.450 0.554 0.598 0.663 0.811 0.855 0.890
0.0152 0.01508 7.17600 3.3828048706 2.6009141331    3.381  2.124  4.1345  4.333    1  0.000  0.538     0.00     0.00     0.00     0.00     0.00 -1    -1e-30      0.00 7.092e-01 2.755e-01 2.710e-03 7.399e-04 6.720e-03 -1.000 1.527e-02 -0.541 -0.182 0.299 0.410 0.458 0.527 0.687 0.735 0.773
0.0152 0.01508 7.17600 3.4000000954 2.6011310876    3.398  2.133  4.1359  4.332    1  0.000  0.538     0.00     0.00     0.00     0.00     0.00 -1    -1e-30      0.00 7.092e-01 2.755e-01 2.710e-03 7.399e-04 6.720e-03 -1.000 1.527e-02 -0.562 -0.199 0.285 0.397 0.445 0.515 0.676 0.724 0.762
0.0152 0.01508 7.17600 3.6000001431 2.6034804607    3.598  2.227  4.1514  4.324    1  0.000  0.538     0.00     0.00     0.00     0.00     0.00 -1    -1e-30      0.00 7.092e-01 2.755e-01 2.710e-03 7.399e-04 6.720e-03 -1.000 1.527e-02 -0.799 -0.394 0.129 0.249 0.301 0.375 0.548 0.600 0.641
0.0152 0.01508 7.17600 3.8000001907 2.6055477311    3.798  2.317  4.1660  4.317    1  0.000  0.538     0.00     0.00     0.00     0.00     0.00 -1    -1e-30      0.00 7.092e-01 2.755e-01 2.710e-03 7.399e-04 6.720e-03 -1.000 1.527e-02 -1.022 -0.573 -0.016 0.112 0.166 0.245 0.429 0.483 0.527
0.0152 0.01508 7.17600 4.0000000000 2.6073790840    4.001  2.401  4.1793  4.309    1  0.000  0.538     0.00     0.00     0.00     0.00     0.00 -1    -1e-30      0.00 7.092e-01 2.755e-01 2.710e-03 7.399e-04 6.720e-03 -1.000 1.527e-02 -1.232 -0.741 -0.155 -0.020 0.037 0.120 0.313 0.371 0.417
0.0152 0.01508 7.17600 4.1999998093 2.6090113217    4.198  2.481  4.1920  4.300    1  0.000  0.538     0.00     0.00     0.00     0.00     0.00 -1    -1e-30      0.00 7.092e-01 2.755e-01 2.710e-03 7.399e-04 6.720e-03 -1.000 1.527e-02 -1.433 -0.899 -0.287 -0.145 -0.085 0.002 0.204 0.264 0.312
0.0152 0.01508 7.17600 4.4000000954 2.6104741055    4.397  2.557  4.2039  4.291    1  0.000  0.538     0.00     0.00     0.00     0.00     0.00 -1    -1e-30      0.00 7.092e-01 2.755e-01 2.710e-03 7.399e-04 6.720e-03 -1.000 1.527e-02 -1.624 -1.049 -0.413 -0.265 -0.202 -0.111 0.099 0.161 0.211
0.0152 0.01508 7.17600 4.5999999046 2.6117915791    4.597  2.630  4.2152  4.283    1  0.000  0.538     0.00     0.00     0.00     0.00     0.00 -1    -1e-30      0.00 7.092e-01 2.755e-01 2.710e-03 7.399e-04 6.720e-03 -1.000 1.527e-02 -1.806 -1.191 -0.533 -0.380 -0.314 -0.220 -0.003 0.062 0.114
0.0152 0.01508 7.17600 4.7100987434 2.6124621790    4.708  2.669  4.2213  4.279    1  0.000  0.538     0.00     0.00     0.00     0.00     0.00 -1    -1e-30      0.00 7.092e-01 2.755e-01 2.710e-03 7.399e-04 6.720e-03 -1.000 1.527e-02 -1.903 -1.267 -0.597 -0.441 -0.373 -0.278 -0.056 0.009 0.063
0.0152 0.01508 7.17600 4.8000001907 2.6129836005    4.798  2.700  4.2261  4.275    1  0.000  0.538     0.00     0.00     0.00     0.00     0.00 -1    -1e-30      0.00 7.092e-01 2.755e-01 2.710e-03 7.399e-04 6.720e-03 -1.000 1.527e-02 -1.981 -1.327 -0.649 -0.490 -0.421 -0.324 -0.099 -0.033 0.022
0.0152 0.01508 7.17600 5.0000000000 2.6140666223    4.999  2.767  4.2362  4.267    1  0.000  0.538     0.00     0.00     0.00     0.00     0.00 -1    -1e-30      0.00 7.092e-01 2.755e-01 2.710e-03 7.399e-04 6.720e-03 -1.000 1.527e-02 -2.148 -1.458 -0.761 -0.597 -0.525 -0.425 -0.194 -0.125 -0.069
0.0152 0.01508 7.17600 5.1847095490 2.6149819718    5.185  2.826  4.2451  4.259    1  0.000  0.538     0.00     0.00     0.00     0.00     0.00 -1    -1e-30      0.00 7.092e-01 2.755e-01 2.710e-03 7.399e-04 6.720e-03 -1.000 1.527e-02 -2.296 -1.574 -0.861 -0.692 -0.619 -0.516 -0.279 -0.209 -0.151
0.0152 0.01508 7.17600 5.1999998093 2.6150544000    5.200  2.831  4.2458  4.258    1  0.000  0.538     0.00     0.00     0.00     0.00     0.00 -1    -1e-30      0.00 7.092e-01 2.755e-01 2.710e-03 7.399e-04 6.720e-03 -1.000 1.527e-02 -2.308 -1.583 -0.869 -0.700 -0.626 -0.523 -0.286 -0.215 -0.157
0.0152 0.01508 7.17600 5.3999996185 2.6159585084    5.401  2.893  4.2551  4.249    1  0.000  0.538     0.00     0.00     0.00     0.00     0.00 -1    -1e-30      0.00 7.092e-01 2.755e-01 2.710e-03 7.399e-04 6.720e-03 -1.000 1.527e-02 -2.464 -1.705 -0.974 -0.800 -0.724 -0.618 -0.375 -0.302 -0.243
0.0152 0.01508 7.17600 5.5999994278 2.6167887546    5.601  2.953  4.2640  4.241    1  0.000  0.538     0.00     0.00     0.00     0.00     0.00 -1    -1e-30      0.00 7.092e-01 2.755e-01 2.710e-03 7.399e-04 6.720e-03 -1.000 1.527e-02 -2.613 -1.822 -1.075 -0.898 -0.819 -0.710 -0.462 -0.387 -0.326
0.0152 0.01508 7.17600 5.8000001907 2.6175535027    5.801  3.011  4.2724  4.232    1  0.000  0.538     0.00     0.00     0.00     0.00     0.00 -1    -1e-30      0.00 7.092e-01 2.755e-01 2.710e-03 7.399e-04 6.720e-03 -1.000 1.527e-02 -2.758 -1.936 -1.174 -0.992 -0.912 -0.800 -0.546 -0.470 -0.408
0.0152 0.01508 7.17600 6.0000000000 2.6182599138    6.000  3.067  4.2805  4.223    1  0.000  0.538     0.00     0.00     0.00     0.00     0.00 -1    -1e-30      0.00 7.092e-01 2.755e-01 2.710e-03 7.399e-04 6.720e-03 -1.000 1.527e-02 -2.898 -2.046 -1.271 -1.085 -1.002 -0.888 -0.629 -0.551 -0.487
0.0152 0.01508 7.17600 6.1000714302 2.6185934433    6.100  3.094  4.2844  4.218    1  0.000  0.538     0.00     0.00     0.00     0.00     0.00 -1    -1e-30      0.00 7.092e-01 2.755e-01 2.710e-03 7.399e-04 6.720e-03 -1.000 1.527e-02 -2.966 -2.101 -1.318 -1.130 -1.047 -0.931 -0.670 -0.592 -0.527
0.0152 0.01508 7.17600 6.1999998093 2.6189141709    6.200  3.121  4.2882  4.214    1  0.000  0.538     0.00     0.00     0.00     0.00     0.00 -1    -1e-30      0.00 7.092e-01 2.755e-01 2.710e-03 7.399e-04 6.720e-03 -1.000 1.527e-02 -3.033 -2.154 -1.365 -1.175 -1.091 -0.974 -0.710 -0.631 -0.566
0.0152 0.01508 7.17600 6.3722028732 2.6194398207    6.371  3.167  4.2946  4.206    1  0.000  0.538     0.00     0.00     0.00     0.00     0.00 -1    -1e-30      0.00 7.092e-01 2.755e-01 2.710e-03 7.399e-04 6.720e-03 -1.000 1.527e-02 -3.147 -2.244 -1.444 -1.252 -1.166 -1.047 -0.779 -0.699 -0.632
0.0152 0.01508 7.17600 6.4000000954 2.6195216279    6.399  3.174  4.2956  4.204    1  0.000  0.538     0.00     0.00     0.00     0.00     0.00 -1    -1e-30      0.00 7.092e-01 2.755e-01 2.710e-03 7.399e-04 6.720e-03 -1.000 1.527e-02 -3.165 -2.259 -1.457 -1.264 -1.177 -1.059 -0.790 -0.709 -0.643
0.0152 0.01508 7.17600 6.4568195343 2.6196863301    6.455  3.189  4.2976  4.202    1  0.000  0.538     0.00     0.00     0.00     0.00     0.00 -1    -1e-30      0.00 7.092e-01 2.755e-01 2.710e-03 7.399e-04 6.720e-03 -1.000 1.527e-02 -3.201 -2.288 -1.482 -1.289 -1.202 -1.082 -0.812 -0.731 -0.664
0.0152 0.01508 7.17600 6.9606218338 2.6210124832    6.956  3.314  4.3148  4.177    1  0.000  0.538     0.00     0.00     0.00     0.00     0.00 -1    -1e-30      0.00 7.092e-01 2.755e-01 2.710e-03 7.399e-04 6.720e-03 -1.000 1.527e-02 -3.516 -2.540 -1.705 -1.504 -1.413 -1.288 -1.007 -0.922 -0.852
0.0152 0.01508 7.17600 7.0000000000 2.6211069280    6.996  3.324  4.3161  4.175    1  0.000  0.538     0.00     0.00     0.00     0.00     0.00 -1    -1e-30      0.00 7.092e-01 2.755e-01 2.710e-03 7.399e-04 6.720e-03 -1.000 1.527e-02 -3.540 -2.560 -1.723 -1.521 -1.429 -1.304 -1.023 -0.937 -0.867
0.0152 0.01508 7.17600 7.4259257317 2.6220553055    7.424  3.423  4.3289  4.153    1  0.000  0.538     0.00     0.00     0.00     0.00     0.00 -1    -1e-30      0.00 7.092e-01 2.755e-01 2.710e-03 7.399e-04 6.720e-03 -1.000 1.527e-02 -3.788 -2.763 -1.904 -1.697 -1.602 -1.473 -1.184 -1.095 -1.022
0.0152 0.01508 7.17600 7.7936768532 2.6227789846    7.794  3.506  4.3392  4.132    1  0.000  0.538     0.00     0.00     0.00     0.00     0.00 -1    -1e-30      0.00 7.092e-01 2.755e-01 2.710e-03 7.399e-04 6.720e-03 -1.000 1.527e-02 -3.996 -2.934 -2.058 -1.846 -1.749 -1.617 -1.321 -1.231 -1.155
0.0152 0.01508 7.17600 8.0000000000 2.6231516585    8.001  3.552  4.3447  4.120    1  0.000  0.538     0.00     0.00     0.00     0.00     0.00 -1    -1e-30      0.00 7.092e-01 2.755e-01 2.710e-03 7.399e-04 6.720e-03 -1.000 1.527e-02 -4.110 -3.029 -2.143 -1.930 -1.832 -1.698 -1.399 -1.307 -1.230
0.0152 0.01508 7.17600 8.3822584152 2.6237866901    8.380  3.632  4.3539  4.096    1  0.000  0.538     0.00     0.00     0.00     0.00     0.00 -1    -1e-30      0.00 7.092e-01 2.755e-01 2.710e-03 7.399e-04 6.720e-03 -1.000 1.527e-02 -4.311 -3.199 -2.297 -2.080 -1.980 -1.843 -1.539 -1.445 -1.366
0.0152 0.01508 7.17600 8.7336235046 2.6243143700    8.729  3.705  4.3617  4.073    1  0.000  0.538     0.00     0.00     0.00     0.00     0.00 -1    -1e-30      0.00 7.092e-01 2.755e-01 2.710e-03 7.399e-04 6.720e-03 -1.000 1.527e-02 -4.492 -3.354 -2.439 -2.218 -2.117 -1.978 -1.669 -1.573 -1.493
0.0152 0.01508 7.17600 9.0000000000 2.6246829947    8.995  3.759  4.3671  4.053    1  0.000  0.538     0.00     0.00     0.00     0.00     0.00 -1    -1e-30      0.00 7.092e-01 2.755e-01 2.710e-03 7.399e-04 6.720e-03 -1.000 1.527e-02 -4.628 -3.472 -2.548 -2.325 -2.223 -2.083 -1.770 -1.673 -1.591
0.0152 0.01508 7.17600 9.1916399002 2.6249330525    9.187  3.797  4.3706  4.038    1  0.000  0.538     0.00     0.00     0.00     0.00     0.00 -1    -1e-30      0.00 7.092e-01 2.755e-01 2.710e-03 7.399e-04 6.720e-03 -1.000 1.527e-02 -4.723 -3.555 -2.625 -2.401 -2.298 -2.157 -1.842 -1.744 -1.662
0.0152 0.01508 7.17600 9.4914646149 2.6253010755    9.488  3.856  4.3756  4.014    1  0.000  0.538     0.00     0.00     0.00     0.00     0.00 -1    -1e-30      0.00 7.092e-01 2.755e-01 2.710e-03 7.399e-04 6.720e-03 -1.000 1.527e-02 -4.869 -3.685 -2.746 -2.520 -2.416 -2.274 -1.957 -1.858 -1.774
0.0152 0.01508 7.17600 9.7696228027 2.6256193775    9.767  3.909  4.3798  3.989    1  0.000  0.538     0.00     0.00     0.00     0.00     0.00 -1    -1e-30      0.00 7.092e-01 2.755e-01 2.710e-03 7.399e-04 6.720e-03 -1.000 1.527e-02 -5.003 -3.807 -2.861 -2.633 -2.528 -2.385 -2.065 -1.965 -1.881
0.0152 0.01508 7.17600 10.0000000000 2.6258676431    9.998  3.954  4.3828  3.968    1  0.000  0.538     0.00     0.00     0.00     0.00     0.00 -1    -1e-30      0.00 7.092e-01 2.755e-01 2.710e-03 7.399e-04 6.720e-03 -1.000 1.527e-02 -5.114 -3.909 -2.957 -2.728 -2.623 -2.479 -2.157 -2.056 -1.972
0.0152 0.01508 7.17600 10.1986465454 2.6260713903   10.197  3.990  4.3850  3.948    1  0.000  0.538     0.00     0.00     0.00     0.00     0.00 -1    -1e-30      0.00 7.092e-01 2.755e-01 2.710e-03 7.399e-04 6.720e-03 -1.000 1.527e-02 -5.206 -3.996 -3.039 -2.809 -2.703 -2.559 -2.236 -2.135 -2.049
0.0152 0.01508 7.17600 10.5357418060 2.6263970071   10.536  4.053  4.3877  3.911    1  0.000  0.538     0.00     0.00     0.00     0.00     0.00 -1    -1e-30      0.00 7.092e-01 2.755e-01 2.710e-03 7.399e-04 6.720e-03 -1.000 1.527e-02 -5.363 -4.148 -3.184 -2.954 -2.848 -2.703 -2.378 -2.276 -2.190
0.0152 0.01508 7.17600 10.8450136185 2.6266753634   10.846  4.110  4.3893  3.872    1  0.000  0.538     0.00     0.00     0.00     0.00     0.00 -1    -1e-30      0.00 7.092e-01 2.755e-01 2.710e-03 7.399e-04 6.720e-03 -1.000 1.527e-02 -5.506 -4.291 -3.323 -3.091 -2.985 -2.840 -2.514 -2.412 -2.326
0.0152 0.01508 7.17600 11.0000000000 2.6268081058   11.001  4.139  4.3896  3.851    1  0.000  0.538     0.00     0.00     0.00     0.00     0.00 -1    -1e-30      0.00 7.092e-01 2.755e-01 2.710e-03 7.399e-04 6.720e-03 -1.000 1.527e-02 -5.578 -4.364 -3.394 -3.162 -3.057 -2.911 -2.585 -2.483 -2.396
0.0152 0.01508 7.17600 11.0996112823 2.6268911738   11.101  4.157  4.3898  3.838    1  0.000  0.538     0.00     0.00     0.00     0.00     0.00 -1    -1e-30      0.00 7.092e-01 2.755e-01 2.710e-03 7.399e-04 6.720e-03 -1.000 1.527e-02 -5.622 -4.409 -3.438 -3.207 -3.101 -2.956 -2.629 -2.527 -2.440
0.0152 0.01508 7.17600 11.3539218903 2.6270956671   11.355  4.203  4.3894  3.800    1  0.000  0.538     0.00     0.00     0.00     0.00     0.00 -1    -1e-30      0.00 7.092e-01 2.755e-01 2.710e-03 7.399e-04 6.720e-03 -1.000 1.527e-02 -5.737 -4.531 -3.558 -3.327 -3.221 -3.076 -2.750 -2.648 -2.561
0.0152 0.01508 7.17600 11.6130008698 2.6272934389   11.614  4.250  4.3876  3.755    1  0.000  0.538     0.00     0.00     0.00     0.00     0.00 -1    -1e-30      0.00 7.092e-01 2.755e-01 2.710e-03 7.399e-04 6.720e-03 -1.000 1.527e-02 -5.856 -4.661 -3.689 -3.458 -3.353 -3.208 -2.882 -2.781 -2.694
0.0152 0.01508 7.17600 11.9291877747 2.6275214699   11.930  4.308  4.3836  3.693    1  0.000  0.538     0.00     0.00     0.00     0.00     0.00 -1    -1e-30      0.00 7.092e-01 2.755e-01 2.710e-03 7.399e-04 6.720e-03 -1.000 1.527e-02 -6.000 -4.828 -3.857 -3.628 -3.524 -3.381 -3.057 -2.956 -2.870
0.0152 0.01508 7.17600 12.0000000000 2.6275706487   12.001  4.321  4.3825  3.678    1  0.000  0.538     0.00     0.00     0.00     0.00     0.00 -1    -1e-30      0.00 7.092e-01 2.755e-01 2.710e-03 7.399e-04 6.720e-03 -1.000 1.527e-02 -6.033 -4.867 -3.897 -3.667 -3.564 -3.421 -3.097 -2.997 -2.911
0.0152 0.01508 7.17600 12.0829868317 2.6276274398   12.081  4.335  4.3811  3.661    1  0.000  0.538     0.00     0.00     0.00     0.00     0.00 -1 -9.49e-30      0.00 7.092e-01 2.755e-01 2.711e-03 7.400e-04 6.720e-03 -1.000 1.527e-02 -6.068 -4.909 -3.940 -3.711 -3.608 -3.465 -3.142 -3.042 -2.956
0.0152 0.01508 7.17600 12.3263139725 2.6277889005   12.316  4.378  4.3753  3.604    1  0.000  0.539     0.00     0.00     0.00     0.00     0.00 -1 -6.32e-27      0.00 7.092e-01 2.755e-01 2.716e-03 7.401e-04 6.720e-03 -1.000 1.527e-02 -6.174 -5.043 -4.079 -3.852 -3.750 -3.610 -3.289 -3.190 -3.106
0.0152 0.01508 7.17600 12.5580205917 2.6279359809   12.539  4.419  4.3678  3.541    1  0.000  0.540     0.00     0.00     0.00     0.00     0.00 -1 -2.71e-24      0.00 7.092e-01 2.755e-01 2.720e-03 7.402e-04 6.720e-03 -1.000 1.527e-02 -6.277 -5.179 -4.223 -3.998 -3.898 -3.760 -3.443 -3.346 -3.262
0.0152 0.01508 7.17600 12.7789525986 2.6280705246   12.751  4.458  4.3592  3.474    1  0.000  0.541     0.00     0.00     0.00     0.00     0.00 -1  -7.7e-22      0.00 7.092e-01 2.755e-01 2.724e-03 7.403e-04 6.720e-03 -1.000 1.527e-02 -6.375 -5.316 -4.369 -4.147 -4.049 -3.913 -3.601 -3.505 -3.423
0.0152 0.01508 7.17600 12.9524145126 2.6281724690   12.916  4.490  4.3503  3.413    1  0.000  0.541     0.00     0.00     0.00     0.00     0.00 -1 -1.26e-19      0.00 7.092e-01 2.755e-01 2.728e-03 7.404e-04 6.719e-03 -1.000 1.527e-02 -6.455 -5.435 -4.497 -4.279 -4.183 -4.050 -3.742 -3.648 -3.568
0.0152 0.01508 7.17600 13.1181850433 2.6282670014   13.062  4.521  4.3410  3.349    1  0.000  0.542     0.00     0.00     0.00     0.00     0.00 -1 -2.35e-17      0.00 7.092e-01 2.755e-01 2.731e-03 7.405e-04 6.719e-03 -1.000 1.527e-02 -6.533 -5.555 -4.626 -4.412 -4.319 -4.189 -3.886 -3.794 -3.715
0.0152 0.01508 7.17600 13.2647771835 2.6283483373   13.182  4.550  4.3352  3.301    1  0.000  0.542     0.00     0.00     0.00     0.00     0.00 -1 -1.13e-15      0.00 7.092e-01 2.755e-01 2.733e-03 7.405e-04 6.719e-03 -1.000 1.527e-02 -6.605 -5.654 -4.730 -4.518 -4.427 -4.298 -3.998 -3.908 -3.830
0.0152 0.01508 7.17600 13.3044347763 2.6283699872   13.213  4.560  4.3387  3.306    1  0.000  0.542     0.00     0.00     0.00     0.00     0.00 -1 -2.54e-15      0.00 7.092e-01 2.755e-01 2.734e-03 7.405e-04 6.719e-03 -1.000 1.527e-02 -6.630 -5.667 -4.738 -4.524 -4.432 -4.303 -4.001 -3.910 -3.831
0.0152 0.01508 7.17600 13.3575696945 2.6283987630   13.254  4.578  4.3509  3.338    1  0.000  0.543     0.00     0.00     0.00     0.00     0.00 -1 -3.85e-15      0.00 7.092e-01 2.755e-01 2.735e-03 7.406e-04 6.719e-03 -1.000 1.527e-02 -6.674 -5.665 -4.718 -4.500 -4.406 -4.273 -3.964 -3.871 -3.790
0.0152 0.01508 7.17600 13.3683242798 2.6284045553   13.263  4.587  4.3613  3.370    1  0.000  0.543     0.00     0.00     0.00     0.00     0.00 -1 -2.19e-15      0.00 7.092e-01 2.755e-01 2.735e-03 7.406e-04 6.719e-03 -1.000 1.527e-02 -6.699 -5.649 -4.688 -4.467 -4.370 -4.235 -3.920 -3.824 -3.742
0.0152 0.01508 7.17600 13.3741130829 2.6284076686   13.268  4.602  4.3735  3.405    1  0.000  0.543     0.00     0.00     0.00     0.00     0.00 -1 -2.96e-15      0.00 7.092e-01 2.755e-01 2.735e-03 7.406e-04 6.719e-03 -1.000 1.527e-02 -6.734 -5.637 -4.661 -4.435 -4.336 -4.197 -3.876 -3.777 -3.693
0.0152 0.01508 7.17600 13.3763694763 2.6284088813   13.270  4.618  4.3834  3.429    1  0.000  0.543     0.00     0.00     0.00     0.00     0.00 -1 -3.62e-15      0.00 7.092e-01 2.755e-01 2.735e-03 7.406e-04 6.719e-03 -1.000 1.527e-02 -6.774 -5.639 -4.649 -4.420 -4.318 -4.177 -3.851 -3.750 -3.664
0.0152 0.01508 7.17600 13.3778696060 2.6284096873   13.271  4.630  4.3912  3.448    1  0.000  0.543     0.00     0.00     0.00     0.00     0.00 -1 -4.24e-15      0.00 7.092e-01 2.755e-01 2.735e-03 7.406e-04 6.719e-03 -1.000 1.527e-02 -6.804 -5.639 -4.640 -4.408 -4.304 -4.161 -3.831 -3.729 -3.641
0.0152 0.01508 7.17600 13.3788871765 2.6284102339   13.272  4.616  4.3864  3.443    2  0.000  0.543     0.00     0.00     0.00     0.00     0.00 -1 -4.02e-15      0.00 7.092e-01 2.755e-01 2.735e-03 7.406e-04 6.719e-03 -1.000 1.527e-02 -6.769 -5.621 -4.629 -4.399 -4.296 -4.154 -3.826 -3.725 -3.638
0.0152 0.01508 7.17600 13.3798522949 2.6284107522   13.273  4.600  4.3771  3.421    2  0.000  0.543     0.00     0.00     0.00     0.00     0.00 -1 -3.64e-15      0.00 7.092e-01 2.755e-01 2.735e-03 7.406e-04 6.719e-03 -1.000 1.527e-02 -6.730 -5.618 -4.638 -4.411 -4.310 -4.171 -3.848 -3.749 -3.663
0.0152 0.01508 7.17600 13.3805828094 2.6284111445   13.274  4.593  4.3651  3.380    2  0.000  0.543     0.00     0.00     0.00     0.00     0.00 -1 -3.24e-15      0.00 7.092e-01 2.755e-01 2.735e-03 7.406e-04 6.719e-03 -1.000 1.527e-02 -6.713 -5.649 -4.682 -4.460 -4.362 -4.226 -3.910 -3.813 -3.729
0.0152 0.01508 7.17600 13.3811759949 2.6284114630   13.274  4.592  4.3534  3.335    2  0.000  0.543     0.00     0.00     0.00     0.00     0.00 -1 -6.31e-15      0.00 7.092e-01 2.755e-01 2.735e-03 7.406e-04 6.719e-03 -1.000 1.527e-02 -6.709 -5.691 -4.740 -4.522 -4.427 -4.294 -3.983 -3.889 -3.808
0.0152 0.01508 7.17600 13.3818378448 2.6284118183   13.275  4.593  4.3387  3.275    2  0.000  0.543     0.00     0.00     0.00     0.00     0.00 -1 -1.76e-14      0.00 7.092e-01 2.755e-01 2.735e-03 7.406e-04 6.719e-03 -1.000 1.527e-02 -6.713 -5.755 -4.822 -4.609 -4.518 -4.388 -4.086 -3.995 -3.916
0.0152 0.01508 7.17600 13.3824443817 2.6284121439   13.275  4.597  4.3238  3.212    2  0.000  0.543     0.00     0.00     0.00     0.00     0.00 -1  -2.7e-14      0.00 7.092e-01 2.755e-01 2.735e-03 7.406e-04 6.719e-03 -1.000 1.527e-02 -6.722 -5.821 -4.909 -4.701 -4.613 -4.488 -4.194 -4.106 -4.030
0.0152 0.01508 7.17600 13.3829040527 2.6284123907   13.276  4.600  4.3118  3.161    2  0.000  0.543     0.00     0.00     0.00     0.00     0.00 -1  -2.7e-14      0.00 7.092e-01 2.755e-01 2.735e-03 7.406e-04 6.719e-03 -1.000 1.527e-02 -6.729 -5.875 -4.980 -4.776 -4.691 -4.569 -4.282 -4.197 -4.123
0.0152 0.01508 7.17600 13.3833417892 2.6284126256   13.276  4.602  4.2998  3.110    2  0.000  0.543     0.00     0.00     0.00     0.00     0.00 -1 -2.69e-14      0.00 7.092e-01 2.755e-01 2.735e-03 7.406e-04 6.719e-03 -1.000 1.527e-02 -6.736 -5.927 -5.050 -4.850 -4.768 -4.650 -4.370 -4.287 -4.216
0.0152 0.01508 7.17600 13.3837585449 2.6284128493   13.276  4.605  4.2878  3.060    2  0.000  0.543     0.00     0.00     0.00     0.00     0.00 -1  -2.7e-14      0.00 7.092e-01 2.755e-01 2.735e-03 7.406e-04 6.719e-03 -1.000 1.527e-02 -6.742 -5.978 -5.120 -4.924 -4.845 -4.730 -4.458 -4.379 -4.309
0.0152 0.01508 7.17600 13.3842573166 2.6284131169   13.277  4.607  4.2727  2.997    2  0.000  0.543     0.00     0.00     0.00     0.00     0.00 -1  -2.7e-14      0.00 7.092e-01 2.755e-01 2.735e-03 7.406e-04 6.719e-03 -1.000 1.527e-02 -6.748 -6.040 -5.205 -5.015 -4.940 -4.831 -4.568 -4.492 -4.426
0.0152 0.01508 7.17600 13.3847284317 2.6284133697   13.277  4.609  4.2576  2.935    2  0.000  0.543     0.00     0.00     0.00     0.00     0.00 -1 -2.67e-14      0.00 7.092e-01 2.755e-01 2.735e-03 7.406e-04 6.719e-03 -1.000 1.527e-02 -6.752 -6.103 -5.288 -5.105 -5.035 -4.931 -4.678 -4.606 -4.542
0.0152 0.01508 7.17600 13.3850889206 2.6284135631   13.277  4.610  4.2455  2.885    2  0.000  0.543     0.00     0.00     0.00     0.00     0.00 -1 -2.65e-14      0.00 7.092e-01 2.755e-01 2.735e-03 7.406e-04 6.719e-03 -1.000 1.527e-02 -6.754 -6.151 -5.353 -5.176 -5.110 -5.011 -4.765 -4.696 -4.634
0.0152 0.01508 7.17600 13.3854312897 2.6284137468   13.278  4.610  4.2335  2.837    2  0.000  0.543     0.00     0.00     0.00     0.00     0.00 -1 -2.63e-14      0.00 7.092e-01 2.755e-01 2.735e-03 7.406e-04 6.719e-03 -1.000 1.527e-02 -6.756 -6.197 -5.417 -5.246 -5.183 -5.089 -4.850 -4.784 -4.725
0.0152 0.01508 7.17600 13.3857612610 2.6284139239   13.278  4.610  4.2213  2.788    2  0.000  0.543     0.00     0.00     0.00     0.00     0.00 -1  -2.6e-14      0.00 7.092e-01 2.755e-01 2.735e-03 7.406e-04 6.719e-03 -1.000 1.527e-02 -6.756 -6.243 -5.481 -5.315 -5.256 -5.166 -4.936 -4.873 -4.816
0.0152 0.01508 7.17600 13.3860750198 2.6284140922   13.278  4.610  4.2093  2.740    2  0.000  0.543     0.00     0.00     0.00     0.00     0.00 -1 -2.55e-14      0.00 7.092e-01 2.755e-01 2.735e-03 7.406e-04 6.719e-03 -1.000 1.527e-02 -6.755 -6.286 -5.544 -5.383 -5.328 -5.243 -5.020 -4.961 -4.906
0.0152 0.01508 7.17600 13.3863735199 2.6284142523   13.278  4.610  4.1972  2.692    2  0.000  0.543     0.00     0.00     0.00     0.00     0.00 -1 -2.53e-14      0.00 7.092e-01 2.755e-01 2.735e-03 7.406e-04 6.719e-03 -1.000 1.527e-02 -6.754 -6.328 -5.605 -5.450 -5.399 -5.318 -5.104 -5.047 -4.994
0.0152 0.01508 7.17600 13.3866605759 2.6284144063   13.279  4.609  4.1851  2.645    2  0.000  0.543     0.00     0.00     0.00     0.00     0.00 -1 -2.49e-14      0.00 7.092e-01 2.755e-01 2.735e-03 7.406e-04 6.719e-03 -1.000 1.527e-02 -6.752 -6.368 -5.666 -5.517 -5.470 -5.394 -5.187 -5.134 -5.083
0.0152 0.01508 7.17600 13.3869323730 2.6284145521   13.279  4.608  4.1730  2.598    2  0.000  0.543     0.00     0.00     0.00     0.00     0.00 -1 -2.45e-14      0.00 7.092e-01 2.755e-01 2.735e-03 7.406e-04 6.719e-03 -1.000 1.527e-02 -6.749 -6.407 -5.726 -5.583 -5.539 -5.468 -5.269 -5.219 -5.170
0.0152 0.01508 7.17600 13.3871917725 2.6284146912   13.279  4.606  4.1610  2.551    2  0.000  0.543     0.00     0.00     0.00     0.00     0.00 -1 -2.39e-14      0.00 7.092e-01 2.755e-01 2.735e-03 7.406e-04 6.719e-03 -1.000 1.527e-02 -6.746 -6.444 -5.785 -5.647 -5.607 -5.541 -5.351 -5.304 -5.257
0.0152 0.01508 7.17600 13.3874397278 2.6284148242   13.279  4.605  4.1489  2.504    2  0.000  0.543     0.00     0.00     0.00     0.00     0.00 -1 -2.35e-14      0.00 7.092e-01 2.755e-01 2.735e-03 7.406e-04 6.719e-03 -1.000 1.527e-02 -6.741 -6.480 -5.843 -5.711 -5.675 -5.613 -5.432 -5.388 -5.343
0.0152 0.01508 7.17600 13.3876762390 2.6284149510   13.279  4.603  4.1369  2.458    2  0.000  0.543     0.00     0.00     0.00     0.00     0.00 -1  -2.3e-14      0.00 7.092e-01 2.755e-01 2.735e-03 7.406e-04 6.719e-03 -1.000 1.527e-02 -6.737 -6.512 -5.898 -5.773 -5.741 -5.684 -5.511 -5.471 -5.428
0.0152 0.01508 7.17600 13.3879003525 2.6284150712   13.280  4.600  4.1249  2.412    2  0.000  0.543     0.00     0.00     0.00     0.00     0.00 -1 -2.24e-14      0.00 7.092e-01 2.755e-01 2.735e-03 7.406e-04 6.719e-03 -1.000 1.527e-02 -6.731 -6.541 -5.954 -5.835 -5.806 -5.753 -5.590 -5.552 -5.512
0.0152 0.01508 7.17600 13.3881654739 2.6284152134   13.280  4.598  4.1099  2.355    2  0.000  0.543     0.00     0.00     0.00     0.00     0.00 -1 -2.17e-14      0.00 7.092e-01 2.755e-01 2.735e-03 7.406e-04 6.719e-03 -1.000 1.527e-02 -6.724 -6.572 -6.027 -5.912 -5.886 -5.838 -5.688 -5.653 -5.615
0.0152 0.01508 7.17600 13.3884153366 2.6284153474   13.280  4.594  4.0949  2.298    2  0.000  0.543     0.00     0.00     0.00     0.00     0.00 -1 -2.11e-14      0.00 7.092e-01 2.755e-01 2.735e-03 7.406e-04 6.719e-03 -1.000 1.527e-02 -6.716 -6.601 -6.095 -5.987 -5.965 -5.922 -5.784 -5.753 -5.718
0.0152 0.01508 7.17600 13.3886041641 2.6284154486   13.280  4.592  4.0829  2.253    2  0.000  0.543     0.00     0.00     0.00     0.00     0.00 -1 -2.07e-14      0.00 7.092e-01 2.755e-01 2.735e-03 7.406e-04 6.719e-03 -1.000 1.527e-02 -6.709 -6.621 -6.147 -6.045 -6.026 -5.988 -5.860 -5.832 -5.799
0.0152 0.01508 7.17600 13.3887844086 2.6284155453   13.280  4.589  4.0709  2.208    2  0.000  0.543     0.00     0.00     0.00     0.00     0.00 -1 -2.01e-14      0.00 7.092e-01 2.755e-01 2.735e-03 7.406e-04 6.719e-03 -1.000 1.527e-02 -6.702 -6.658 -6.180 -6.093 -6.084 -6.055 -5.935 -5.914 -5.883
0.0152 0.01508 7.17600 13.3889560699 2.6284156373   13.280  4.586  4.0588  2.162    2  0.000  0.543     0.00     0.00     0.00     0.00     0.00 -1 -1.96e-14      0.00 7.092e-01 2.755e-01 2.735e-03 7.406e-04 6.719e-03 -1.000 1.527e-02 -6.695 -6.677 -6.226 -6.146 -6.142 -6.119 -6.010 -5.992 -5.964
0.0152 0.01508 7.17600 13.3891592026 2.6284157462   13.281  4.582  4.0437  2.106    2  0.000  0.543     0.00     0.00     0.00     0.00     0.00 -1 -2.64e-14      0.00 7.092e-01 2.755e-01 2.735e-03 7.406e-04 6.719e-03 -1.000 1.527e-02 -6.686 -6.694 -6.283 -6.212 -6.213 -6.197 -6.101 -6.089 -6.063
0.0152 0.01508 7.17600 13.3893117905 2.6284158280   13.281  4.579  4.0317  2.061    2  0.000  0.543     0.00     0.00     0.00     0.00     0.00 -1  -6.5e-14      0.00 7.092e-01 2.755e-01 2.735e-03 7.406e-04 6.719e-03 -1.000 1.527e-02 -6.678 -6.703 -6.328 -6.264 -6.268 -6.258 -6.173 -6.165 -6.141
0.0152 0.01508 7.17600 13.3894596100 2.6284159073   13.281  4.576  4.0197  2.016    2  0.000  0.543     0.00     0.00     0.00     0.00     0.00 -1 -1.15e-13      0.00 7.092e-01 2.755e-01 2.735e-03 7.406e-04 6.719e-03 -1.000 1.527e-02 -6.670 -6.709 -6.371 -6.313 -6.322 -6.316 -6.245 -6.240 -6.218
0.0152 0.01508 7.17600 13.3895988464 2.6284159820   13.281  4.573  4.0076  1.971    2  0.000  0.543     0.00     0.00     0.00     0.00     0.00 -1 -1.11e-13      0.00 7.092e-01 2.755e-01 2.735e-03 7.406e-04 6.719e-03 -1.000 1.527e-02 -6.662 -6.707 -6.414 -6.362 -6.373 -6.372 -6.315 -6.314 -6.295
0.0152 0.01508 7.17600 13.3897638321 2.6284160704   13.281  4.569  3.9924  1.914    2  0.000  0.543     0.00     0.00     0.00     0.00     0.00 -1 -1.07e-13      0.00 7.092e-01 2.755e-01 2.735e-03 7.406e-04 6.719e-03 -1.000 1.527e-02 -6.651 -6.699 -6.467 -6.422 -6.434 -6.440 -6.401 -6.405 -6.389
0.0152 0.01508 7.17600 13.3898916245 2.6284161389   13.281  4.565  3.9802  1.869    2  0.000  0.543     0.00     0.00     0.00     0.00     0.00 -1 -1.05e-13      0.00 7.092e-01 2.755e-01 2.735e-03 7.406e-04 6.719e-03 -1.000 1.527e-02 -6.643 -6.689 -6.508 -6.467 -6.482 -6.493 -6.470 -6.479 -6.466
0.0152 0.01508 7.17600 13.3900117874 2.6284162033   13.280  4.562  3.9680  1.824    2  0.000  0.543     0.00     0.00     0.00     0.00     0.00 -1 -1.02e-13      0.00 7.092e-01 2.755e-01 2.735e-03 7.406e-04 6.719e-03 -1.000 1.527e-02 -6.634 -6.676 -6.543 -6.510 -6.527 -6.544 -6.539 -6.552 -6.542
0.0152 0.01508 7.17600 13.3901271820 2.6284162652   13.281  4.558  3.9557  1.778    2  0.000  0.543     0.00     0.00     0.00     0.00     0.00 -1 -9.85e-14      0.00 7.092e-01 2.755e-01 2.735e-03 7.406e-04 6.719e-03 -1.000 1.527e-02 -6.625 -6.666 -6.562 -6.545 -6.571 -6.596 -6.607 -6.626 -6.620
0.0152 0.01508 7.17600 13.3902406693 2.6284163260   13.281  4.554  3.9433  1.732    2  0.000  0.543     0.00     0.00     0.00     0.00     0.00 -1  -9.6e-14      0.00 7.092e-01 2.755e-01 2.735e-03 7.406e-04 6.719e-03 -1.000 1.527e-02 -6.615 -6.649 -6.585 -6.581 -6.613 -6.647 -6.675 -6.701 -6.699
0.0152 0.01508 7.17600 13.3903484344 2.6284163838   13.281  4.550  3.9308  1.686    2  0.000  0.543     0.00     0.00     0.00     0.00     0.00 -1 -9.36e-14      0.00 7.092e-01 2.755e-01 2.735e-03 7.406e-04 6.719e-03 -1.000 1.527e-02 -6.606 -6.621 -6.610 -6.616 -6.652 -6.693 -6.742 -6.774 -6.776
0.0152 0.01508 7.17600 13.3904514313 2.6284164390   13.281  4.546  3.9186  1.641    2  0.000  0.543     0.00     0.00     0.00     0.00     0.00 -1 -9.05e-14      0.00 7.092e-01 2.755e-01 2.735e-03 7.406e-04 6.719e-03 -1.000 1.527e-02 -6.596 -6.583 -6.624 -6.642 -6.685 -6.736 -6.806 -6.847 -6.853
0.0152 0.01508 7.17600 13.3905506134 2.6284164922   13.281  4.542  3.9061  1.596    2  0.000  0.543     0.00     0.00     0.00     0.00     0.00 -1 -8.76e-14      0.00 7.092e-01 2.755e-01 2.735e-03 7.406e-04 6.719e-03 -1.000 1.527e-02 -6.585 -6.533 -6.624 -6.660 -6.713 -6.776 -6.871 -6.921 -6.931
0.0152 0.01508 7.17600 13.3906431198 2.6284165418   13.281  4.538  3.8940  1.552    2  0.000  0.543     0.00     0.00     0.00     0.00     0.00 -1  -8.5e-14      0.00 7.092e-01 2.755e-01 2.735e-03 7.406e-04 6.719e-03 -1.000 1.527e-02 -6.574 -6.474 -6.612 -6.671 -6.738 -6.814 -6.932 -6.993 -7.008
0.0152 0.01508 7.17600 13.3907546997 2.6284166016   13.281  4.532  3.8786  1.496    2  0.000  0.543     0.00     0.00     0.00     0.00     0.00 -1 -8.19e-14      0.00 7.092e-01 2.755e-01 2.735e-03 7.406e-04 6.719e-03 -1.000 1.527e-02 -6.560 -6.388 -6.575 -6.672 -6.762 -6.859 -7.009 -7.087 -7.107
0.0152 0.01508 7.17600 13.3908386230 2.6284166466   13.281  4.527  3.8663  1.451    2  0.000  0.543     0.00     0.00     0.00     0.00     0.00 -1 -7.94e-14      0.00 7.092e-01 2.755e-01 2.735e-03 7.406e-04 6.719e-03 -1.000 1.527e-02 -6.548 -6.311 -6.529 -6.666 -6.779 -6.895 -7.071 -7.164 -7.187
0.0152 0.01508 7.17600 13.3909177780 2.6284166890   13.281  4.522  3.8543  1.408    2  0.000  0.543     0.00     0.00     0.00     0.00     0.00 -1 -7.71e-14      0.00 7.092e-01 2.755e-01 2.735e-03 7.406e-04 6.719e-03 -1.000 1.527e-02 -6.536 -6.231 -6.474 -6.655 -6.791 -6.928 -7.129 -7.240 -7.267
0.0152 0.01508 7.17600 13.3910140991 2.6284167406   13.281  4.516  3.8388  1.353    2  0.000  0.543     0.00     0.00     0.00     0.00     0.00 -1 -7.42e-14      0.00 7.092e-01 2.755e-01 2.735e-03 7.406e-04 6.719e-03 -1.000 1.527e-02 -6.519 -6.119 -6.386 -6.633 -6.805 -6.969 -7.204 -7.340 -7.370
0.0152 0.01508 7.17600 13.3910846710 2.6284167784   13.281  4.510  3.8266  1.310    2  0.000  0.543     0.00     0.00     0.00     0.00     0.00 -1 -7.21e-14      0.00 7.092e-01 2.755e-01 2.735e-03 7.406e-04 6.719e-03 -1.000 1.527e-02 -6.505 -6.022 -6.305 -6.611 -6.813 -6.999 -7.261 -7.418 -7.452
0.0152 0.01508 7.17600 13.3911542892 2.6284168157   13.281  4.504  3.8142  1.266    2  0.000  0.543     0.00     0.00     0.00     0.00     0.00 -1 -6.99e-14      0.00 7.092e-01 2.755e-01 2.735e-03 7.406e-04 6.719e-03 -1.000 1.527e-02 -6.490 -5.912 -6.212 -6.584 -6.817 -7.027 -7.318 -7.498 -7.534
0.0152 0.01508 7.17600 13.3912210464 2.6284168515   13.281  4.498  3.8019  1.223    2  0.000  0.543     0.00     0.00     0.00     0.00     0.00 -1 -6.78e-14      0.00 7.092e-01 2.755e-01 2.735e-03 7.406e-04 6.719e-03 -1.000 1.527e-02 -6.474 -5.785 -6.109 -6.553 -6.819 -7.054 -7.374 -7.577 -7.618
0.0152 0.01508 7.17600 13.3912839890 2.6284168853   13.281  4.491  3.7895  1.181    2  0.000  0.543     0.00     0.00     0.00     0.00     0.00 -1 -6.56e-14      0.00 7.092e-01 2.755e-01 2.735e-03 7.406e-04 6.719e-03 -1.000 1.527e-02 -6.457 -5.646 -5.998 -6.515 -6.815 -7.075 -7.425 -7.654 -7.700
0.0152 0.01508 7.17600 13.3913450241 2.6284169180   13.281  4.483  3.7772  1.139    2  0.000  0.543     0.00     0.00     0.00     0.00     0.00 -1 -6.34e-14      0.00 7.092e-01 2.755e-01 2.735e-03 7.406e-04 6.719e-03 -1.000 1.527e-02 -6.439 -5.468 -5.871 -6.471 -6.810 -7.097 -7.478 -7.734 -7.784
0.0152 0.01508 7.17600 13.3914031982 2.6284169492   13.281  4.475  3.7648  1.097    2  0.000  0.543     0.00     0.00     0.00     0.00     0.00 -1 -6.11e-14      0.00 7.092e-01 2.755e-01 2.735e-03 7.406e-04 6.719e-03 -1.000 1.527e-02 -6.419 -5.274 -5.731 -6.416 -6.795 -7.112 -7.528 -7.815 -7.870
0.0152 0.01508 7.17600 13.3914585114 2.6284169788   13.281  4.467  3.7527  1.057    2  0.000  0.543     0.00     0.00     0.00     0.00     0.00 -1 -5.89e-14      0.00 7.092e-01 2.755e-01 2.735e-03 7.406e-04 6.719e-03 -1.000 1.527e-02 -6.397 -5.081 -5.601 -6.362 -6.774 -7.115 -7.564 -7.879 -7.938
0.0152 0.01508 7.17600 13.3915119171 2.6284170074   13.281  4.457  3.7401  1.017    2  0.000  0.543     0.00     0.00     0.00     0.00     0.00 -1 -5.68e-14      0.00 7.092e-01 2.755e-01 2.735e-03 7.406e-04 6.719e-03 -1.000 1.527e-02 -6.373 -4.766 -5.426 -6.293 -6.752 -7.120 -7.609 -7.958 -8.021
0.0152 0.01508 7.17600 13.3915643692 2.6284170355   13.281  4.446  3.7275  0.977    2  0.000  0.543     0.00     0.00     0.00     0.00     0.00 -1 -5.47e-14      0.00 7.092e-01 2.755e-01 2.735e-03 7.406e-04 6.719e-03 -1.000 1.527e-02 -6.346 -4.546 -5.285 -6.222 -6.713 -7.104 -7.630 -8.011 -8.076
0.0152 0.01508 7.17600 13.3916139603 2.6284170621   13.281  4.436  3.7153  0.939    2  0.000  0.543     0.00     0.00     0.00     0.00     0.00 -1 -5.28e-14      0.00 7.092e-01 2.755e-01 2.735e-03 7.406e-04 6.719e-03 -1.000 1.527e-02 -6.319 -4.300 -5.135 -6.143 -6.668 -7.084 -7.651 -8.067 -8.133
0.0152 0.01508 7.17600 13.3916645050 2.6284170892   13.281  4.423  3.7027  0.901    2  0.000  0.543     0.00     0.00     0.00     0.00     0.00 -1 -5.05e-14      0.00 7.092e-01 2.755e-01 2.735e-03 7.406e-04 6.719e-03 -1.000 1.527e-02 -6.287 -4.027 -4.973 -6.054 -6.613 -7.052 -7.665 -8.117 -8.186
0.0152 0.01508 7.17600 13.3917160034 2.6284171168   13.281  4.406  3.6891  0.864    2  0.000  0.543     0.00     0.00     0.00     0.00     0.00 -1 -4.77e-14      0.00 7.092e-01 2.755e-01 2.735e-03 7.406e-04 6.719e-03 -1.000 1.527e-02 -6.245 -3.708 -4.790 -5.945 -6.539 -7.004 -7.668 -8.157 -8.233
0.0152 0.01508 7.17600 13.3917713165 2.6284171464   13.281  4.387  3.6750  0.826    2  0.000  0.543     0.00     0.00     0.00     0.00     0.00 -1 -4.48e-14      0.00 7.092e-01 2.755e-01 2.735e-03 7.406e-04 6.719e-03 -1.000 1.527e-02 -6.197 -3.408 -4.599 -5.830 -6.456 -6.941 -7.663 -8.180 -8.272
0.0152 0.01508 7.17600 13.3918399811 2.6284171832   13.281  4.362  3.6588  0.786    2  0.000  0.543     0.00     0.00     0.00     0.00     0.00 -1 -4.12e-14      0.00 7.092e-01 2.755e-01 2.735e-03 7.406e-04 6.719e-03 -1.000 1.527e-02 -6.136 -3.040 -4.355 -5.682 -6.343 -6.853 -7.644 -8.185 -8.304
0.0152 0.01508 7.17600 13.3919048309 2.6284172180   13.281  4.333  3.6482  0.773    2  0.000  0.543     0.00     0.00     0.00     0.00     0.00 -1 -3.65e-14      0.00 7.092e-01 2.755e-01 2.735e-03 7.406e-04 6.719e-03 -1.000 1.527e-02 -6.063 -2.690 -4.146 -5.530 -6.223 -6.760 -7.597 -8.166 -8.298
0.0152 0.01508 7.17600 13.3920335770 2.6284172870   13.281  4.285  3.6325  0.758    2  0.000  0.543     0.00     0.00     0.00     0.00     0.00 -1 -2.97e-14      0.00 7.092e-01 2.755e-01 2.735e-03 7.406e-04 6.719e-03 -1.000 1.527e-02 -5.942 -2.146 -3.813 -5.278 -6.021 -6.604 -7.510 -8.125 -8.276
0.0152 0.01508 7.17600 13.3922300339 2.6284173923   13.281  4.243  3.6208  0.753    2  0.000  0.543     0.00     0.00     0.00     0.00     0.00 -1 -2.85e-14      0.00 7.092e-01 2.755e-01 2.735e-03 7.406e-04 6.719e-03 -1.000 1.527e-02 -5.838 -1.726 -3.541 -5.061 -5.847 -6.470 -7.427 -8.081 -8.245
0.0152 0.01508 7.17600 13.3922834396 2.6284174209   13.282  4.235  3.6176  0.749    2  0.000  0.543     0.00     0.00     0.00     0.00     0.00 -1 -2.83e-14      0.00 7.092e-01 2.755e-01 2.735e-03 7.406e-04 6.719e-03 -1.000 1.527e-02 -5.818 -1.622 -3.472 -5.007 -5.805 -6.441 -7.412 -8.077 -8.245
0.0152 0.01508 7.17600 13.3923835754 2.6284174746   13.282  4.271  3.6089  0.678    2  0.000  0.542     0.00     0.00     0.00     0.00     0.00 -1 -2.82e-14      0.00 7.092e-01 2.755e-01 2.734e-03 7.409e-04 6.719e-03 -1.000 1.527e-02 -5.907 -1.442 -3.415 -4.999 -5.834 -6.506 -7.519 -8.210 -8.390
0.0152 0.01508 7.17600 13.3924579620 2.6284175144   13.282  4.326  3.6006  0.590    3  0.000  0.536    99.97    56.88    38.73    27.95    23.22  4 -2.89e-14      0.00 7.091e-01 2.756e-01 2.701e-03 7.661e-04 6.716e-03 -1.000 1.527e-02 -6.045 -1.321 -3.406 -5.035 -5.907 -6.621 -7.674 -8.389 -8.581
0.0152 0.01508 7.17600 13.3925113678 2.6284175430   13.282  4.382  3.5939  0.507    3  0.000  0.512   121.91    66.07    44.68    32.31    26.86  4 -3.04e-14      0.00 7.087e-01 2.761e-01 2.583e-03 8.908e-04 6.704e-03 -1.000 1.529e-02 -6.184 -1.248 -3.414 -5.079 -5.984 -6.740 -7.827 -8.561 -8.764
0.0152 0.01508 7.17600 13.3925514221 2.6284175645   13.282  4.434  3.5881  0.431    3  0.000  0.472   146.19    75.77    50.93    36.90    30.69  4 -3.36e-14      0.00 7.076e-01 2.771e-01 2.368e-03 1.159e-03 6.668e-03 -1.000 1.531e-02 -6.316 -1.195 -3.424 -5.121 -6.056 -6.854 -7.972 -8.721 -8.934
0.0152 0.01508 7.17600 13.3925876617 2.6284175839   13.282  4.484  3.5829  0.361    3  0.000  0.434   172.91    86.00    57.48    41.72    34.71  4 -3.76e-14      0.00 7.062e-01 2.785e-01 2.153e-03 1.441e-03 6.615e-03 -1.000 1.533e-02 -6.439 -1.160 -3.433 -5.155 -6.119 -6.960 -8.108 -8.870 -9.091
0.0152 0.01508 7.17600 13.3925962448 2.6284175885   13.282  4.495  3.5817  0.345    3  0.000  0.426   180.00    88.64    59.16    42.97    35.74  4 -3.86e-14      0.00 7.058e-01 2.789e-01 2.104e-03 1.509e-03 6.599e-03 -1.000 1.533e-02 -6.469 -1.152 -3.435 -5.163 -6.134 -6.986 -8.141 -8.906 -9.129
0.0152 0.01508 7.17600 13.3926362991 2.6284176100   13.282  4.551  3.5768  0.270    3  0.000  0.415   215.28   101.46    67.30    48.98    40.76  4    -5e-14      0.00 6.940e-01 2.907e-01 1.948e-03 1.996e-03 6.262e-03 -1.000 1.533e-02 -6.607 -1.144 -3.454 -5.202 -6.203 -7.106 -8.292 -9.068 -9.299
0.0152 0.01508 7.17600 13.3926715851 2.6284176289   13.282  4.592  3.5729  0.213    3  0.000  0.409   246.63   112.41    74.23    54.10    45.03  4 -5.97e-14      0.00 6.886e-01 2.961e-01 1.876e-03 2.220e-03 6.106e-03 -1.000 1.533e-02 -6.709 -1.137 -3.459 -5.220 -6.246 -7.193 -8.405 -9.190 -9.428
0.0152 0.01508 7.17600 13.3927030563 2.6284176457   13.282  4.620  3.5701  0.174    3  0.000  0.407   270.96   120.68    79.44    57.95    48.25  4 -6.76e-14      0.00 6.865e-01 2.982e-01 1.847e-03 2.311e-03 6.043e-03 -1.000 1.536e-02 -6.779 -1.130 -3.459 -5.229 -6.273 -7.253 -8.482 -9.274 -9.517
0.0152 0.01508 7.17600 13.3927774429 2.6284176856   13.282  4.663  3.5654  0.112    3  0.000  0.404   304.00   135.06    88.45    64.64    53.82  4 -8.63e-14      0.00 6.840e-01 3.007e-01 1.813e-03 2.420e-03 5.968e-03 -1.000 1.537e-02 -6.889 -1.125 -3.440 -5.214 -6.294 -7.340 -8.604 -9.406 -9.657
0.0152 0.01508 7.17600 13.3928127289 2.6284177045   13.282  4.676  3.5641  0.094    3  0.000  0.404   312.42   139.48    91.21    66.69    55.54  4 -9.25e-14      0.00 6.833e-01 3.014e-01 1.801e-03 2.454e-03 5.945e-03 -1.000 1.534e-02 -6.920 -1.124 -3.435 -5.209 -6.300 -7.365 -8.639 -9.444 -9.697
0.0152 0.01508 7.17600 13.3928184509 2.6284177076   13.282  4.679  3.5638  0.089    3  0.000  0.403   314.49   140.57    91.89    67.19    55.96  4 -9.28e-14      0.00 6.830e-01 3.016e-01 1.797e-03 2.466e-03 5.936e-03 -1.000 1.534e-02 -6.928 -1.124 -3.434 -5.209 -6.302 -7.371 -8.648 -9.453 -9.707
0.0152 0.01508 7.17600 13.3928422928 2.6284177204   13.282  4.692  3.5626  0.072    3  0.000  0.402   323.07   145.10    94.72    69.29    57.71  3 -9.37e-14      0.00 6.822e-01 3.024e-01 1.781e-03 2.511e-03 5.907e-03 -1.000 1.534e-02 -6.959 -1.124 -3.430 -5.206 -6.309 -7.397 -8.683 -9.491 -9.746
0.0152 0.01508 7.17600 13.3928737640 2.6284177372   13.282  4.707  3.5611  0.051    3  0.000  0.401   333.64   150.70    98.21    71.89    59.88  3  -9.5e-14      0.00 6.815e-01 3.031e-01 1.769e-03 2.549e-03 5.882e-03 -1.000 1.533e-02 -6.996 -1.124 -3.425 -5.203 -6.317 -7.427 -8.724 -9.536 -9.794
0.0152 0.01508 7.17600 13.3929023743 2.6284177525   13.282  4.719  3.5598  0.033    3  0.000  0.400   342.70   155.54   101.22    74.12    61.74  3 -9.62e-14      0.00 6.811e-01 3.036e-01 1.760e-03 2.573e-03 5.866e-03 -1.000 1.535e-02 -7.028 -1.123 -3.420 -5.199 -6.323 -7.451 -8.759 -9.573 -9.833
0.0152 0.01508 7.17600 13.3929481506 2.6284177771   13.282  4.733  3.5583  0.013    3  0.000  0.399   353.49   161.32   104.81    76.79    63.97  3 -9.81e-14      0.00 6.806e-01 3.040e-01 1.752e-03 2.597e-03 5.850e-03 -1.000 1.534e-02 -7.063 -1.123 -3.408 -5.184 -6.323 -7.477 -8.799 -9.616 -9.879
0.0152 0.01508 7.17600 13.3930206299 2.6284178159   13.282  4.748  3.5568 -0.007    3  0.000  0.399   364.91   167.48   108.62    79.63    66.35  3 -1.01e-13      0.00 6.801e-01 3.045e-01 1.745e-03 2.620e-03 5.835e-03 -1.000 1.536e-02 -7.100 -1.123 -3.394 -5.167 -6.322 -7.504 -8.840 -9.660 -9.926
0.0152 0.01508 7.17600 13.3932285309 2.6284179273   13.282  4.763  3.5551 -0.030    3  0.000  0.398   377.52   174.31   112.85    82.78    68.98  3 -1.05e-13      0.00 6.797e-01 3.050e-01 1.737e-03 2.642e-03 5.820e-03 -1.000 1.537e-02 -7.138 -1.123 -3.378 -5.148 -6.321 -7.532 -8.884 -9.707 -9.975
0.0152 0.01508 7.17600 13.3944416046 2.6284185772   13.282  4.781  3.5532 -0.055    3  0.000  0.397   392.55   182.52   117.92    86.56    72.13  0 -1.13e-13      0.00 6.786e-01 3.060e-01 1.725e-03 2.683e-03 5.791e-03 -1.000 1.536e-02 -7.183 -1.122 -3.358 -5.125 -6.318 -7.563 -8.935 -9.761 -10.033
0.0152 0.01508 7.17600 13.3979167938 2.6284204382   13.282  4.800  3.5511 -0.082    3  0.000  0.396   409.42   191.80   123.64    90.82    75.70  0 -1.32e-13      0.00 6.760e-01 3.086e-01 1.705e-03 2.755e-03 5.736e-03 -1.000 1.537e-02 -7.231 -1.122 -3.338 -5.102 -6.316 -7.598 -8.989 -9.820 -10.095
0.0152 0.01508 7.17600 13.4084558487 2.6284260753   13.283  4.791  3.5523 -0.068    3  0.000  0.396   400.72   187.00   120.69    88.62    73.86  0 -1.69e-13      0.00 6.759e-01 3.087e-01 1.705e-03 2.757e-03 5.735e-03 -1.000 1.537e-02 -7.207 -1.124 -3.353 -5.119 -6.321 -7.582 -8.962 -9.790 -10.064
0.0152 0.01508 7.17600 13.4424238205 2.6284441747   13.287  4.753  3.5569 -0.012    4  0.000  0.396     0.00     0.00     0.00     0.00     0.00 -1 -3.62e-13      0.00 6.758e-01 3.089e-01 1.704e-03 2.761e-03 5.731e-03 -1.000 1.537e-02 -7.113 -1.134 -3.409 -5.184 -6.339 -7.518 -8.854 -9.673 -9.939
0.0152 0.01508 7.17600 13.4680900574 2.6284577810   13.293  4.718  3.5612  0.040    4  0.000  0.396     0.00     0.00     0.00     0.00     0.00 -1 -6.33e-13      0.00 6.756e-01 3.090e-01 1.704e-03 2.765e-03 5.728e-03 -1.000 1.537e-02 -7.025 -1.144 -3.453 -5.234 -6.348 -7.456 -8.753 -9.563 -9.822
0.0152 0.01508 7.17600 13.4974651337 2.6284732805   13.301  4.681  3.5659  0.097    4  0.000  0.397     0.00     0.00     0.00     0.00     0.00 -1 -1.19e-12      0.00 6.755e-01 3.091e-01 1.703e-03 2.768e-03 5.725e-03 -1.000 1.537e-02 -6.932 -1.162 -3.490 -5.268 -6.346 -7.386 -8.647 -9.446 -9.697
0.0152 0.01508 7.17600 13.5327930450 2.6284918185   13.314  4.648  3.5704  0.148    4  0.000  0.397     0.00     0.00     0.00     0.00     0.00 -1 -2.63e-12      0.00 6.753e-01 3.093e-01 1.702e-03 2.773e-03 5.722e-03 -1.000 1.537e-02 -6.850 -1.185 -3.529 -5.306 -6.350 -7.325 -8.553 -9.342 -9.586
0.0152 0.01508 7.17600 13.6109237671 2.6285324240   13.345  4.619  3.5767  0.203    4  0.000  0.397     0.00     0.00     0.00     0.00     0.00 -1 -1.77e-11      0.00 6.749e-01 3.097e-01 1.701e-03 2.783e-03 5.714e-03 -1.000 1.537e-02 -6.777 -1.255 -3.600 -5.365 -6.371 -7.276 -8.465 -9.237 -9.471
0.0152 0.01508 7.17600 13.6679115295 2.6285617049   13.366  4.612  3.5800  0.224    4  0.000  0.397     0.00     0.00     0.00     0.00     0.00 -1 -7.39e-11      0.00 6.746e-01 3.100e-01 1.699e-03 2.790e-03 5.708e-03 -1.000 1.537e-02 -6.761 -1.307 -3.658 -5.419 -6.406 -7.274 -8.442 -9.204 -9.434
0.0152 0.01508 7.17600 13.7004680634 2.6285783070   13.375  4.618  3.5816  0.225    5  0.000  0.397     0.00     0.00     0.00     0.00     0.00 -1 -1.74e-10      0.00 6.745e-01 3.101e-01 1.699e-03 2.794e-03 5.704e-03 -1.000 1.537e-02 -6.774 -1.352 -3.701 -5.458 -6.438 -7.292 -8.452 -9.209 -9.436
0.0152 0.01508 7.17600 13.7495565414 2.6286031688   13.388  4.641  3.5864  0.221    5  0.000  0.397     0.00     0.00     0.00     0.00     0.00 -1 -6.69e-10      0.00 6.742e-01 3.104e-01 1.698e-03 2.800e-03 5.699e-03 -1.000 1.537e-02 -6.833 -1.495 -3.845 -5.595 -6.553 -7.369 -8.503 -9.244 -9.465
0.0152 0.01508 7.17600 13.7546482086 2.6286057359   13.389  4.662  3.5897  0.214    5  0.000  0.397     0.00     0.00     0.00     0.00     0.00 -1 -8.37e-10      0.00 6.742e-01 3.104e-01 1.697e-03 2.801e-03 5.699e-03 -1.000 1.537e-02 -6.884 -1.599 -3.952 -5.698 -6.641 -7.431 -8.549 -9.278 -9.496
0.0152 0.01508 7.17600 13.7567863464 2.6286068132   13.389  4.679  3.5935  0.212    5  0.000  0.397     0.00     0.00     0.00     0.00     0.00 -1 -9.72e-10      0.00 6.742e-01 3.104e-01 1.697e-03 2.801e-03 5.699e-03 -1.000 1.537e-02 -6.928 -1.720 -4.060 -5.795 -6.721 -7.487 -8.587 -9.302 -9.515
0.0152 0.01508 7.17600 13.7578601837 2.6286073542   13.389  4.694  3.6010  0.226    5  0.000  0.397     0.00     0.00     0.00     0.00     0.00 -1 -1.09e-09      0.00 6.742e-01 3.104e-01 1.697e-03 2.802e-03 5.699e-03 -1.000 1.537e-02 -6.966 -1.934 -4.229 -5.937 -6.829 -7.550 -8.612 -9.303 -9.506
0.0152 0.01508 7.17600 13.7582826614 2.6286075670   13.389  4.701  3.6111  0.260    5  0.000  0.397     0.00     0.00     0.00     0.00     0.00 -1 -1.18e-09      0.00 6.742e-01 3.104e-01 1.697e-03 2.802e-03 5.699e-03 -1.000 1.537e-02 -6.983 -2.229 -4.418 -6.078 -6.927 -7.598 -8.613 -9.271 -9.460
0.0152 0.01508 7.17600 13.7585325241 2.6286076928   13.389  4.705  3.6220  0.300    5  0.000  0.397     0.00     0.00     0.00     0.00     0.00 -1 -1.23e-09      0.00 6.742e-01 3.104e-01 1.697e-03 2.802e-03 5.698e-03 -1.000 1.537e-02 -6.991 -2.562 -4.604 -6.206 -7.010 -7.636 -8.601 -9.225 -9.399
0.0152 0.01508 7.17600 13.7587814331 2.6286078181   13.389  4.707  3.6365  0.356    5  0.000  0.397     0.00     0.00     0.00     0.00     0.00 -1 -1.28e-09      0.00 6.742e-01 3.104e-01 1.697e-03 2.802e-03 5.698e-03 -1.000 1.537e-02 -6.997 -3.021 -4.835 -6.353 -7.102 -7.678 -8.576 -9.159 -9.313
0.0152 0.01508 7.17600 13.7590608597 2.6286079589   13.388  4.707  3.6548  0.429    5  0.000  0.397     0.00     0.00     0.00     0.00     0.00 -1 -1.35e-09      0.00 6.742e-01 3.104e-01 1.697e-03 2.802e-03 5.698e-03 -1.000 1.537e-02 -6.998 -3.586 -5.100 -6.507 -7.195 -7.718 -8.533 -9.069 -9.199
0.0152 0.01508 7.17600 13.7593727112 2.6286081159   13.388  4.707  3.6739  0.505    5  0.000  0.397     0.00     0.00     0.00     0.00     0.00 -1 -1.43e-09      0.00 6.742e-01 3.104e-01 1.697e-03 2.802e-03 5.698e-03 -1.000 1.537e-02 -6.998 -4.122 -5.367 -6.625 -7.256 -7.745 -8.474 -8.984 -9.081
0.0152 0.01508 7.17600 13.7597217560 2.6286082917   13.388  4.707  3.6924  0.579    5  0.000  0.397     0.00     0.00     0.00     0.00     0.00 -1 -1.51e-09      0.00 6.742e-01 3.104e-01 1.697e-03 2.802e-03 5.698e-03 -1.000 1.537e-02 -6.998 -4.534 -5.580 -6.717 -7.300 -7.760 -8.411 -8.885 -8.961
0.0152 0.01508 7.17600 13.7601099014 2.6286084871   13.388  4.707  3.7103  0.650    5  0.000  0.397     0.00     0.00     0.00     0.00     0.00 -1  -1.6e-09      0.00 6.742e-01 3.104e-01 1.697e-03 2.802e-03 5.698e-03 -1.000 1.537e-02 -6.998 -4.891 -5.768 -6.804 -7.339 -7.765 -8.348 -8.771 -8.841
0.0152 0.01508 7.17600 13.7605457306 2.6286087065   13.388  4.707  3.7276  0.720    5  0.000  0.397     0.00     0.00     0.00     0.00     0.00 -1  -1.7e-09      0.00 6.742e-01 3.104e-01 1.697e-03 2.802e-03 5.698e-03 -1.000 1.537e-02 -6.998 -5.202 -5.944 -6.878 -7.365 -7.757 -8.281 -8.654 -8.721
0.0152 0.01508 7.17600 13.7610330582 2.6286089519   13.387  4.707  3.7441  0.786    5  0.000  0.397     0.00     0.00     0.00     0.00     0.00 -1 -1.78e-09      0.00 6.742e-01 3.104e-01 1.697e-03 2.802e-03 5.698e-03 -1.000 1.537e-02 -6.997 -5.484 -6.108 -6.938 -7.378 -7.736 -8.209 -8.538 -8.602
0.0152 0.01508 7.17600 13.7615776062 2.6286092260   13.387  4.706  3.7598  0.850    5  0.000  0.397     0.00     0.00     0.00     0.00     0.00 -1 -1.89e-09      0.00 6.742e-01 3.104e-01 1.697e-03 2.802e-03 5.698e-03 -1.000 1.537e-02 -6.995 -5.758 -6.265 -6.986 -7.377 -7.703 -8.130 -8.421 -8.479
0.0152 0.01508 7.17600 13.7621879578 2.6286095332   13.386  4.705  3.7745  0.910    5  0.000  0.397     0.00     0.00     0.00     0.00     0.00 -1 -1.99e-09      0.00 6.742e-01 3.105e-01 1.697e-03 2.802e-03 5.698e-03 -1.000 1.537e-02 -6.993 -5.965 -6.403 -7.024 -7.369 -7.660 -8.047 -8.304 -8.356
0.0152 0.01508 7.17600 13.7628669739 2.6286098750   13.386  4.704  3.7878  0.964    5  0.000  0.397     0.00     0.00     0.00     0.00     0.00 -1 -2.08e-09      0.00 6.742e-01 3.105e-01 1.697e-03 2.802e-03 5.698e-03 -1.000 1.537e-02 -6.989 -6.141 -6.523 -7.050 -7.352 -7.614 -7.966 -8.194 -8.241
0.0152 0.01508 7.17600 13.7636299133 2.6286102589   13.385  4.702  3.7992  1.011    5  0.000  0.397     0.00     0.00     0.00     0.00     0.00 -1 -2.17e-09      0.00 6.742e-01 3.105e-01 1.697e-03 2.802e-03 5.698e-03 -1.000 1.537e-02 -6.985 -6.263 -6.611 -7.066 -7.335 -7.573 -7.898 -8.102 -8.144
0.0152 0.01508 7.17600 13.7644834518 2.6286106884   13.384  4.701  3.8088  1.051    5  0.000  0.397     0.00     0.00     0.00     0.00     0.00 -1 -2.27e-09      0.00 6.742e-01 3.105e-01 1.697e-03 2.802e-03 5.698e-03 -1.000 1.537e-02 -6.982 -6.349 -6.678 -7.075 -7.318 -7.537 -7.838 -8.024 -8.063
0.0152 0.01508 7.17600 13.7654342651 2.6286111667   13.382  4.699  3.8166  1.084    5  0.000  0.397     0.00     0.00     0.00     0.00     0.00 -1 -2.36e-09      0.00 6.742e-01 3.105e-01 1.697e-03 2.802e-03 5.698e-03 -1.000 1.537e-02 -6.978 -6.417 -6.728 -7.079 -7.301 -7.505 -7.789 -7.960 -7.997
0.0152 0.01508 7.17600 13.7664995193 2.6286117026   13.381  4.698  3.8227  1.109    5  0.000  0.397     0.00     0.00     0.00     0.00     0.00 -1 -2.45e-09      0.00 6.742e-01 3.105e-01 1.697e-03 2.803e-03 5.698e-03 -1.000 1.537e-02 -6.975 -6.464 -6.764 -7.081 -7.288 -7.481 -7.750 -7.910 -7.946
0.0152 0.01508 7.17600 13.7690229416 2.6286129715   13.378  4.697  3.8310  1.144    5  0.000  0.397     0.00     0.00     0.00     0.00     0.00 -1 -2.65e-09      0.00 6.741e-01 3.105e-01 1.697e-03 2.803e-03 5.697e-03 -1.000 1.537e-02 -6.972 -6.525 -6.811 -7.084 -7.270 -7.447 -7.698 -7.843 -7.877
0.0152 0.01508 7.17600 13.7735271454 2.6286152351   13.377  4.697  3.8377  1.170    5  0.000  0.397     0.00     0.00     0.00     0.00     0.00 -1  -7.9e-10      0.00 6.741e-01 3.105e-01 1.697e-03 2.804e-03 5.697e-03 -1.000 1.537e-02 -6.972 -6.571 -6.845 -7.088 -7.258 -7.423 -7.659 -7.794 -7.825
0.0152 0.01508 7.17600 13.7832365036 2.6286201089   13.381  4.699  3.8457  1.200    5  0.000  0.397     0.00     0.00     0.00     0.00     0.00 -1 -1.04e-09      0.00 6.741e-01 3.106e-01 1.697e-03 2.805e-03 5.696e-03 -1.000 1.537e-02 -6.977 -6.630 -6.888 -7.097 -7.249 -7.399 -7.617 -7.739 -7.769
0.0152 0.01508 7.17600 13.7954168320 2.6286262118   13.385  4.702  3.8535  1.229    5  0.000  0.397     0.00     0.00     0.00     0.00     0.00 -1 -1.45e-09      0.00 6.740e-01 3.106e-01 1.697e-03 2.806e-03 5.695e-03 -1.000 1.537e-02 -6.985 -6.687 -6.929 -7.106 -7.241 -7.378 -7.578 -7.688 -7.715
0.0152 0.01508 7.17600 13.8196229935 2.6286383036   13.393  4.707  3.8634  1.264    5  0.000  0.397     0.00     0.00     0.00     0.00     0.00 -1 -2.76e-09      0.00 6.739e-01 3.107e-01 1.696e-03 2.809e-03 5.692e-03 -1.000 1.537e-02 -6.998 -6.759 -6.978 -7.119 -7.234 -7.354 -7.533 -7.628 -7.652
0.0152 0.01508 7.17600 13.8295001984 2.6286432236   13.396  4.709  3.8656  1.270    5  0.000  0.397     0.00     0.00     0.00     0.00     0.00 -1 -3.56e-09      0.00 6.738e-01 3.108e-01 1.696e-03 2.811e-03 5.691e-03 -1.000 1.537e-02 -7.003 -6.776 -6.989 -7.124 -7.234 -7.350 -7.525 -7.617 -7.641
0.0152 0.01508 7.17600 13.8647851944 2.6286607339   13.408  4.713  3.8643  1.262    6  0.000  0.397     0.00     0.00     0.00     0.00     0.00 -1  -8.5e-09      0.00 6.737e-01 3.110e-01 1.695e-03 2.815e-03 5.688e-03 -1.000 1.537e-02 -7.012 -6.778 -6.995 -7.133 -7.246 -7.365 -7.542 -7.636 -7.660
0.0152 0.01508 7.17600 13.8838109970 2.6286701330   13.414  4.714  3.8597  1.242    6  0.000  0.397     0.00     0.00     0.00     0.00     0.00 -1 -1.35e-08      0.00 6.736e-01 3.110e-01 1.695e-03 2.817e-03 5.686e-03 -1.000 1.537e-02 -7.016 -6.756 -6.985 -7.139 -7.260 -7.386 -7.573 -7.673 -7.699
0.0152 0.01508 7.17600 13.8984479904 2.6286773438   13.419  4.715  3.8547  1.221    6  0.000  0.397     0.00     0.00     0.00     0.00     0.00 -1 -1.92e-08      0.00 6.735e-01 3.111e-01 1.694e-03 2.819e-03 5.684e-03 -1.000 1.537e-02 -7.019 -6.729 -6.969 -7.141 -7.273 -7.407 -7.605 -7.713 -7.739
0.0152 0.01508 7.17600 13.9109640121 2.6286834959   13.423  4.716  3.8498  1.201    6  0.000  0.397     0.00     0.00     0.00     0.00     0.00 -1 -2.59e-08      0.00 6.734e-01 3.112e-01 1.694e-03 2.821e-03 5.683e-03 -1.000 1.537e-02 -7.021 -6.702 -6.951 -7.142 -7.284 -7.427 -7.636 -7.751 -7.779
0.0152 0.01508 7.17600 13.9208030701 2.6286883233   13.413  4.716  3.8446  1.179    6  0.000  0.397     0.00     0.00     0.00     0.00     0.00 -1 -1.36e-07      0.00 6.734e-01 3.112e-01 1.694e-03 2.822e-03 5.682e-03 -1.000 1.537e-02 -7.021 -6.667 -6.927 -7.140 -7.295 -7.447 -7.667 -7.790 -7.820
0.0152 0.01508 7.17600 13.9282121658 2.6286919532   13.402  4.716  3.8392  1.158    6  0.000  0.397     0.00     0.00     0.00     0.00     0.00 -1 -1.63e-07      0.00 6.734e-01 3.113e-01 1.694e-03 2.823e-03 5.681e-03 -1.000 1.537e-02 -7.021 -6.632 -6.903 -7.138 -7.305 -7.466 -7.698 -7.830 -7.861
0.0152 0.01508 7.17600 13.9364070892 2.6286959630   13.390  4.716  3.8327  1.131    6  0.000  0.397     0.00     0.00     0.00     0.00     0.00 -1 -1.95e-07      0.00 6.733e-01 3.113e-01 1.693e-03 2.824e-03 5.681e-03 -1.000 1.537e-02 -7.021 -6.587 -6.870 -7.135 -7.316 -7.490 -7.736 -7.879 -7.912
0.0152 0.01508 7.17600 13.9423618317 2.6286988733   13.381  4.716  3.8276  1.111    6  0.000  0.397     0.00     0.00     0.00     0.00     0.00 -1 -2.25e-07      0.00 6.733e-01 3.113e-01 1.693e-03 2.825e-03 5.680e-03 -1.000 1.537e-02 -7.020 -6.549 -6.841 -7.131 -7.325 -7.508 -7.766 -7.917 -7.952
0.0152 0.01508 7.17600 13.9491024017 2.6287021642   13.372  4.717  3.8214  1.085    6  0.000  0.397     0.00     0.00     0.00     0.00     0.00 -1 -2.65e-07      0.00 6.733e-01 3.114e-01 1.693e-03 2.825e-03 5.679e-03 -1.000 1.537e-02 -7.023 -6.501 -6.805 -7.128 -7.338 -7.533 -7.805 -7.967 -8.003
0.0152 0.01508 7.17600 13.9546947479 2.6287048917   13.364  4.718  3.8157  1.061    6  0.000  0.397     0.00     0.00     0.00     0.00     0.00 -1 -2.99e-07      0.00 6.732e-01 3.114e-01 1.693e-03 2.826e-03 5.679e-03 -1.000 1.537e-02 -7.025 -6.457 -6.771 -7.125 -7.349 -7.554 -7.840 -8.013 -8.050
0.0152 0.01508 7.17600 13.9610042572 2.6287079660   13.356  4.719  3.8087  1.032    6  0.000  0.397     0.00     0.00     0.00     0.00     0.00 -1 -3.48e-07      0.00 6.732e-01 3.114e-01 1.693e-03 2.827e-03 5.678e-03 -1.000 1.537e-02 -7.027 -6.393 -6.725 -7.121 -7.364 -7.582 -7.884 -8.069 -8.108
0.0152 0.01508 7.17600 13.9657316208 2.6287102673   13.350  4.719  3.8030  1.008    6  0.000  0.397     0.00     0.00     0.00     0.00     0.00 -1 -3.89e-07      0.00 6.732e-01 3.114e-01 1.693e-03 2.828e-03 5.678e-03 -1.000 1.537e-02 -7.029 -6.340 -6.683 -7.115 -7.374 -7.604 -7.919 -8.115 -8.156
0.0152 0.01508 7.17600 13.9709558487 2.6287128083   13.344  4.720  3.7961  0.980    6  0.000  0.397     0.00     0.00     0.00     0.00     0.00 -1 -4.35e-07      0.00 6.732e-01 3.115e-01 1.693e-03 2.828e-03 5.677e-03 -1.000 1.537e-02 -7.030 -6.274 -6.632 -7.106 -7.383 -7.628 -7.960 -8.170 -8.214
0.0152 0.01508 7.17600 13.9754076004 2.6287149720   13.338  4.721  3.7897  0.953    6  0.000  0.397     0.00     0.00     0.00     0.00     0.00 -1 -4.83e-07      0.00 6.731e-01 3.115e-01 1.693e-03 2.829e-03 5.677e-03 -1.000 1.537e-02 -7.031 -6.205 -6.582 -7.096 -7.392 -7.650 -7.998 -8.221 -8.267
0.0152 0.01508 7.17600 13.9800233841 2.6287172136   13.333  4.721  3.7824  0.924    6  0.000  0.397     0.00     0.00     0.00     0.00     0.00 -1 -5.31e-07      0.00 6.731e-01 3.115e-01 1.692e-03 2.829e-03 5.676e-03 -1.000 1.537e-02 -7.032 -6.114 -6.520 -7.084 -7.402 -7.675 -8.040 -8.278 -8.327
0.0152 0.01508 7.17600 13.9845094681 2.6287193907   13.328  4.721  3.7747  0.892    6  0.000  0.397     0.00     0.00     0.00     0.00     0.00 -1 -5.89e-07      0.00 6.731e-01 3.115e-01 1.692e-03 2.830e-03 5.676e-03 -1.000 1.537e-02 -7.033 -6.006 -6.446 -7.065 -7.409 -7.700 -8.087 -8.342 -8.395
0.0152 0.01508 7.17600 13.9887886047 2.6287214658   13.324  4.721  3.7665  0.859    6  0.000  0.397     0.00     0.00     0.00     0.00     0.00 -1 -6.42e-07      0.00 6.731e-01 3.116e-01 1.692e-03 2.830e-03 5.675e-03 -1.000 1.537e-02 -7.034 -5.889 -6.365 -7.042 -7.414 -7.725 -8.134 -8.409 -8.464
0.0152 0.01508 7.17600 13.9928417206 2.6287234300   13.320  4.721  3.7579  0.825    6  0.000  0.397     0.00     0.00     0.00     0.00     0.00 -1 -6.96e-07      0.00 6.730e-01 3.116e-01 1.692e-03 2.831e-03 5.675e-03 -1.000 1.537e-02 -7.034 -5.765 -6.286 -7.019 -7.415 -7.745 -8.177 -8.472 -8.531
0.0152 0.01508 7.17600 13.9966745377 2.6287252862   13.316  4.721  3.7486  0.787    6  0.000  0.397     0.00     0.00     0.00     0.00     0.00 -1 -7.49e-07      0.00 6.730e-01 3.116e-01 1.692e-03 2.831e-03 5.675e-03 -1.000 1.537e-02 -7.033 -5.616 -6.196 -6.990 -7.414 -7.763 -8.221 -8.538 -8.600
0.0152 0.01508 7.17600 14.0000000000 2.6287268957   13.313  4.719  3.7330  0.727    3  0.000  0.397    72.02    44.42    30.58    21.98    18.26  3 -7.69e-07      0.00 6.730e-01 3.116e-01 1.692e-03 2.832e-03 5.674e-03 -1.000 1.537e-02 -7.028 -5.320 -6.027 -6.929 -7.401 -7.782 -8.288 -8.646 -8.713
0.0152 0.01508 7.17600 14.0003805161 2.6287270799   13.312  4.719  3.7320  0.723    3  0.000  0.397    72.72    44.74    30.80    22.14    18.39  3 -7.67e-07      0.00 6.730e-01 3.116e-01 1.692e-03 2.832e-03 5.674e-03 -1.000 1.537e-02 -7.028 -5.305 -6.017 -6.925 -7.400 -7.783 -8.292 -8.653 -8.720
0.0152 0.01508 7.17600 14.0042467117 2.6287289499   13.311  4.718  3.7196  0.674    3  0.000  0.397    81.76    48.87    33.51    24.12    20.04  3 -7.48e-07      0.00 6.730e-01 3.116e-01 1.692e-03 2.832e-03 5.674e-03 -1.000 1.537e-02 -7.026 -5.089 -5.891 -6.874 -7.383 -7.790 -8.341 -8.736 -8.804
0.0152 0.01508 7.17600 14.0078811646 2.6287307068   13.310  4.717  3.7055  0.619    3  0.000  0.397    93.42    54.04    36.88    26.59    22.09  3 -7.21e-07      0.00 6.730e-01 3.117e-01 1.692e-03 2.833e-03 5.673e-03 -1.000 1.537e-02 -7.024 -4.823 -5.743 -6.807 -7.355 -7.790 -8.391 -8.827 -8.898
0.0152 0.01508 7.17600 14.0112943649 2.6287323558   13.309  4.716  3.6886  0.553    3  0.000  0.397   109.38    60.87    41.32    29.84    24.80  3 -6.86e-07      0.00 6.729e-01 3.117e-01 1.692e-03 2.833e-03 5.673e-03 -1.000 1.537e-02 -7.019 -4.476 -5.561 -6.719 -7.312 -7.779 -8.445 -8.929 -9.008
0.0152 0.01508 7.17600 14.0144958496 2.6287339016   13.308  4.713  3.6672  0.470    3  0.000  0.397   133.29    70.66    47.64    34.48    28.67  3 -6.44e-07      0.00 6.729e-01 3.117e-01 1.692e-03 2.834e-03 5.673e-03 -1.000 1.537e-02 -7.012 -3.955 -5.290 -6.602 -7.253 -7.752 -8.511 -9.028 -9.137
0.0152 0.01508 7.17600 14.0174970627 2.6287353500   13.307  4.707  3.6390  0.363    3  0.000  0.397   172.41    85.79    57.35    41.63    34.63  3 -5.75e-07      0.00 6.729e-01 3.117e-01 1.692e-03 2.834e-03 5.672e-03 -1.000 1.537e-02 -6.998 -3.097 -4.872 -6.376 -7.117 -7.685 -8.572 -9.148 -9.299
0.0152 0.01508 7.17600 14.0189247131 2.6287360388   13.308  4.702  3.6211  0.297    3  0.000  0.397   201.96    96.66    64.27    46.73    38.88  3 -5.41e-07      0.00 6.729e-01 3.117e-01 1.692e-03 2.834e-03 5.672e-03 -1.000 1.537e-02 -6.984 -2.525 -4.581 -6.189 -6.996 -7.626 -8.595 -9.222 -9.397
0.0152 0.01508 7.17600 14.0203065872 2.6287367053   13.307  4.691  3.6041  0.239    3  0.000  0.397   231.83   107.26    70.98    51.69    43.02  3 -4.94e-07      0.00 6.729e-01 3.117e-01 1.692e-03 2.834e-03 5.672e-03 -1.000 1.537e-02 -6.958 -2.014 -4.275 -5.968 -6.847 -7.551 -8.599 -9.280 -9.478
0.0152 0.01508 7.17600 14.0216417313 2.6287373491   13.308  4.676  3.5944  0.216    3  0.000  0.397   245.22   111.90    73.91    53.86    44.83  4 -4.44e-07      0.00 6.729e-01 3.118e-01 1.692e-03 2.835e-03 5.672e-03 -1.000 1.537e-02 -6.920 -1.737 -4.070 -5.801 -6.723 -7.483 -8.577 -9.290 -9.501
0.0152 0.01508 7.17600 14.0229320526 2.6287379712   13.308  4.659  3.5895  0.213    3  0.000  0.397   246.96   112.50    74.29    54.14    45.06  4  -4.1e-07      0.00 6.729e-01 3.118e-01 1.691e-03 2.835e-03 5.672e-03 -1.000 1.537e-02 -6.878 -1.590 -3.943 -5.690 -6.634 -7.424 -8.543 -9.272 -9.490
0.0152 0.01508 7.17600 14.0241785049 2.6287385720   13.308  4.646  3.5853  0.209    3  0.000  0.397   249.11   113.23    74.75    54.48    45.35  4 -3.77e-07      0.00 6.729e-01 3.118e-01 1.691e-03 2.835e-03 5.672e-03 -1.000 1.537e-02 -6.845 -1.475 -3.832 -5.587 -6.551 -7.376 -8.517 -9.261 -9.484
0.0152 0.01508 7.17600 14.0253849030 2.6287391534   13.309  4.639  3.5807  0.198    3  0.000  0.397   255.89   115.55    76.21    55.56    46.25  4 -3.46e-07      0.00 6.728e-01 3.118e-01 1.691e-03 2.835e-03 5.672e-03 -1.000 1.537e-02 -6.827 -1.365 -3.730 -5.495 -6.481 -7.343 -8.508 -9.266 -9.496
0.0152 0.01508 7.17600 14.0265502930 2.6287397149   13.309  4.657  3.5768  0.165    3  0.000  0.397   277.25   122.75    80.74    58.92    49.05  4  -3.6e-07      0.00 6.728e-01 3.118e-01 1.691e-03 2.835e-03 5.671e-03 -1.000 1.537e-02 -6.872 -1.318 -3.685 -5.460 -6.469 -7.372 -8.562 -9.331 -9.566
0.0152 0.01508 7.17600 14.0276746750 2.6287402565   13.309  4.665  3.5753  0.151    3  0.000  0.397   286.38   125.88    82.70    60.37    50.26  4 -3.73e-07      0.00 6.728e-01 3.118e-01 1.691e-03 2.835e-03 5.671e-03 -1.000 1.537e-02 -6.892 -1.303 -3.671 -5.448 -6.466 -7.387 -8.585 -9.358 -9.595
0.0152 0.01508 7.17600 14.0287599564 2.6287407792   13.309  4.669  3.5745  0.143    3  0.000  0.397   289.86   127.68    83.83    61.21    50.96  4 -3.86e-07      0.00 6.728e-01 3.118e-01 1.691e-03 2.835e-03 5.671e-03 -1.000 1.537e-02 -6.903 -1.296 -3.663 -5.442 -6.465 -7.395 -8.599 -9.374 -9.612
0.0152 0.01508 7.17600 14.0298080444 2.6287412840   13.310  4.674  3.5737  0.135    3  0.000  0.397   293.31   129.47    84.96    62.04    51.66  4 -3.98e-07      0.00 6.728e-01 3.118e-01 1.691e-03 2.836e-03 5.671e-03 -1.000 1.537e-02 -6.915 -1.288 -3.656 -5.436 -6.464 -7.403 -8.612 -9.389 -9.629
0.0152 0.01508 7.17600 14.0303144455 2.6287415278   13.310  4.676  3.5733  0.131    3  0.000  0.397   295.02   130.36    85.51    62.45    52.00  4 -4.04e-07      0.00 6.728e-01 3.118e-01 1.691e-03 2.836e-03 5.671e-03 -1.000 1.537e-02 -6.920 -1.284 -3.652 -5.433 -6.463 -7.407 -8.618 -9.396 -9.637
0.0152 0.01508 7.17600 14.0309133530 2.6287418161   13.310  4.679  3.5728  0.127    3  0.000  0.397   297.07   131.43    86.18    62.95    52.42  4 -4.11e-07      0.00 6.728e-01 3.118e-01 1.691e-03 2.836e-03 5.671e-03 -1.000 1.537e-02 -6.926 -1.279 -3.647 -5.429 -6.462 -7.411 -8.626 -9.405 -9.647
0.0152 0.01508 7.17600 14.0315093994 2.6287421031   13.310  4.681  3.5723  0.122    3  0.000  0.397   299.16   132.52    86.87    63.46    52.84  4 -4.18e-07      0.00 6.728e-01 3.118e-01 1.691e-03 2.836e-03 5.671e-03 -1.000 1.537e-02 -6.933 -1.274 -3.641 -5.424 -6.461 -7.416 -8.633 -9.414 -9.656
0.0152 0.01508 7.17600 14.0320329666 2.6287423551   13.310  4.683  3.5718  0.118    3  0.000  0.397   301.04   133.50    87.48    63.91    53.22  4 -4.24e-07      0.00 6.728e-01 3.118e-01 1.691e-03 2.836e-03 5.671e-03 -1.000 1.537e-02 -6.938 -1.269 -3.636 -5.420 -6.459 -7.419 -8.640 -9.422 -9.665
0.0152 0.01508 7.17600 14.0326862335 2.6287426695   13.310  4.684  3.5715  0.116    3  0.000  0.397   302.17   134.09    87.85    64.19    53.45  4 -4.27e-07      0.00 6.728e-01 3.118e-01 1.691e-03 2.836e-03 5.671e-03 -1.000 1.537e-02 -6.941 -1.264 -3.630 -5.415 -6.456 -7.420 -8.643 -9.426 -9.670
0.0152 0.01508 7.17600 14.0330724716 2.6287428554   13.310  4.684  3.5713  0.115    3  0.000  0.397   302.54   134.28    87.97    64.28    53.53  4 -4.27e-07      0.00 6.728e-01 3.118e-01 1.691e-03 2.836e-03 5.671e-03 -1.000 1.537e-02 -6.941 -1.261 -3.627 -5.412 -6.455 -7.420 -8.644 -9.428 -9.671
0.0152 0.01508 7.17600 14.0335044861 2.6287430633   13.310  4.685  3.5712  0.114    3  0.000  0.397   302.92   134.48    88.09    64.37    53.60  4 -4.27e-07      0.00 6.728e-01 3.118e-01 1.691e-03 2.836e-03 5.671e-03 -1.000 1.537e-02 -6.942 -1.258 -3.624 -5.409 -6.453 -7.420 -8.645 -9.429 -9.673
0.0152 0.01508 7.17600 14.0341539383 2.6287433758   13.311  4.685  3.5710  0.113    3  0.000  0.397   303.39   134.73    88.25    64.48    53.70  4 -4.28e-07      0.00 6.728e-01 3.118e-01 1.691e-03 2.836e-03 5.671e-03 -1.000 1.537e-02 -6.942 -1.255 -3.621 -5.406 -6.450 -7.420 -8.646 -9.430 -9.674
0.0152 0.01508 7.17600 14.0350627899 2.6287438131   13.311  4.685  3.5708  0.112    3  0.000  0.397   303.90   135.00    88.41    64.61    53.80  4 -4.28e-07      0.00 6.728e-01 3.118e-01 1.691e-03 2.836e-03 5.671e-03 -1.000 1.537e-02 -6.943 -1.252 -3.617 -5.402 -6.448 -7.420 -8.647 -9.432 -9.677
0.0152 0.01508 7.17600 14.0363321304 2.6287444237   13.311  4.685  3.5705  0.111    3  0.000  0.397   304.51   135.31    88.61    64.75    53.92  4 -4.29e-07      0.00 6.728e-01 3.119e-01 1.691e-03 2.836e-03 5.670e-03 -1.000 1.537e-02 -6.944 -1.248 -3.612 -5.398 -6.445 -7.420 -8.648 -9.434 -9.679
0.0152 0.01508 7.17600 14.0376663208 2.6287450654   13.311  4.686  3.5703  0.109    3  0.000  0.397   305.35   135.75    88.89    64.96    54.09  4  -4.3e-07      0.00 6.728e-01 3.119e-01 1.691e-03 2.837e-03 5.670e-03 -1.000 1.537e-02 -6.946 -1.244 -3.608 -5.395 -6.443 -7.421 -8.651 -9.438 -9.683
0.0152 0.01508 7.17600 14.0386171341 2.6287455226   13.311  4.687  3.5701  0.107    3  0.000  0.397   306.14   136.17    89.15    65.15    54.25  4 -4.31e-07      0.00 6.728e-01 3.119e-01 1.691e-03 2.837e-03 5.670e-03 -1.000 1.537e-02 -6.948 -1.243 -3.607 -5.393 -6.443 -7.422 -8.653 -9.441 -9.686
0.0152 0.01508 7.17600 14.0403223038 2.6287463424   13.312  4.689  3.5698  0.105    3  0.000  0.397   307.32   136.78    89.53    65.44    54.49  4 -4.35e-07      0.00 6.728e-01 3.119e-01 1.691e-03 2.837e-03 5.670e-03 -1.000 1.537e-02 -6.952 -1.241 -3.604 -5.391 -6.442 -7.425 -8.658 -9.446 -9.692
0.0152 0.01508 7.17600 14.0448179245 2.6287485026   13.312  4.692  3.5693  0.100    3  0.000  0.397   309.80   138.09    90.35    66.04    55.00  3 -4.42e-07      0.00 6.727e-01 3.119e-01 1.691e-03 2.838e-03 5.670e-03 -1.000 1.537e-02 -6.960 -1.238 -3.598 -5.385 -6.440 -7.431 -8.667 -9.457 -9.703
0.0152 0.01508 7.17600 14.0590963364 2.6287553530   13.314  4.736  3.5628  0.029    3  0.000  0.397   345.04   156.77   101.99    74.69    62.22  3 -5.44e-07      0.00 6.726e-01 3.120e-01 1.689e-03 2.840e-03 5.668e-03 -1.000 1.537e-02 -7.070 -1.202 -3.533 -5.321 -6.425 -7.510 -8.795 -9.600 -9.857
0.0152 0.01508 7.17600 14.0607261658 2.6287561339   13.314  4.765  3.5590 -0.015    3  0.000  0.397   369.32   169.85   110.10    80.72    67.26  3 -6.22e-07      0.00 6.726e-01 3.120e-01 1.687e-03 2.842e-03 5.668e-03 -1.000 1.537e-02 -7.143 -1.187 -3.495 -5.282 -6.418 -7.562 -8.878 -9.691 -9.954
0.0152 0.01508 7.17600 14.0646743774 2.6287580248   13.313  4.807  3.5537 -0.078    3  0.000  0.393   406.97   190.42   122.80    90.19    75.17  0 -7.57e-07      0.00 6.726e-01 3.120e-01 1.671e-03 2.860e-03 5.667e-03 -1.000 1.537e-02 -7.248 -1.174 -3.427 -5.203 -6.394 -7.632 -9.000 -9.823 -10.095
0.0152 0.01508 7.17600 14.0660867691 2.6287587009   13.312  4.842  3.5494 -0.130    3  0.000  0.388   440.40   208.98   134.21    98.70    82.28  0  -8.8e-07      0.00 6.726e-01 3.121e-01 1.653e-03 2.881e-03 5.667e-03 -1.000 1.536e-02 -7.334 -1.166 -3.371 -5.138 -6.374 -7.689 -9.099 -9.931 -10.210
0.0152 0.01508 7.17600 14.0676097870 2.6287594299   13.312  4.882  3.5446 -0.189    3  0.000  0.383   482.71   232.83   148.79   109.60    91.39  0 -1.08e-06      0.00 6.726e-01 3.121e-01 1.631e-03 2.910e-03 5.664e-03 -1.000 1.532e-02 -7.435 -1.161 -3.287 -5.032 -6.335 -7.746 -9.216 -10.056 -10.344
0.0152 0.01508 7.17600 14.0696191788 2.6287603913   13.309  4.923  3.5399 -0.249    3  0.000  0.381   529.12   259.42   164.98   121.72   101.53  0 -1.32e-06      0.00 6.725e-01 3.122e-01 1.621e-03 2.930e-03 5.656e-03 -1.000 1.531e-02 -7.537 -1.158 -3.203 -4.928 -6.297 -7.803 -9.334 -10.182 -10.478
0.0152 0.01508 7.17600 14.0721197128 2.6287615873   13.306  4.964  3.5351 -0.309    3  0.000  0.381   580.05   289.09   182.95   135.20   112.80  0 -1.61e-06      0.00 6.723e-01 3.123e-01 1.615e-03 2.946e-03 5.646e-03 -1.000 1.532e-02 -7.639 -1.154 -3.087 -4.781 -6.236 -7.840 -9.453 -10.308 -10.612
0.0152 0.01508 7.17600 14.0753641129 2.6287631383   13.301  5.006  3.5300 -0.372    3  0.000  0.380   638.91   323.95   203.97   150.99   126.00  0 -1.98e-06      0.00 6.720e-01 3.126e-01 1.610e-03 2.963e-03 5.633e-03 -1.000 1.537e-02 -7.745 -1.149 -2.961 -4.622 -6.169 -7.878 -9.578 -10.439 -10.753
0.0152 0.01508 7.17600 14.0783433914 2.6287645619   13.304  5.044  3.5256 -0.428    3  0.000  0.380   695.63   358.09   224.45   166.39   138.89  0 -2.33e-06      0.00 6.716e-01 3.130e-01 1.607e-03 2.977e-03 5.620e-03 -1.000 1.533e-02 -7.840 -1.144 -2.814 -4.442 -6.089 -7.879 -9.689 -10.555 -10.878
# Zini     MH   logAge Mini        int_IMF         Mass   logL    logTe  logg  label   McoreTP C_O  period0  period1  period2  period3  period4  pmode  Mloss  tau1m   X   Y   Xc  Xn  Xo  Cexcess  Z 	 mbolmag  Umag    Bmag    Vmag    Rmag    Imag    Jmag    Hmag    Kmag
0.0152 0.01508 7.22600 0.0900000036 1.0816895926    0.090 -2.218  3.4007  4.165    0  0.000  0.545     0.00     0.00     0.00     0.00     0.00 -1 -2.12e-15      0.00 7.092e-01 2.755e-01 2.746e-03 7.408e-04 6.719e-03 -1.000 1.527e-02 10.316 17.837 16.258 14.739 12.855 10.738 8.255 7.671 7.292
0.0152 0.01508 7.22600 0.0999948904 1.1710637160    0.100 -2.152  3.4079  4.173    0  0.000  0.545     0.00     0.00     0.00     0.00     0.00 -1 -2.33e-15      0.00 7.092e-01 2.755e-01 2.746e-03 7.408e-04 6.719e-03 -1.000 1.527e-02 10.149 17.681 16.096 14.575 12.689 10.572 8.088 7.504 7.125
0.0152 0.01508 7.22600 0.1000000015 1.1711064122    0.100 -2.151  3.4079  4.173    0  0.000  0.545     0.00     0.00     0.00     0.00     0.00 -1 -2.33e-15      0.00 7.092e-01 2.755e-01 2.746e-03 7.408e-04 6.719e-03 -1.000 1.527e-02 10.149 17.681 16.096 14.575 12.689 10.572 8.088 7.504 7.125
0.0152 0.01508 7.22600 0.1200000122 1.3193155232    0.120 -2.034  3.4202  4.184    0  0.000  0.545     0.00     0.00     0.00     0.00     0.00 -1 -2.75e-15      0.00 7.092e-01 2.755e-01 2.746e-03 7.408e-04 6.719e-03 -1.000 1.527e-02 9.856 17.295 15.721 14.200 12.338 10.241 7.800 7.214 6.839
0.0152 0.01508 7.22600 0.1382116526 1.4287258317    0.138 -1.942  3.4300  4.192    0  0.000  0.545     0.00     0.00     0.00     0.00     0.00 -1 -3.13e-15      0.00 7.092e-01 2.755e-01 2.746e-03 7.408e-04 6.719e-03 -1.000 1.527e-02 9.625 16.671 15.171 13.656 11.892 9.871 7.589 7.001 6.634
0.0152 0.01508 7.22600 0.1400000006 1.4384526719    0.140 -1.934  3.4309  4.193    0  0.000  0.545     0.00     0.00     0.00     0.00     0.00 -1 -3.17e-15      0.00 7.092e-01 2.755e-01 2.746e-03 7.408e-04 6.719e-03 -1.000 1.527e-02 9.604 16.618 15.123 13.611 11.854 9.839 7.569 6.981 6.616
0.0152 0.01508 7.22600 0.1452407539 1.4660514886    0.145 -1.910  3.4337  4.196    0  0.000  0.545     0.00     0.00     0.00     0.00     0.00 -1 -3.28e-15      0.00 7.092e-01 2.755e-01 2.746e-03 7.408e-04 6.719e-03 -1.000 1.527e-02 9.545 16.461 14.982 13.476 11.743 9.747 7.515 6.925 6.564
0.0152 0.01508 7.22600 0.1735497266 1.5955541682    0.174 -1.793  3.4467  4.210    0  0.000  0.545     0.00     0.00     0.00     0.00     0.00 -1 -3.85e-15      0.00 7.092e-01 2.755e-01 2.746e-03 7.408e-04 6.719e-03 -1.000 1.527e-02 9.254 15.717 14.314 12.837 11.213 9.305 7.247 6.654 6.308
0.0152 0.01508 7.22600 0.1829302758 1.6325311259    0.183 -1.760  3.4505  4.214    0  0.000  0.545     0.00     0.00     0.00     0.00     0.00 -1 -4.02e-15      0.00 7.092e-01 2.755e-01 2.746e-03 7.408e-04 6.719e-03 -1.000 1.527e-02 9.170 15.507 14.124 12.654 11.062 9.179 7.170 6.576 6.235
0.0152 0.01508 7.22600 0.1944064349 1.6745503261    0.194 -1.719  3.4549  4.217    0  0.000  0.545     0.00     0.00     0.00     0.00     0.00 -1 -4.29e-15      0.00 7.092e-01 2.755e-01 2.746e-03 7.408e-04 6.719e-03 -1.000 1.527e-02 9.068 15.267 13.904 12.438 10.881 9.032 7.077 6.481 6.145
0.0152 0.01508 7.22600 0.2071926147 1.7177249474    0.207 -1.678  3.4594  4.222    0  0.000  0.545     0.00     0.00     0.00     0.00     0.00 -1 -4.54e-15      0.00 7.092e-01 2.755e-01 2.746e-03 7.408e-04 6.719e-03 -1.000 1.527e-02 8.966 15.025 13.681 12.219 10.698 8.885 6.985 6.386 6.056
0.0152 0.01508 7.22600 0.2254446447 1.7736922420    0.225 -1.624  3.4653  4.228    0  0.000  0.545     0.00     0.00     0.00     0.00     0.00 -1  -4.9e-15      0.00 7.092e-01 2.755e-01 2.746e-03 7.408e-04 6.719e-03 -1.000 1.527e-02 8.830 14.726 13.403 11.950 10.471 8.697 6.860 6.258 5.936
0.0152 0.01508 7.22600 0.2453398854 1.8283517739    0.245 -1.569  3.4713  4.234    0  0.000  0.545     0.00     0.00     0.00     0.00     0.00 -1 -5.29e-15      0.00 7.092e-01 2.755e-01 2.746e-03 7.408e-04 6.719e-03 -1.000 1.527e-02 8.693 14.428 13.125 11.682 10.243 8.511 6.734 6.129 5.815
0.0152 0.01508 7.22600 0.2646914124 1.8762533560    0.265 -1.521  3.4767  4.240    0  0.000  0.545     0.00     0.00     0.00     0.00     0.00 -1 -5.65e-15      0.00 7.092e-01 2.755e-01 2.746e-03 7.408e-04 6.719e-03 -1.000 1.527e-02 8.572 14.173 12.884 11.446 10.043 8.349 6.625 6.015 5.709
0.0152 0.01508 7.22600 0.2933859527 1.9394753393    0.293 -1.454  3.4842  4.248    0  0.000  0.545     0.00     0.00     0.00     0.00     0.00 -1  -6.2e-15      0.00 7.092e-01 2.755e-01 2.746e-03 7.408e-04 6.719e-03 -1.000 1.527e-02 8.405 13.832 12.556 11.121 9.763 8.128 6.475 5.859 5.563
0.0152 0.01508 7.22600 0.3000000119 1.9529139769    0.300 -1.440  3.4858  4.250    0  0.000  0.545     0.00     0.00     0.00     0.00     0.00 -1 -6.33e-15      0.00 7.092e-01 2.755e-01 2.746e-03 7.408e-04 6.719e-03 -1.000 1.527e-02 8.369 13.759 12.486 11.050 9.702 8.081 6.443 5.825 5.531
0.0152 0.01508 7.22600 0.3154288530 1.9828184994    0.315 -1.409  3.4893  4.255    0  0.000  0.545     0.00     0.00     0.00     0.00     0.00 -1 -6.59e-15      0.00 7.092e-01 2.755e-01 2.746e-03 7.408e-04 6.719e-03 -1.000 1.527e-02 8.292 13.606 12.337 10.899 9.571 7.980 6.374 5.753 5.464
0.0152 0.01508 7.22600 0.3500000238 2.0434175133    0.350 -1.344  3.4966  4.264    0  0.000  0.545     0.00     0.00     0.00     0.00     0.00 -1 -7.19e-15      0.00 7.092e-01 2.755e-01 2.746e-03 7.408e-04 6.719e-03 -1.000 1.527e-02 8.129 13.296 12.033 10.607 9.320 7.774 6.228 5.598 5.319
0.0152 0.01508 7.22600 0.3976331949 2.1152288820    0.398 -1.264  3.5055  4.275    0  0.000  0.545     0.00     0.00     0.00     0.00     0.00 -1 -8.01e-15      0.00 7.092e-01 2.755e-01 2.746e-03 7.408e-04 6.719e-03 -1.000 1.527e-02 7.929 12.934 11.676 10.265 9.024 7.529 6.048 5.408 5.139
0.0152 0.01508 7.22600 0.4000000358 2.1185024810    0.400 -1.260  3.5059  4.276    0  0.000  0.545     0.00     0.00     0.00     0.00     0.00 -1 -8.05e-15      0.00 7.092e-01 2.755e-01 2.746e-03 7.408e-04 6.719e-03 -1.000 1.527e-02 7.920 12.918 11.660 10.250 9.010 7.518 6.040 5.399 5.131
0.0152 0.01508 7.22600 0.4132151306 2.1363286924    0.413 -1.240  3.5083  4.279    0  0.000  0.545     0.00     0.00     0.00     0.00     0.00 -1 -8.26e-15      0.00 7.092e-01 2.755e-01 2.746e-03 7.408e-04 6.719e-03 -1.000 1.527e-02 7.870 12.824 11.567 10.161 8.933 7.455 5.995 5.351 5.086
0.0152 0.01508 7.22600 0.4500000477 2.1822809714    0.450 -1.186  3.5148  4.288    0  0.000  0.545     0.00     0.00     0.00     0.00     0.00 -1 -8.87e-15      0.00 7.092e-01 2.755e-01 2.746e-03 7.408e-04 6.719e-03 -1.000 1.527e-02 7.734 12.586 11.326 9.926 8.729 7.290 5.875 5.223 4.965
0.0152 0.01508 7.22600 0.4611494541 2.1952532522    0.461 -1.171  3.5167  4.291    0  0.000  0.545     0.00     0.00     0.00     0.00     0.00 -1 -9.04e-15      0.00 7.092e-01 2.755e-01 2.746e-03 7.408e-04 6.719e-03 -1.000 1.527e-02 7.697 12.518 11.257 9.859 8.671 7.244 5.843 5.188 4.932
0.0152 0.01508 7.22600 0.5000000000 2.2374541529    0.500 -1.119  3.5232  4.301    0  0.000  0.545     0.00     0.00     0.00     0.00     0.00 -1 -9.67e-15      0.00 7.092e-01 2.755e-01 2.746e-03 7.408e-04 6.719e-03 -1.000 1.527e-02 7.568 12.294 11.026 9.633 8.474 7.087 5.730 5.067 4.817
0.0152 0.01508 7.22600 0.5217288733 2.2587852114    0.522 -1.091  3.5271  4.307    0  0.000  0.545     0.00     0.00     0.00     0.00     0.00 -1    -1e-14      0.00 7.092e-01 2.755e-01 2.746e-03 7.408e-04 6.719e-03 -1.000 1.527e-02 7.498 12.172 10.898 9.507 8.364 7.002 5.670 5.002 4.756
0.0152 0.01508 7.22600 0.5489273667 2.2827681882    0.549 -1.057  3.5313  4.311    0  0.000  0.545     0.00     0.00     0.00     0.00     0.00 -1 -1.05e-14      0.00 7.092e-01 2.755e-01 2.746e-03 7.408e-04 6.719e-03 -1.000 1.527e-02 7.411 12.029 10.748 9.360 8.235 6.900 5.595 4.922 4.680
0.0152 0.01508 7.22600 0.5500000119 2.2836582633    0.550 -1.055  3.5315  4.311    0  0.000  0.545     0.00     0.00     0.00     0.00     0.00 -1 -1.05e-14      0.00 7.092e-01 2.755e-01 2.746e-03 7.408e-04 6.719e-03 -1.000 1.527e-02 7.408 12.024 10.742 9.355 8.231 6.896 5.592 4.919 4.677
0.0152 0.01508 7.22600 0.5617479682 2.2931513571    0.561 -1.042  3.5335  4.315    0  0.000  0.545     0.00     0.00     0.00     0.00     0.00 -1 -1.07e-14      0.00 7.092e-01 2.755e-01 2.746e-03 7.408e-04 6.719e-03 -1.000 1.527e-02 7.375 11.965 10.679 9.293 8.177 6.856 5.564 4.888 4.648
0.0152 0.01508 7.22600 0.6000000238 2.3211213258    0.600 -0.995  3.5397  4.321    0  0.000  0.545     0.00     0.00     0.00     0.00     0.00 -1 -1.15e-14      0.00 7.092e-01 2.755e-01 2.746e-03 7.408e-04 6.719e-03 -1.000 1.527e-02 7.257 11.768 10.471 9.090 7.999 6.716 5.462 4.779 4.545
0.0152 0.01508 7.22600 0.6334375143 2.3424157944    0.633 -0.953  3.5461  4.329    0  0.000  0.545     0.00     0.00     0.00     0.00     0.00 -1 -1.22e-14      0.00 7.092e-01 2.755e-01 2.746e-03 7.408e-04 6.719e-03 -1.000 1.527e-02 7.153 11.591 10.279 8.901 7.833 6.593 5.375 4.686 4.458
0.0152 0.01508 7.22600 0.6499999762 2.3520353107    0.650 -0.932  3.5491  4.332    0  0.000  0.545     0.00     0.00     0.00     0.00     0.00 -1 -1.26e-14      0.00 7.092e-01 2.755e-01 2.746e-03 7.408e-04 6.719e-03 -1.000 1.527e-02 7.101 11.505 10.186 8.808 7.751 6.532 5.331 4.639 4.414
0.0152 0.01508 7.22600 0.6831048727 2.3696648893    0.683 -0.885  3.5571  4.338    0  0.000  0.545     0.00     0.00     0.00     0.00     0.00 -1 -1.36e-14      0.00 7.092e-01 2.755e-01 2.746e-03 7.408e-04 6.719e-03 -1.000 1.527e-02 6.982 11.303 9.962 8.585 7.554 6.392 5.235 4.534 4.318
0.0152 0.01508 7.22600 0.7000000477 2.3779267258    0.700 -0.859  3.5611  4.339    0  0.000  0.545     0.00     0.00     0.00     0.00     0.00 -1 -1.42e-14      0.00 7.092e-01 2.755e-01 2.746e-03 7.408e-04 6.719e-03 -1.000 1.527e-02 6.918 11.198 9.845 8.469 7.451 6.317 5.181 4.476 4.264
0.0152 0.01508 7.22600 0.7500000000 2.3998889087    0.750 -0.690  3.6222  4.444    0  0.000  0.538     0.00     0.00     0.00     0.00     0.00 -1  -1.8e-14      0.00 7.092e-01 2.755e-01 2.710e-03 7.399e-04 6.720e-03 -1.000 1.527e-02 6.496 10.140 8.672 7.390 6.525 5.802 4.912 4.203 4.074
0.0152 0.01508 7.22600 0.7519926429 2.4006948310    0.752 -0.688  3.6224  4.444    0  0.000  0.538     0.00     0.00     0.00     0.00     0.00 -1  -1.8e-14      0.00 7.092e-01 2.755e-01 2.710e-03 7.399e-04 6.720e-03 -1.000 1.527e-02 6.490 10.130 8.663 7.382 6.518 5.796 4.908 4.199 4.070
0.0152 0.01508 7.22600 0.8000000119 2.4187244405    0.800 -0.622  3.6298  4.434    0  0.000  0.538     0.00     0.00     0.00     0.00     0.00 -1 -2.06e-14      0.00 7.092e-01 2.755e-01 2.710e-03 7.399e-04 6.720e-03 -1.000 1.527e-02 6.324 9.863 8.398 7.146 6.303 5.624 4.760 4.059 3.941
0.0152 0.01508 7.22600 0.8224472404 2.4263290035    0.822 -0.593  3.6337  4.432    0  0.000  0.538     0.00     0.00     0.00     0.00     0.00 -1 -2.18e-14      0.00 7.092e-01 2.755e-01 2.710e-03 7.399e-04 6.720e-03 -1.000 1.527e-02 6.252 9.723 8.273 7.038 6.207 5.550 4.698 4.002 3.889
0.0152 0.01508 7.22600 0.8500000238 2.4350346840    0.850 -0.551  3.6392  4.427    0  0.000  0.538     0.00     0.00     0.00     0.00     0.00 -1 -2.36e-14      0.00 7.092e-01 2.755e-01 2.710e-03 7.399e-04 6.720e-03 -1.000 1.527e-02 6.147 9.519 8.092 6.882 6.069 5.443 4.609 3.919 3.814
0.0152 0.01508 7.22600 0.8711866140 2.4412999384    0.871 -0.519  3.6439  4.425    0  0.000  0.538     0.00     0.00     0.00     0.00     0.00 -1 -2.51e-14      0.00 7.092e-01 2.755e-01 2.710e-03 7.399e-04 6.720e-03 -1.000 1.527e-02 6.068 9.339 7.948 6.760 5.963 5.360 4.543 3.865 3.764
0.0152 0.01508 7.22600 0.9000000358 2.4492786175    0.899 -0.466  3.6517  4.417    0  0.000  0.538     0.00     0.00     0.00     0.00     0.00 -1 -2.81e-14      0.00 7.092e-01 2.755e-01 2.710e-03 7.399e-04 6.720e-03 -1.000 1.527e-02 5.935 9.028 7.708 6.557 5.787 5.221 4.432 3.776 3.681
0.0152 0.01508 7.22600 0.9105001092 2.4520422025    0.910 -0.446  3.6547  4.414    0  0.000  0.538     0.00     0.00     0.00     0.00     0.00 -1 -2.93e-14      0.00 7.092e-01 2.755e-01 2.710e-03 7.399e-04 6.720e-03 -1.000 1.527e-02 5.886 8.904 7.619 6.482 5.724 5.169 4.392 3.746 3.653
0.0152 0.01508 7.22600 0.9500000477 2.4618122009    0.950 -0.369  3.6671  4.405    0  0.000  0.538     0.00     0.00     0.00     0.00     0.00 -1 -3.46e-14      0.00 7.092e-01 2.755e-01 2.709e-03 7.399e-04 6.720e-03 -1.000 1.527e-02 5.692 8.412 7.263 6.187 5.479 4.966 4.234 3.629 3.543
0.0152 0.01508 7.22600 0.9607443213 2.4643104008    0.960 -0.348  3.6705  4.403    0  0.000  0.538     0.00     0.00     0.00     0.00     0.00 -1 -3.62e-14      0.00 7.092e-01 2.755e-01 2.709e-03 7.399e-04 6.720e-03 -1.000 1.527e-02 5.640 8.279 7.167 6.109 5.414 4.911 4.192 3.599 3.515
0.0152 0.01508 7.22600 0.9985383749 2.4726089718    0.999 -0.265  3.6844  4.392    0  0.000  0.538     0.00     0.00     0.00     0.00     0.00 -1 -4.35e-14      0.00 7.092e-01 2.755e-01 2.709e-03 7.399e-04 6.720e-03 -1.000 1.527e-02 5.432 7.755 6.797 5.805 5.166 4.697 4.028 3.481 3.404
0.0152 0.01508 7.22600 1.0000000000 2.4729154477    1.000 -0.261  3.6850  4.391    0  0.000  0.538     0.00     0.00     0.00     0.00     0.00 -1 -4.38e-14      0.00 7.092e-01 2.755e-01 2.709e-03 7.399e-04 6.720e-03 -1.000 1.527e-02 5.423 7.735 6.783 5.792 5.156 4.688 4.021 3.476 3.399
0.0152 0.01508 7.22600 1.0298277140 2.4789518923    1.030 -0.192  3.6966  4.381    0  0.000  0.538     0.00     0.00     0.00     0.00     0.00 -1  -4.9e-14      0.00 7.092e-01 2.755e-01 2.709e-03 7.399e-04 6.720e-03 -1.000 1.527e-02 5.249 7.322 6.490 5.550 4.956 4.513 3.885 3.375 3.304
0.0152 0.01508 7.22600 1.0499999523 2.4828114860    1.050 -0.142  3.7048  4.372    0  0.000  0.538     0.00     0.00     0.00     0.00     0.00 -1 -5.33e-14      0.00 7.092e-01 2.755e-01 2.709e-03 7.398e-04 6.720e-03 -1.000 1.527e-02 5.124 7.034 6.288 5.382 4.816 4.389 3.789 3.303 3.236
0.0152 0.01508 7.22600 1.0620565414 2.4850379637    1.062 -0.112  3.7097  4.366    0  0.000  0.538     0.00     0.00     0.00     0.00     0.00 -1 -5.61e-14      0.00 7.092e-01 2.755e-01 2.709e-03 7.398e-04 6.720e-03 -1.000 1.527e-02 5.049 6.865 6.168 5.282 4.732 4.315 3.731 3.260 3.194
0.0152 0.01508 7.22600 1.0905656815 2.4900782270    1.090 -0.036  3.7218  4.350    0  0.000  0.538     0.00     0.00     0.00     0.00     0.00 -1 -6.41e-14      0.00 7.092e-01 2.755e-01 2.709e-03 7.398e-04 6.720e-03 -1.000 1.527e-02 4.860 6.458 5.880 5.041 4.528 4.132 3.586 3.148 3.088
0.0152 0.01508 7.22600 1.1000000238 2.4916801480    1.099 -0.010  3.7258  4.344    0  0.000  0.538     0.00     0.00     0.00     0.00     0.00 -1 -6.72e-14      0.00 7.092e-01 2.755e-01 2.709e-03 7.398e-04 6.720e-03 -1.000 1.527e-02 4.795 6.324 5.784 4.961 4.459 4.069 3.537 3.110 3.051
0.0152 0.01508 7.22600 1.1006854773 2.4917953058    1.100 -0.008  3.7261  4.344    0  0.000  0.538     0.00     0.00     0.00     0.00     0.00 -1 -6.74e-14      0.00 7.092e-01 2.755e-01 2.709e-03 7.398e-04 6.720e-03 -1.000 1.527e-02 4.790 6.314 5.777 4.956 4.454 4.065 3.533 3.107 3.048
0.0152 0.01508 7.22600 1.1233823299 2.4955173465    1.123  0.057  3.7359  4.327    0  0.000  0.538     0.00     0.00     0.00     0.00     0.00 -1 -7.61e-14      0.00 7.092e-01 2.755e-01 2.709e-03 7.398e-04 6.720e-03 -1.000 1.527e-02 4.627 5.989 5.541 4.757 4.283 3.910 3.409 3.008 2.953
0.0152 0.01508 7.22600 1.1443252563 2.4988015701    1.144  0.121  3.7451  4.308    0  0.000  0.538     0.00     0.00     0.00     0.00     0.00 -1 -8.59e-14      0.00 7.092e-01 2.755e-01 2.709e-03 7.398e-04 6.720e-03 -1.000 1.527e-02 4.468 5.678 5.316 4.570 4.121 3.763 3.289 2.911 2.860
0.0152 0.01508 7.22600 1.1499999762 2.4996678137    1.149  0.138  3.7476  4.303    0  0.000  0.538     0.00     0.00     0.00     0.00     0.00 -1 -8.89e-14      0.00 7.092e-01 2.755e-01 2.709e-03 7.398e-04 6.720e-03 -1.000 1.527e-02 4.424 5.592 5.255 4.519 4.077 3.722 3.256 2.884 2.833
0.0152 0.01508 7.22600 1.1561094522 2.5005894992    1.155  0.158  3.7503  4.296    0  0.000  0.538     0.00     0.00     0.00     0.00     0.00 -1 -9.23e-14      0.00 7.092e-01 2.755e-01 2.709e-03 7.398e-04 6.720e-03 -1.000 1.527e-02 4.375 5.500 5.188 4.463 4.028 3.678 3.219 2.853 2.804
0.0152 0.01508 7.22600 1.1794769764 2.5040136726    1.179  0.235  3.7608  4.269    0  0.000  0.538     0.00     0.00     0.00     0.00     0.00 -1 -1.08e-13      0.00 7.092e-01 2.755e-01 2.709e-03 7.398e-04 6.720e-03 -1.000 1.527e-02 4.182 5.149 4.926 4.244 3.837 3.503 3.073 2.731 2.687
0.0152 0.01508 7.22600 1.2000000477 2.5068948796    1.200  0.306  3.7702  4.244    0  0.000  0.538     0.00     0.00     0.00     0.00     0.00 -1 -1.25e-13      0.00 7.092e-01 2.755e-01 2.709e-03 7.398e-04 6.720e-03 -1.000 1.527e-02 4.005 4.847 4.690 4.048 3.665 3.346 2.941 2.620 2.580
0.0152 0.01508 7.22600 1.2201402187 2.5096142395    1.220  0.375  3.7794  4.219    0  0.000  0.538     0.00     0.00     0.00     0.00     0.00 -1 -1.43e-13      0.00 7.092e-01 2.755e-01 2.709e-03 7.398e-04 6.719e-03 -1.000 1.527e-02 3.833 4.562 4.462 3.861 3.500 3.196 2.815 2.515 2.479
0.0152 0.01508 7.22600 1.2429548502 2.5125726103    1.243  0.444  3.7897  4.199    0  0.000  0.538     0.00     0.00     0.00     0.00     0.00 -1 -1.62e-13      0.00 7.092e-01 2.755e-01 2.709e-03 7.398e-04 6.719e-03 -1.000 1.527e-02 3.661 4.284 4.233 3.676 3.338 3.051 2.695 2.416 2.384
0.0152 0.01508 7.22600 1.2500000000 2.5134610955    1.250  0.463  3.7928  4.195    0  0.000  0.538     0.00     0.00     0.00     0.00     0.00 -1 -1.67e-13      0.00 7.092e-01 2.755e-01 2.709e-03 7.398e-04 6.719e-03 -1.000 1.527e-02 3.612 4.207 4.167 3.624 3.293 3.012 2.663 2.390 2.360
0.0152 0.01508 7.22600 1.2582584620 2.5144880415    1.258  0.485  3.7966  4.191    0  0.000  0.538     0.00     0.00     0.00     0.00     0.00 -1 -1.73e-13      0.00 7.092e-01 2.755e-01 2.709e-03 7.398e-04 6.719e-03 -1.000 1.527e-02 3.557 4.117 4.092 3.565 3.242 2.966 2.627 2.362 2.333
0.0152 0.01508 7.22600 1.2682700157 2.5157123847    1.268  0.509  3.8011  4.188    0  0.000  0.538     0.00     0.00     0.00     0.00     0.00 -1 -1.78e-13      0.00 7.092e-01 2.755e-01 2.709e-03 7.398e-04 6.719e-03 -1.000 1.527e-02 3.497 4.019 4.009 3.501 3.188 2.920 2.591 2.334 2.307
0.0152 0.01508 7.22600 1.2786138058 2.5169542270    1.278  0.521  3.8047  4.194    0  0.000  0.538     0.00     0.00     0.00     0.00     0.00 -1 -1.78e-13      0.00 7.092e-01 2.755e-01 2.709e-03 7.398e-04 6.719e-03 -1.000 1.527e-02 3.467 3.961 3.961 3.468 3.163 2.900 2.580 2.330 2.304
0.0152 0.01508 7.22600 1.2999999523 2.5194498592    1.300  0.536  3.8114  4.213    0  0.000  0.538     0.00     0.00     0.00     0.00     0.00 -1  -1.7e-13      0.00 7.092e-01 2.755e-01 2.709e-03 7.398e-04 6.719e-03 -1.000 1.527e-02 3.430 3.875 3.893 3.427 3.136 2.884 2.579 2.342 2.319
0.0152 0.01508 7.22600 1.3174929619 2.5214220599    1.318  0.540  3.8164  4.235    0  0.000  0.538     0.00     0.00     0.00     0.00     0.00 -1 -1.59e-13      0.00 7.092e-01 2.755e-01 2.709e-03 7.397e-04 6.719e-03 -1.000 1.527e-02 3.420 3.836 3.862 3.414 3.133 2.888 2.595 2.368 2.346
0.0152 0.01508 7.22600 1.3363757133 2.5234844420    1.336  0.528  3.8194  4.266    0  0.000  0.538     0.00     0.00     0.00     0.00     0.00 -1 -1.42e-13      0.00 7.092e-01 2.755e-01 2.709e-03 7.397e-04 6.719e-03 -1.000 1.527e-02 3.450 3.847 3.881 3.442 3.166 2.926 2.641 2.419 2.398
0.0152 0.01508 7.22600 1.3500001431 2.5249313723    1.350  0.516  3.8204  4.286    0  0.000  0.538     0.00     0.00     0.00     0.00     0.00 -1 -1.29e-13      0.00 7.092e-01 2.755e-01 2.709e-03 7.397e-04 6.719e-03 -1.000 1.526e-02 3.480 3.871 3.908 3.472 3.198 2.959 2.676 2.455 2.434
0.0152 0.01508 7.22600 1.3603261709 2.5260058325    1.360  0.506  3.8208  4.301    0  0.000  0.538     0.00     0.00     0.00     0.00     0.00 -1  -1.2e-13      0.00 7.092e-01 2.755e-01 2.709e-03 7.397e-04 6.719e-03 -1.000 1.525e-02 3.504 3.893 3.931 3.496 3.223 2.985 2.702 2.482 2.462
0.0152 0.01508 7.22600 1.3803813457 2.5280399236    1.381  0.504  3.8216  4.313    0  0.000  0.538     0.00     0.00     0.00     0.00     0.00 -1 -1.09e-13      0.00 7.092e-01 2.755e-01 2.709e-03 7.397e-04 6.719e-03 -1.000 1.525e-02 3.511 3.895 3.935 3.503 3.230 2.993 2.713 2.494 2.474
0.0152 0.01508 7.22600 1.4000000954 2.5299650415    1.400  0.505  3.8223  4.320    0  0.000  0.538     0.00     0.00     0.00     0.00     0.00 -1 -1.01e-13      0.00 7.093e-01 2.755e-01 2.709e-03 7.397e-04 6.719e-03 -1.000 1.522e-02 3.507 3.887 3.928 3.498 3.227 2.991 2.712 2.495 2.475
0.0152 0.01508 7.22600 1.4039651155 2.5303466062    1.404  0.507  3.8225  4.321    0  0.000  0.538     0.00     0.00     0.00     0.00     0.00 -1    -1e-13      0.00 7.093e-01 2.755e-01 2.709e-03 7.397e-04 6.719e-03 -1.000 1.521e-02 3.503 3.882 3.924 3.494 3.223 2.988 2.709 2.493 2.473
0.0152 0.01508 7.22600 1.4208056927 2.5319399659    1.421  0.534  3.8252  4.310    0  0.000  0.538     0.00     0.00     0.00     0.00     0.00 -1    -1e-13      0.00 7.093e-01 2.755e-01 2.709e-03 7.397e-04 6.719e-03 -1.000 1.524e-02 3.436 3.803 3.845 3.425 3.160 2.929 2.656 2.445 2.425
0.0152 0.01508 7.22600 1.4500000477 2.5346015836    1.450  0.581  3.8304  4.292    0  0.000  0.538     0.00     0.00     0.00     0.00     0.00 -1 -1.01e-13      0.00 7.093e-01 2.755e-01 2.709e-03 7.397e-04 6.718e-03 -1.000 1.527e-02 3.317 3.661 3.705 3.303 3.047 2.825 2.565 2.364 2.345
0.0152 0.01508 7.22600 1.5000000000 2.5388844597    1.500  0.670  3.8418  4.264    0  0.000  0.538     0.00     0.00     0.00     0.00     0.00 -1 -1.01e-13      0.00 7.093e-01 2.755e-01 2.709e-03 7.396e-04 6.718e-03 -1.000 1.526e-02 3.096 3.403 3.440 3.074 2.841 2.638 2.404 2.226 2.209
0.0152 0.01508 7.22600 1.5307892561 2.5413623177    1.531  0.728  3.8527  4.257    0  0.000  0.538     0.00     0.00     0.00     0.00     0.00 -1 -9.63e-14      0.00 7.093e-01 2.754e-01 2.709e-03 7.396e-04 6.718e-03 -1.000 1.527e-02 2.949 3.226 3.255 2.921 2.710 2.526 2.316 2.159 2.143
0.0152 0.01508 7.22600 1.5499999523 2.5428511323    1.550  0.765  3.8611  4.260    0  0.000  0.538     0.00     0.00     0.00     0.00     0.00 -1 -9.31e-14      0.00 7.093e-01 2.754e-01 2.708e-03 7.396e-04 6.718e-03 -1.000 1.527e-02 2.858 3.115 3.137 2.827 2.632 2.463 2.271 2.130 2.115
0.0152 0.01508 7.22600 1.5680296421 2.5442103243    1.568  0.799  3.8704  4.268    0  0.000  0.538     0.00     0.00     0.00     0.00     0.00 -1 -8.56e-14      0.00 7.093e-01 2.754e-01 2.708e-03 7.396e-04 6.718e-03 -1.000 1.527e-02 2.773 3.013 3.025 2.740 2.563 2.411 2.238 2.113 2.100
0.0152 0.01508 7.22600 1.6000000238 2.5465340628    1.600  0.850  3.8861  4.289    0  0.000  0.538     0.00     0.00     0.00     0.00     0.00 -1 -7.21e-14      0.00 7.093e-01 2.754e-01 2.708e-03 7.396e-04 6.718e-03 -1.000 1.527e-02 2.646 2.862 2.856 2.610 2.464 2.340 2.200 2.102 2.090
0.0152 0.01508 7.22600 1.6500000954 2.5499614852    1.649  0.903  3.9012  4.309    0  0.000  0.538     0.00     0.00     0.00     0.00     0.00 -1 -3.93e-14      0.00 7.093e-01 2.754e-01 2.708e-03 7.396e-04 6.717e-03 -1.000 1.527e-02 2.513 2.711 2.689 2.481 2.364 2.267 2.156 2.081 2.071
0.0152 0.01508 7.22600 1.7000000477 2.5531580802    1.699  0.945  3.9148  4.335    0  0.000  0.538     0.00     0.00     0.00     0.00     0.00 -1    -1e-30      0.00 7.093e-01 2.754e-01 2.708e-03 7.395e-04 6.717e-03 -1.000 1.527e-02 2.408 2.594 2.560 2.387 2.296 2.221 2.135 2.079 2.070
0.0152 0.01508 7.22600 1.7114260197 2.5538584789    1.711  0.953  3.9173  4.339    0  0.000  0.538     0.00     0.00     0.00     0.00     0.00 -1    -1e-30      0.00 7.093e-01 2.754e-01 2.708e-03 7.395e-04 6.717e-03 -1.000 1.527e-02 2.387 2.570 2.534 2.368 2.282 2.211 2.129 2.077 2.068
0.0152 0.01508 7.22600 1.7500000000 2.5561455243    1.749  0.994  3.9261  4.343    0  0.000  0.538     0.00     0.00     0.00     0.00     0.00 -1    -1e-30      0.00 7.093e-01 2.754e-01 2.708e-03 7.395e-04 6.717e-03 -1.000 1.527e-02 2.284 2.461 2.419 2.277 2.206 2.149 2.082 2.040 2.031
0.0152 0.01508 7.22600 1.7999999523 2.5589429085    1.799  1.046  3.9369  4.347    0  0.000  0.538     0.00     0.00     0.00     0.00     0.00 -1    -1e-30      0.00 7.093e-01 2.754e-01 2.708e-03 7.395e-04 6.717e-03 -1.000 1.527e-02 2.155 2.323 2.281 2.167 2.115 2.073 2.022 1.992 1.984
0.0152 0.01508 7.22600 1.8500000238 2.5615671203    1.849  1.095  3.9470  4.350    0  0.000  0.538     0.00     0.00     0.00     0.00     0.00 -1    -1e-30      0.00 7.094e-01 2.754e-01 2.708e-03 7.395e-04 6.716e-03 -1.000 1.527e-02 2.034 2.193 2.160 2.070 2.032 2.003 1.967 1.946 1.939
0.0152 0.01508 7.22600 1.9000000954 2.5640331317    1.899  1.142  3.9566  4.353    0  0.000  0.538     0.00     0.00     0.00     0.00     0.00 -1    -1e-30      0.00 7.094e-01 2.754e-01 2.708e-03 7.394e-04 6.716e-03 -1.000 1.527e-02 1.915 2.068 2.049 1.980 1.953 1.934 1.912 1.899 1.894
0.0152 0.01508 7.22600 1.9500001669 2.5663542767    1.950  1.189  3.9660  4.355    0  0.000  0.538     0.00     0.00     0.00     0.00     0.00 -1    -1e-30      0.00 7.094e-01 2.753e-01 2.707e-03 7.394e-04 6.715e-03 -1.000 1.526e-02 1.798 1.948 1.947 1.896 1.879 1.869 1.859 1.852 1.849
0.0152 0.01508 7.22600 2.0000000000 2.5685424513    2.000  1.233  3.9749  4.357    0  0.000  0.538     0.00     0.00     0.00     0.00     0.00 -1    -1e-30      0.00 7.094e-01 2.753e-01 2.708e-03 7.394e-04 6.715e-03 -1.000 1.527e-02 1.687 1.835 1.853 1.818 1.809 1.807 1.808 1.806 1.805
0.0152 0.01508 7.22600 2.0499999523 2.5706083333    2.050  1.276  3.9833  4.358    0  0.000  0.538     0.00     0.00     0.00     0.00     0.00 -1    -1e-30      0.00 7.094e-01 2.753e-01 2.708e-03 7.393e-04 6.715e-03 -1.000 1.527e-02 1.579 1.729 1.766 1.745 1.743 1.748 1.759 1.761 1.763
0.0152 0.01508 7.22600 2.0999999046 2.5725614918    2.099  1.319  3.9914  4.359    0  0.000  0.538     0.00     0.00     0.00     0.00     0.00 -1    -1e-30      0.00 7.094e-01 2.753e-01 2.708e-03 7.393e-04 6.715e-03 -1.000 1.526e-02 1.474 1.626 1.684 1.675 1.678 1.689 1.710 1.716 1.719
0.0152 0.01508 7.22600 2.1500000954 2.5744105556    2.149  1.360  3.9993  4.360    0  0.000  0.538     0.00     0.00     0.00     0.00     0.00 -1    -1e-30      0.00 7.095e-01 2.753e-01 2.708e-03 7.393e-04 6.715e-03 -1.000 1.526e-02 1.371 1.527 1.606 1.609 1.617 1.632 1.662 1.672 1.677
0.0152 0.01508 7.22600 2.2000000477 2.5761632879    2.199  1.400  4.0068  4.360    0  0.000  0.538     0.00     0.00     0.00     0.00     0.00 -1    -1e-30      0.00 7.095e-01 2.753e-01 2.708e-03 7.393e-04 6.715e-03 -1.000 1.527e-02 1.271 1.431 1.531 1.545 1.557 1.576 1.615 1.627 1.635
0.0152 0.01508 7.22600 2.2500000000 2.5778267375    2.249  1.439  4.0143  4.360    0  0.000  0.538     0.00     0.00     0.00     0.00     0.00 -1    -1e-30      0.00 7.095e-01 2.753e-01 2.708e-03 7.392e-04 6.714e-03 -1.000 1.527e-02 1.174 1.338 1.460 1.483 1.499 1.523 1.569 1.585 1.594
0.0152 0.01508 7.22600 2.2999999523 2.5794072884    2.299  1.476  4.0213  4.360    0  0.000  0.538     0.00     0.00     0.00     0.00     0.00 -1    -1e-30      0.00 7.095e-01 2.753e-01 2.707e-03 7.393e-04 6.714e-03 -1.000 1.527e-02 1.079 1.249 1.392 1.423 1.442 1.470 1.524 1.542 1.553
0.0152 0.01508 7.22600 2.4000000954 2.5823423892    2.399  1.549  4.0346  4.359    0  0.000  0.538     0.00     0.00     0.00     0.00     0.00 -1    -1e-30      0.00 7.095e-01 2.753e-01 2.707e-03 7.392e-04 6.714e-03 -1.000 1.526e-02 0.897 1.079 1.263 1.308 1.332 1.366 1.434 1.456 1.472
0.0152 0.01508 7.22600 2.5999999046 2.5874412955    2.600  1.685  4.0591  4.357    0  0.000  0.538     0.00     0.00     0.00     0.00     0.00 -1    -1e-30      0.00 7.092e-01 2.755e-01 2.710e-03 7.399e-04 6.720e-03 -1.000 1.527e-02 0.559 0.768 1.029 1.096 1.127 1.171 1.265 1.294 1.316
0.0152 0.01508 7.22600 2.8000001907 2.5917117867    2.800  1.810  4.0808  4.351    1  0.000  0.538     0.00     0.00     0.00     0.00     0.00 -1    -1e-30      0.00 7.092e-01 2.755e-01 2.710e-03 7.399e-04 6.720e-03 -1.000 1.527e-02 0.246 0.487 0.817 0.899 0.935 0.987 1.101 1.137 1.164
0.0152 0.01508 7.22600 3.0000000000 2.5953341962    3.000  1.925  4.1006  4.344    1  0.000  0.538     0.00     0.00     0.00     0.00     0.00 -1    -1e-30      0.00 7.092e-01 2.755e-01 2.710e-03 7.399e-04 6.720e-03 -1.000 1.527e-02 -0.043 0.234 0.623 0.717 0.757 0.816 0.948 0.988 1.020
0.0152 0.01508 7.22600 3.2000000477 2.5984409005    3.199  2.033  4.1185  4.336    1  0.000  0.538     0.00     0.00     0.00     0.00     0.00 -1    -1e-30      0.00 7.092e-01 2.755e-01 2.710e-03 7.399e-04 6.720e-03 -1.000 1.527e-02 -0.312 0.006 0.445 0.548 0.592 0.657 0.804 0.848 0.883
0.0152 0.01508 7.22600 3.2391178608 2.5989971799    3.238  2.053  4.1218  4.335    1  0.000  0.538     0.00     0.00     0.00     0.00     0.00 -1    -1e-30      0.00 7.092e-01 2.755e-01 2.710e-03 7.399e-04 6.720e-03 -1.000 1.527e-02 -0.362 -0.036 0.411 0.517 0.561 0.627 0.777 0.822 0.858
0.0152 0.01508 7.22600 3.4000000954 2.6011310876    3.398  2.134  4.1353  4.329    1  0.000  0.538     0.00     0.00     0.00     0.00     0.00 -1    -1e-30      0.00 7.092e-01 2.755e-01 2.710e-03 7.399e-04 6.720e-03 -1.000 1.527e-02 -0.565 -0.204 0.278 0.391 0.438 0.508 0.669 0.717 0.755
0.0152 0.01508 7.22600 3.6000001431 2.6034804607    3.598  2.229  4.1508  4.320    1  0.000  0.538     0.00     0.00     0.00     0.00     0.00 -1    -1e-30      0.00 7.092e-01 2.755e-01 2.710e-03 7.399e-04 6.720e-03 -1.000 1.527e-02 -0.803 -0.400 0.121 0.242 0.293 0.367 0.540 0.591 0.632
0.0152 0.01508 7.22600 3.8000001907 2.6055477311    3.798  2.319  4.1653  4.312    1  0.000  0.538     0.00     0.00     0.00     0.00     0.00 -1    -1e-30      0.00 7.092e-01 2.755e-01 2.710e-03 7.399e-04 6.720e-03 -1.000 1.527e-02 -1.027 -0.580 -0.025 0.103 0.157 0.236 0.419 0.473 0.517
0.0152 0.01508 7.22600 4.0000000000 2.6073790840    4.001  2.403  4.1784  4.303    1  0.000  0.538     0.00     0.00     0.00     0.00     0.00 -1    -1e-30      0.00 7.092e-01 2.755e-01 2.710e-03 7.399e-04 6.720e-03 -1.000 1.527e-02 -1.237 -0.749 -0.165 -0.030 0.027 0.110 0.302 0.359 0.405
0.0152 0.01508 7.22600 4.0415706635 2.6077336657    4.042  2.420  4.1811  4.301    1  0.000  0.538     0.00     0.00     0.00     0.00     0.00 -1    -1e-30      0.00 7.092e-01 2.755e-01 2.710e-03 7.399e-04 6.720e-03 -1.000 1.527e-02 -1.280 -0.783 -0.193 -0.057 0.001 0.084 0.279 0.336 0.383
0.0152 0.01508 7.22600 4.1999998093 2.6090113217    4.198  2.484  4.1912  4.294    1  0.000  0.538     0.00     0.00     0.00     0.00     0.00 -1    -1e-30      0.00 7.092e-01 2.755e-01 2.710e-03 7.399e-04 6.720e-03 -1.000 1.527e-02 -1.439 -0.908 -0.298 -0.156 -0.096 -0.009 0.192 0.251 0.300
0.0152 0.01508 7.22600 4.4000000954 2.6104741055    4.397  2.560  4.2031  4.285    1  0.000  0.538     0.00     0.00     0.00     0.00     0.00 -1    -1e-30      0.00 7.092e-01 2.755e-01 2.710e-03 7.399e-04 6.720e-03 -1.000 1.527e-02 -1.631 -1.060 -0.425 -0.278 -0.214 -0.124 0.085 0.147 0.198
0.0152 0.01508 7.22600 4.4964451790 2.6111262524    4.494  2.596  4.2086  4.281    1  0.000  0.538     0.00     0.00     0.00     0.00     0.00 -1    -1e-30      0.00 7.092e-01 2.755e-01 2.710e-03 7.399e-04 6.720e-03 -1.000 1.527e-02 -1.720 -1.130 -0.484 -0.334 -0.270 -0.178 0.035 0.098 0.150
0.0152 0.01508 7.22600 4.5999999046 2.6117915791    4.597  2.634  4.2144  4.276    1  0.000  0.538     0.00     0.00     0.00     0.00     0.00 -1    -1e-30      0.00 7.092e-01 2.755e-01 2.710e-03 7.399e-04 6.720e-03 -1.000 1.527e-02 -1.815 -1.203 -0.547 -0.394 -0.328 -0.234 -0.017 0.047 0.100
0.0152 0.01508 7.22600 4.8000001907 2.6129836005    4.798  2.704  4.2253  4.268    1  0.000  0.538     0.00     0.00     0.00     0.00     0.00 -1    -1e-30      0.00 7.092e-01 2.755e-01 2.710e-03 7.399e-04 6.720e-03 -1.000 1.527e-02 -1.991 -1.341 -0.663 -0.505 -0.436 -0.339 -0.115 -0.049 0.006
0.0152 0.01508 7.22600 4.9853591919 2.6139907246    4.984  2.767  4.2346  4.259    1  0.000  0.538     0.00     0.00     0.00     0.00     0.00 -1    -1e-30      0.00 7.092e-01 2.755e-01 2.710e-03 7.399e-04 6.720e-03 -1.000 1.527e-02 -2.147 -1.463 -0.769 -0.605 -0.534 -0.434 -0.204 -0.136 -0.080
0.0152 0.01508 7.22600 5.0000000000 2.6140666223    4.999  2.771  4.2353  4.259    1  0.000  0.538     0.00     0.00     0.00     0.00     0.00 -1    -1e-30      0.00 7.092e-01 2.755e-01 2.710e-03 7.399e-04 6.720e-03 -1.000 1.527e-02 -2.159 -1.473 -0.777 -0.613 -0.542 -0.442 -0.211 -0.143 -0.087
0.0152 0.01508 7.22600 5.1999998093 2.6150544000    5.200  2.836  4.2450  4.249    1  0.000  0.538     0.00     0.00     0.00     0.00     0.00 -1    -1e-30      0.00 7.092e-01 2.755e-01 2.710e-03 7.399e-04 6.720e-03 -1.000 1.527e-02 -2.321 -1.600 -0.886 -0.718 -0.644 -0.541 -0.305 -0.234 -0.176
0.0152 0.01508 7.22600 5.3412451744 2.6157009769    5.342  2.881  4.2515  4.243    1  0.000  0.538     0.00     0.00     0.00     0.00     0.00 -1    -1e-30      0.00 7.092e-01 2.755e-01 2.710e-03 7.399e-04 6.720e-03 -1.000 1.527e-02 -2.432 -1.687 -0.962 -0.790 -0.715 -0.610 -0.369 -0.297 -0.238
0.0152 0.01508 7.22600 5.3999996185 2.6159585084    5.401  2.899  4.2542  4.240    1  0.000  0.538     0.00     0.00     0.00     0.00     0.00 -1    -1e-30      0.00 7.092e-01 2.755e-01 2.710e-03 7.399e-04 6.720e-03 -1.000 1.527e-02 -2.478 -1.723 -0.993 -0.820 -0.744 -0.638 -0.395 -0.323 -0.264
0.0152 0.01508 7.22600 5.5999994278 2.6167887546    5.601  2.960  4.2630  4.231    1  0.000  0.538     0.00     0.00     0.00     0.00     0.00 -1    -1e-30      0.00 7.092e-01 2.755e-01 2.710e-03 7.399e-04 6.720e-03 -1.000 1.527e-02 -2.629 -1.842 -1.096 -0.919 -0.840 -0.732 -0.484 -0.410 -0.349
0.0152 0.01508 7.22600 5.8000001907 2.6175535027    5.801  3.018  4.2715  4.221    1  0.000  0.538     0.00     0.00     0.00     0.00     0.00 -1    -1e-30      0.00 7.092e-01 2.755e-01 2.710e-03 7.399e-04 6.720e-03 -1.000 1.527e-02 -2.775 -1.957 -1.197 -1.015 -0.935 -0.824 -0.570 -0.494 -0.432
0.0152 0.01508 7.22600 6.0000000000 2.6182599138    6.000  3.075  4.2795  4.212    1  0.000  0.538     0.00     0.00     0.00     0.00     0.00 -1    -1e-30      0.00 7.092e-01 2.755e-01 2.710e-03 7.399e-04 6.720e-03 -1.000 1.527e-02 -2.917 -2.070 -1.295 -1.109 -1.027 -0.913 -0.655 -0.577 -0.513
0.0152 0.01508 7.22600 6.1214418411 2.6186630459    6.121  3.108  4.2842  4.205    1  0.000  0.538     0.00     0.00     0.00     0.00     0.00 -1    -1e-30      0.00 7.092e-01 2.755e-01 2.710e-03 7.399e-04 6.720e-03 -1.000 1.527e-02 -3.000 -2.136 -1.354 -1.166 -1.082 -0.967 -0.706 -0.627 -0.563
0.0152 0.01508 7.22600 6.1999998093 2.6189141709    6.200  3.130  4.2871  4.201    1  0.000  0.538     0.00     0.00     0.00     0.00     0.00 -1    -1e-30      0.00 7.092e-01 2.755e-01 2.710e-03 7.399e-04 6.720e-03 -1.000 1.527e-02 -3.054 -2.179 -1.392 -1.203 -1.118 -1.002 -0.739 -0.660 -0.594
0.0152 0.01508 7.22600 6.4000000954 2.6195216279    6.399  3.183  4.2945  4.191    1  0.000  0.538     0.00     0.00     0.00     0.00     0.00 -1    -1e-30      0.00 7.092e-01 2.755e-01 2.710e-03 7.399e-04 6.720e-03 -1.000 1.527e-02 -3.188 -2.287 -1.486 -1.294 -1.207 -1.089 -0.821 -0.741 -0.674
0.0152 0.01508 7.22600 6.6003875732 2.6200879981    6.598  3.235  4.3015  4.180    1  0.000  0.538     0.00     0.00     0.00     0.00     0.00 -1    -1e-30      0.00 7.092e-01 2.755e-01 2.710e-03 7.399e-04 6.720e-03 -1.000 1.527e-02 -3.317 -2.391 -1.578 -1.383 -1.295 -1.174 -0.902 -0.820 -0.752
0.0152 0.01508 7.22600 7.0000000000 2.6211069280    6.996  3.336  4.3146  4.157    1  0.000  0.538     0.00     0.00     0.00     0.00     0.00 -1    -1e-30      0.00 7.092e-01 2.755e-01 2.710e-03 7.399e-04 6.720e-03 -1.000 1.527e-02 -3.570 -2.597 -1.762 -1.560 -1.469 -1.344 -1.064 -0.979 -0.908
0.0152 0.01508 7.22600 7.0216817856 2.6211584099    7.018  3.341  4.3153  4.156    1  0.000  0.538     0.00     0.00     0.00     0.00     0.00 -1    -1e-30      0.00 7.092e-01 2.755e-01 2.710e-03 7.399e-04 6.720e-03 -1.000 1.527e-02 -3.583 -2.608 -1.771 -1.569 -1.478 -1.353 -1.072 -0.987 -0.916
0.0152 0.01508 7.22600 7.3692879677 2.6219364460    7.367  3.424  4.3256  4.135    1  0.000  0.538     0.00     0.00     0.00     0.00     0.00 -1    -1e-30      0.00 7.092e-01 2.755e-01 2.710e-03 7.399e-04 6.720e-03 -1.000 1.527e-02 -3.791 -2.779 -1.925 -1.718 -1.625 -1.496 -1.209 -1.122 -1.049
0.0152 0.01508 7.22600 7.7305631638 2.6226604056    7.730  3.508  4.3355  4.112    1  0.000  0.538     0.00     0.00     0.00     0.00     0.00 -1    -1e-30      0.00 7.092e-01 2.755e-01 2.710e-03 7.399e-04 6.720e-03 -1.000 1.527e-02 -4.000 -2.954 -2.083 -1.872 -1.776 -1.645 -1.351 -1.262 -1.187
0.0152 0.01508 7.22600 8.0000000000 2.6231516585    8.001  3.569  4.3424  4.093    1  0.000  0.538     0.00     0.00     0.00     0.00     0.00 -1    -1e-30      0.00 7.092e-01 2.755e-01 2.710e-03 7.399e-04 6.720e-03 -1.000 1.527e-02 -4.153 -3.083 -2.200 -1.986 -1.889 -1.756 -1.458 -1.367 -1.290
0.0152 0.01508 7.22600 8.2319660187 2.6235451014    8.231  3.620  4.3478  4.077    1  0.000  0.538     0.00     0.00     0.00     0.00     0.00 -1    -1e-30      0.00 7.092e-01 2.755e-01 2.710e-03 7.399e-04 6.720e-03 -1.000 1.527e-02 -4.279 -3.191 -2.298 -2.083 -1.984 -1.849 -1.548 -1.456 -1.378
0.0152 0.01508 7.22600 8.5356292725 2.6240231680    8.533  3.685  4.3542  4.053    1  0.000  0.538     0.00     0.00     0.00     0.00     0.00 -1    -1e-30      0.00 7.092e-01 2.755e-01 2.710e-03 7.399e-04 6.720e-03 -1.000 1.527e-02 -4.444 -3.334 -2.430 -2.212 -2.112 -1.975 -1.670 -1.576 -1.497
0.0152 0.01508 7.22600 8.7813930511 2.6243823702    8.776  3.738  4.3590  4.031    1  0.000  0.538     0.00     0.00     0.00     0.00     0.00 -1    -1e-30      0.00 7.092e-01 2.755e-01 2.710e-03 7.399e-04 6.720e-03 -1.000 1.527e-02 -4.576 -3.450 -2.538 -2.318 -2.217 -2.079 -1.771 -1.676 -1.596
0.0152 0.01508 7.22600 9.0000000000 2.6246829947    8.995  3.785  4.3628  4.011    1  0.000  0.538     0.00     0.00     0.00     0.00     0.00 -1    -1e-30      0.00 7.092e-01 2.755e-01 2.710e-03 7.399e-04 6.720e-03 -1.000 1.527e-02 -4.692 -3.554 -2.635 -2.414 -2.312 -2.173 -1.863 -1.767 -1.686
0.0152 0.01508 7.22600 9.1757049561 2.6249127176    9.171  3.821  4.3656  3.994    1  0.000  0.538     0.00     0.00     0.00     0.00     0.00 -1    -1e-30      0.00 7.092e-01 2.755e-01 2.710e-03 7.399e-04 6.720e-03 -1.000 1.527e-02 -4.782 -3.636 -2.712 -2.489 -2.387 -2.247 -1.935 -1.839 -1.757
0.0152 0.01508 7.22600 9.4193935394 2.6252150689    9.415  3.870  4.3690  3.970    1  0.000  0.538     0.00     0.00     0.00     0.00     0.00 -1    -1e-30      0.00 7.092e-01 2.755e-01 2.710e-03 7.399e-04 6.720e-03 -1.000 1.527e-02 -4.906 -3.751 -2.820 -2.596 -2.493 -2.353 -2.038 -1.941 -1.859
0.0152 0.01508 7.22600 9.6476354599 2.6254823830    9.644  3.917  4.3716  3.944    1  0.000  0.538     0.00     0.00     0.00     0.00     0.00 -1    -1e-30      0.00 7.092e-01 2.755e-01 2.710e-03 7.399e-04 6.720e-03 -1.000 1.527e-02 -5.022 -3.861 -2.924 -2.699 -2.596 -2.455 -2.139 -2.041 -1.959
0.0152 0.01508 7.22600 9.9377145767 2.6258018262    9.935  3.976  4.3740  3.907    1  0.000  0.538     0.00     0.00     0.00     0.00     0.00 -1    -1e-30      0.00 7.092e-01 2.755e-01 2.710e-03 7.399e-04 6.720e-03 -1.000 1.527e-02 -5.171 -4.006 -3.063 -2.837 -2.734 -2.593 -2.275 -2.176 -2.093
0.0152 0.01508 7.22600 10.0000000000 2.6258676431    9.998  3.989  4.3744  3.898    1  0.000  0.538     0.00     0.00     0.00     0.00     0.00 -1    -1e-30      0.00 7.092e-01 2.755e-01 2.710e-03 7.399e-04 6.720e-03 -1.000 1.527e-02 -5.203 -4.038 -3.094 -2.868 -2.765 -2.623 -2.305 -2.207 -2.123
0.0152 0.01508 7.22600 10.1487083435 2.6260210325   10.147  4.019  4.3751  3.878    1  0.000  0.538     0.00     0.00     0.00     0.00     0.00 -1    -1e-30      0.00 7.092e-01 2.755e-01 2.710e-03 7.399e-04 6.720e-03 -1.000 1.527e-02 -5.276 -4.111 -3.164 -2.938 -2.835 -2.693 -2.375 -2.276 -2.192
0.0152 0.01508 7.22600 10.4144210815 2.6262826084   10.414  4.071  4.3757  3.840    1  0.000  0.538     0.00     0.00     0.00     0.00     0.00 -1    -1e-30      0.00 7.092e-01 2.755e-01 2.710e-03 7.399e-04 6.720e-03 -1.000 1.527e-02 -5.407 -4.245 -3.295 -3.068 -2.965 -2.824 -2.505 -2.406 -2.322
0.0152 0.01508 7.22600 10.6592311859 2.6265103806   10.660  4.120  4.3750  3.798    1  0.000  0.538     0.00     0.00     0.00     0.00     0.00 -1    -1e-30      0.00 7.092e-01 2.755e-01 2.710e-03 7.399e-04 6.720e-03 -1.000 1.527e-02 -5.530 -4.374 -3.423 -3.197 -3.094 -2.953 -2.634 -2.535 -2.451
0.0152 0.01508 7.22600 10.8844594955 2.6267095605   10.885  4.165  4.3731  3.754    1  0.000  0.538     0.00     0.00     0.00     0.00     0.00 -1    -1e-30      0.00 7.092e-01 2.755e-01 2.710e-03 7.399e-04 6.720e-03 -1.000 1.527e-02 -5.644 -4.501 -3.550 -3.324 -3.222 -3.081 -2.763 -2.664 -2.581
0.0152 0.01508 7.22600 11.0000000000 2.6268081058   11.001  4.189  4.3717  3.729    1  0.000  0.538     0.00     0.00     0.00     0.00     0.00 -1    -1e-30      0.00 7.092e-01 2.755e-01 2.710e-03 7.399e-04 6.720e-03 -1.000 1.527e-02 -5.702 -4.568 -3.617 -3.392 -3.290 -3.150 -2.833 -2.734 -2.651
0.0152 0.01508 7.22600 11.1217641830 2.6269094152   11.123  4.213  4.3701  3.704    1  0.000  0.538     0.00     0.00     0.00     0.00     0.00 -1    -1e-30      0.00 7.092e-01 2.755e-01 2.710e-03 7.399e-04 6.720e-03 -1.000 1.527e-02 -5.762 -4.636 -3.687 -3.462 -3.360 -3.221 -2.904 -2.806 -2.723
0.0152 0.01508 7.22600 11.3699283600 2.6271081865   11.371  4.262  4.3650  3.644    1  0.000  0.538     0.00     0.00     0.00     0.00     0.00 -1    -1e-30      0.00 7.092e-01 2.755e-01 2.710e-03 7.399e-04 6.720e-03 -1.000 1.527e-02 -5.885 -4.784 -3.839 -3.616 -3.516 -3.377 -3.063 -2.966 -2.884
0.0152 0.01508 7.22600 11.5775518417 2.6272669789   11.579  4.304  4.3586  3.584    1  0.000  0.538     0.00     0.00     0.00     0.00     0.00 -1    -1e-30      0.00 7.092e-01 2.755e-01 2.710e-03 7.399e-04 6.720e-03 -1.000 1.527e-02 -5.990 -4.919 -3.981 -3.759 -3.660 -3.524 -3.213 -3.117 -3.036
0.0152 0.01508 7.22600 11.7818460464 2.6274169595   11.783  4.346  4.3505  3.517    1  0.000  0.538     0.00     0.00     0.00     0.00     0.00 -1    -1e-30      0.00 7.092e-01 2.755e-01 2.710e-03 7.399e-04 6.720e-03 -1.000 1.527e-02 -6.095 -5.059 -4.130 -3.911 -3.814 -3.680 -3.373 -3.279 -3.199
0.0152 0.01508 7.22600 11.9552850723 2.6275396724   11.956  4.382  4.3419  3.453    1  0.000  0.538     0.00     0.00     0.00     0.00     0.00 -1    -1e-30      0.00 7.092e-01 2.755e-01 2.710e-03 7.399e-04 6.720e-03 -1.000 1.527e-02 -6.185 -5.187 -4.268 -4.051 -3.957 -3.826 -3.523 -3.431 -3.353
0.0152 0.01508 7.22600 12.0000000000 2.6275706487   12.001  4.392  4.3395  3.436    1  0.000  0.538     0.00     0.00     0.00     0.00     0.00 -1    -1e-30      0.00 7.092e-01 2.755e-01 2.710e-03 7.399e-04 6.720e-03 -1.000 1.527e-02 -6.209 -5.222 -4.305 -4.089 -3.996 -3.865 -3.564 -3.472 -3.394
0.0152 0.01508 7.22600 12.0085325241 2.6275765295   12.009  4.393  4.3391  3.433    1  0.000  0.538     0.00     0.00     0.00     0.00     0.00 -1 -1.27e-30      0.00 7.092e-01 2.755e-01 2.710e-03 7.399e-04 6.720e-03 -1.000 1.527e-02 -6.213 -5.228 -4.311 -4.096 -4.003 -3.872 -3.571 -3.480 -3.402
0.0152 0.01508 7.22600 12.1622037888 2.6276808205   12.155  4.425  4.3307  3.372    1  0.000  0.538     0.00     0.00     0.00     0.00     0.00 -1 -1.04e-28      0.00 7.092e-01 2.755e-01 2.713e-03 7.400e-04 6.720e-03 -1.000 1.527e-02 -6.293 -5.346 -4.438 -4.226 -4.135 -4.007 -3.711 -3.621 -3.544
0.0152 0.01508 7.22600 12.2980966568 2.6277705531   12.280  4.455  4.3254  3.326    1  0.000  0.539     0.00     0.00     0.00     0.00     0.00 -1 -4.85e-27      0.00 7.092e-01 2.755e-01 2.715e-03 7.401e-04 6.720e-03 -1.000 1.527e-02 -6.367 -5.444 -4.541 -4.331 -4.242 -4.115 -3.822 -3.734 -3.658
0.0152 0.01508 7.22600 12.3363637924 2.6277954117   12.314  4.466  4.3301  3.335    1  0.000  0.539     0.00     0.00     0.00     0.00     0.00 -1 -1.34e-26      0.00 7.092e-01 2.755e-01 2.716e-03 7.401e-04 6.720e-03 -1.000 1.527e-02 -6.395 -5.455 -4.544 -4.333 -4.243 -4.115 -3.819 -3.729 -3.653
0.0152 0.01508 7.22600 12.3876295090 2.6278284377   12.359  4.484  4.3418  3.365    1  0.000  0.539     0.00     0.00     0.00     0.00     0.00 -1  -4.2e-26      0.00 7.092e-01 2.755e-01 2.717e-03 7.401e-04 6.720e-03 -1.000 1.527e-02 -6.441 -5.458 -4.529 -4.314 -4.221 -4.090 -3.787 -3.695 -3.616
0.0152 0.01508 7.22600 12.3980054855 2.6278350838   12.369  4.495  4.3522  3.396    1  0.000  0.539     0.00     0.00     0.00     0.00     0.00 -1 -4.32e-26      0.00 7.092e-01 2.755e-01 2.717e-03 7.401e-04 6.720e-03 -1.000 1.527e-02 -6.467 -5.444 -4.501 -4.282 -4.187 -4.053 -3.744 -3.650 -3.569
0.0152 0.01508 7.22600 12.4035902023 2.6278386557   12.374  4.509  4.3643  3.430    1  0.000  0.539     0.00     0.00     0.00     0.00     0.00 -1 -5.25e-26      0.00 7.092e-01 2.755e-01 2.717e-03 7.401e-04 6.720e-03 -1.000 1.527e-02 -6.503 -5.434 -4.474 -4.251 -4.153 -4.016 -3.701 -3.604 -3.521
0.0152 0.01508 7.22600 12.4057683945 2.6278400478   12.376  4.524  4.3736  3.453    1  0.000  0.539     0.00     0.00     0.00     0.00     0.00 -1 -5.82e-26      0.00 7.092e-01 2.755e-01 2.718e-03 7.401e-04 6.720e-03 -1.000 1.527e-02 -6.541 -5.436 -4.463 -4.237 -4.137 -3.998 -3.677 -3.579 -3.494
0.0152 0.01508 7.22600 12.4072151184 2.6278409721   12.377  4.537  4.3814  3.471    1  0.000  0.539     0.00     0.00     0.00     0.00     0.00 -1 -6.28e-26      0.00 7.092e-01 2.755e-01 2.718e-03 7.401e-04 6.720e-03 -1.000 1.527e-02 -6.573 -5.438 -4.456 -4.226 -4.125 -3.983 -3.659 -3.558 -3.472
0.0152 0.01508 7.22600 12.4081792831 2.6278415880   12.378  4.522  4.3765  3.467    2  0.000  0.539     0.00     0.00     0.00     0.00     0.00 -1 -6.29e-26      0.00 7.092e-01 2.755e-01 2.718e-03 7.401e-04 6.720e-03 -1.000 1.527e-02 -6.534 -5.417 -4.441 -4.214 -4.113 -3.973 -3.651 -3.552 -3.467
0.0152 0.01508 7.22600 12.4090948105 2.6278421727   12.379  4.504  4.3658  3.442    2  0.000  0.539     0.00     0.00     0.00     0.00     0.00 -1  -6.2e-26      0.00 7.092e-01 2.755e-01 2.718e-03 7.401e-04 6.720e-03 -1.000 1.527e-02 -6.489 -5.412 -4.452 -4.228 -4.130 -3.992 -3.676 -3.579 -3.496
0.0152 0.01508 7.22600 12.4097862244 2.6278426142   12.380  4.496  4.3533  3.400    2  0.000  0.539     0.00     0.00     0.00     0.00     0.00 -1 -6.06e-26      0.00 7.092e-01 2.755e-01 2.718e-03 7.401e-04 6.720e-03 -1.000 1.527e-02 -6.469 -5.442 -4.497 -4.279 -4.183 -4.049 -3.739 -3.645 -3.564
0.0152 0.01508 7.22600 12.4103498459 2.6278429741   12.380  4.494  4.3412  3.353    2  0.000  0.539     0.00     0.00     0.00     0.00     0.00 -1 -7.52e-26      0.00 7.092e-01 2.755e-01 2.718e-03 7.401e-04 6.720e-03 -1.000 1.527e-02 -6.466 -5.487 -4.558 -4.343 -4.250 -4.120 -3.817 -3.725 -3.646
0.0152 0.01508 7.22600 12.4109764099 2.6278433741   12.381  4.497  4.3262  3.291    2  0.000  0.539     0.00     0.00     0.00     0.00     0.00 -1 -1.05e-25      0.00 7.092e-01 2.755e-01 2.718e-03 7.401e-04 6.720e-03 -1.000 1.527e-02 -6.472 -5.552 -4.643 -4.434 -4.345 -4.218 -3.924 -3.836 -3.759
0.0152 0.01508 7.22600 12.4115514755 2.6278437412   12.381  4.501  4.3112  3.227    2  0.000  0.539     0.00     0.00     0.00     0.00     0.00 -1 -1.21e-25      0.00 7.092e-01 2.755e-01 2.718e-03 7.401e-04 6.720e-03 -1.000 1.527e-02 -6.482 -5.620 -4.733 -4.529 -4.443 -4.321 -4.036 -3.951 -3.877
0.0152 0.01508 7.22600 12.4119873047 2.6278440193   12.382  4.504  4.2991  3.175    2  0.000  0.539     0.00     0.00     0.00     0.00     0.00 -1 -1.22e-25      0.00 7.092e-01 2.755e-01 2.718e-03 7.401e-04 6.720e-03 -1.000 1.527e-02 -6.490 -5.675 -4.805 -4.605 -4.522 -4.404 -4.126 -4.043 -3.972
0.0152 0.01508 7.22600 12.4124021530 2.6278442841   12.382  4.507  4.2871  3.124    2  0.000  0.539     0.00     0.00     0.00     0.00     0.00 -1 -1.23e-25      0.00 7.092e-01 2.755e-01 2.718e-03 7.401e-04 6.720e-03 -1.000 1.527e-02 -6.498 -5.728 -4.877 -4.681 -4.602 -4.487 -4.216 -4.137 -4.068
0.0152 0.01508 7.22600 12.4127979279 2.6278445367   12.382  4.510  4.2751  3.073    2  0.000  0.539     0.00     0.00     0.00     0.00     0.00 -1 -1.24e-25      0.00 7.092e-01 2.755e-01 2.718e-03 7.401e-04 6.720e-03 -1.000 1.527e-02 -6.504 -5.780 -4.947 -4.756 -4.679 -4.569 -4.305 -4.229 -4.162
0.0152 0.01508 7.22600 12.4132699966 2.6278448379   12.383  4.512  4.2600  3.011    2  0.000  0.539     0.00     0.00     0.00     0.00     0.00 -1 -1.25e-25      0.00 7.092e-01 2.755e-01 2.718e-03 7.401e-04 6.720e-03 -1.000 1.527e-02 -6.510 -5.843 -5.033 -4.847 -4.775 -4.670 -4.416 -4.344 -4.280
0.0152 0.01508 7.22600 12.4137172699 2.6278451233   12.383  4.514  4.2449  2.948    2  0.000  0.539     0.00     0.00     0.00     0.00     0.00 -1 -1.25e-25      0.00 7.092e-01 2.755e-01 2.718e-03 7.401e-04 6.720e-03 -1.000 1.527e-02 -6.515 -5.905 -5.117 -4.938 -4.871 -4.771 -4.527 -4.458 -4.397
0.0152 0.01508 7.22600 12.4140586853 2.6278453412   12.383  4.515  4.2328  2.899    2  0.000  0.539     0.00     0.00     0.00     0.00     0.00 -1 -1.26e-25      0.00 7.092e-01 2.755e-01 2.718e-03 7.401e-04 6.720e-03 -1.000 1.527e-02 -6.517 -5.953 -5.182 -5.009 -4.946 -4.851 -4.614 -4.548 -4.489
0.0152 0.01508 7.22600 12.4143829346 2.6278455480   12.384  4.515  4.2208  2.851    2  0.000  0.539     0.00     0.00     0.00     0.00     0.00 -1 -1.26e-25      0.00 7.092e-01 2.755e-01 2.718e-03 7.401e-04 6.720e-03 -1.000 1.527e-02 -6.518 -5.999 -5.246 -5.080 -5.020 -4.930 -4.700 -4.637 -4.581
0.0152 0.01508 7.22600 12.4146957397 2.6278457476   12.384  4.515  4.2087  2.802    2  0.000  0.539     0.00     0.00     0.00     0.00     0.00 -1 -1.27e-25      0.00 7.092e-01 2.755e-01 2.718e-03 7.401e-04 6.720e-03 -1.000 1.527e-02 -6.518 -6.044 -5.310 -5.149 -5.093 -5.007 -4.786 -4.726 -4.671
0.0152 0.01508 7.22600 12.4149932861 2.6278459374   12.384  4.515  4.1966  2.754    2  0.000  0.539     0.00     0.00     0.00     0.00     0.00 -1 -1.27e-25      0.00 7.092e-01 2.755e-01 2.718e-03 7.401e-04 6.720e-03 -1.000 1.527e-02 -6.518 -6.087 -5.372 -5.217 -5.165 -5.084 -4.870 -4.814 -4.761
0.0152 0.01508 7.22600 12.4152765274 2.6278461181   12.385  4.514  4.1845  2.707    2  0.000  0.539     0.00     0.00     0.00     0.00     0.00 -1 -1.27e-25      0.00 7.092e-01 2.755e-01 2.718e-03 7.401e-04 6.720e-03 -1.000 1.527e-02 -6.516 -6.128 -5.434 -5.284 -5.236 -5.160 -4.954 -4.900 -4.850
0.0152 0.01508 7.22600 12.4155483246 2.6278462914   12.385  4.513  4.1724  2.659    2  0.000  0.539     0.00     0.00     0.00     0.00     0.00 -1 -1.27e-25      0.00 7.092e-01 2.755e-01 2.718e-03 7.401e-04 6.720e-03 -1.000 1.527e-02 -6.513 -6.168 -5.494 -5.351 -5.306 -5.235 -5.037 -4.987 -4.938
0.0152 0.01508 7.22600 12.4158058167 2.6278464557   12.385  4.512  4.1603  2.612    2  0.000  0.539     0.00     0.00     0.00     0.00     0.00 -1 -1.27e-25      0.00 7.092e-01 2.755e-01 2.718e-03 7.401e-04 6.720e-03 -1.000 1.527e-02 -6.510 -6.206 -5.554 -5.416 -5.376 -5.308 -5.120 -5.072 -5.026
0.0152 0.01508 7.22600 12.4160518646 2.6278466126   12.385  4.511  4.1482  2.565    2  0.000  0.539     0.00     0.00     0.00     0.00     0.00 -1 -1.27e-25      0.00 7.092e-01 2.755e-01 2.718e-03 7.401e-04 6.720e-03 -1.000 1.527e-02 -6.506 -6.242 -5.613 -5.480 -5.444 -5.381 -5.201 -5.157 -5.113
0.0152 0.01508 7.22600 12.4162874222 2.6278467628   12.385  4.509  4.1361  2.518    2  0.000  0.539     0.00     0.00     0.00     0.00     0.00 -1 -1.27e-25      0.00 7.092e-01 2.755e-01 2.718e-03 7.401e-04 6.720e-03 -1.000 1.527e-02 -6.502 -6.276 -5.670 -5.544 -5.511 -5.453 -5.282 -5.241 -5.199
0.0152 0.01508 7.22600 12.4165115356 2.6278469057   12.386  4.507  4.1240  2.472    2  0.000  0.539     0.00     0.00     0.00     0.00     0.00 -1 -1.26e-25      0.00 7.092e-01 2.755e-01 2.718e-03 7.401e-04 6.720e-03 -1.000 1.527e-02 -6.497 -6.307 -5.726 -5.606 -5.577 -5.524 -5.362 -5.324 -5.284
0.0152 0.01508 7.22600 12.4167232513 2.6278470408   12.386  4.505  4.1120  2.426    2  0.000  0.539     0.00     0.00     0.00     0.00     0.00 -1 -1.26e-25      0.00 7.092e-01 2.755e-01 2.718e-03 7.401e-04 6.720e-03 -1.000 1.527e-02 -6.492 -6.334 -5.783 -5.668 -5.642 -5.593 -5.441 -5.406 -5.368
0.0152 0.01508 7.22600 12.4169750214 2.6278472013   12.386  4.502  4.0969  2.369    2  0.000  0.539     0.00     0.00     0.00     0.00     0.00 -1 -1.25e-25      0.00 7.092e-01 2.755e-01 2.718e-03 7.401e-04 6.720e-03 -1.000 1.527e-02 -6.484 -6.364 -5.853 -5.744 -5.721 -5.678 -5.538 -5.507 -5.471
0.0152 0.01508 7.22600 12.4172115326 2.6278473521   12.386  4.498  4.0818  2.312    2  0.000  0.539     0.00     0.00     0.00     0.00     0.00 -1 -1.25e-25      0.00 7.092e-01 2.755e-01 2.718e-03 7.401e-04 6.720e-03 -1.000 1.527e-02 -6.476 -6.390 -5.920 -5.817 -5.799 -5.761 -5.634 -5.607 -5.574
0.0152 0.01508 7.22600 12.4173908234 2.6278474664   12.386  4.496  4.0698  2.266    2  0.000  0.539     0.00     0.00     0.00     0.00     0.00 -1 -1.24e-25      0.00 7.092e-01 2.755e-01 2.718e-03 7.401e-04 6.720e-03 -1.000 1.527e-02 -6.469 -6.425 -5.954 -5.866 -5.857 -5.828 -5.709 -5.688 -5.657
0.0152 0.01508 7.22600 12.4175615311 2.6278475753   12.387  4.493  4.0577  2.221    2  0.000  0.539     0.00     0.00     0.00     0.00     0.00 -1 -1.24e-25      0.00 7.092e-01 2.755e-01 2.718e-03 7.401e-04 6.720e-03 -1.000 1.527e-02 -6.462 -6.441 -6.002 -5.921 -5.915 -5.892 -5.784 -5.766 -5.738
0.0152 0.01508 7.22600 12.4177246094 2.6278476793   12.387  4.490  4.0457  2.176    2  0.000  0.539     0.00     0.00     0.00     0.00     0.00 -1 -1.23e-25      0.00 7.092e-01 2.755e-01 2.718e-03 7.401e-04 6.720e-03 -1.000 1.527e-02 -6.454 -6.455 -6.048 -5.973 -5.972 -5.954 -5.857 -5.843 -5.817
0.0152 0.01508 7.22600 12.4179162979 2.6278478015   12.387  4.486  4.0306  2.119    2  0.000  0.539     0.00     0.00     0.00     0.00     0.00 -1 -1.36e-25      0.00 7.092e-01 2.755e-01 2.718e-03 7.401e-04 6.720e-03 -1.000 1.527e-02 -6.445 -6.466 -6.103 -6.038 -6.041 -6.029 -5.947 -5.938 -5.915
0.0152 0.01508 7.22600 12.4180622101 2.6278478945   12.387  4.483  4.0185  2.075    2  0.000  0.539     0.00     0.00     0.00     0.00     0.00 -1  -1.8e-25      0.00 7.092e-01 2.755e-01 2.718e-03 7.401e-04 6.720e-03 -1.000 1.527e-02 -6.436 -6.471 -6.146 -6.087 -6.093 -6.087 -6.018 -6.013 -5.992
0.0152 0.01508 7.22600 12.4182014465 2.6278479833   12.387  4.479  4.0065  2.030    2  0.000  0.539     0.00     0.00     0.00     0.00     0.00 -1 -2.16e-25      0.00 7.092e-01 2.755e-01 2.718e-03 7.401e-04 6.720e-03 -1.000 1.527e-02 -6.428 -6.471 -6.187 -6.134 -6.144 -6.143 -6.088 -6.087 -6.068
0.0152 0.01508 7.22600 12.4183340073 2.6278480678   12.387  4.476  3.9944  1.985    2  0.000  0.539     0.00     0.00     0.00     0.00     0.00 -1 -2.14e-25      0.00 7.092e-01 2.755e-01 2.718e-03 7.401e-04 6.720e-03 -1.000 1.527e-02 -6.419 -6.467 -6.227 -6.180 -6.193 -6.198 -6.157 -6.160 -6.143
0.0152 0.01508 7.22600 12.4184904099 2.6278481675   12.387  4.471  3.9793  1.929    2  0.000  0.539     0.00     0.00     0.00     0.00     0.00 -1 -2.13e-25      0.00 7.092e-01 2.755e-01 2.718e-03 7.401e-04 6.720e-03 -1.000 1.527e-02 -6.408 -6.454 -6.276 -6.236 -6.251 -6.262 -6.241 -6.250 -6.237
0.0152 0.01508 7.22600 12.4186105728 2.6278482441   12.387  4.467  3.9672  1.884    2  0.000  0.539     0.00     0.00     0.00     0.00     0.00 -1 -2.11e-25      0.00 7.092e-01 2.755e-01 2.718e-03 7.401e-04 6.720e-03 -1.000 1.527e-02 -6.399 -6.440 -6.311 -6.278 -6.296 -6.313 -6.309 -6.322 -6.313
0.0152 0.01508 7.22600 12.4187250137 2.6278483170   12.387  4.464  3.9551  1.840    2  0.000  0.539     0.00     0.00     0.00     0.00     0.00 -1  -2.1e-25      0.00 7.092e-01 2.755e-01 2.718e-03 7.401e-04 6.720e-03 -1.000 1.527e-02 -6.389 -6.427 -6.333 -6.313 -6.338 -6.363 -6.375 -6.395 -6.389
0.0152 0.01508 7.22600 12.4188346863 2.6278483870   12.387  4.460  3.9429  1.795    2  0.000  0.539     0.00     0.00     0.00     0.00     0.00 -1 -2.08e-25      0.00 7.092e-01 2.755e-01 2.718e-03 7.401e-04 6.720e-03 -1.000 1.527e-02 -6.379 -6.408 -6.355 -6.348 -6.378 -6.411 -6.441 -6.467 -6.465
0.0152 0.01508 7.22600 12.4189414978 2.6278484550   12.388  4.455  3.9307  1.750    2  0.000  0.539     0.00     0.00     0.00     0.00     0.00 -1 -2.07e-25      0.00 7.092e-01 2.755e-01 2.718e-03 7.401e-04 6.720e-03 -1.000 1.527e-02 -6.369 -6.379 -6.377 -6.381 -6.415 -6.456 -6.507 -6.539 -6.541
0.0152 0.01508 7.22600 12.4190444946 2.6278485207   12.388  4.451  3.9184  1.706    2  0.000  0.539     0.00     0.00     0.00     0.00     0.00 -1 -2.06e-25      0.00 7.092e-01 2.755e-01 2.718e-03 7.401e-04 6.720e-03 -1.000 1.527e-02 -6.358 -6.339 -6.387 -6.405 -6.447 -6.498 -6.570 -6.610 -6.617
0.0152 0.01508 7.22600 12.4191417694 2.6278485827   12.388  4.447  3.9063  1.662    2  0.000  0.539     0.00     0.00     0.00     0.00     0.00 -1 -2.04e-25      0.00 7.092e-01 2.755e-01 2.718e-03 7.401e-04 6.720e-03 -1.000 1.527e-02 -6.346 -6.289 -6.385 -6.421 -6.475 -6.537 -6.632 -6.682 -6.692
0.0152 0.01508 7.22600 12.4192361832 2.6278486429   12.388  4.442  3.8940  1.617    2  0.000  0.539     0.00     0.00     0.00     0.00     0.00 -1 -2.02e-25      0.00 7.092e-01 2.755e-01 2.718e-03 7.401e-04 6.720e-03 -1.000 1.527e-02 -6.334 -6.229 -6.370 -6.430 -6.498 -6.574 -6.694 -6.755 -6.769
0.0152 0.01508 7.22600 12.4193239212 2.6278486988   12.388  4.437  3.8820  1.574    2  0.000  0.539     0.00     0.00     0.00     0.00     0.00 -1 -2.01e-25      0.00 7.092e-01 2.755e-01 2.718e-03 7.401e-04 6.720e-03 -1.000 1.527e-02 -6.322 -6.161 -6.340 -6.431 -6.517 -6.609 -6.753 -6.827 -6.846
0.0152 0.01508 7.22600 12.4194288254 2.6278487657   12.388  4.430  3.8667  1.520    2  0.000  0.539     0.00     0.00     0.00     0.00     0.00 -1 -1.99e-25      0.00 7.092e-01 2.755e-01 2.718e-03 7.401e-04 6.720e-03 -1.000 1.527e-02 -6.305 -6.066 -6.285 -6.423 -6.536 -6.651 -6.827 -6.921 -6.944
0.0152 0.01508 7.22600 12.4195089340 2.6278488167   12.388  4.425  3.8545  1.476    2  0.000  0.539     0.00     0.00     0.00     0.00     0.00 -1 -1.97e-25      0.00 7.092e-01 2.755e-01 2.718e-03 7.401e-04 6.720e-03 -1.000 1.527e-02 -6.292 -5.984 -6.228 -6.410 -6.547 -6.684 -6.886 -6.997 -7.024
0.0152 0.01508 7.22600 12.4195842743 2.6278488647   12.388  4.419  3.8425  1.434    2  0.000  0.539     0.00     0.00     0.00     0.00     0.00 -1 -1.96e-25      0.00 7.092e-01 2.755e-01 2.718e-03 7.401e-04 6.720e-03 -1.000 1.527e-02 -6.278 -5.898 -6.159 -6.392 -6.557 -6.715 -6.942 -7.073 -7.103
0.0152 0.01508 7.22600 12.4196748734 2.6278489225   12.388  4.411  3.8272  1.380    2  0.000  0.539     0.00     0.00     0.00     0.00     0.00 -1 -1.94e-25      0.00 7.092e-01 2.755e-01 2.718e-03 7.401e-04 6.720e-03 -1.000 1.527e-02 -6.259 -5.778 -6.057 -6.364 -6.566 -6.752 -7.014 -7.170 -7.204
0.0152 0.01508 7.22600 12.4197416306 2.6278489650   12.388  4.405  3.8151  1.338    2  0.000  0.539     0.00     0.00     0.00     0.00     0.00 -1 -1.92e-25      0.00 7.092e-01 2.755e-01 2.718e-03 7.401e-04 6.720e-03 -1.000 1.527e-02 -6.243 -5.674 -5.966 -6.337 -6.569 -6.778 -7.067 -7.246 -7.283
0.0152 0.01508 7.22600 12.4198083878 2.6278490076   12.388  4.399  3.8029  1.296    2  0.000  0.539     0.00     0.00     0.00     0.00     0.00 -1 -1.91e-25      0.00 7.092e-01 2.755e-01 2.718e-03 7.401e-04 6.720e-03 -1.000 1.527e-02 -6.227 -5.549 -5.865 -6.306 -6.570 -6.804 -7.121 -7.324 -7.364
0.0152 0.01508 7.22600 12.4198713303 2.6278490477   12.388  4.392  3.7907  1.254    2  0.000  0.539     0.00     0.00     0.00     0.00     0.00 -1 -1.89e-25      0.00 7.092e-01 2.755e-01 2.718e-03 7.401e-04 6.720e-03 -1.000 1.527e-02 -6.209 -5.416 -5.757 -6.268 -6.566 -6.824 -7.172 -7.400 -7.444
0.0152 0.01508 7.22600 12.4199314117 2.6278490860   12.388  4.384  3.7785  1.213    2  0.000  0.539     0.00     0.00     0.00     0.00     0.00 -1 -1.87e-25      0.00 7.092e-01 2.755e-01 2.718e-03 7.401e-04 6.720e-03 -1.000 1.527e-02 -6.191 -5.245 -5.634 -6.225 -6.560 -6.844 -7.223 -7.477 -7.526
0.0152 0.01508 7.22600 12.4199886322 2.6278491225   12.388  4.376  3.7663  1.172    2  0.000  0.539     0.00     0.00     0.00     0.00     0.00 -1 -1.86e-25      0.00 7.092e-01 2.755e-01 2.718e-03 7.401e-04 6.720e-03 -1.000 1.527e-02 -6.171 -5.055 -5.496 -6.171 -6.546 -6.860 -7.273 -7.557 -7.611
0.0152 0.01508 7.22600 12.4200439453 2.6278491577   12.388  4.368  3.7541  1.132    2  0.000  0.539     0.00     0.00     0.00     0.00     0.00 -1 -1.84e-25      0.00 7.092e-01 2.755e-01 2.718e-03 7.401e-04 6.720e-03 -1.000 1.527e-02 -6.150 -4.863 -5.367 -6.117 -6.526 -6.864 -7.310 -7.623 -7.681
0.0152 0.01508 7.22600 12.4200963974 2.6278491911   12.388  4.359  3.7420  1.092    2  0.000  0.539     0.00     0.00     0.00     0.00     0.00 -1 -1.82e-25      0.00 7.092e-01 2.755e-01 2.718e-03 7.401e-04 6.720e-03 -1.000 1.527e-02 -6.127 -4.592 -5.211 -6.054 -6.504 -6.868 -7.350 -7.695 -7.757
0.0152 0.01508 7.22600 12.4201478958 2.6278492240   12.389  4.349  3.7298  1.053    2  0.000  0.539     0.00     0.00     0.00     0.00     0.00 -1  -1.8e-25      0.00 7.092e-01 2.755e-01 2.718e-03 7.401e-04 6.720e-03 -1.000 1.527e-02 -6.103 -4.361 -5.069 -5.987 -6.471 -6.858 -7.376 -7.752 -7.817
0.0152 0.01508 7.22600 12.4201965332 2.6278492549   12.389  4.339  3.7176  1.015    2  0.000  0.539     0.00     0.00     0.00     0.00     0.00 -1 -1.78e-25      0.00 7.092e-01 2.755e-01 2.718e-03 7.401e-04 6.720e-03 -1.000 1.527e-02 -6.076 -4.103 -4.916 -5.910 -6.429 -6.840 -7.400 -7.811 -7.876
0.0152 0.01508 7.22600 12.4202432632 2.6278492847   12.389  4.327  3.7054  0.977    2  0.000  0.539     0.00     0.00     0.00     0.00     0.00 -1 -1.76e-25      0.00 7.092e-01 2.755e-01 2.718e-03 7.401e-04 6.720e-03 -1.000 1.527e-02 -6.048 -3.842 -4.762 -5.827 -6.379 -6.814 -7.417 -7.863 -7.930
0.0152 0.01508 7.22600 12.4202919006 2.6278493157   12.389  4.315  3.6931  0.941    2  0.000  0.539     0.00     0.00     0.00     0.00     0.00 -1 -1.74e-25      0.00 7.092e-01 2.755e-01 2.718e-03 7.401e-04 6.720e-03 -1.000 1.527e-02 -6.017 -3.563 -4.603 -5.737 -6.321 -6.778 -7.427 -7.907 -7.979
0.0152 0.01508 7.22600 12.4203405380 2.6278493467   12.389  4.299  3.6805  0.906    2  0.000  0.539     0.00     0.00     0.00     0.00     0.00 -1 -1.71e-25      0.00 7.092e-01 2.755e-01 2.718e-03 7.401e-04 6.720e-03 -1.000 1.527e-02 -5.978 -3.290 -4.439 -5.638 -6.252 -6.729 -7.428 -7.938 -8.021
0.0152 0.01508 7.22600 12.4203929901 2.6278493801   12.389  4.281  3.6678  0.873    2  0.000  0.539     0.00     0.00     0.00     0.00     0.00 -1 -1.68e-25      0.00 7.092e-01 2.755e-01 2.718e-03 7.401e-04 6.720e-03 -1.000 1.527e-02 -5.933 -3.040 -4.266 -5.531 -6.170 -6.665 -7.417 -7.947 -8.049
0.0152 0.01508 7.22600 12.4204578400 2.6278494215   12.389  4.257  3.6546  0.845    2  0.000  0.539     0.00     0.00     0.00     0.00     0.00 -1 -1.64e-25      0.00 7.092e-01 2.755e-01 2.718e-03 7.401e-04 6.720e-03 -1.000 1.527e-02 -5.872 -2.707 -4.049 -5.389 -6.060 -6.579 -7.388 -7.941 -8.065
0.0152 0.01508 7.22600 12.4205198288 2.6278494610   12.389  4.230  3.6453  0.834    2  0.000  0.539     0.00     0.00     0.00     0.00     0.00 -1 -1.58e-25      0.00 7.092e-01 2.755e-01 2.718e-03 7.401e-04 6.720e-03 -1.000 1.527e-02 -5.806 -2.396 -3.863 -5.251 -5.951 -6.495 -7.344 -7.923 -8.058
0.0152 0.01508 7.22600 12.4206418991 2.6278495388   12.389  4.195  3.6340  0.824    2  0.000  0.539     0.00     0.00     0.00     0.00     0.00 -1 -1.48e-25      0.00 7.092e-01 2.755e-01 2.718e-03 7.401e-04 6.720e-03 -1.000 1.527e-02 -5.719 -2.006 -3.623 -5.069 -5.805 -6.383 -7.281 -7.894 -8.042
0.0152 0.01508 7.22600 12.4208278656 2.6278496573   12.389  4.160  3.6228  0.814    2  0.000  0.539     0.00     0.00     0.00     0.00     0.00 -1 -1.47e-25      0.00 7.092e-01 2.755e-01 2.718e-03 7.401e-04 6.720e-03 -1.000 1.527e-02 -5.630 -1.616 -3.375 -4.875 -5.651 -6.266 -7.213 -7.863 -8.024
0.0152 0.01508 7.22600 12.4208784103 2.6278496895   12.389  4.156  3.6196  0.806    2  0.000  0.539     0.00     0.00     0.00     0.00     0.00 -1 -1.47e-25      0.00 7.092e-01 2.755e-01 2.718e-03 7.401e-04 6.720e-03 -1.000 1.527e-02 -5.620 -1.515 -3.316 -4.832 -5.621 -6.247 -7.209 -7.869 -8.033
0.0152 0.01508 7.22600 12.4209680557 2.6278497466   12.389  4.182  3.6121  0.750    3  0.000  0.538    66.46    41.87    28.86    20.78    17.25  4 -1.47e-25      0.00 7.092e-01 2.755e-01 2.714e-03 7.411e-04 6.720e-03 -1.000 1.527e-02 -5.685 -1.354 -3.259 -4.816 -5.636 -6.293 -7.289 -7.972 -8.147
0.0152 0.01508 7.22600 12.4210348129 2.6278497891   12.389  4.226  3.6053  0.678    3  0.000  0.529    78.71    47.62    32.63    23.54    19.55  4 -1.48e-25      0.00 7.092e-01 2.756e-01 2.668e-03 7.680e-04 6.719e-03 -1.000 1.527e-02 -5.794 -1.246 -3.247 -4.843 -5.693 -6.383 -7.412 -8.116 -8.300
0.0152 0.01508 7.22600 12.4210824966 2.6278498195   12.389  4.273  3.5993  0.607    3  0.000  0.497    93.17    54.14    36.89    26.66    22.14  4 -1.51e-25      0.00 7.090e-01 2.757e-01 2.504e-03 9.256e-04 6.715e-03 -1.000 1.532e-02 -5.912 -1.173 -3.257 -4.887 -5.763 -6.485 -7.543 -8.263 -8.457
0.0152 0.01508 7.22600 12.4211187363 2.6278498426   12.389  4.318  3.5942  0.542    3  0.000  0.457   108.79    60.91    41.28    29.89    24.83  4 -1.56e-25      0.00 7.084e-01 2.762e-01 2.296e-03 1.187e-03 6.695e-03 -1.000 1.535e-02 -6.024 -1.124 -3.269 -4.926 -5.827 -6.581 -7.666 -8.400 -8.602
0.0152 0.01508 7.22600 12.4211511612 2.6278498633   12.389  4.361  3.5896  0.480    3  0.000  0.429   126.06    68.13    45.94    33.32    27.69  4 -1.61e-25      0.00 7.071e-01 2.776e-01 2.139e-03 1.418e-03 6.641e-03 -1.000 1.536e-02 -6.133 -1.085 -3.285 -4.968 -5.892 -6.676 -7.785 -8.531 -8.741
0.0152 0.01508 7.22600 12.4211587906 2.6278498681   12.389  4.372  3.5886  0.466    3  0.000  0.424   130.48    69.93    47.10    34.18    28.40  4 -1.63e-25      0.00 7.065e-01 2.781e-01 2.106e-03 1.475e-03 6.620e-03 -1.000 1.536e-02 -6.159 -1.078 -3.287 -4.975 -5.906 -6.698 -7.813 -8.562 -8.773
0.0152 0.01508 7.22600 12.4211759567 2.6278498791   12.389  4.396  3.5863  0.432    3  0.000  0.419   141.47    74.37    49.95    36.28    30.15  4 -1.76e-25      0.00 7.020e-01 2.826e-01 2.040e-03 1.676e-03 6.483e-03 -1.000 1.536e-02 -6.221 -1.067 -3.297 -4.998 -5.941 -6.753 -7.881 -8.636 -8.851
0.0152 0.01508 7.22600 12.4211912155 2.6278498888   12.389  4.416  3.5844  0.405    3  0.000  0.416   150.94    78.13    52.36    38.05    31.63  4 -1.86e-25      0.00 6.996e-01 2.850e-01 2.002e-03 1.789e-03 6.408e-03 -1.000 1.536e-02 -6.270 -1.057 -3.304 -5.013 -5.967 -6.796 -7.935 -8.694 -8.912
0.0152 0.01508 7.22600 12.4212045670 2.6278498973   12.389  4.431  3.5829  0.383    3  0.000  0.414   158.69    81.16    54.30    39.48    32.82  4 -1.94e-25      0.00 6.983e-01 2.863e-01 1.980e-03 1.854e-03 6.365e-03 -1.000 1.537e-02 -6.308 -1.048 -3.308 -5.025 -5.987 -6.828 -7.976 -8.739 -8.960
0.0152 0.01508 7.22600 12.4212379456 2.6278499186   12.389  4.458  3.5802  0.346    3  0.000  0.411   173.64    86.91    57.97    42.19    35.08  4 -2.09e-25      0.00 6.963e-01 2.883e-01 1.944e-03 1.960e-03 6.294e-03 -1.000 1.537e-02 -6.375 -1.031 -3.314 -5.045 -6.023 -6.887 -8.050 -8.820 -9.045
0.0152 0.01508 7.22600 12.4212532043 2.6278499283   12.389  4.469  3.5791  0.331    3  0.000  0.410   179.85    89.26    59.46    43.30    36.00  4 -2.14e-25      0.00 6.954e-01 2.892e-01 1.928e-03 2.007e-03 6.264e-03 -1.000 1.536e-02 -6.402 -1.028 -3.315 -5.049 -6.034 -6.909 -8.079 -8.852 -9.079
0.0152 0.01508 7.22600 12.4212589264 2.6278499319   12.389  4.476  3.5784  0.320    3  0.000  0.409   184.42    90.98    60.56    44.11    36.68  4 -2.14e-25      0.00 6.948e-01 2.898e-01 1.916e-03 2.039e-03 6.242e-03 -1.000 1.536e-02 -6.421 -1.026 -3.316 -5.052 -6.041 -6.925 -8.100 -8.874 -9.103
0.0152 0.01508 7.22600 12.4212865829 2.6278499496   12.390  4.507  3.5754  0.278    3  0.000  0.405   204.07    98.26    65.18    47.53    39.53  4 -2.15e-25      0.00 6.928e-01 2.918e-01 1.877e-03 2.153e-03 6.169e-03 -1.000 1.535e-02 -6.497 -1.019 -3.318 -5.063 -6.071 -6.990 -8.185 -8.966 -9.199
0.0152 0.01508 7.22600 12.4213228226 2.6278499726   12.389  4.543  3.5718  0.227    3  0.000  0.403   230.09   107.65    71.11    51.93    43.19  4 -2.16e-25      0.00 6.912e-01 2.935e-01 1.845e-03 2.245e-03 6.109e-03 -1.000 1.530e-02 -6.587 -1.010 -3.319 -5.076 -6.107 -7.067 -8.284 -9.074 -9.313
0.0152 0.01508 7.22600 12.4213562012 2.6278499939   12.389  4.572  3.5688  0.186    3  0.000  0.401   253.81   115.99    76.36    55.82    46.44  4 -2.17e-25      0.00 6.902e-01 2.944e-01 1.826e-03 2.300e-03 6.073e-03 -1.000 1.537e-02 -6.661 -1.005 -3.316 -5.079 -6.131 -7.128 -8.366 -9.162 -9.406
0.0152 0.01508 7.22600 12.4214086533 2.6278500273   12.390  4.605  3.5655  0.140    3  0.000  0.399   282.88   125.95    82.62    60.47    50.32  4 -2.19e-25      0.00 6.893e-01 2.953e-01 1.808e-03 2.350e-03 6.041e-03 -1.000 1.533e-02 -6.742 -1.004 -3.304 -5.070 -6.148 -7.193 -8.456 -9.260 -9.509
0.0152 0.01508 7.22600 12.4214916229 2.6278500802   12.390  4.634  3.5624  0.099    3  0.000  0.398   304.73   135.82    88.79    65.05    54.15  3 -2.21e-25      0.00 6.887e-01 2.960e-01 1.795e-03 2.389e-03 6.015e-03 -1.000 1.533e-02 -6.815 -1.001 -3.292 -5.061 -6.162 -7.252 -8.538 -9.348 -9.603
0.0152 0.01508 7.22600 12.4217309952 2.6278502327   12.390  4.664  3.5592  0.056    3  0.000  0.396   325.44   146.78    95.62    70.14    58.39  3 -2.25e-25      0.00 6.879e-01 2.968e-01 1.780e-03 2.431e-03 5.987e-03 -1.000 1.537e-02 -6.891 -0.998 -3.274 -5.044 -6.172 -7.310 -8.622 -9.440 -9.700
0.0152 0.01508 7.22600 12.4231300354 2.6278511239   12.391  4.697  3.5556  0.009    3  0.000  0.395   349.79   159.83   103.72    76.18    63.43  3 -2.37e-25      0.00 6.860e-01 2.987e-01 1.757e-03 2.506e-03 5.934e-03 -1.000 1.533e-02 -6.973 -0.995 -3.241 -5.003 -6.167 -7.368 -8.715 -9.539 -9.806
0.0152 0.01508 7.22600 12.4271364212 2.6278536748   12.394  4.721  3.5532 -0.024    3  0.000  0.394   367.97   169.68   109.82    80.73    67.23  3 -2.72e-25      0.00 6.811e-01 3.035e-01 1.728e-03 2.624e-03 5.841e-03 -1.000 1.537e-02 -7.032 -0.996 -3.220 -4.979 -6.168 -7.412 -8.782 -9.610 -9.881
0.0152 0.01508 7.22600 12.4388418198 2.6278611168   12.402  4.712  3.5543 -0.011    3  0.000  0.394   360.71   165.73   107.38    78.90    65.71  3 -3.76e-25      0.00 6.810e-01 3.036e-01 1.728e-03 2.626e-03 5.839e-03 -1.000 1.537e-02 -7.011 -1.000 -3.236 -4.997 -6.174 -7.398 -8.757 -9.584 -9.852
0.0152 0.01508 7.22600 12.4765644073 2.6278849908   12.427  4.676  3.5589  0.044    4  0.000  0.395     0.00     0.00     0.00     0.00     0.00 -1 -1.06e-24      0.00 6.808e-01 3.038e-01 1.727e-03 2.632e-03 5.835e-03 -1.000 1.537e-02 -6.919 -1.013 -3.291 -5.062 -6.194 -7.337 -8.653 -9.470 -9.731
0.0152 0.01508 7.22600 12.5050621033 2.6279029168   12.447  4.641  3.5632  0.097    4  0.000  0.395     0.00     0.00     0.00     0.00     0.00 -1 -2.28e-24      0.00 6.807e-01 3.040e-01 1.726e-03 2.636e-03 5.832e-03 -1.000 1.537e-02 -6.832 -1.027 -3.326 -5.098 -6.194 -7.272 -8.553 -9.361 -9.615
0.0152 0.01508 7.22600 12.5376691818 2.6279233127   12.470  4.603  3.5680  0.155    4  0.000  0.395     0.00     0.00     0.00     0.00     0.00 -1 -5.45e-24      0.00 6.805e-01 3.041e-01 1.726e-03 2.640e-03 5.828e-03 -1.000 1.537e-02 -6.737 -1.045 -3.363 -5.133 -6.192 -7.200 -8.445 -9.241 -9.487
0.0152 0.01508 7.22600 12.5768756866 2.6279476757   12.498  4.569  3.5728  0.209    4  0.000  0.395     0.00     0.00     0.00     0.00     0.00 -1 -1.57e-23      0.00 6.803e-01 3.043e-01 1.725e-03 2.646e-03 5.824e-03 -1.000 1.537e-02 -6.651 -1.074 -3.398 -5.160 -6.187 -7.135 -8.347 -9.132 -9.371
0.0152 0.01508 7.22600 12.6635427475 2.6280009156   12.558  4.539  3.5793  0.267    4  0.000  0.395     0.00     0.00     0.00     0.00     0.00 -1 -1.67e-22      0.00 6.798e-01 3.048e-01 1.722e-03 2.658e-03 5.814e-03 -1.000 1.537e-02 -6.577 -1.152 -3.475 -5.224 -6.212 -7.086 -8.257 -9.025 -9.254
0.0152 0.01508 7.22600 12.7267169952 2.6280391987   12.599  4.534  3.5824  0.286    4  0.000  0.395     0.00     0.00     0.00     0.00     0.00 -1 -9.47e-22      0.00 6.795e-01 3.051e-01 1.721e-03 2.666e-03 5.807e-03 -1.000 1.537e-02 -6.566 -1.212 -3.527 -5.269 -6.240 -7.087 -8.240 -8.998 -9.222
0.0152 0.01508 7.22600 12.7521409988 2.6280544825   12.613  4.538  3.5832  0.285    4  0.000  0.395     0.00     0.00     0.00     0.00     0.00 -1 -1.93e-21      0.00 6.793e-01 3.053e-01 1.720e-03 2.670e-03 5.804e-03 -1.000 1.537e-02 -6.576 -1.236 -3.551 -5.291 -6.259 -7.099 -8.248 -9.004 -9.227
0.0152 0.01508 7.22600 12.7904834747 2.6280774001   12.632  4.552  3.5856  0.282    5  0.000  0.395     0.00     0.00     0.00     0.00     0.00 -1 -5.77e-21      0.00 6.791e-01 3.055e-01 1.719e-03 2.675e-03 5.800e-03 -1.000 1.537e-02 -6.609 -1.309 -3.625 -5.362 -6.319 -7.140 -8.277 -9.025 -9.245
0.0152 0.01508 7.22600 12.7944612503 2.6280797686   12.634  4.561  3.5871  0.279    5  0.000  0.395     0.00     0.00     0.00     0.00     0.00 -1 -6.73e-21      0.00 6.791e-01 3.055e-01 1.719e-03 2.676e-03 5.800e-03 -1.000 1.537e-02 -6.633 -1.359 -3.676 -5.411 -6.362 -7.170 -8.299 -9.041 -9.260
0.0152 0.01508 7.22600 12.7961320877 2.6280807630   12.635  4.570  3.5889  0.278    5  0.000  0.395     0.00     0.00     0.00     0.00     0.00 -1 -7.37e-21      0.00 6.791e-01 3.055e-01 1.719e-03 2.676e-03 5.799e-03 -1.000 1.537e-02 -6.654 -1.412 -3.728 -5.461 -6.403 -7.197 -8.317 -9.053 -9.269
0.0152 0.01508 7.22600 12.7969703674 2.6280812617   12.635  4.577  3.5924  0.284    5  0.000  0.395     0.00     0.00     0.00     0.00     0.00 -1 -7.85e-21      0.00 6.791e-01 3.055e-01 1.719e-03 2.676e-03 5.799e-03 -1.000 1.537e-02 -6.672 -1.508 -3.810 -5.531 -6.457 -7.227 -8.329 -9.053 -9.265
0.0152 0.01508 7.22600 12.7973003387 2.6280814580   12.635  4.580  3.5972  0.300    5  0.000  0.395     0.00     0.00     0.00     0.00     0.00 -1 -8.19e-21      0.00 6.791e-01 3.055e-01 1.719e-03 2.676e-03 5.799e-03 -1.000 1.537e-02 -6.681 -1.632 -3.903 -5.606 -6.510 -7.251 -8.329 -9.038 -9.243
0.0152 0.01508 7.22600 12.7974958420 2.6280815744   12.635  4.582  3.6024  0.319    5  0.000  0.395     0.00     0.00     0.00     0.00     0.00 -1 -8.37e-21      0.00 6.791e-01 3.055e-01 1.719e-03 2.676e-03 5.799e-03 -1.000 1.537e-02 -6.684 -1.770 -3.998 -5.679 -6.560 -7.271 -8.324 -9.016 -9.214
0.0152 0.01508 7.22600 12.7976903915 2.6280816901   12.635  4.583  3.6092  0.346    5  0.000  0.395     0.00     0.00     0.00     0.00     0.00 -1 -8.55e-21      0.00 6.791e-01 3.055e-01 1.719e-03 2.676e-03 5.799e-03 -1.000 1.537e-02 -6.687 -1.961 -4.117 -5.766 -6.617 -7.294 -8.314 -8.984 -9.173
0.0152 0.01508 7.22600 12.7979087830 2.6280818200   12.635  4.583  3.6178  0.380    5  0.000  0.395     0.00     0.00     0.00     0.00     0.00 -1  -8.8e-21      0.00 6.791e-01 3.055e-01 1.719e-03 2.676e-03 5.799e-03 -1.000 1.537e-02 -6.688 -2.214 -4.259 -5.863 -6.678 -7.319 -8.299 -8.942 -9.119
0.0152 0.01508 7.22600 12.7981519699 2.6280819647   12.635  4.583  3.6268  0.416    5  0.000  0.395     0.00     0.00     0.00     0.00     0.00 -1 -9.06e-21      0.00 6.791e-01 3.055e-01 1.719e-03 2.676e-03 5.799e-03 -1.000 1.537e-02 -6.687 -2.490 -4.402 -5.956 -6.736 -7.342 -8.282 -8.898 -9.063
0.0152 0.01508 7.22600 12.7984247208 2.6280821269   12.635  4.583  3.6355  0.450    5  0.000  0.395     0.00     0.00     0.00     0.00     0.00 -1 -9.33e-21      0.00 6.791e-01 3.055e-01 1.719e-03 2.676e-03 5.799e-03 -1.000 1.537e-02 -6.688 -2.761 -4.536 -6.040 -6.786 -7.364 -8.264 -8.855 -9.008
0.0152 0.01508 7.22600 12.7987279892 2.6280823073   12.635  4.583  3.6439  0.484    5  0.000  0.395     0.00     0.00     0.00     0.00     0.00 -1 -9.62e-21      0.00 6.791e-01 3.055e-01 1.719e-03 2.676e-03 5.799e-03 -1.000 1.537e-02 -6.688 -3.022 -4.661 -6.114 -6.831 -7.383 -8.245 -8.813 -8.955
0.0152 0.01508 7.22600 12.7990684509 2.6280825098   12.635  4.583  3.6521  0.517    5  0.000  0.395     0.00     0.00     0.00     0.00     0.00 -1 -9.93e-21      0.00 6.791e-01 3.055e-01 1.719e-03 2.676e-03 5.799e-03 -1.000 1.537e-02 -6.688 -3.267 -4.776 -6.180 -6.871 -7.400 -8.225 -8.772 -8.904
0.0152 0.01508 7.22600 12.7994489670 2.6280827361   12.635  4.583  3.6599  0.548    5  0.000  0.395     0.00     0.00     0.00     0.00     0.00 -1 -1.02e-20      0.00 6.791e-01 3.055e-01 1.719e-03 2.676e-03 5.799e-03 -1.000 1.537e-02 -6.687 -3.490 -4.882 -6.237 -6.904 -7.414 -8.204 -8.734 -8.855
0.0152 0.01508 7.22600 12.7998752594 2.6280829896   12.635  4.583  3.6673  0.578    5  0.000  0.395     0.00     0.00     0.00     0.00     0.00 -1 -1.06e-20      0.00 6.791e-01 3.055e-01 1.719e-03 2.676e-03 5.799e-03 -1.000 1.537e-02 -6.687 -3.679 -4.981 -6.279 -6.926 -7.424 -8.181 -8.703 -8.810
0.0152 0.01508 7.22600 12.8003511429 2.6280832725   12.635  4.582  3.6743  0.606    5  0.000  0.395     0.00     0.00     0.00     0.00     0.00 -1 -1.09e-20      0.00 6.791e-01 3.055e-01 1.719e-03 2.676e-03 5.799e-03 -1.000 1.537e-02 -6.685 -3.840 -5.066 -6.315 -6.944 -7.431 -8.158 -8.670 -8.766
0.0152 0.01508 7.22600 12.8008823395 2.6280835884   12.635  4.582  3.6805  0.632    5  0.000  0.395     0.00     0.00     0.00     0.00     0.00 -1 -1.12e-20      0.00 6.791e-01 3.055e-01 1.719e-03 2.676e-03 5.799e-03 -1.000 1.537e-02 -6.684 -3.974 -5.138 -6.344 -6.958 -7.436 -8.136 -8.639 -8.725
0.0152 0.01508 7.22600 12.8014783859 2.6280839427   12.635  4.581  3.6860  0.654    5  0.000  0.395     0.00     0.00     0.00     0.00     0.00 -1 -1.15e-20      0.00 6.791e-01 3.055e-01 1.719e-03 2.676e-03 5.799e-03 -1.000 1.537e-02 -6.682 -4.079 -5.195 -6.366 -6.967 -7.439 -8.116 -8.610 -8.689
0.0152 0.01508 7.22600 12.8021450043 2.6280843390   12.634  4.580  3.6905  0.673    5  0.000  0.395     0.00     0.00     0.00     0.00     0.00 -1 -1.18e-20      0.00 6.791e-01 3.055e-01 1.719e-03 2.677e-03 5.799e-03 -1.000 1.537e-02 -6.681 -4.177 -5.242 -6.389 -6.978 -7.441 -8.100 -8.581 -8.657
0.0152 0.01508 7.22600 12.8028869629 2.6280847800   12.634  4.580  3.6942  0.689    5  0.000  0.395     0.00     0.00     0.00     0.00     0.00 -1 -1.22e-20      0.00 6.791e-01 3.056e-01 1.719e-03 2.677e-03 5.799e-03 -1.000 1.537e-02 -6.679 -4.252 -5.279 -6.406 -6.986 -7.442 -8.086 -8.557 -8.631
0.0152 0.01508 7.22600 12.8037195206 2.6280852747   12.634  4.579  3.6972  0.701    5  0.000  0.395     0.00     0.00     0.00     0.00     0.00 -1 -1.25e-20      0.00 6.791e-01 3.056e-01 1.719e-03 2.677e-03 5.799e-03 -1.000 1.537e-02 -6.678 -4.311 -5.309 -6.420 -6.991 -7.442 -8.075 -8.537 -8.610
0.0152 0.01508 7.22600 12.8056907654 2.6280864459   12.633  4.579  3.7012  0.718    5  0.000  0.395     0.00     0.00     0.00     0.00     0.00 -1 -1.33e-20      0.00 6.791e-01 3.056e-01 1.719e-03 2.677e-03 5.798e-03 -1.000 1.537e-02 -6.676 -4.392 -5.351 -6.439 -6.999 -7.442 -8.059 -8.511 -8.582
0.0152 0.01508 7.22600 12.8092098236 2.6280885356   12.634  4.579  3.7046  0.731    5  0.000  0.395     0.00     0.00     0.00     0.00     0.00 -1 -7.82e-21      0.00 6.790e-01 3.056e-01 1.719e-03 2.678e-03 5.798e-03 -1.000 1.537e-02 -6.677 -4.458 -5.386 -6.455 -7.007 -7.443 -8.048 -8.490 -8.560
0.0152 0.01508 7.22600 12.8167953491 2.6280930357   12.638  4.581  3.7089  0.747    5  0.000  0.395     0.00     0.00     0.00     0.00     0.00 -1 -9.74e-21      0.00 6.790e-01 3.056e-01 1.719e-03 2.679e-03 5.797e-03 -1.000 1.537e-02 -6.681 -4.545 -5.435 -6.479 -7.019 -7.448 -8.037 -8.466 -8.535
0.0152 0.01508 7.22600 12.8263120651 2.6280986728   12.643  4.583  3.7132  0.762    5  0.000  0.395     0.00     0.00     0.00     0.00     0.00 -1 -1.28e-20      0.00 6.790e-01 3.057e-01 1.719e-03 2.680e-03 5.796e-03 -1.000 1.537e-02 -6.686 -4.632 -5.485 -6.504 -7.032 -7.452 -8.025 -8.443 -8.510
0.0152 0.01508 7.22600 12.8452262878 2.6281098478   12.653  4.586  3.7193  0.783    5  0.000  0.395     0.00     0.00     0.00     0.00     0.00 -1 -2.17e-20      0.00 6.789e-01 3.058e-01 1.718e-03 2.682e-03 5.794e-03 -1.000 1.537e-02 -6.696 -4.752 -5.555 -6.540 -7.052 -7.460 -8.012 -8.412 -8.479
0.0152 0.01508 7.22600 12.8529443741 2.6281143970   12.657  4.588  3.7208  0.788    5  0.000  0.395     0.00     0.00     0.00     0.00     0.00 -1 -2.69e-20      0.00 6.788e-01 3.058e-01 1.718e-03 2.683e-03 5.793e-03 -1.000 1.537e-02 -6.700 -4.783 -5.575 -6.551 -7.058 -7.463 -8.010 -8.405 -8.472
0.0152 0.01508 7.22600 12.8821773529 2.6281315706   12.672  4.594  3.7215  0.786    5  0.000  0.395     0.00     0.00     0.00     0.00     0.00 -1 -5.88e-20      0.00 6.787e-01 3.060e-01 1.717e-03 2.687e-03 5.790e-03 -1.000 1.537e-02 -6.714 -4.810 -5.596 -6.568 -7.073 -7.477 -8.021 -8.414 -8.481
0.0152 0.01508 7.22600 12.8979415894 2.6281407946   12.681  4.596  3.7200  0.777    6  0.000  0.395     0.00     0.00     0.00     0.00     0.00 -1 -8.94e-20      0.00 6.786e-01 3.061e-01 1.717e-03 2.689e-03 5.788e-03 -1.000 1.537e-02 -6.721 -4.790 -5.588 -6.569 -7.078 -7.485 -8.034 -8.432 -8.499
0.0152 0.01508 7.22600 12.9100694656 2.6281478732   12.687  4.598  3.7181  0.767    6  0.000  0.395     0.00     0.00     0.00     0.00     0.00 -1 -1.23e-19      0.00 6.785e-01 3.061e-01 1.717e-03 2.691e-03 5.787e-03 -1.000 1.537e-02 -6.726 -4.760 -5.574 -6.565 -7.080 -7.490 -8.047 -8.449 -8.517
0.0152 0.01508 7.22600 12.9204406738 2.6281539144   12.692  4.600  3.7161  0.758    6  0.000  0.395     0.00     0.00     0.00     0.00     0.00 -1 -1.62e-19      0.00 6.785e-01 3.062e-01 1.716e-03 2.693e-03 5.786e-03 -1.000 1.537e-02 -6.730 -4.728 -5.557 -6.561 -7.081 -7.495 -8.059 -8.467 -8.535
0.0152 0.01508 7.22600 12.9285945892 2.6281586562   12.690  4.602  3.7137  0.747    6  0.000  0.395     0.00     0.00     0.00     0.00     0.00 -1 -4.11e-19      0.00 6.784e-01 3.062e-01 1.716e-03 2.694e-03 5.785e-03 -1.000 1.537e-02 -6.734 -4.688 -5.537 -6.554 -7.080 -7.499 -8.071 -8.486 -8.554
0.0152 0.01508 7.22600 12.9347343445 2.6281622221   12.687  4.603  3.7112  0.735    6  0.000  0.395     0.00     0.00     0.00     0.00     0.00 -1 -4.83e-19      0.00 6.784e-01 3.062e-01 1.716e-03 2.694e-03 5.784e-03 -1.000 1.537e-02 -6.737 -4.645 -5.515 -6.546 -7.079 -7.503 -8.084 -8.506 -8.574
0.0152 0.01508 7.22600 12.9415254593 2.6281661618   12.683  4.604  3.7081  0.722    6  0.000  0.395     0.00     0.00     0.00     0.00     0.00 -1 -5.75e-19      0.00 6.783e-01 3.063e-01 1.716e-03 2.695e-03 5.784e-03 -1.000 1.537e-02 -6.740 -4.590 -5.486 -6.535 -7.077 -7.506 -8.098 -8.529 -8.598
0.0152 0.01508 7.22600 12.9464607239 2.6281690219   12.681  4.605  3.7057  0.711    6  0.000  0.395     0.00     0.00     0.00     0.00     0.00 -1 -6.55e-19      0.00 6.783e-01 3.063e-01 1.716e-03 2.696e-03 5.783e-03 -1.000 1.537e-02 -6.742 -4.545 -5.463 -6.526 -7.074 -7.508 -8.109 -8.547 -8.617
0.0152 0.01508 7.22600 12.9520463943 2.6281722560   12.678  4.607  3.7026  0.697    6  0.000  0.395     0.00     0.00     0.00     0.00     0.00 -1 -7.61e-19      0.00 6.783e-01 3.063e-01 1.716e-03 2.697e-03 5.783e-03 -1.000 1.537e-02 -6.747 -4.490 -5.436 -6.516 -7.072 -7.513 -8.125 -8.572 -8.642
0.0152 0.01508 7.22600 12.9566812515 2.6281749370   12.676  4.608  3.6998  0.684    6  0.000  0.396     0.00     0.00     0.00     0.00     0.00 -1 -8.55e-19      0.00 6.783e-01 3.064e-01 1.716e-03 2.697e-03 5.782e-03 -1.000 1.537e-02 -6.751 -4.440 -5.411 -6.507 -7.071 -7.516 -8.139 -8.594 -8.665
0.0152 0.01508 7.22600 12.9619102478 2.6281779592   12.673  4.610  3.6963  0.668    6  0.000  0.396     0.00     0.00     0.00     0.00     0.00 -1 -9.84e-19      0.00 6.782e-01 3.064e-01 1.715e-03 2.698e-03 5.782e-03 -1.000 1.537e-02 -6.755 -4.373 -5.379 -6.494 -7.067 -7.519 -8.155 -8.619 -8.693
0.0152 0.01508 7.22600 12.9658279419 2.6281802216   12.671  4.612  3.6935  0.655    6  0.000  0.396     0.00     0.00     0.00     0.00     0.00 -1 -1.09e-18      0.00 6.782e-01 3.064e-01 1.715e-03 2.699e-03 5.781e-03 -1.000 1.537e-02 -6.759 -4.317 -5.352 -6.483 -7.064 -7.521 -8.168 -8.640 -8.715
0.0152 0.01508 7.22600 12.9701576233 2.6281827201   12.669  4.613  3.6900  0.640    6  0.000  0.396     0.00     0.00     0.00     0.00     0.00 -1 -1.22e-18      0.00 6.782e-01 3.064e-01 1.715e-03 2.699e-03 5.781e-03 -1.000 1.537e-02 -6.762 -4.248 -5.318 -6.469 -7.059 -7.523 -8.184 -8.665 -8.742
0.0152 0.01508 7.22600 12.9738473892 2.6281848478   12.668  4.614  3.6867  0.626    6  0.000  0.396     0.00     0.00     0.00     0.00     0.00 -1 -1.34e-18      0.00 6.782e-01 3.065e-01 1.715e-03 2.700e-03 5.780e-03 -1.000 1.537e-02 -6.765 -4.179 -5.286 -6.454 -7.052 -7.523 -8.197 -8.687 -8.767
0.0152 0.01508 7.22600 12.9776735306 2.6281870526   12.667  4.615  3.6830  0.610    6  0.000  0.396     0.00     0.00     0.00     0.00     0.00 -1 -1.47e-18      0.00 6.782e-01 3.065e-01 1.715e-03 2.700e-03 5.780e-03 -1.000 1.537e-02 -6.768 -4.106 -5.249 -6.439 -7.047 -7.523 -8.212 -8.710 -8.794
0.0152 0.01508 7.22600 12.9813909531 2.6281891934   12.665  4.616  3.6791  0.593    6  0.000  0.396     0.00     0.00     0.00     0.00     0.00 -1 -1.62e-18      0.00 6.781e-01 3.065e-01 1.715e-03 2.701e-03 5.779e-03 -1.000 1.537e-02 -6.771 -4.027 -5.207 -6.424 -7.041 -7.522 -8.228 -8.733 -8.821
0.0152 0.01508 7.22600 12.9849376678 2.6281912346   12.664  4.617  3.6749  0.575    6  0.000  0.396     0.00     0.00     0.00     0.00     0.00 -1 -1.76e-18      0.00 6.781e-01 3.065e-01 1.715e-03 2.701e-03 5.779e-03 -1.000 1.537e-02 -6.773 -3.936 -5.160 -6.406 -7.034 -7.520 -8.244 -8.755 -8.850
0.0152 0.01508 7.22600 12.9882974625 2.6281931670   12.663  4.618  3.6705  0.556    6  0.000  0.396     0.00     0.00     0.00     0.00     0.00 -1 -1.91e-18      0.00 6.781e-01 3.065e-01 1.715e-03 2.702e-03 5.779e-03 -1.000 1.537e-02 -6.775 -3.835 -5.107 -6.385 -7.025 -7.518 -8.261 -8.778 -8.879
0.0152 0.01508 7.22600 12.9914741516 2.6281949931   12.662  4.619  3.6657  0.536    6  0.000  0.396     0.00     0.00     0.00     0.00     0.00 -1 -2.06e-18      0.00 6.781e-01 3.065e-01 1.715e-03 2.702e-03 5.778e-03 -1.000 1.537e-02 -6.777 -3.715 -5.046 -6.360 -7.012 -7.513 -8.278 -8.800 -8.910
0.0152 0.01508 7.22600 12.9944734573 2.6281967162   12.661  4.619  3.6604  0.515    6  0.000  0.396     0.00     0.00     0.00     0.00     0.00 -1 -2.21e-18      0.00 6.781e-01 3.066e-01 1.715e-03 2.702e-03 5.778e-03 -1.000 1.537e-02 -6.779 -3.576 -4.975 -6.330 -6.997 -7.507 -8.295 -8.823 -8.943
0.0152 0.01508 7.22600 12.9973011017 2.6281983399   12.661  4.620  3.6545  0.491    6  0.000  0.396     0.00     0.00     0.00     0.00     0.00 -1 -2.34e-18      0.00 6.781e-01 3.066e-01 1.715e-03 2.703e-03 5.778e-03 -1.000 1.537e-02 -6.780 -3.407 -4.894 -6.289 -6.974 -7.497 -8.312 -8.852 -8.981
0.0152 0.01508 7.22600 12.9986534119 2.6281991161   12.661  4.620  3.6513  0.478    6  0.000  0.396     0.00     0.00     0.00     0.00     0.00 -1 -2.42e-18      0.00 6.780e-01 3.066e-01 1.715e-03 2.703e-03 5.778e-03 -1.000 1.537e-02 -6.780 -3.311 -4.850 -6.265 -6.960 -7.492 -8.321 -8.868 -9.001
0.0152 0.01508 7.22600 12.9999647141 2.6281998687   12.660  4.620  3.6479  0.464    6  0.000  0.396     0.00     0.00     0.00     0.00     0.00 -1 -2.47e-18      0.00 6.780e-01 3.066e-01 1.715e-03 2.703e-03 5.777e-03 -1.000 1.537e-02 -6.780 -3.207 -4.801 -6.238 -6.944 -7.485 -8.330 -8.886 -9.023
0.0152 0.01508 7.22600 13.0012369156 2.6282005986   12.660  4.620  3.6442  0.449    6  0.000  0.396     0.00     0.00     0.00     0.00     0.00 -1 -2.54e-18      0.00 6.780e-01 3.066e-01 1.715e-03 2.703e-03 5.777e-03 -1.000 1.537e-02 -6.780 -3.093 -4.747 -6.207 -6.925 -7.477 -8.339 -8.904 -9.047
0.0152 0.01508 7.22600 13.0024728775 2.6282013075   12.660  4.620  3.6401  0.433    6  0.000  0.396     0.00     0.00     0.00     0.00     0.00 -1  -2.6e-18      0.00 6.780e-01 3.066e-01 1.714e-03 2.704e-03 5.777e-03 -1.000 1.537e-02 -6.780 -2.968 -4.689 -6.172 -6.905 -7.468 -8.348 -8.924 -9.072
0.0152 0.01508 7.22600 13.0036687851 2.6282019934   12.660  4.620  3.6356  0.415    6  0.000  0.396     0.00     0.00     0.00     0.00     0.00 -1 -2.65e-18      0.00 6.780e-01 3.066e-01 1.714e-03 2.704e-03 5.777e-03 -1.000 1.537e-02 -6.780 -2.829 -4.621 -6.131 -6.880 -7.457 -8.357 -8.946 -9.100
0.0152 0.01508 7.22600 13.0048265457 2.6282026572   12.660  4.619  3.6306  0.395    6  0.000  0.396     0.00     0.00     0.00     0.00     0.00 -1  -2.7e-18      0.00 6.780e-01 3.066e-01 1.714e-03 2.704e-03 5.777e-03 -1.000 1.537e-02 -6.779 -2.671 -4.544 -6.084 -6.851 -7.445 -8.367 -8.970 -9.131
0.0152 0.01508 7.22600 13.0059509277 2.6282033018   12.660  4.619  3.6248  0.373    6  0.000  0.396     0.00     0.00     0.00     0.00     0.00 -1 -2.74e-18      0.00 6.780e-01 3.066e-01 1.714e-03 2.704e-03 5.777e-03 -1.000 1.537e-02 -6.777 -2.489 -4.452 -6.024 -6.813 -7.428 -8.378 -8.997 -9.166
0.0152 0.01508 7.22600 13.0064945221 2.6282036133   12.660  4.619  3.6217  0.361    6  0.000  0.396     0.00     0.00     0.00     0.00     0.00 -1 -2.73e-18      0.00 6.780e-01 3.066e-01 1.714e-03 2.704e-03 5.777e-03 -1.000 1.537e-02 -6.776 -2.391 -4.401 -5.992 -6.793 -7.419 -8.383 -9.011 -9.184
0.0152 0.01508 7.22600 13.0071039200 2.6282039626   12.660  4.618  3.6178  0.346    6  0.000  0.396     0.00     0.00     0.00     0.00     0.00 -1 -2.76e-18      0.00 6.780e-01 3.066e-01 1.714e-03 2.704e-03 5.777e-03 -1.000 1.537e-02 -6.775 -2.271 -4.337 -5.949 -6.766 -7.407 -8.389 -9.029 -9.208
0.0152 0.01508 7.22600 13.0078239441 2.6282043752   12.660  4.617  3.6127  0.326    6  0.000  0.396     0.00     0.00     0.00     0.00     0.00 -1 -2.74e-18      0.00 6.780e-01 3.066e-01 1.714e-03 2.704e-03 5.777e-03 -1.000 1.537e-02 -6.773 -2.118 -4.251 -5.890 -6.728 -7.390 -8.396 -9.053 -9.238
0.0152 0.01508 7.22600 13.0082750320 2.6282046336   12.660  4.616  3.6091  0.312    6  0.000  0.396     0.00     0.00     0.00     0.00     0.00 -1 -2.73e-18      0.00 6.780e-01 3.066e-01 1.714e-03 2.704e-03 5.777e-03 -1.000 1.537e-02 -6.771 -2.013 -4.190 -5.847 -6.700 -7.378 -8.400 -9.069 -9.259
0.0152 0.01508 7.22600 13.0088367462 2.6282049555   12.660  4.615  3.6042  0.294    6  0.000  0.396     0.00     0.00     0.00     0.00     0.00 -1 -2.74e-18      0.00 6.780e-01 3.066e-01 1.714e-03 2.704e-03 5.777e-03 -1.000 1.537e-02 -6.768 -1.874 -4.103 -5.783 -6.657 -7.360 -8.406 -9.090 -9.287
0.0152 0.01508 7.22600 13.0091695786 2.6282051461   12.660  4.614  3.6010  0.282    6  0.000  0.396     0.00     0.00     0.00     0.00     0.00 -1 -2.72e-18      0.00 6.780e-01 3.066e-01 1.714e-03 2.704e-03 5.776e-03 -1.000 1.537e-02 -6.766 -1.784 -4.046 -5.741 -6.630 -7.348 -8.409 -9.103 -9.305
0.0152 0.01508 7.22600 13.0095415115 2.6282053592   12.660  4.613  3.5973  0.269    6  0.000  0.396     0.00     0.00     0.00     0.00     0.00 -1 -2.71e-18      0.00 6.780e-01 3.066e-01 1.714e-03 2.704e-03 5.776e-03 -1.000 1.537e-02 -6.762 -1.687 -3.976 -5.687 -6.592 -7.333 -8.412 -9.118 -9.325
0.0152 0.01508 7.22600 13.0099573135 2.6282055974   12.660  4.611  3.5932  0.254    6  0.000  0.396     0.00     0.00     0.00     0.00     0.00 -1 -2.71e-18      0.00 6.780e-01 3.066e-01 1.714e-03 2.705e-03 5.776e-03 -1.000 1.537e-02 -6.757 -1.583 -3.898 -5.624 -6.549 -7.315 -8.414 -9.134 -9.345
0.0152 0.01508 7.22600 13.0104484558 2.6282058787   12.660  4.608  3.5892  0.242    6  0.000  0.396     0.00     0.00     0.00     0.00     0.00 -1 -2.65e-18      0.00 6.780e-01 3.066e-01 1.714e-03 2.705e-03 5.776e-03 -1.000 1.537e-02 -6.749 -1.480 -3.817 -5.558 -6.501 -7.294 -8.413 -9.145 -9.363
0.0152 0.01508 7.22600 13.0109014511 2.6282061381   12.660  4.604  3.5862  0.234    6  0.000  0.396     0.00     0.00     0.00     0.00     0.00 -1 -2.59e-18      0.00 6.780e-01 3.066e-01 1.714e-03 2.705e-03 5.776e-03 -1.000 1.537e-02 -6.739 -1.407 -3.750 -5.497 -6.456 -7.273 -8.409 -9.151 -9.372
0.0152 0.01508 7.22600 13.0117654800 2.6282066329   12.660  4.597  3.5832  0.228    6  0.000  0.396     0.00     0.00     0.00     0.00     0.00 -1 -2.56e-18      0.00 6.780e-01 3.067e-01 1.714e-03 2.705e-03 5.776e-03 -1.000 1.537e-02 -6.722 -1.331 -3.678 -5.432 -6.404 -7.246 -8.397 -9.149 -9.374
0.0152 0.01508 7.22600 13.0127220154 2.6282071806   12.661  4.586  3.5810  0.230    6  0.000  0.396     0.00     0.00     0.00     0.00     0.00 -1 -2.51e-18      0.00 6.780e-01 3.067e-01 1.714e-03 2.705e-03 5.776e-03 -1.000 1.537e-02 -6.696 -1.266 -3.612 -5.370 -6.352 -7.212 -8.374 -9.134 -9.362
0.0152 0.01508 7.22600 13.0140390396 2.6282079345   12.661  4.581  3.5773  0.221    6  0.000  0.396     0.00     0.00     0.00     0.00     0.00 -1 -2.42e-18      0.00 6.780e-01 3.067e-01 1.714e-03 2.705e-03 5.776e-03 -1.000 1.537e-02 -6.682 -1.184 -3.523 -5.283 -6.286 -7.184 -8.369 -9.140 -9.373
0.0152 0.01508 7.22600 13.0150175095 2.6282084945   12.661  4.593  3.5748  0.199    6  0.000  0.396     0.00     0.00     0.00     0.00     0.00 -1 -2.56e-18      0.00 6.780e-01 3.067e-01 1.714e-03 2.705e-03 5.776e-03 -1.000 1.537e-02 -6.712 -1.157 -3.496 -5.261 -6.279 -7.205 -8.405 -9.182 -9.419
0.0152 0.01508 7.22600 13.0188903809 2.6282107101   12.662  4.606  3.5728  0.178    6  0.000  0.396     0.00     0.00     0.00     0.00     0.00 -1  -3.1e-18      0.00 6.779e-01 3.067e-01 1.714e-03 2.706e-03 5.775e-03 -1.000 1.537e-02 -6.745 -1.142 -3.482 -5.252 -6.281 -7.230 -8.443 -9.225 -9.465
0.0152 0.01508 7.22600 13.0372009277 2.6282211648   12.666  4.649  3.5667  0.110    6  0.000  0.396     0.00     0.00     0.00     0.00     0.00 -1 -5.55e-18      0.00 6.778e-01 3.068e-01 1.714e-03 2.708e-03 5.773e-03 -1.000 1.537e-02 -6.852 -1.104 -3.432 -5.209 -6.281 -7.310 -8.565 -9.363 -9.612
0.0152 0.01508 7.22600 13.0382270813 2.6282217497   12.666  4.658  3.5654  0.097    6  0.000  0.396     0.00     0.00     0.00     0.00     0.00 -1 -5.85e-18      0.00 6.778e-01 3.068e-01 1.713e-03 2.709e-03 5.773e-03 -1.000 1.537e-02 -6.875 -1.099 -3.421 -5.199 -6.280 -7.326 -8.591 -9.392 -9.643
0.0152 0.01508 7.22600 13.0382890701 2.6282217850   12.666  4.660  3.5652  0.094    6  0.000  0.396     0.00     0.00     0.00     0.00     0.00 -1 -5.87e-18      0.00 6.778e-01 3.068e-01 1.713e-03 2.709e-03 5.773e-03 -1.000 1.537e-02 -6.879 -1.098 -3.420 -5.197 -6.280 -7.329 -8.596 -9.397 -9.649
0.0152 0.01508 7.22600 13.0388126373 2.6282220834   12.666  4.680  3.5628  0.064    6  0.000  0.396     0.00     0.00     0.00     0.00     0.00 -1 -6.06e-18      0.00 6.778e-01 3.068e-01 1.713e-03 2.709e-03 5.773e-03 -1.000 1.537e-02 -6.929 -1.090 -3.403 -5.182 -6.283 -7.368 -8.652 -9.459 -9.715
0.0152 0.01508 7.22600 13.0416936874 2.6282237248   12.667  4.715  3.5584  0.011    7  0.000  0.395   350.28   159.94   103.84    76.21    63.46  3 -7.12e-18      0.00 6.778e-01 3.068e-01 1.711e-03 2.711e-03 5.773e-03 -1.000 1.537e-02 -7.017 -1.076 -3.363 -5.139 -6.279 -7.432 -8.753 -9.570 -9.832
0.0152 0.01508 7.22600 13.0427560806 2.6282243299   12.667  4.738  3.5557 -0.022    7  0.000  0.395   368.85   169.99   110.06    80.85    67.34  3 -7.48e-18      0.00 6.778e-01 3.068e-01 1.709e-03 2.712e-03 5.773e-03 -1.000 1.537e-02 -7.074 -1.072 -3.332 -5.103 -6.270 -7.471 -8.819 -9.641 -9.908
0.0152 0.01508 7.22600 13.0437068939 2.6282248713   12.668  4.759  3.5532 -0.054    7  0.000  0.394   387.00   179.90   116.18    85.41    71.15  0  -7.8e-18      0.00 6.778e-01 3.068e-01 1.705e-03 2.717e-03 5.773e-03 -1.000 1.537e-02 -7.128 -1.068 -3.303 -5.069 -6.262 -7.508 -8.880 -9.707 -9.978
0.0152 0.01508 7.22600 13.0448942184 2.6282255473   12.668  4.782  3.5505 -0.087    7  0.000  0.392   407.28   191.07   123.06    90.55    75.44  0 -8.23e-18      0.00 6.778e-01 3.068e-01 1.698e-03 2.725e-03 5.773e-03 -1.000 1.537e-02 -7.184 -1.063 -3.271 -5.032 -6.253 -7.547 -8.945 -9.777 -10.053
0.0152 0.01508 7.22600 13.0464458466 2.6282264304   12.668  4.811  3.5470 -0.130    7  0.000  0.390   435.15   206.59   132.59    97.67    81.39  0 -8.95e-18      0.00 6.778e-01 3.068e-01 1.691e-03 2.734e-03 5.772e-03 -1.000 1.537e-02 -7.257 -1.059 -3.213 -4.961 -6.227 -7.589 -9.029 -9.867 -10.149
0.0152 0.01508 7.22600 13.0481338501 2.6282273910   12.669  4.844  3.5431 -0.179    7  0.000  0.388   468.93   225.64   144.24   106.39    88.68  0 -1.01e-17      0.00 6.778e-01 3.069e-01 1.681e-03 2.747e-03 5.771e-03 -1.000 1.537e-02 -7.340 -1.056 -3.145 -4.876 -6.196 -7.636 -9.125 -9.970 -10.259
0.0152 0.01508 7.22600 13.0499401093 2.6282284185   12.669  4.883  3.5387 -0.235    7  0.000  0.386   511.24   249.85   158.99   117.45    97.91  0 -1.17e-17      0.00 6.769e-01 3.078e-01 1.667e-03 2.777e-03 5.757e-03 -1.000 1.531e-02 -7.437 -1.054 -3.062 -4.770 -6.157 -7.686 -9.237 -10.088 -10.385
0.0152 0.01508 7.22600 13.0545892715 2.6282310616   12.669  4.928  3.5335 -0.301    7  0.000  0.384   565.64   281.50   178.17   131.85   109.95  0 -1.55e-17      0.00 6.736e-01 3.110e-01 1.650e-03 2.831e-03 5.718e-03 -1.000 1.534e-02 -7.550 -1.051 -2.939 -4.615 -6.094 -7.729 -9.369 -10.227 -10.534
0.0152 0.01508 7.22600 13.0650539398 2.6282370032   12.670  4.990  3.5270 -0.389    7  0.000  0.384   647.09   329.91   207.33   153.79   128.30  0 -2.74e-17      0.00 6.601e-01 3.246e-01 1.612e-03 2.989e-03 5.592e-03 -1.000 1.530e-02 -7.705 -1.056 -2.767 -4.400 -6.011 -7.773 -9.547 -10.413 -10.733
# Zini     MH   logAge Mini        int_IMF         Mass   logL    logTe  logg  label   McoreTP C_O  period0  period1  period2  period3  period4  pmode  Mloss  tau1m   X   Y   Xc  Xn  Xo  Cexcess  Z 	 mbolmag  Umag    Bmag    Vmag    Rmag    Imag    Jmag    Hmag    Kmag
0.0152 0.01508 7.27600 0.0900000036 1.0816895926    0.090 -2.252  3.4013  4.202    0  0.000  0.545     0.00     0.00     0.00     0.00     0.00 -1 -1.88e-15      0.00 7.092e-01 2.755e-01 2.746e-03 7.408e-04 6.719e-03 -1.000 1.527e-02 10.401 17.979 16.367 14.838 12.946 10.824 8.339 7.754 7.377
0.0152 0.01508 7.27600 0.0905340835 1.0867861854    0.091 -2.249  3.4017  4.202    0  0.000  0.545     0.00     0.00     0.00     0.00     0.00 -1 -1.89e-15      0.00 7.092e-01 2.755e-01 2.746e-03 7.408e-04 6.719e-03 -1.000 1.527e-02 10.392 17.971 16.359 14.829 12.937 10.815 8.330 7.745 7.368
0.0152 0.01508 7.27600 0.1000000015 1.1711064122    0.100 -2.184  3.4086  4.208    0  0.000  0.545     0.00     0.00     0.00     0.00     0.00 -1 -2.07e-15      0.00 7.092e-01 2.755e-01 2.746e-03 7.408e-04 6.719e-03 -1.000 1.527e-02 10.230 17.819 16.201 14.671 12.777 10.654 8.168 7.583 7.207
0.0152 0.01508 7.27600 0.1034297124 1.1991335699    0.103 -2.163  3.4109  4.211    0  0.000  0.545     0.00     0.00     0.00     0.00     0.00 -1 -2.13e-15      0.00 7.092e-01 2.755e-01 2.746e-03 7.408e-04 6.719e-03 -1.000 1.527e-02 10.177 17.770 16.149 14.618 12.724 10.601 8.115 7.530 7.154
0.0152 0.01508 7.27600 0.1200000122 1.3193155232    0.120 -2.066  3.4211  4.220    0  0.000  0.545     0.00     0.00     0.00     0.00     0.00 -1 -2.45e-15      0.00 7.092e-01 2.755e-01 2.746e-03 7.408e-04 6.719e-03 -1.000 1.527e-02 9.935 17.389 15.792 14.262 12.403 10.308 7.880 7.294 6.921
0.0152 0.01508 7.27600 0.1400000006 1.4384526719    0.140 -1.964  3.4320  4.228    0  0.000  0.545     0.00     0.00     0.00     0.00     0.00 -1 -2.84e-15      0.00 7.092e-01 2.755e-01 2.746e-03 7.408e-04 6.719e-03 -1.000 1.527e-02 9.681 16.700 15.186 13.668 11.915 9.903 7.647 7.058 6.696
0.0152 0.01508 7.27600 0.1693219244 1.5780284736    0.169 -1.840  3.4461  4.243    0  0.000  0.545     0.00     0.00     0.00     0.00     0.00 -1 -3.38e-15      0.00 7.092e-01 2.755e-01 2.746e-03 7.408e-04 6.719e-03 -1.000 1.527e-02 9.369 15.893 14.464 12.978 11.344 9.428 7.361 6.768 6.422
0.0152 0.01508 7.27600 0.1839414835 1.6363697198    0.184 -1.786  3.4519  4.248    0  0.000  0.545     0.00     0.00     0.00     0.00     0.00 -1 -3.63e-15      0.00 7.092e-01 2.755e-01 2.746e-03 7.408e-04 6.719e-03 -1.000 1.527e-02 9.235 15.561 14.164 12.689 11.103 9.229 7.238 6.642 6.304
0.0152 0.01508 7.27600 0.1921952218 1.6667089266    0.192 -1.758  3.4551  4.252    0  0.000  0.545     0.00     0.00     0.00     0.00     0.00 -1 -3.77e-15      0.00 7.092e-01 2.755e-01 2.746e-03 7.408e-04 6.719e-03 -1.000 1.527e-02 9.166 15.393 14.010 12.537 10.977 9.127 7.175 6.578 6.244
0.0152 0.01508 7.27600 0.2012268901 1.6980247903    0.201 -1.728  3.4584  4.255    0  0.000  0.545     0.00     0.00     0.00     0.00     0.00 -1 -3.96e-15      0.00 7.092e-01 2.755e-01 2.746e-03 7.408e-04 6.719e-03 -1.000 1.527e-02 9.089 15.211 13.844 12.374 10.841 9.017 7.105 6.507 6.177
0.0152 0.01508 7.27600 0.2189087868 1.7543502564    0.219 -1.673  3.4642  4.260    0  0.000  0.545     0.00     0.00     0.00     0.00     0.00 -1 -4.28e-15      0.00 7.092e-01 2.755e-01 2.746e-03 7.408e-04 6.719e-03 -1.000 1.527e-02 8.953 14.908 13.564 12.102 10.612 8.829 6.981 6.379 6.056
0.0152 0.01508 7.27600 0.2381929308 1.8094015961    0.238 -1.619  3.4701  4.266    0  0.000  0.545     0.00     0.00     0.00     0.00     0.00 -1 -4.62e-15      0.00 7.092e-01 2.755e-01 2.746e-03 7.408e-04 6.719e-03 -1.000 1.527e-02 8.816 14.608 13.286 11.833 10.385 8.642 6.855 6.250 5.936
0.0152 0.01508 7.27600 0.2553727031 1.8537757511    0.255 -1.574  3.4750  4.271    0  0.000  0.545     0.00     0.00     0.00     0.00     0.00 -1 -4.91e-15      0.00 7.092e-01 2.755e-01 2.746e-03 7.408e-04 6.719e-03 -1.000 1.527e-02 8.706 14.372 13.064 11.618 10.201 8.494 6.755 6.146 5.838
0.0152 0.01508 7.27600 0.2829643786 1.9174810312    0.283 -1.508  3.4822  4.278    0  0.000  0.545     0.00     0.00     0.00     0.00     0.00 -1 -5.39e-15      0.00 7.092e-01 2.755e-01 2.746e-03 7.408e-04 6.719e-03 -1.000 1.527e-02 8.540 14.027 12.737 11.295 9.925 8.274 6.605 5.991 5.693
0.0152 0.01508 7.27600 0.3019631207 1.9568287313    0.302 -1.467  3.4869  4.284    0  0.000  0.545     0.00     0.00     0.00     0.00     0.00 -1 -5.69e-15      0.00 7.092e-01 2.755e-01 2.746e-03 7.408e-04 6.719e-03 -1.000 1.527e-02 8.437 13.819 12.535 11.092 9.749 8.139 6.514 5.896 5.603
0.0152 0.01508 7.27600 0.3429526091 2.0317134590    0.343 -1.386  3.4956  4.294    0  0.000  0.545     0.00     0.00     0.00     0.00     0.00 -1 -6.37e-15      0.00 7.092e-01 2.755e-01 2.746e-03 7.408e-04 6.719e-03 -1.000 1.527e-02 8.235 13.433 12.160 10.727 9.434 7.883 6.333 5.705 5.424
0.0152 0.01508 7.27600 0.3500000238 2.0434175133    0.350 -1.373  3.4971  4.296    0  0.000  0.545     0.00     0.00     0.00     0.00     0.00 -1 -6.48e-15      0.00 7.092e-01 2.755e-01 2.746e-03 7.408e-04 6.719e-03 -1.000 1.527e-02 8.203 13.372 12.101 10.670 9.385 7.843 6.303 5.674 5.395
0.0152 0.01508 7.27600 0.3784830272 2.0877753444    0.378 -1.325  3.5024  4.303    0  0.000  0.545     0.00     0.00     0.00     0.00     0.00 -1  -6.9e-15      0.00 7.092e-01 2.755e-01 2.746e-03 7.408e-04 6.719e-03 -1.000 1.527e-02 8.083 13.151 11.884 10.463 9.205 7.695 6.196 5.560 5.287
0.0152 0.01508 7.27600 0.4000000358 2.1185024810    0.400 -1.291  3.5062  4.307    0  0.000  0.545     0.00     0.00     0.00     0.00     0.00 -1 -7.23e-15      0.00 7.092e-01 2.755e-01 2.746e-03 7.408e-04 6.719e-03 -1.000 1.527e-02 7.997 12.997 11.732 10.316 9.078 7.590 6.118 5.478 5.210
0.0152 0.01508 7.27600 0.4500000477 2.1822809714    0.450 -1.216  3.5149  4.319    0  0.000  0.545     0.00     0.00     0.00     0.00     0.00 -1 -7.98e-15      0.00 7.092e-01 2.755e-01 2.746e-03 7.408e-04 6.719e-03 -1.000 1.527e-02 7.810 12.664 11.398 9.994 8.798 7.362 5.952 5.301 5.043
0.0152 0.01508 7.27600 0.4896336794 2.2266215931    0.490 -1.162  3.5217  4.329    0  0.000  0.545     0.00     0.00     0.00     0.00     0.00 -1 -8.57e-15      0.00 7.092e-01 2.755e-01 2.746e-03 7.408e-04 6.719e-03 -1.000 1.527e-02 7.675 12.426 11.156 9.757 8.592 7.198 5.834 5.175 4.923
0.0152 0.01508 7.27600 0.5000000000 2.2374541529    0.500 -1.148  3.5234  4.331    0  0.000  0.545     0.00     0.00     0.00     0.00     0.00 -1 -8.74e-15      0.00 7.092e-01 2.755e-01 2.746e-03 7.408e-04 6.719e-03 -1.000 1.527e-02 7.640 12.368 11.095 9.698 8.539 7.157 5.803 5.142 4.892
0.0152 0.01508 7.27600 0.5055396557 2.2430928659    0.506 -1.142  3.5244  4.333    0  0.000  0.545     0.00     0.00     0.00     0.00     0.00 -1  -8.8e-15      0.00 7.092e-01 2.755e-01 2.746e-03 7.408e-04 6.719e-03 -1.000 1.527e-02 7.624 12.337 11.063 9.666 8.512 7.136 5.789 5.127 4.878
0.0152 0.01508 7.27600 0.5318942070 2.2680790549    0.532 -1.107  3.5288  4.338    0  0.000  0.545     0.00     0.00     0.00     0.00     0.00 -1 -9.25e-15      0.00 7.092e-01 2.755e-01 2.746e-03 7.408e-04 6.719e-03 -1.000 1.527e-02 7.537 12.188 10.908 9.514 8.379 7.032 5.714 5.046 4.801
0.0152 0.01508 7.27600 0.5500000119 2.2836582633    0.550 -1.083  3.5316  4.340    0  0.000  0.545     0.00     0.00     0.00     0.00     0.00 -1 -9.58e-15      0.00 7.092e-01 2.755e-01 2.746e-03 7.408e-04 6.719e-03 -1.000 1.527e-02 7.478 12.092 10.808 9.417 8.293 6.963 5.662 4.991 4.749
0.0152 0.01508 7.27600 0.5821299553 2.3085806641    0.582 -1.043  3.5371  4.346    0  0.000  0.545     0.00     0.00     0.00     0.00     0.00 -1 -1.01e-14      0.00 7.092e-01 2.755e-01 2.746e-03 7.408e-04 6.719e-03 -1.000 1.527e-02 7.378 11.922 10.628 9.241 8.140 6.844 5.576 4.899 4.662
0.0152 0.01508 7.27600 0.6000000238 2.3211213258    0.600 -1.020  3.5400  4.348    0  0.000  0.545     0.00     0.00     0.00     0.00     0.00 -1 -1.05e-14      0.00 7.092e-01 2.755e-01 2.746e-03 7.408e-04 6.719e-03 -1.000 1.527e-02 7.319 11.826 10.527 9.143 8.053 6.775 5.525 4.845 4.610
0.0152 0.01508 7.27600 0.6121506095 2.3291690106    0.612 -1.005  3.5424  4.351    0  0.000  0.545     0.00     0.00     0.00     0.00     0.00 -1 -1.07e-14      0.00 7.092e-01 2.755e-01 2.746e-03 7.408e-04 6.719e-03 -1.000 1.527e-02 7.283 11.762 10.458 9.075 7.994 6.732 5.495 4.813 4.581
0.0152 0.01508 7.27600 0.6499999762 2.3520353107    0.650 -0.955  3.5497  4.357    0  0.000  0.545     0.00     0.00     0.00     0.00     0.00 -1 -1.16e-14      0.00 7.092e-01 2.755e-01 2.746e-03 7.408e-04 6.719e-03 -1.000 1.527e-02 7.158 11.553 10.233 8.853 7.798 6.585 5.390 4.700 4.475
0.0152 0.01508 7.27600 0.6602170467 2.3576933905    0.660 -0.941  3.5522  4.359    0  0.000  0.545     0.00     0.00     0.00     0.00     0.00 -1 -1.19e-14      0.00 7.092e-01 2.755e-01 2.746e-03 7.408e-04 6.719e-03 -1.000 1.527e-02 7.122 11.491 10.164 8.784 7.738 6.543 5.361 4.669 4.446
0.0152 0.01508 7.27600 0.7000000477 2.3779267258    0.700 -0.880  3.5620  4.363    0  0.000  0.545     0.00     0.00     0.00     0.00     0.00 -1 -1.32e-14      0.00 7.092e-01 2.755e-01 2.746e-03 7.408e-04 6.719e-03 -1.000 1.527e-02 6.970 11.238 9.884 8.506 7.490 6.366 5.236 4.534 4.322
0.0152 0.01508 7.27600 0.7500000000 2.3998889087    0.750 -0.703  3.6242  4.465    0  0.000  0.538     0.00     0.00     0.00     0.00     0.00 -1  -1.7e-14      0.00 7.092e-01 2.755e-01 2.710e-03 7.399e-04 6.720e-03 -1.000 1.527e-02 6.528 10.144 8.679 7.404 6.543 5.831 4.949 4.244 4.117
0.0152 0.01508 7.27600 0.8000000119 2.4187244405    0.800 -0.635  3.6324  4.457    0  0.000  0.538     0.00     0.00     0.00     0.00     0.00 -1 -1.94e-14      0.00 7.092e-01 2.755e-01 2.710e-03 7.399e-04 6.720e-03 -1.000 1.527e-02 6.357 9.853 8.398 7.156 6.320 5.655 4.799 4.103 3.988
0.0152 0.01508 7.27600 0.8371208310 2.4310473453    0.837 -0.578  3.6401  4.451    0  0.000  0.538     0.00     0.00     0.00     0.00     0.00 -1 -2.17e-14      0.00 7.092e-01 2.755e-01 2.710e-03 7.399e-04 6.720e-03 -1.000 1.527e-02 6.214 9.571 8.148 6.941 6.130 5.508 4.678 3.990 3.886
0.0152 0.01508 7.27600 0.8500000238 2.4350346840    0.850 -0.553  3.6435  4.446    0  0.000  0.538     0.00     0.00     0.00     0.00     0.00 -1 -2.29e-14      0.00 7.092e-01 2.755e-01 2.710e-03 7.399e-04 6.720e-03 -1.000 1.527e-02 6.152 9.435 8.039 6.848 6.049 5.444 4.626 3.947 3.845
0.0152 0.01508 7.27600 0.8819848299 2.4443603192    0.881 -0.491  3.6529  4.437    0  0.000  0.538     0.00     0.00     0.00     0.00     0.00 -1 -2.62e-14      0.00 7.092e-01 2.755e-01 2.709e-03 7.399e-04 6.720e-03 -1.000 1.527e-02 5.997 9.065 7.756 6.609 5.843 5.281 4.497 3.845 3.750
0.0152 0.01508 7.27600 0.9000000358 2.4492786175    0.899 -0.453  3.6587  4.432    0  0.000  0.538     0.00     0.00     0.00     0.00     0.00 -1 -2.84e-14      0.00 7.092e-01 2.755e-01 2.709e-03 7.399e-04 6.720e-03 -1.000 1.527e-02 5.903 8.824 7.582 6.465 5.722 5.182 4.420 3.788 3.697
0.0152 0.01508 7.27600 0.9230362177 2.4552471524    0.922 -0.405  3.6665  4.426    0  0.000  0.538     0.00     0.00     0.00     0.00     0.00 -1 -3.15e-14      0.00 7.092e-01 2.755e-01 2.709e-03 7.399e-04 6.720e-03 -1.000 1.527e-02 5.783 8.520 7.362 6.284 5.572 5.057 4.323 3.717 3.631
0.0152 0.01508 7.27600 0.9500000477 2.4618122009    0.950 -0.343  3.6769  4.418    0  0.000  0.538     0.00     0.00     0.00     0.00     0.00 -1 -3.61e-14      0.00 7.092e-01 2.755e-01 2.709e-03 7.399e-04 6.720e-03 -1.000 1.527e-02 5.628 8.118 7.079 6.051 5.382 4.895 4.200 3.629 3.548
0.0152 0.01508 7.27600 0.9533650875 2.4626015875    0.953 -0.335  3.6782  4.417    0  0.000  0.538     0.00     0.00     0.00     0.00     0.00 -1 -3.67e-14      0.00 7.092e-01 2.755e-01 2.709e-03 7.399e-04 6.720e-03 -1.000 1.527e-02 5.608 8.068 7.044 6.022 5.358 4.875 4.185 3.619 3.538
0.0152 0.01508 7.27600 0.9875115156 2.4702631764    0.988 -0.250  3.6927  4.405    0  0.000  0.538     0.00     0.00     0.00     0.00     0.00 -1 -4.45e-14      0.00 7.092e-01 2.755e-01 2.709e-03 7.398e-04 6.720e-03 -1.000 1.527e-02 5.395 7.554 6.676 5.719 5.110 4.659 4.018 3.496 3.422
0.0152 0.01508 7.27600 1.0000000000 2.4729154477    1.000 -0.218  3.6982  4.400    0  0.000  0.538     0.00     0.00     0.00     0.00     0.00 -1 -4.79e-14      0.00 7.092e-01 2.755e-01 2.709e-03 7.398e-04 6.720e-03 -1.000 1.527e-02 5.314 7.358 6.540 5.607 5.017 4.578 3.955 3.450 3.379
0.0152 0.01508 7.27600 1.0081776381 2.4746113109    1.008 -0.196  3.7017  4.397    0  0.000  0.538     0.00     0.00     0.00     0.00     0.00 -1 -4.96e-14      0.00 7.092e-01 2.755e-01 2.709e-03 7.398e-04 6.720e-03 -1.000 1.527e-02 5.261 7.234 6.453 5.535 4.958 4.525 3.915 3.420 3.351
0.0152 0.01508 7.27600 1.0355297327 2.4800604097    1.035 -0.122  3.7140  4.383    0  0.000  0.538     0.00     0.00     0.00     0.00     0.00 -1 -5.67e-14      0.00 7.092e-01 2.755e-01 2.709e-03 7.398e-04 6.720e-03 -1.000 1.527e-02 5.075 6.815 6.159 5.289 4.752 4.342 3.772 3.313 3.249
0.0152 0.01508 7.27600 1.0499999523 2.4828114860    1.050 -0.081  3.7207  4.375    0  0.000  0.538     0.00     0.00     0.00     0.00     0.00 -1 -6.12e-14      0.00 7.092e-01 2.755e-01 2.709e-03 7.398e-04 6.720e-03 -1.000 1.527e-02 4.971 6.590 6.000 5.157 4.640 4.242 3.694 3.253 3.192
0.0152 0.01508 7.27600 1.0580182076 2.4842987071    1.058 -0.057  3.7244  4.369    0  0.000  0.538     0.00     0.00     0.00     0.00     0.00 -1 -6.39e-14      0.00 7.092e-01 2.755e-01 2.709e-03 7.398e-04 6.720e-03 -1.000 1.527e-02 4.913 6.469 5.914 5.085 4.578 4.186 3.649 3.219 3.159
0.0152 0.01508 7.27600 1.0801119804 2.4882655841    1.079  0.010  3.7348  4.353    0  0.000  0.538     0.00     0.00     0.00     0.00     0.00 -1 -7.25e-14      0.00 7.092e-01 2.755e-01 2.709e-03 7.398e-04 6.720e-03 -1.000 1.527e-02 4.746 6.129 5.669 4.881 4.403 4.027 3.523 3.120 3.064
0.0152 0.01508 7.27600 1.1000000238 2.4916801480    1.099  0.072  3.7443  4.336    0  0.000  0.538     0.00     0.00     0.00     0.00     0.00 -1 -8.21e-14      0.00 7.092e-01 2.755e-01 2.709e-03 7.398e-04 6.720e-03 -1.000 1.527e-02 4.589 5.815 5.443 4.693 4.242 3.882 3.406 3.026 2.974
0.0152 0.01508 7.27600 1.1098928452 2.4933263233    1.109  0.105  3.7490  4.326    0  0.000  0.538     0.00     0.00     0.00     0.00     0.00 -1 -8.74e-14      0.00 7.092e-01 2.755e-01 2.709e-03 7.398e-04 6.720e-03 -1.000 1.527e-02 4.508 5.656 5.330 4.599 4.161 3.809 3.346 2.977 2.928
0.0152 0.01508 7.27600 1.1329733133 2.4970387150    1.132  0.182  3.7600  4.302    0  0.000  0.538     0.00     0.00     0.00     0.00     0.00 -1 -1.02e-13      0.00 7.092e-01 2.755e-01 2.709e-03 7.398e-04 6.720e-03 -1.000 1.527e-02 4.314 5.294 5.064 4.378 3.968 3.633 3.201 2.858 2.813
0.0152 0.01508 7.27600 1.1499999762 2.4996678137    1.149  0.241  3.7682  4.283    0  0.000  0.538     0.00     0.00     0.00     0.00     0.00 -1 -1.15e-13      0.00 7.092e-01 2.755e-01 2.709e-03 7.398e-04 6.719e-03 -1.000 1.527e-02 4.168 5.038 4.867 4.216 3.827 3.505 3.095 2.770 2.729
0.0152 0.01508 7.27600 1.1586902142 2.5009754807    1.158  0.271  3.7723  4.272    0  0.000  0.538     0.00     0.00     0.00     0.00     0.00 -1 -1.22e-13      0.00 7.092e-01 2.755e-01 2.709e-03 7.398e-04 6.719e-03 -1.000 1.527e-02 4.093 4.910 4.766 4.134 3.755 3.440 3.040 2.724 2.685
0.0152 0.01508 7.27600 1.1839941740 2.5046576997    1.183  0.348  3.7839  4.250    0  0.000  0.538     0.00     0.00     0.00     0.00     0.00 -1 -1.42e-13      0.00 7.092e-01 2.755e-01 2.709e-03 7.398e-04 6.719e-03 -1.000 1.527e-02 3.899 4.580 4.504 3.922 3.570 3.274 2.904 2.613 2.579
0.0152 0.01508 7.27600 1.2000000477 2.5068948796    1.200  0.391  3.7911  4.242    0  0.000  0.538     0.00     0.00     0.00     0.00     0.00 -1 -1.53e-13      0.00 7.092e-01 2.755e-01 2.709e-03 7.398e-04 6.719e-03 -1.000 1.527e-02 3.791 4.401 4.357 3.806 3.470 3.185 2.833 2.556 2.525
0.0152 0.01508 7.27600 1.2005796432 2.5069746050    1.200  0.393  3.7913  4.242    0  0.000  0.538     0.00     0.00     0.00     0.00     0.00 -1 -1.53e-13      0.00 7.092e-01 2.755e-01 2.709e-03 7.398e-04 6.719e-03 -1.000 1.527e-02 3.787 4.395 4.352 3.802 3.467 3.182 2.830 2.554 2.523
0.0152 0.01508 7.27600 1.2101470232 2.5082779520    1.210  0.407  3.7947  4.245    0  0.000  0.538     0.00     0.00     0.00     0.00     0.00 -1 -1.54e-13      0.00 7.092e-01 2.755e-01 2.709e-03 7.398e-04 6.719e-03 -1.000 1.527e-02 3.754 4.331 4.301 3.765 3.437 3.158 2.814 2.544 2.514
0.0152 0.01508 7.27600 1.2500000000 2.5134610955    1.250  0.438  3.8068  4.276    0  0.000  0.538     0.00     0.00     0.00     0.00     0.00 -1 -1.46e-13      0.00 7.092e-01 2.755e-01 2.709e-03 7.397e-04 6.719e-03 -1.000 1.527e-02 3.676 4.151 4.163 3.677 3.375 3.115 2.800 2.553 2.529
0.0152 0.01508 7.27600 1.2527272701 2.5138019558    1.252  0.439  3.8076  4.279    0  0.000  0.538     0.00     0.00     0.00     0.00     0.00 -1 -1.45e-13      0.00 7.092e-01 2.755e-01 2.709e-03 7.397e-04 6.719e-03 -1.000 1.527e-02 3.672 4.140 4.156 3.673 3.373 3.114 2.801 2.556 2.531
0.0152 0.01508 7.27600 1.2788635492 2.5169839249    1.279  0.428  3.8116  4.315    0  0.000  0.538     0.00     0.00     0.00     0.00     0.00 -1 -1.26e-13      0.00 7.092e-01 2.755e-01 2.709e-03 7.397e-04 6.719e-03 -1.000 1.527e-02 3.700 4.139 4.167 3.699 3.407 3.155 2.850 2.612 2.590
0.0152 0.01508 7.27600 1.2968053818 2.5190830828    1.297  0.418  3.8127  4.336    0  0.000  0.538     0.00     0.00     0.00     0.00     0.00 -1 -1.14e-13      0.00 7.092e-01 2.755e-01 2.709e-03 7.397e-04 6.719e-03 -1.000 1.524e-02 3.725 4.156 4.188 3.724 3.434 3.183 2.881 2.645 2.622
0.0152 0.01508 7.27600 1.2999999523 2.5194498592    1.300  0.417  3.8128  4.338    0  0.000  0.538     0.00     0.00     0.00     0.00     0.00 -1 -1.13e-13      0.00 7.092e-01 2.755e-01 2.709e-03 7.397e-04 6.719e-03 -1.000 1.524e-02 3.727 4.157 4.190 3.726 3.437 3.185 2.884 2.648 2.626
0.0152 0.01508 7.27600 1.3098365068 2.5205663084    1.310  0.414  3.8132  4.346    0  0.000  0.538     0.00     0.00     0.00     0.00     0.00 -1 -1.07e-13      0.00 7.093e-01 2.755e-01 2.709e-03 7.397e-04 6.718e-03 -1.000 1.523e-02 3.736 4.163 4.197 3.734 3.446 3.195 2.895 2.659 2.637
0.0152 0.01508 7.27600 1.3447815180 2.5243811317    1.345  0.429  3.8153  4.351    0  0.000  0.538     0.00     0.00     0.00     0.00     0.00 -1 -9.91e-14      0.00 7.093e-01 2.754e-01 2.709e-03 7.396e-04 6.718e-03 -1.000 1.527e-02 3.698 4.114 4.151 3.696 3.411 3.163 2.868 2.636 2.615
0.0152 0.01508 7.27600 1.3500001431 2.5249313723    1.350  0.437  3.8161  4.348    0  0.000  0.538     0.00     0.00     0.00     0.00     0.00 -1 -9.99e-14      0.00 7.093e-01 2.754e-01 2.709e-03 7.396e-04 6.718e-03 -1.000 1.527e-02 3.676 4.088 4.125 3.673 3.390 3.144 2.850 2.621 2.599
0.0152 0.01508 7.27600 1.3977624178 2.5297486044    1.398  0.519  3.8244  4.314    0  0.000  0.538     0.00     0.00     0.00     0.00     0.00 -1 -1.05e-13      0.00 7.093e-01 2.755e-01 2.709e-03 7.397e-04 6.718e-03 -1.000 1.525e-02 3.473 3.844 3.885 3.463 3.196 2.963 2.689 2.476 2.457
0.0152 0.01508 7.27600 1.4000000954 2.5299650415    1.400  0.523  3.8248  4.313    0  0.000  0.538     0.00     0.00     0.00     0.00     0.00 -1 -1.06e-13      0.00 7.093e-01 2.755e-01 2.709e-03 7.397e-04 6.718e-03 -1.000 1.526e-02 3.463 3.832 3.874 3.453 3.186 2.955 2.682 2.470 2.450
0.0152 0.01508 7.27600 1.4252820015 2.5323562109    1.425  0.566  3.8298  4.297    0  0.000  0.538     0.00     0.00     0.00     0.00     0.00 -1 -1.07e-13      0.00 7.093e-01 2.754e-01 2.708e-03 7.396e-04 6.718e-03 -1.000 1.527e-02 3.354 3.700 3.744 3.340 3.084 2.860 2.599 2.397 2.378
0.0152 0.01508 7.27600 1.4500000477 2.5346015836    1.450  0.609  3.8354  4.284    0  0.000  0.538     0.00     0.00     0.00     0.00     0.00 -1 -1.09e-13      0.00 7.093e-01 2.754e-01 2.708e-03 7.396e-04 6.718e-03 -1.000 1.527e-02 3.247 3.574 3.615 3.229 2.984 2.770 2.521 2.330 2.313
0.0152 0.01508 7.27600 1.4932969809 2.5383294157    1.493  0.688  3.8490  4.272    0  0.000  0.538     0.00     0.00     0.00     0.00     0.00 -1 -1.08e-13      0.00 7.093e-01 2.754e-01 2.708e-03 7.396e-04 6.717e-03 -1.000 1.526e-02 3.049 3.334 3.368 3.024 2.805 2.614 2.396 2.231 2.215
0.0152 0.01508 7.27600 1.5000000000 2.5388844597    1.500  0.701  3.8515  4.271    0  0.000  0.538     0.00     0.00     0.00     0.00     0.00 -1 -1.08e-13      0.00 7.093e-01 2.754e-01 2.708e-03 7.396e-04 6.717e-03 -1.000 1.526e-02 3.017 3.296 3.328 2.991 2.777 2.591 2.378 2.218 2.202
0.0152 0.01508 7.27600 1.5009870529 2.5389657112    1.501  0.703  3.8519  4.271    0  0.000  0.538     0.00     0.00     0.00     0.00     0.00 -1 -1.07e-13      0.00 7.093e-01 2.754e-01 2.708e-03 7.396e-04 6.717e-03 -1.000 1.526e-02 3.013 3.290 3.322 2.986 2.773 2.587 2.375 2.216 2.201
0.0152 0.01508 7.27600 1.5499999523 2.5428511323    1.550  0.779  3.8712  4.286    0  0.000  0.538     0.00     0.00     0.00     0.00     0.00 -1 -9.36e-14      0.00 7.093e-01 2.754e-01 2.708e-03 7.395e-04 6.717e-03 -1.000 1.527e-02 2.823 3.060 3.074 2.790 2.614 2.463 2.292 2.168 2.155
0.0152 0.01508 7.27600 1.6000000238 2.5465340628    1.600  0.838  3.8883  4.309    0  0.000  0.538     0.00     0.00     0.00     0.00     0.00 -1 -6.89e-14      0.00 7.093e-01 2.754e-01 2.708e-03 7.395e-04 6.717e-03 -1.000 1.527e-02 2.674 2.887 2.881 2.640 2.497 2.377 2.241 2.146 2.135
0.0152 0.01508 7.27600 1.6500000954 2.5499614852    1.649  0.888  3.9025  4.329    0  0.000  0.538     0.00     0.00     0.00     0.00     0.00 -1 -3.73e-14      0.00 7.094e-01 2.754e-01 2.708e-03 7.395e-04 6.716e-03 -1.000 1.527e-02 2.549 2.746 2.725 2.519 2.405 2.309 2.200 2.127 2.117
0.0152 0.01508 7.27600 1.6588344574 2.5505424171    1.658  0.896  3.9049  4.334    0  0.000  0.538     0.00     0.00     0.00     0.00     0.00 -1 -4.02e-17      0.00 7.094e-01 2.754e-01 2.708e-03 7.395e-04 6.716e-03 -1.000 1.527e-02 2.531 2.726 2.702 2.503 2.393 2.301 2.197 2.127 2.117
0.0152 0.01508 7.27600 1.7000000477 2.5531580802    1.699  0.941  3.9147  4.338    0  0.000  0.538     0.00     0.00     0.00     0.00     0.00 -1    -1e-30      0.00 7.094e-01 2.754e-01 2.708e-03 7.394e-04 6.716e-03 -1.000 1.527e-02 2.417 2.603 2.569 2.396 2.305 2.230 2.143 2.087 2.078
0.0152 0.01508 7.27600 1.7500000000 2.5561455243    1.749  0.995  3.9261  4.342    0  0.000  0.538     0.00     0.00     0.00     0.00     0.00 -1    -1e-30      0.00 7.094e-01 2.754e-01 2.708e-03 7.394e-04 6.716e-03 -1.000 1.527e-02 2.283 2.460 2.418 2.276 2.206 2.149 2.081 2.039 2.031
0.0152 0.01508 7.27600 1.7999999523 2.5589429085    1.799  1.046  3.9369  4.346    0  0.000  0.538     0.00     0.00     0.00     0.00     0.00 -1    -1e-30      0.00 7.094e-01 2.753e-01 2.708e-03 7.394e-04 6.716e-03 -1.000 1.527e-02 2.154 2.322 2.280 2.166 2.114 2.072 2.022 1.991 1.984
0.0152 0.01508 7.27600 1.8500000238 2.5615671203    1.849  1.095  3.9469  4.350    0  0.000  0.538     0.00     0.00     0.00     0.00     0.00 -1    -1e-30      0.00 7.094e-01 2.753e-01 2.707e-03 7.394e-04 6.715e-03 -1.000 1.526e-02 2.033 2.193 2.159 2.070 2.031 2.002 1.966 1.945 1.939
0.0152 0.01508 7.27600 1.9000000954 2.5640331317    1.899  1.142  3.9566  4.352    0  0.000  0.538     0.00     0.00     0.00     0.00     0.00 -1    -1e-30      0.00 7.094e-01 2.753e-01 2.707e-03 7.393e-04 6.715e-03 -1.000 1.526e-02 1.914 2.067 2.048 1.979 1.952 1.933 1.911 1.898 1.893
0.0152 0.01508 7.27600 1.9500001669 2.5663542767    1.950  1.189  3.9659  4.355    0  0.000  0.538     0.00     0.00     0.00     0.00     0.00 -1    -1e-30      0.00 7.095e-01 2.753e-01 2.707e-03 7.393e-04 6.715e-03 -1.000 1.526e-02 1.798 1.947 1.946 1.895 1.878 1.868 1.858 1.851 1.848
0.0152 0.01508 7.27600 2.0000000000 2.5685424513    2.000  1.234  3.9748  4.357    0  0.000  0.538     0.00     0.00     0.00     0.00     0.00 -1    -1e-30      0.00 7.095e-01 2.753e-01 2.707e-03 7.393e-04 6.714e-03 -1.000 1.527e-02 1.686 1.835 1.852 1.817 1.808 1.806 1.807 1.805 1.804
0.0152 0.01508 7.27600 2.0499999523 2.5706083333    2.050  1.277  3.9832  4.358    0  0.000  0.538     0.00     0.00     0.00     0.00     0.00 -1    -1e-30      0.00 7.095e-01 2.753e-01 2.708e-03 7.392e-04 6.714e-03 -1.000 1.526e-02 1.578 1.728 1.765 1.744 1.742 1.746 1.758 1.760 1.761
0.0152 0.01508 7.27600 2.0999999046 2.5725614918    2.099  1.319  3.9913  4.358    0  0.000  0.538     0.00     0.00     0.00     0.00     0.00 -1    -1e-30      0.00 7.095e-01 2.752e-01 2.707e-03 7.392e-04 6.714e-03 -1.000 1.526e-02 1.473 1.625 1.682 1.674 1.677 1.687 1.708 1.714 1.718
0.0152 0.01508 7.27600 2.1500000954 2.5744105556    2.149  1.360  3.9992  4.359    0  0.000  0.538     0.00     0.00     0.00     0.00     0.00 -1    -1e-30      0.00 7.095e-01 2.752e-01 2.707e-03 7.392e-04 6.714e-03 -1.000 1.526e-02 1.370 1.526 1.604 1.608 1.615 1.631 1.661 1.670 1.676
0.0152 0.01508 7.27600 2.2000000477 2.5761632879    2.199  1.400  4.0067  4.359    0  0.000  0.538     0.00     0.00     0.00     0.00     0.00 -1    -1e-30      0.00 7.095e-01 2.752e-01 2.707e-03 7.392e-04 6.714e-03 -1.000 1.527e-02 1.270 1.430 1.530 1.543 1.555 1.575 1.613 1.626 1.633
0.0152 0.01508 7.27600 2.2500000000 2.5778267375    2.249  1.439  4.0141  4.359    0  0.000  0.538     0.00     0.00     0.00     0.00     0.00 -1    -1e-30      0.00 7.095e-01 2.752e-01 2.707e-03 7.391e-04 6.714e-03 -1.000 1.527e-02 1.173 1.337 1.459 1.482 1.497 1.521 1.568 1.583 1.592
0.0152 0.01508 7.27600 2.2999999523 2.5794072884    2.299  1.477  4.0211  4.359    1  0.000  0.538     0.00     0.00     0.00     0.00     0.00 -1    -1e-30      0.00 7.095e-01 2.752e-01 2.707e-03 7.392e-04 6.713e-03 -1.000 1.527e-02 1.078 1.248 1.390 1.422 1.440 1.468 1.522 1.540 1.551
0.0152 0.01508 7.27600 2.4000000954 2.5823423892    2.399  1.550  4.0344  4.358    0  0.000  0.538     0.00     0.00     0.00     0.00     0.00 -1    -1e-30      0.00 7.095e-01 2.752e-01 2.707e-03 7.391e-04 6.713e-03 -1.000 1.525e-02 0.896 1.078 1.261 1.306 1.329 1.364 1.432 1.454 1.469
0.0152 0.01508 7.27600 2.5999999046 2.5874412955    2.600  1.685  4.0587  4.355    0  0.000  0.538     0.00     0.00     0.00     0.00     0.00 -1    -1e-30      0.00 7.092e-01 2.755e-01 2.710e-03 7.399e-04 6.720e-03 -1.000 1.527e-02 0.557 0.766 1.027 1.093 1.124 1.168 1.261 1.290 1.312
0.0152 0.01508 7.27600 2.8000001907 2.5917117867    2.800  1.810  4.0804  4.349    1  0.000  0.538     0.00     0.00     0.00     0.00     0.00 -1    -1e-30      0.00 7.092e-01 2.755e-01 2.710e-03 7.399e-04 6.720e-03 -1.000 1.527e-02 0.244 0.485 0.813 0.895 0.930 0.983 1.097 1.132 1.159
0.0152 0.01508 7.27600 3.0000000000 2.5953341962    3.000  1.926  4.1001  4.341    1  0.000  0.538     0.00     0.00     0.00     0.00     0.00 -1    -1e-30      0.00 7.092e-01 2.755e-01 2.710e-03 7.399e-04 6.720e-03 -1.000 1.527e-02 -0.046 0.231 0.618 0.712 0.752 0.810 0.942 0.982 1.014
0.0152 0.01508 7.27600 3.2000000477 2.5984409005    3.199  2.034  4.1179  4.333    1  0.000  0.538     0.00     0.00     0.00     0.00     0.00 -1    -1e-30      0.00 7.092e-01 2.755e-01 2.710e-03 7.399e-04 6.720e-03 -1.000 1.527e-02 -0.315 0.001 0.439 0.542 0.586 0.650 0.797 0.841 0.876
0.0152 0.01508 7.27600 3.4000000954 2.6011310876    3.398  2.136  4.1347  4.325    1  0.000  0.538     0.00     0.00     0.00     0.00     0.00 -1    -1e-30      0.00 7.092e-01 2.755e-01 2.710e-03 7.399e-04 6.720e-03 -1.000 1.527e-02 -0.569 -0.210 0.271 0.383 0.431 0.500 0.661 0.708 0.747
0.0152 0.01508 7.27600 3.6000001431 2.6034804607    3.598  2.231  4.1501  4.315    1  0.000  0.538     0.00     0.00     0.00     0.00     0.00 -1    -1e-30      0.00 7.092e-01 2.755e-01 2.710e-03 7.399e-04 6.720e-03 -1.000 1.527e-02 -0.807 -0.407 0.113 0.233 0.284 0.358 0.530 0.581 0.622
0.0152 0.01508 7.27600 3.8000001907 2.6055477311    3.798  2.321  4.1644  4.307    1  0.000  0.538     0.00     0.00     0.00     0.00     0.00 -1    -1e-30      0.00 7.092e-01 2.755e-01 2.710e-03 7.399e-04 6.720e-03 -1.000 1.527e-02 -1.032 -0.588 -0.035 0.093 0.147 0.225 0.408 0.462 0.506
0.0152 0.01508 7.27600 3.8662273884 2.6061783082    3.865  2.349  4.1688  4.303    1  0.000  0.538     0.00     0.00     0.00     0.00     0.00 -1    -1e-30      0.00 7.092e-01 2.755e-01 2.710e-03 7.399e-04 6.720e-03 -1.000 1.527e-02 -1.103 -0.645 -0.083 0.047 0.102 0.182 0.368 0.423 0.467
0.0152 0.01508 7.27600 4.0000000000 2.6073790840    4.001  2.406  4.1777  4.297    1  0.000  0.538     0.00     0.00     0.00     0.00     0.00 -1    -1e-30      0.00 7.092e-01 2.755e-01 2.710e-03 7.399e-04 6.720e-03 -1.000 1.527e-02 -1.244 -0.758 -0.176 -0.041 0.016 0.098 0.290 0.347 0.393
0.0152 0.01508 7.27600 4.1999998093 2.6090113217    4.198  2.487  4.1904  4.288    1  0.000  0.538     0.00     0.00     0.00     0.00     0.00 -1    -1e-30      0.00 7.092e-01 2.755e-01 2.710e-03 7.399e-04 6.720e-03 -1.000 1.527e-02 -1.447 -0.919 -0.310 -0.169 -0.109 -0.022 0.178 0.238 0.286
0.0152 0.01508 7.27600 4.2654185295 2.6095071624    4.263  2.512  4.1943  4.285    1  0.000  0.538     0.00     0.00     0.00     0.00     0.00 -1    -1e-30      0.00 7.092e-01 2.755e-01 2.710e-03 7.399e-04 6.720e-03 -1.000 1.527e-02 -1.511 -0.970 -0.353 -0.210 -0.148 -0.061 0.142 0.203 0.252
0.0152 0.01508 7.27600 4.4000000954 2.6104741055    4.397  2.564  4.2023  4.278    1  0.000  0.538     0.00     0.00     0.00     0.00     0.00 -1    -1e-30      0.00 7.092e-01 2.755e-01 2.710e-03 7.399e-04 6.720e-03 -1.000 1.527e-02 -1.640 -1.072 -0.438 -0.291 -0.228 -0.138 0.070 0.132 0.183
0.0152 0.01508 7.27600 4.5999999046 2.6117915791    4.597  2.638  4.2136  4.269    1  0.000  0.538     0.00     0.00     0.00     0.00     0.00 -1    -1e-30      0.00 7.092e-01 2.755e-01 2.710e-03 7.399e-04 6.720e-03 -1.000 1.527e-02 -1.825 -1.217 -0.561 -0.409 -0.343 -0.249 -0.033 0.031 0.083
0.0152 0.01508 7.27600 4.7177767754 2.6125076042    4.715  2.680  4.2200  4.264    1  0.000  0.538     0.00     0.00     0.00     0.00     0.00 -1    -1e-30      0.00 7.092e-01 2.755e-01 2.710e-03 7.399e-04 6.720e-03 -1.000 1.527e-02 -1.930 -1.299 -0.632 -0.476 -0.408 -0.313 -0.092 -0.027 0.026
0.0152 0.01508 7.27600 4.8000001907 2.6129836005    4.798  2.709  4.2243  4.260    1  0.000  0.538     0.00     0.00     0.00     0.00     0.00 -1    -1e-30      0.00 7.092e-01 2.755e-01 2.710e-03 7.399e-04 6.720e-03 -1.000 1.527e-02 -2.002 -1.356 -0.680 -0.522 -0.453 -0.357 -0.133 -0.067 -0.013
0.0152 0.01508 7.27600 5.0000000000 2.6140666223    4.999  2.777  4.2344  4.250    1  0.000  0.538     0.00     0.00     0.00     0.00     0.00 -1    -1e-30      0.00 7.092e-01 2.755e-01 2.710e-03 7.399e-04 6.720e-03 -1.000 1.527e-02 -2.171 -1.489 -0.795 -0.631 -0.560 -0.461 -0.231 -0.162 -0.106
0.0152 0.01508 7.27600 5.0882544518 2.6145135122    5.088  2.806  4.2387  4.246    1  0.000  0.538     0.00     0.00     0.00     0.00     0.00 -1    -1e-30      0.00 7.092e-01 2.755e-01 2.710e-03 7.399e-04 6.720e-03 -1.000 1.527e-02 -2.244 -1.546 -0.844 -0.679 -0.607 -0.506 -0.273 -0.204 -0.147
0.0152 0.01508 7.27600 5.1999998093 2.6150544000    5.200  2.842  4.2441  4.240    1  0.000  0.538     0.00     0.00     0.00     0.00     0.00 -1    -1e-30      0.00 7.092e-01 2.755e-01 2.710e-03 7.399e-04 6.720e-03 -1.000 1.527e-02 -2.335 -1.618 -0.906 -0.738 -0.664 -0.562 -0.326 -0.255 -0.198
0.0152 0.01508 7.27600 5.3999996185 2.6159585084    5.401  2.905  4.2533  4.230    1  0.000  0.538     0.00     0.00     0.00     0.00     0.00 -1    -1e-30      0.00 7.092e-01 2.755e-01 2.710e-03 7.399e-04 6.720e-03 -1.000 1.527e-02 -2.494 -1.743 -1.014 -0.841 -0.766 -0.660 -0.418 -0.346 -0.287
0.0152 0.01508 7.27600 5.4244623184 2.6160638431    5.425  2.913  4.2544  4.229    1  0.000  0.538     0.00     0.00     0.00     0.00     0.00 -1    -1e-30      0.00 7.092e-01 2.755e-01 2.710e-03 7.399e-04 6.720e-03 -1.000 1.527e-02 -2.512 -1.758 -1.027 -0.854 -0.778 -0.672 -0.429 -0.357 -0.297
0.0152 0.01508 7.27600 5.5999994278 2.6167887546    5.601  2.967  4.2621  4.220    1  0.000  0.538     0.00     0.00     0.00     0.00     0.00 -1    -1e-30      0.00 7.092e-01 2.755e-01 2.710e-03 7.399e-04 6.720e-03 -1.000 1.527e-02 -2.646 -1.864 -1.120 -0.942 -0.864 -0.756 -0.508 -0.435 -0.374
0.0152 0.01508 7.27600 5.6217441559 2.6168749365    5.622  2.973  4.2630  4.219    1  0.000  0.538     0.00     0.00     0.00     0.00     0.00 -1    -1e-30      0.00 7.092e-01 2.755e-01 2.710e-03 7.399e-04 6.720e-03 -1.000 1.527e-02 -2.663 -1.877 -1.131 -0.953 -0.875 -0.766 -0.518 -0.444 -0.383
0.0152 0.01508 7.27600 5.8000001907 2.6175535027    5.801  3.026  4.2704  4.209    1  0.000  0.538     0.00     0.00     0.00     0.00     0.00 -1    -1e-30      0.00 7.092e-01 2.755e-01 2.710e-03 7.399e-04 6.720e-03 -1.000 1.527e-02 -2.794 -1.981 -1.222 -1.041 -0.961 -0.850 -0.597 -0.522 -0.459
0.0152 0.01508 7.27600 5.8168635368 2.6176152246    5.818  3.031  4.2711  4.209    1  0.000  0.538     0.00     0.00     0.00     0.00     0.00 -1    -1e-30      0.00 7.092e-01 2.755e-01 2.710e-03 7.399e-04 6.720e-03 -1.000 1.527e-02 -2.807 -1.991 -1.231 -1.049 -0.969 -0.858 -0.604 -0.529 -0.466
0.0152 0.01508 7.27600 6.0000000000 2.6182599138    6.000  3.083  4.2784  4.199    1  0.000  0.538     0.00     0.00     0.00     0.00     0.00 -1    -1e-30      0.00 7.092e-01 2.755e-01 2.710e-03 7.399e-04 6.720e-03 -1.000 1.527e-02 -2.938 -2.096 -1.323 -1.138 -1.056 -0.942 -0.684 -0.607 -0.543
0.0152 0.01508 7.27600 6.0972461700 2.6185841995    6.097  3.111  4.2821  4.193    1  0.000  0.538     0.00     0.00     0.00     0.00     0.00 -1    -1e-30      0.00 7.092e-01 2.755e-01 2.710e-03 7.399e-04 6.720e-03 -1.000 1.527e-02 -3.006 -2.151 -1.371 -1.184 -1.101 -0.987 -0.727 -0.649 -0.584
0.0152 0.01508 7.27600 6.1999998093 2.6189141709    6.200  3.139  4.2859  4.187    1  0.000  0.538     0.00     0.00     0.00     0.00     0.00 -1    -1e-30      0.00 7.092e-01 2.755e-01 2.710e-03 7.399e-04 6.720e-03 -1.000 1.527e-02 -3.078 -2.209 -1.422 -1.234 -1.150 -1.034 -0.771 -0.693 -0.627
0.0152 0.01508 7.27600 6.2009825706 2.6189172661    6.201  3.139  4.2860  4.187    1  0.000  0.538     0.00     0.00     0.00     0.00     0.00 -1    -1e-30      0.00 7.092e-01 2.755e-01 2.710e-03 7.399e-04 6.720e-03 -1.000 1.527e-02 -3.079 -2.209 -1.423 -1.234 -1.150 -1.034 -0.772 -0.693 -0.628
0.0152 0.01508 7.27600 6.4000000954 2.6195216279    6.399  3.194  4.2932  4.175    1  0.000  0.538     0.00     0.00     0.00     0.00     0.00 -1    -1e-30      0.00 7.092e-01 2.755e-01 2.710e-03 7.399e-04 6.720e-03 -1.000 1.527e-02 -3.214 -2.319 -1.521 -1.328 -1.242 -1.124 -0.857 -0.777 -0.711
0.0152 0.01508 7.27600 6.6570682526 2.6202411017    6.654  3.262  4.3019  4.159    1  0.000  0.538     0.00     0.00     0.00     0.00     0.00 -1    -1e-30      0.00 7.092e-01 2.755e-01 2.710e-03 7.399e-04 6.720e-03 -1.000 1.527e-02 -3.384 -2.458 -1.644 -1.448 -1.360 -1.239 -0.966 -0.884 -0.816
0.0152 0.01508 7.27600 6.9696068764 2.6210341411    6.965  3.342  4.3120  4.138    1  0.000  0.538     0.00     0.00     0.00     0.00     0.00 -1    -1e-30      0.00 7.092e-01 2.755e-01 2.710e-03 7.399e-04 6.720e-03 -1.000 1.527e-02 -3.586 -2.624 -1.792 -1.592 -1.501 -1.377 -1.098 -1.014 -0.944
0.0152 0.01508 7.27600 7.0000000000 2.6211069280    6.996  3.350  4.3129  4.136    1  0.000  0.538     0.00     0.00     0.00     0.00     0.00 -1    -1e-30      0.00 7.092e-01 2.755e-01 2.710e-03 7.399e-04 6.720e-03 -1.000 1.527e-02 -3.605 -2.640 -1.807 -1.606 -1.515 -1.391 -1.111 -1.027 -0.956
0.0152 0.01508 7.27600 7.3094992638 2.6218086728    7.307  3.426  4.3218  4.115    1  0.000  0.538     0.00     0.00     0.00     0.00     0.00 -1    -1e-30      0.00 7.092e-01 2.755e-01 2.710e-03 7.399e-04 6.720e-03 -1.000 1.527e-02 -3.794 -2.798 -1.949 -1.744 -1.651 -1.524 -1.239 -1.153 -1.081
0.0152 0.01508 7.27600 7.6196374893 2.6224465123    7.619  3.500  4.3301  4.092    1  0.000  0.538     0.00     0.00     0.00     0.00     0.00 -1    -1e-30      0.00 7.092e-01 2.755e-01 2.710e-03 7.399e-04 6.720e-03 -1.000 1.527e-02 -3.980 -2.955 -2.092 -1.883 -1.788 -1.659 -1.368 -1.280 -1.206
0.0152 0.01508 7.27600 7.9039115906 2.6229808809    7.905  3.567  4.3371  4.069    1  0.000  0.538     0.00     0.00     0.00     0.00     0.00 -1    -1e-30      0.00 7.092e-01 2.755e-01 2.710e-03 7.399e-04 6.720e-03 -1.000 1.527e-02 -4.148 -3.099 -2.224 -2.012 -1.916 -1.784 -1.489 -1.399 -1.324
0.0152 0.01508 7.27600 8.0000000000 2.6231516585    8.001  3.590  4.3393  4.061    1  0.000  0.538     0.00     0.00     0.00     0.00     0.00 -1    -1e-30      0.00 7.092e-01 2.755e-01 2.710e-03 7.399e-04 6.720e-03 -1.000 1.527e-02 -4.205 -3.148 -2.269 -2.056 -1.960 -1.827 -1.531 -1.441 -1.365
0.0152 0.01508 7.27600 8.0452461243 2.6232304515    8.046  3.600  4.3403  4.057    1  0.000  0.538     0.00     0.00     0.00     0.00     0.00 -1    -1e-30      0.00 7.092e-01 2.755e-01 2.710e-03 7.399e-04 6.720e-03 -1.000 1.527e-02 -4.231 -3.171 -2.290 -2.077 -1.980 -1.847 -1.550 -1.459 -1.384
0.0152 0.01508 7.27600 8.2768163681 2.6236182531    8.276  3.653  4.3450  4.035    1  0.000  0.538     0.00     0.00     0.00     0.00     0.00 -1    -1e-30      0.00 7.092e-01 2.755e-01 2.710e-03 7.399e-04 6.720e-03 -1.000 1.527e-02 -4.362 -3.287 -2.398 -2.183 -2.085 -1.951 -1.651 -1.559 -1.482
0.0152 0.01508 7.27600 8.5223903656 2.6240031410    8.520  3.708  4.3496  4.011    1  0.000  0.538     0.00     0.00     0.00     0.00     0.00 -1    -1e-30      0.00 7.092e-01 2.755e-01 2.710e-03 7.399e-04 6.720e-03 -1.000 1.527e-02 -4.501 -3.411 -2.513 -2.296 -2.197 -2.062 -1.760 -1.667 -1.589
0.0152 0.01508 7.27600 8.7774877548 2.6243768429    8.773  3.765  4.3538  3.983    1  0.000  0.538     0.00     0.00     0.00     0.00     0.00 -1    -1e-30      0.00 7.092e-01 2.755e-01 2.710e-03 7.399e-04 6.720e-03 -1.000 1.527e-02 -4.643 -3.541 -2.635 -2.416 -2.317 -2.180 -1.875 -1.781 -1.702
0.0152 0.01508 7.27600 8.9882946014 2.6246673233    8.982  3.812  4.3567  3.958    1  0.000  0.538     0.00     0.00     0.00     0.00     0.00 -1    -1e-30      0.00 7.092e-01 2.755e-01 2.710e-03 7.399e-04 6.720e-03 -1.000 1.527e-02 -4.760 -3.651 -2.739 -2.519 -2.419 -2.282 -1.975 -1.880 -1.800
0.0152 0.01508 7.27600 9.0000000000 2.6246829947    8.995  3.815  4.3568  3.956    1  0.000  0.538     0.00     0.00     0.00     0.00     0.00 -1    -1e-30      0.00 7.092e-01 2.755e-01 2.710e-03 7.399e-04 6.720e-03 -1.000 1.527e-02 -4.767 -3.657 -2.745 -2.525 -2.425 -2.287 -1.980 -1.886 -1.806
0.0152 0.01508 7.27600 9.0610475540 2.6247639723    9.056  3.828  4.3575  3.949    1  0.000  0.538     0.00     0.00     0.00     0.00     0.00 -1    -1e-30      0.00 7.092e-01 2.755e-01 2.710e-03 7.399e-04 6.720e-03 -1.000 1.527e-02 -4.800 -3.688 -2.774 -2.554 -2.454 -2.316 -2.009 -1.914 -1.834
0.0152 0.01508 7.27600 9.3334417343 2.6251104978    9.329  3.887  4.3599  3.912    1  0.000  0.538     0.00     0.00     0.00     0.00     0.00 -1    -1e-30      0.00 7.092e-01 2.755e-01 2.710e-03 7.399e-04 6.720e-03 -1.000 1.527e-02 -4.948 -3.833 -2.913 -2.692 -2.591 -2.453 -2.144 -2.048 -1.968
0.0152 0.01508 7.27600 9.6037864685 2.6254321607    9.600  3.946  4.3613  3.871    1  0.000  0.538     0.00     0.00     0.00     0.00     0.00 -1    -1e-30      0.00 7.092e-01 2.755e-01 2.710e-03 7.399e-04 6.720e-03 -1.000 1.527e-02 -5.096 -3.980 -3.055 -2.833 -2.733 -2.595 -2.284 -2.188 -2.108
0.0152 0.01508 7.27600 9.8501081467 2.6257076307    9.847  4.000  4.3615  3.829    1  0.000  0.538     0.00     0.00     0.00     0.00     0.00 -1    -1e-30      0.00 7.092e-01 2.755e-01 2.710e-03 7.399e-04 6.720e-03 -1.000 1.527e-02 -5.230 -4.119 -3.191 -2.969 -2.869 -2.731 -2.420 -2.324 -2.243
0.0152 0.01508 7.27600 10.0000000000 2.6258676431    9.998  4.033  4.3609  3.800    1  0.000  0.538     0.00     0.00     0.00     0.00     0.00 -1    -1e-30      0.00 7.092e-01 2.755e-01 2.710e-03 7.399e-04 6.720e-03 -1.000 1.527e-02 -5.313 -4.207 -3.278 -3.057 -2.957 -2.819 -2.508 -2.412 -2.331
0.0152 0.01508 7.27600 10.1854486465 2.6260581367   10.184  4.073  4.3593  3.762    1  0.000  0.538     0.00     0.00     0.00     0.00     0.00 -1    -1e-30      0.00 7.092e-01 2.755e-01 2.710e-03 7.399e-04 6.720e-03 -1.000 1.527e-02 -5.413 -4.318 -3.389 -3.168 -3.068 -2.931 -2.621 -2.525 -2.445
0.0152 0.01508 7.27600 10.4411964417 2.6263081191   10.441  4.129  4.3555  3.702    1  0.000  0.538     0.00     0.00     0.00     0.00     0.00 -1    -1e-30      0.00 7.092e-01 2.755e-01 2.710e-03 7.399e-04 6.720e-03 -1.000 1.527e-02 -5.552 -4.476 -3.551 -3.330 -3.232 -3.096 -2.788 -2.693 -2.612
0.0152 0.01508 7.27600 10.6552152634 2.6265067412   10.656  4.176  4.3505  3.644    1  0.000  0.538     0.00     0.00     0.00     0.00     0.00 -1    -1e-30      0.00 7.092e-01 2.755e-01 2.710e-03 7.399e-04 6.720e-03 -1.000 1.527e-02 -5.670 -4.619 -3.698 -3.479 -3.382 -3.247 -2.941 -2.847 -2.768
0.0152 0.01508 7.27600 10.8547334671 2.6266838165   10.856  4.221  4.3434  3.578    1  0.000  0.538     0.00     0.00     0.00     0.00     0.00 -1    -1e-30      0.00 7.092e-01 2.755e-01 2.710e-03 7.399e-04 6.720e-03 -1.000 1.527e-02 -5.783 -4.763 -3.850 -3.634 -3.538 -3.405 -3.103 -3.011 -2.933
0.0152 0.01508 7.27600 11.0000000000 2.6268081058   11.001  4.254  4.3371  3.526    1  0.000  0.538     0.00     0.00     0.00     0.00     0.00 -1    -1e-30      0.00 7.092e-01 2.755e-01 2.710e-03 7.399e-04 6.720e-03 -1.000 1.527e-02 -5.866 -4.874 -3.968 -3.753 -3.659 -3.529 -3.230 -3.139 -3.062
0.0152 0.01508 7.27600 11.1459808350 2.6269292605   11.147  4.287  4.3296  3.469    1  0.000  0.538     0.00     0.00     0.00     0.00     0.00 -1    -1e-30      0.00 7.092e-01 2.755e-01 2.710e-03 7.399e-04 6.720e-03 -1.000 1.527e-02 -5.947 -4.989 -4.092 -3.879 -3.788 -3.659 -3.365 -3.275 -3.200
0.0152 0.01508 7.27600 11.2847499847 2.6270410942   11.286  4.320  4.3213  3.408    1  0.000  0.538     0.00     0.00     0.00     0.00     0.00 -1    -1e-30      0.00 7.092e-01 2.755e-01 2.710e-03 7.399e-04 6.720e-03 -1.000 1.527e-02 -6.029 -5.107 -4.219 -4.010 -3.920 -3.795 -3.505 -3.418 -3.343
0.0152 0.01508 7.27600 11.4367437363 2.6271600113   11.438  4.358  4.3144  3.348    1  0.000  0.538     0.00     0.00     0.00     0.00     0.00 -1    -1e-30      0.00 7.092e-01 2.755e-01 2.710e-03 7.399e-04 6.720e-03 -1.000 1.527e-02 -6.124 -5.234 -4.353 -4.147 -4.059 -3.936 -3.650 -3.564 -3.491
0.0152 0.01508 7.27600 11.4448556900 2.6271662559   11.446  4.360  4.3141  3.345    1  0.000  0.538     0.00     0.00     0.00     0.00     0.00 -1    -1e-30      0.00 7.092e-01 2.755e-01 2.710e-03 7.399e-04 6.720e-03 -1.000 1.527e-02 -6.129 -5.241 -4.360 -4.154 -4.066 -3.943 -3.657 -3.571 -3.498
0.0152 0.01508 7.27600 11.5170259476 2.6272213678   11.518  4.387  4.3282  3.377    1  0.000  0.538     0.00     0.00     0.00     0.00     0.00 -1    -1e-30      0.00 7.092e-01 2.755e-01 2.710e-03 7.399e-04 6.720e-03 -1.000 1.527e-02 -6.197 -5.257 -4.354 -4.143 -4.053 -3.925 -3.630 -3.542 -3.466
0.0152 0.01508 7.27600 11.5304327011 2.6272315184   11.531  4.397  4.3366  3.402    1  0.000  0.538     0.00     0.00     0.00     0.00     0.00 -1    -1e-30      0.00 7.092e-01 2.755e-01 2.710e-03 7.399e-04 6.720e-03 -1.000 1.527e-02 -6.222 -5.250 -4.334 -4.120 -4.027 -3.897 -3.598 -3.507 -3.429
0.0152 0.01508 7.27600 11.5365810394 2.6272361643   11.538  4.408  4.3467  3.431    1  0.000  0.538     0.00     0.00     0.00     0.00     0.00 -1    -1e-30      0.00 7.092e-01 2.755e-01 2.710e-03 7.399e-04 6.720e-03 -1.000 1.527e-02 -6.250 -5.239 -4.309 -4.092 -3.997 -3.864 -3.559 -3.466 -3.386
0.0152 0.01508 7.27600 11.5401754379 2.6272388778   11.541  4.423  4.3579  3.460    1  0.000  0.538     0.00     0.00     0.00     0.00     0.00 -1    -1e-30      0.00 7.092e-01 2.755e-01 2.710e-03 7.399e-04 6.720e-03 -1.000 1.527e-02 -6.289 -5.236 -4.290 -4.069 -3.971 -3.836 -3.524 -3.428 -3.347
0.0152 0.01508 7.27600 11.5417413712 2.6272400593   11.543  4.437  4.3661  3.480    1  0.000  0.538     0.00     0.00     0.00     0.00     0.00 -1    -1e-30      0.00 7.092e-01 2.755e-01 2.710e-03 7.399e-04 6.720e-03 -1.000 1.527e-02 -6.323 -5.239 -4.281 -4.057 -3.958 -3.820 -3.504 -3.407 -3.324
0.0152 0.01508 7.27600 11.5424423218 2.6272405881   11.544  4.444  4.3702  3.489    1  0.000  0.538     0.00     0.00     0.00     0.00     0.00 -1    -1e-30      0.00 7.092e-01 2.755e-01 2.710e-03 7.399e-04 6.720e-03 -1.000 1.527e-02 -6.340 -5.240 -4.277 -4.052 -3.952 -3.813 -3.495 -3.396 -3.312
0.0152 0.01508 7.27600 11.5432863235 2.6272412247   11.544  4.426  4.3643  3.484    2  0.000  0.538     0.00     0.00     0.00     0.00     0.00 -1    -1e-30      0.00 7.092e-01 2.755e-01 2.710e-03 7.399e-04 6.720e-03 -1.000 1.527e-02 -6.295 -5.217 -4.263 -4.039 -3.940 -3.803 -3.488 -3.391 -3.308
0.0152 0.01508 7.27600 11.5440874100 2.6272418288   11.545  4.406  4.3522  3.455    2  0.000  0.538     0.00     0.00     0.00     0.00     0.00 -1    -1e-30      0.00 7.092e-01 2.755e-01 2.710e-03 7.399e-04 6.720e-03 -1.000 1.527e-02 -6.245 -5.213 -4.276 -4.056 -3.960 -3.826 -3.518 -3.423 -3.343
0.0152 0.01508 7.27600 11.5446939468 2.6272422861   11.546  4.398  4.3389  3.410    2  0.000  0.538     0.00     0.00     0.00     0.00     0.00 -1    -1e-30      0.00 7.092e-01 2.755e-01 2.710e-03 7.399e-04 6.720e-03 -1.000 1.527e-02 -6.225 -5.244 -4.325 -4.111 -4.017 -3.887 -3.586 -3.495 -3.417
0.0152 0.01508 7.27600 11.5451869965 2.6272426578   11.546  4.397  4.3263  3.360    2  0.000  0.538     0.00     0.00     0.00     0.00     0.00 -1    -1e-30      0.00 7.092e-01 2.755e-01 2.710e-03 7.399e-04 6.720e-03 -1.000 1.527e-02 -6.223 -5.292 -4.391 -4.180 -4.090 -3.964 -3.670 -3.582 -3.506
0.0152 0.01508 7.27600 11.5457363129 2.6272430719   11.547  4.401  4.3108  3.295    2  0.000  0.538     0.00     0.00     0.00     0.00     0.00 -1    -1e-30      0.00 7.092e-01 2.755e-01 2.710e-03 7.399e-04 6.720e-03 -1.000 1.527e-02 -6.232 -5.362 -4.481 -4.277 -4.191 -4.068 -3.784 -3.699 -3.626
0.0152 0.01508 7.27600 11.5462398529 2.6272434515   11.547  4.406  4.2956  3.229    2  0.000  0.538     0.00     0.00     0.00     0.00     0.00 -1    -1e-30      0.00 7.092e-01 2.755e-01 2.710e-03 7.399e-04 6.720e-03 -1.000 1.527e-02 -6.244 -5.433 -4.575 -4.376 -4.293 -4.176 -3.900 -3.819 -3.749
0.0152 0.01508 7.27600 11.5466203690 2.6272437383   11.548  4.410  4.2835  3.177    2  0.000  0.538     0.00     0.00     0.00     0.00     0.00 -1    -1e-30      0.00 7.092e-01 2.755e-01 2.710e-03 7.399e-04 6.720e-03 -1.000 1.527e-02 -6.254 -5.489 -4.649 -4.454 -4.375 -4.262 -3.994 -3.915 -3.848
0.0152 0.01508 7.27600 11.5469837189 2.6272440121   11.548  4.413  4.2714  3.125    2  0.000  0.538     0.00     0.00     0.00     0.00     0.00 -1    -1e-30      0.00 7.092e-01 2.755e-01 2.710e-03 7.399e-04 6.720e-03 -1.000 1.527e-02 -6.263 -5.544 -4.722 -4.532 -4.456 -4.347 -4.086 -4.011 -3.945
0.0152 0.01508 7.27600 11.5473299026 2.6272442730   11.548  4.416  4.2594  3.074    2  0.000  0.538     0.00     0.00     0.00     0.00     0.00 -1    -1e-30      0.00 7.092e-01 2.755e-01 2.710e-03 7.399e-04 6.720e-03 -1.000 1.527e-02 -6.270 -5.597 -4.793 -4.608 -4.535 -4.430 -4.177 -4.105 -4.041
0.0152 0.01508 7.27600 11.5477447510 2.6272445856   11.549  4.419  4.2443  3.011    2  0.000  0.538     0.00     0.00     0.00     0.00     0.00 -1    -1e-30      0.00 7.092e-01 2.755e-01 2.710e-03 7.399e-04 6.720e-03 -1.000 1.527e-02 -6.277 -5.660 -4.881 -4.701 -4.633 -4.533 -4.290 -4.221 -4.160
0.0152 0.01508 7.27600 11.5481357574 2.6272448802   11.549  4.421  4.2293  2.949    2  0.000  0.538     0.00     0.00     0.00     0.00     0.00 -1    -1e-30      0.00 7.092e-01 2.755e-01 2.710e-03 7.399e-04 6.720e-03 -1.000 1.527e-02 -6.281 -5.722 -4.965 -4.792 -4.729 -4.635 -4.401 -4.336 -4.278
0.0152 0.01508 7.27600 11.5484342575 2.6272451051   11.550  4.421  4.2173  2.900    2  0.000  0.538     0.00     0.00     0.00     0.00     0.00 -1    -1e-30      0.00 7.092e-01 2.755e-01 2.710e-03 7.399e-04 6.720e-03 -1.000 1.527e-02 -6.284 -5.770 -5.030 -4.864 -4.804 -4.715 -4.488 -4.426 -4.370
0.0152 0.01508 7.27600 11.5487184525 2.6272453192   11.550  4.422  4.2052  2.852    2  0.000  0.538     0.00     0.00     0.00     0.00     0.00 -1    -1e-30      0.00 7.092e-01 2.755e-01 2.710e-03 7.399e-04 6.720e-03 -1.000 1.527e-02 -6.285 -5.816 -5.094 -4.934 -4.878 -4.793 -4.575 -4.516 -4.462
0.0152 0.01508 7.27600 11.5489921570 2.6272455254   11.550  4.422  4.1932  2.803    2  0.000  0.538     0.00     0.00     0.00     0.00     0.00 -1    -1e-30      0.00 7.092e-01 2.755e-01 2.710e-03 7.399e-04 6.720e-03 -1.000 1.527e-02 -6.285 -5.860 -5.158 -5.003 -4.951 -4.871 -4.660 -4.604 -4.552
0.0152 0.01508 7.27600 11.5492525101 2.6272457215   11.550  4.421  4.1811  2.756    2  0.000  0.538     0.00     0.00     0.00     0.00     0.00 -1    -1e-30      0.00 7.092e-01 2.755e-01 2.710e-03 7.399e-04 6.720e-03 -1.000 1.527e-02 -6.283 -5.902 -5.220 -5.071 -5.023 -4.947 -4.745 -4.692 -4.642
0.0152 0.01508 7.27600 11.5495014191 2.6272459090   11.551  4.421  4.1691  2.708    2  0.000  0.538     0.00     0.00     0.00     0.00     0.00 -1    -1e-30      0.00 7.092e-01 2.755e-01 2.710e-03 7.399e-04 6.720e-03 -1.000 1.527e-02 -6.281 -5.942 -5.280 -5.137 -5.093 -5.022 -4.828 -4.778 -4.730
0.0152 0.01508 7.27600 11.5497388840 2.6272460879   11.551  4.419  4.1570  2.661    2  0.000  0.538     0.00     0.00     0.00     0.00     0.00 -1    -1e-30      0.00 7.092e-01 2.755e-01 2.710e-03 7.399e-04 6.720e-03 -1.000 1.527e-02 -6.279 -5.980 -5.340 -5.203 -5.163 -5.096 -4.910 -4.863 -4.818
0.0152 0.01508 7.27600 11.5499649048 2.6272462581   11.551  4.418  4.1450  2.615    2  0.000  0.538     0.00     0.00     0.00     0.00     0.00 -1    -1e-30      0.00 7.092e-01 2.755e-01 2.710e-03 7.399e-04 6.720e-03 -1.000 1.527e-02 -6.275 -6.016 -5.399 -5.267 -5.231 -5.169 -4.992 -4.948 -4.904
0.0152 0.01508 7.27600 11.5501804352 2.6272464205   11.551  4.416  4.1329  2.568    2  0.000  0.538     0.00     0.00     0.00     0.00     0.00 -1    -1e-30      0.00 7.092e-01 2.755e-01 2.710e-03 7.399e-04 6.720e-03 -1.000 1.527e-02 -6.271 -6.050 -5.456 -5.331 -5.298 -5.241 -5.073 -5.032 -4.991
0.0152 0.01508 7.27600 11.5503864288 2.6272465756   11.552  4.414  4.1209  2.522    2  0.000  0.538     0.00     0.00     0.00     0.00     0.00 -1    -1e-30      0.00 7.092e-01 2.755e-01 2.710e-03 7.399e-04 6.720e-03 -1.000 1.527e-02 -6.266 -6.083 -5.513 -5.393 -5.364 -5.312 -5.153 -5.115 -5.076
0.0152 0.01508 7.27600 11.5505819321 2.6272467228   11.552  4.412  4.1089  2.476    2  0.000  0.538     0.00     0.00     0.00     0.00     0.00 -1    -1e-30      0.00 7.092e-01 2.755e-01 2.710e-03 7.399e-04 6.720e-03 -1.000 1.527e-02 -6.261 -6.111 -5.569 -5.454 -5.429 -5.381 -5.231 -5.197 -5.160
0.0152 0.01508 7.27600 11.5507678986 2.6272468629   11.552  4.410  4.0969  2.430    2  0.000  0.538     0.00     0.00     0.00     0.00     0.00 -1    -1e-30      0.00 7.092e-01 2.755e-01 2.710e-03 7.399e-04 6.720e-03 -1.000 1.527e-02 -6.255 -6.135 -5.624 -5.515 -5.492 -5.449 -5.309 -5.278 -5.242
0.0152 0.01508 7.27600 11.5509881973 2.6272470288   11.552  4.407  4.0819  2.373    2  0.000  0.538     0.00     0.00     0.00     0.00     0.00 -1    -1e-30      0.00 7.092e-01 2.755e-01 2.710e-03 7.399e-04 6.720e-03 -1.000 1.527e-02 -6.247 -6.161 -5.690 -5.588 -5.570 -5.532 -5.405 -5.377 -5.345
0.0152 0.01508 7.27600 11.5511960983 2.6272471853   11.552  4.404  4.0669  2.317    2  0.000  0.538     0.00     0.00     0.00     0.00     0.00 -1    -1e-30      0.00 7.092e-01 2.755e-01 2.710e-03 7.399e-04 6.720e-03 -1.000 1.527e-02 -6.239 -6.196 -5.742 -5.653 -5.643 -5.614 -5.499 -5.477 -5.447
0.0152 0.01508 7.27600 11.5513515472 2.6272473024   11.552  4.401  4.0549  2.272    2  0.000  0.538     0.00     0.00     0.00     0.00     0.00 -1    -1e-30      0.00 7.092e-01 2.755e-01 2.710e-03 7.399e-04 6.720e-03 -1.000 1.527e-02 -6.232 -6.211 -5.788 -5.706 -5.700 -5.677 -5.572 -5.554 -5.526
0.0152 0.01508 7.27600 11.5515022278 2.6272474158   11.552  4.398  4.0429  2.227    2  0.000  0.538     0.00     0.00     0.00     0.00     0.00 -1    -1e-30      0.00 7.092e-01 2.755e-01 2.710e-03 7.399e-04 6.720e-03 -1.000 1.527e-02 -6.224 -6.224 -5.834 -5.759 -5.756 -5.738 -5.645 -5.631 -5.605
0.0152 0.01508 7.27600 11.5516443253 2.6272475228   11.553  4.394  4.0309  2.182    2  0.000  0.538     0.00     0.00     0.00     0.00     0.00 -1    -1e-30      0.00 7.092e-01 2.755e-01 2.710e-03 7.399e-04 6.720e-03 -1.000 1.527e-02 -6.216 -6.232 -5.877 -5.809 -5.811 -5.797 -5.716 -5.706 -5.683
0.0152 0.01508 7.27600 11.5518121719 2.6272476492   11.553  4.390  4.0161  2.127    2  0.000  0.538     0.00     0.00     0.00     0.00     0.00 -1    -1e-30      0.00 7.092e-01 2.755e-01 2.710e-03 7.399e-04 6.720e-03 -1.000 1.527e-02 -6.206 -6.237 -5.929 -5.869 -5.875 -5.869 -5.803 -5.798 -5.778
0.0152 0.01508 7.27600 11.5519399643 2.6272477454   11.553  4.387  4.0041  2.082    2  0.000  0.538     0.00     0.00     0.00     0.00     0.00 -1    -1e-30      0.00 7.092e-01 2.755e-01 2.710e-03 7.399e-04 6.720e-03 -1.000 1.527e-02 -6.197 -6.237 -5.969 -5.916 -5.925 -5.924 -5.872 -5.872 -5.853
0.0152 0.01508 7.27600 11.5520620346 2.6272478373   11.553  4.383  3.9921  2.038    2  0.000  0.538     0.00     0.00     0.00     0.00     0.00 -1    -1e-30      0.00 7.092e-01 2.755e-01 2.710e-03 7.399e-04 6.720e-03 -1.000 1.527e-02 -6.188 -6.233 -6.008 -5.961 -5.973 -5.978 -5.940 -5.944 -5.928
0.0152 0.01508 7.27600 11.5521774292 2.6272479242   11.553  4.380  3.9802  1.994    2  0.000  0.538     0.00     0.00     0.00     0.00     0.00 -1    -1e-30      0.00 7.092e-01 2.755e-01 2.710e-03 7.399e-04 6.720e-03 -1.000 1.527e-02 -6.179 -6.226 -6.044 -6.004 -6.019 -6.029 -6.007 -6.015 -6.002
0.0152 0.01508 7.27600 11.5523147583 2.6272480276   11.553  4.375  3.9653  1.939    2  0.000  0.538     0.00     0.00     0.00     0.00     0.00 -1    -1e-30      0.00 7.092e-01 2.755e-01 2.710e-03 7.399e-04 6.720e-03 -1.000 1.527e-02 -6.168 -6.208 -6.087 -6.055 -6.073 -6.090 -6.089 -6.104 -6.095
0.0152 0.01508 7.27600 11.5524196625 2.6272481065   11.553  4.371  3.9535  1.895    2  0.000  0.538     0.00     0.00     0.00     0.00     0.00 -1    -1e-30      0.00 7.092e-01 2.755e-01 2.710e-03 7.399e-04 6.720e-03 -1.000 1.527e-02 -6.158 -6.193 -6.111 -6.090 -6.113 -6.139 -6.154 -6.174 -6.169
0.0152 0.01508 7.27600 11.5525197983 2.6272481819   11.554  4.367  3.9416  1.852    2  0.000  0.538     0.00     0.00     0.00     0.00     0.00 -1    -1e-30      0.00 7.092e-01 2.755e-01 2.710e-03 7.399e-04 6.720e-03 -1.000 1.527e-02 -6.148 -6.172 -6.132 -6.123 -6.152 -6.185 -6.218 -6.244 -6.243
0.0152 0.01508 7.27600 11.5526161194 2.6272482544   11.554  4.363  3.9298  1.809    2  0.000  0.538     0.00     0.00     0.00     0.00     0.00 -1    -1e-30      0.00 7.092e-01 2.755e-01 2.710e-03 7.399e-04 6.720e-03 -1.000 1.527e-02 -6.138 -6.142 -6.151 -6.154 -6.188 -6.229 -6.282 -6.314 -6.317
0.0152 0.01508 7.27600 11.5527105331 2.6272483255   11.554  4.359  3.9177  1.765    2  0.000  0.538     0.00     0.00     0.00     0.00     0.00 -1    -1e-30      0.00 7.092e-01 2.755e-01 2.710e-03 7.399e-04 6.720e-03 -1.000 1.527e-02 -6.127 -6.100 -6.158 -6.176 -6.219 -6.270 -6.345 -6.385 -6.392
0.0152 0.01508 7.27600 11.5528001785 2.6272483930   11.554  4.354  3.9057  1.721    2  0.000  0.538     0.00     0.00     0.00     0.00     0.00 -1    -1e-30      0.00 7.092e-01 2.755e-01 2.710e-03 7.399e-04 6.720e-03 -1.000 1.527e-02 -6.115 -6.050 -6.153 -6.192 -6.246 -6.309 -6.406 -6.456 -6.467
0.0152 0.01508 7.27600 11.5528850555 2.6272484569   11.554  4.349  3.8937  1.678    2  0.000  0.538     0.00     0.00     0.00     0.00     0.00 -1    -1e-30      0.00 7.092e-01 2.755e-01 2.710e-03 7.399e-04 6.720e-03 -1.000 1.527e-02 -6.103 -5.991 -6.137 -6.200 -6.269 -6.345 -6.466 -6.527 -6.542
0.0152 0.01508 7.27600 11.5529689789 2.6272485200   11.554  4.344  3.8816  1.635    2  0.000  0.538     0.00     0.00     0.00     0.00     0.00 -1    -1e-30      0.00 7.092e-01 2.755e-01 2.710e-03 7.399e-04 6.720e-03 -1.000 1.527e-02 -6.091 -5.923 -6.106 -6.200 -6.287 -6.380 -6.526 -6.601 -6.619
0.0152 0.01508 7.27600 11.5530452728 2.6272485775   11.554  4.339  3.8698  1.593    2  0.000  0.538     0.00     0.00     0.00     0.00     0.00 -1    -1e-30      0.00 7.092e-01 2.755e-01 2.710e-03 7.399e-04 6.720e-03 -1.000 1.527e-02 -6.078 -5.851 -6.064 -6.194 -6.302 -6.413 -6.583 -6.673 -6.695
0.0152 0.01508 7.27600 11.5531368256 2.6272486464   11.554  4.333  3.8549  1.540    2  0.000  0.538     0.00     0.00     0.00     0.00     0.00 -1    -1e-30      0.00 7.092e-01 2.755e-01 2.710e-03 7.399e-04 6.720e-03 -1.000 1.527e-02 -6.061 -5.753 -5.995 -6.178 -6.317 -6.453 -6.654 -6.766 -6.792
0.0152 0.01508 7.27600 11.5532073975 2.6272486995   11.554  4.327  3.8428  1.497    2  0.000  0.538     0.00     0.00     0.00     0.00     0.00 -1    -1e-30      0.00 7.092e-01 2.755e-01 2.710e-03 7.399e-04 6.720e-03 -1.000 1.527e-02 -6.047 -5.667 -5.926 -6.160 -6.326 -6.484 -6.712 -6.842 -6.872
0.0152 0.01508 7.27600 11.5532732010 2.6272487490   11.554  4.321  3.8310  1.456    2  0.000  0.538     0.00     0.00     0.00     0.00     0.00 -1    -1e-30      0.00 7.092e-01 2.755e-01 2.710e-03 7.399e-04 6.720e-03 -1.000 1.527e-02 -6.032 -5.577 -5.848 -6.140 -6.334 -6.514 -6.767 -6.918 -6.950
0.0152 0.01508 7.27600 11.5533523560 2.6272488086   11.555  4.313  3.8160  1.404    2  0.000  0.538     0.00     0.00     0.00     0.00     0.00 -1    -1e-30      0.00 7.092e-01 2.755e-01 2.710e-03 7.399e-04 6.720e-03 -1.000 1.527e-02 -6.013 -5.451 -5.738 -6.106 -6.337 -6.546 -6.833 -7.012 -7.048
0.0152 0.01508 7.27600 11.5534124374 2.6272488538   11.554  4.307  3.8042  1.363    2  0.000  0.538     0.00     0.00     0.00     0.00     0.00 -1    -1e-30      0.00 7.092e-01 2.755e-01 2.710e-03 7.399e-04 6.720e-03 -1.000 1.527e-02 -5.997 -5.333 -5.641 -6.077 -6.339 -6.570 -6.885 -7.087 -7.126
0.0152 0.01508 7.27600 11.5534696579 2.6272488969   11.554  4.300  3.7924  1.322    2  0.000  0.538     0.00     0.00     0.00     0.00     0.00 -1    -1e-30      0.00 7.092e-01 2.755e-01 2.710e-03 7.399e-04 6.720e-03 -1.000 1.527e-02 -5.981 -5.209 -5.539 -6.040 -6.334 -6.590 -6.934 -7.160 -7.203
0.0152 0.01508 7.27600 11.5535240173 2.6272489378   11.555  4.293  3.7807  1.282    2  0.000  0.538     0.00     0.00     0.00     0.00     0.00 -1    -1e-30      0.00 7.092e-01 2.755e-01 2.710e-03 7.399e-04 6.720e-03 -1.000 1.527e-02 -5.963 -5.052 -5.425 -6.001 -6.330 -6.610 -6.983 -7.233 -7.281
0.0152 0.01508 7.27600 11.5535774231 2.6272489780   11.555  4.286  3.7688  1.242    2  0.000  0.538     0.00     0.00     0.00     0.00     0.00 -1    -1e-30      0.00 7.092e-01 2.755e-01 2.710e-03 7.399e-04 6.720e-03 -1.000 1.527e-02 -5.944 -4.868 -5.291 -5.950 -6.318 -6.627 -7.033 -7.314 -7.366
0.0152 0.01508 7.27600 11.5536279678 2.6272490160   11.555  4.278  3.7569  1.203    2  0.000  0.538     0.00     0.00     0.00     0.00     0.00 -1    -1e-30      0.00 7.092e-01 2.755e-01 2.710e-03 7.399e-04 6.720e-03 -1.000 1.527e-02 -5.924 -4.685 -5.166 -5.898 -6.300 -6.633 -7.071 -7.379 -7.436
0.0152 0.01508 7.27600 11.5536756516 2.6272490519   11.555  4.269  3.7451  1.164    2  0.000  0.538     0.00     0.00     0.00     0.00     0.00 -1    -1e-30      0.00 7.092e-01 2.755e-01 2.710e-03 7.399e-04 6.720e-03 -1.000 1.527e-02 -5.903 -4.457 -5.029 -5.841 -6.278 -6.635 -7.107 -7.444 -7.505
0.0152 0.01508 7.27600 11.5537223816 2.6272490871   11.555  4.260  3.7333  1.126    2  0.000  0.538     0.00     0.00     0.00     0.00     0.00 -1    -1e-30      0.00 7.092e-01 2.755e-01 2.710e-03 7.399e-04 6.720e-03 -1.000 1.527e-02 -5.880 -4.213 -4.884 -5.777 -6.250 -6.630 -7.139 -7.507 -7.571
0.0152 0.01508 7.27600 11.5537652969 2.6272491194   11.555  4.251  3.7218  1.089    2  0.000  0.538     0.00     0.00     0.00     0.00     0.00 -1    -1e-30      0.00 7.092e-01 2.755e-01 2.710e-03 7.399e-04 6.720e-03 -1.000 1.527e-02 -5.857 -3.987 -4.746 -5.709 -6.214 -6.616 -7.162 -7.562 -7.626
0.0152 0.01508 7.27600 11.5538091660 2.6272491524   11.555  4.240  3.7100  1.052    2  0.000  0.538     0.00     0.00     0.00     0.00     0.00 -1    -1e-30      0.00 7.092e-01 2.755e-01 2.710e-03 7.399e-04 6.720e-03 -1.000 1.527e-02 -5.831 -3.732 -4.598 -5.631 -6.170 -6.595 -7.182 -7.616 -7.682
0.0152 0.01508 7.27600 11.5538501740 2.6272491833   11.555  4.229  3.6985  1.017    2  0.000  0.538     0.00     0.00     0.00     0.00     0.00 -1    -1e-30      0.00 7.092e-01 2.755e-01 2.710e-03 7.399e-04 6.720e-03 -1.000 1.527e-02 -5.804 -3.465 -4.447 -5.549 -6.120 -6.567 -7.196 -7.663 -7.732
0.0152 0.01508 7.27600 11.5538930893 2.6272492156   11.555  4.217  3.6866  0.982    2  0.000  0.538     0.00     0.00     0.00     0.00     0.00 -1    -1e-30      0.00 7.092e-01 2.755e-01 2.710e-03 7.399e-04 6.720e-03 -1.000 1.527e-02 -5.772 -3.180 -4.291 -5.458 -6.061 -6.529 -7.204 -7.702 -7.778
0.0152 0.01508 7.27600 11.5539360046 2.6272492479   11.555  4.203  3.6752  0.951    2  0.000  0.538     0.00     0.00     0.00     0.00     0.00 -1    -1e-30      0.00 7.092e-01 2.755e-01 2.710e-03 7.399e-04 6.720e-03 -1.000 1.527e-02 -5.737 -2.975 -4.149 -5.372 -5.996 -6.480 -7.200 -7.721 -7.810
0.0152 0.01508 7.27600 11.5539808273 2.6272492816   11.555  4.186  3.6642  0.924    2  0.000  0.538     0.00     0.00     0.00     0.00     0.00 -1    -1e-30      0.00 7.092e-01 2.755e-01 2.710e-03 7.399e-04 6.720e-03 -1.000 1.527e-02 -5.695 -2.764 -3.996 -5.274 -5.919 -6.419 -7.186 -7.723 -7.831
0.0152 0.01508 7.27600 11.5540380478 2.6272493247   11.555  4.162  3.6530  0.902    2  0.000  0.538     0.00     0.00     0.00     0.00     0.00 -1    -1e-30      0.00 7.092e-01 2.755e-01 2.710e-03 7.399e-04 6.720e-03 -1.000 1.527e-02 -5.636 -2.465 -3.804 -5.143 -5.816 -6.339 -7.154 -7.713 -7.839
0.0152 0.01508 7.27600 11.5540914536 2.6272493649   11.555  4.140  3.6450  0.893    2  0.000  0.538     0.00     0.00     0.00     0.00     0.00 -1    -1e-30      0.00 7.092e-01 2.755e-01 2.710e-03 7.399e-04 6.720e-03 -1.000 1.527e-02 -5.579 -2.198 -3.643 -5.023 -5.721 -6.266 -7.115 -7.698 -7.832
0.0152 0.01508 7.27600 11.5541982651 2.6272494452   11.555  4.112  3.6364  0.886    2  0.000  0.538     0.00     0.00     0.00     0.00     0.00 -1    -1e-30      0.00 7.092e-01 2.755e-01 2.710e-03 7.399e-04 6.720e-03 -1.000 1.527e-02 -5.511 -1.901 -3.459 -4.883 -5.610 -6.179 -7.066 -7.675 -7.819
0.0152 0.01508 7.27600 11.5543603897 2.6272495672   11.555  4.080  3.6258  0.876    2  0.000  0.538     0.00     0.00     0.00     0.00     0.00 -1    -1e-30      0.00 7.092e-01 2.755e-01 2.710e-03 7.399e-04 6.720e-03 -1.000 1.527e-02 -5.430 -1.536 -3.230 -4.705 -5.468 -6.072 -7.005 -7.648 -7.804
0.0152 0.01508 7.27600 11.5544071198 2.6272496024   11.556  4.077  3.6226  0.866    2  0.000  0.538     0.00     0.00     0.00     0.00     0.00 -1    -1e-30      0.00 7.092e-01 2.755e-01 2.710e-03 7.399e-04 6.720e-03 -1.000 1.527e-02 -5.423 -1.437 -3.174 -4.666 -5.442 -6.057 -7.004 -7.657 -7.817
0.0152 0.01508 7.27600 11.5544900894 2.6272496648   11.556  4.099  3.6155  0.816    3  0.000  0.537    55.42    36.47    25.26    18.20    15.09  4    -1e-30      0.00 7.092e-01 2.755e-01 2.705e-03 7.411e-04 6.720e-03 -1.000 1.527e-02 -5.477 -1.276 -3.114 -4.645 -5.449 -6.093 -7.072 -7.747 -7.917
0.0152 0.01508 7.27600 11.5545520782 2.6272497115   11.556  4.135  3.6091  0.754    3  0.000  0.528    64.17    40.81    28.12    20.29    16.83  4    -1e-30      0.00 7.092e-01 2.755e-01 2.664e-03 7.625e-04 6.720e-03 -1.000 1.527e-02 -5.568 -1.164 -3.096 -4.665 -5.497 -6.167 -7.177 -7.871 -8.049
0.0152 0.01508 7.27600 11.5545969009 2.6272497452   11.556  4.178  3.6035  0.689    3  0.000  0.497    74.85    45.92    31.47    22.75    18.88  4    -1e-30      0.00 7.092e-01 2.755e-01 2.507e-03 9.007e-04 6.720e-03 -1.000 1.531e-02 -5.676 -1.094 -3.103 -4.703 -5.560 -6.259 -7.296 -8.006 -8.193
0.0152 0.01508 7.27600 11.5546302795 2.6272497703   11.556  4.219  3.5987  0.628    3  0.000  0.459    86.35    51.24    34.94    25.30    21.00  4    -1e-30      0.00 7.089e-01 2.757e-01 2.313e-03 1.135e-03 6.713e-03 -1.000 1.536e-02 -5.779 -1.040 -3.116 -4.744 -5.623 -6.349 -7.410 -8.133 -8.327
0.0152 0.01508 7.27600 11.5546598434 2.6272497926   11.556  4.260  3.5943  0.570    3  0.000  0.434    98.97    56.89    38.61    28.00    23.25  4    -1e-30      0.00 7.082e-01 2.764e-01 2.177e-03 1.327e-03 6.683e-03 -1.000 1.537e-02 -5.880 -1.004 -3.132 -4.784 -5.684 -6.437 -7.520 -8.256 -8.457
0.0152 0.01508 7.27600 11.5546684265 2.6272497990   11.556  4.271  3.5932  0.555    3  0.000  0.429   102.57    58.47    39.64    28.76    23.87  4    -1e-30      0.00 7.078e-01 2.768e-01 2.148e-03 1.375e-03 6.669e-03 -1.000 1.537e-02 -5.907 -0.995 -3.137 -4.795 -5.700 -6.460 -7.549 -8.288 -8.491
0.0152 0.01508 7.27600 11.5546884537 2.6272498141   11.556  4.299  3.5903  0.515    3  0.000  0.422   112.77    62.87    42.49    30.86    25.62  4    -1e-30      0.00 7.059e-01 2.788e-01 2.084e-03 1.524e-03 6.589e-03 -1.000 1.537e-02 -5.978 -0.972 -3.151 -4.825 -5.744 -6.522 -7.627 -8.373 -8.581
0.0152 0.01508 7.27600 11.5547103882 2.6272498306   11.556  4.329  3.5874  0.473    3  0.000  0.416   124.45    67.81    45.66    33.20    27.57  4    -1e-30      0.00 7.037e-01 2.809e-01 2.026e-03 1.676e-03 6.497e-03 -1.000 1.537e-02 -6.053 -0.956 -3.162 -4.851 -5.786 -6.588 -7.709 -8.463 -8.675
0.0152 0.01508 7.27600 11.5547161102 2.6272498349   11.556  4.339  3.5865  0.460    3  0.000  0.414   128.28    69.40    46.69    33.96    28.20  4    -1e-30      0.00 7.031e-01 2.815e-01 2.012e-03 1.715e-03 6.473e-03 -1.000 1.537e-02 -6.076 -0.951 -3.165 -4.858 -5.798 -6.608 -7.734 -8.491 -8.704
0.0152 0.01508 7.27600 11.5547447205 2.6272498564   11.556  4.375  3.5828  0.409    3  0.000  0.409   144.72    76.12    51.00    37.14    30.85  4    -1e-30      0.00 7.010e-01 2.836e-01 1.961e-03 1.851e-03 6.388e-03 -1.000 1.536e-02 -6.168 -0.930 -3.175 -4.886 -5.847 -6.688 -7.835 -8.600 -8.820
0.0152 0.01508 7.27600 11.5547809601 2.6272498837   11.556  4.417  3.5787  0.350    3  0.000  0.405   166.26    84.66    56.45    41.18    34.21  4    -1e-30      0.00 6.993e-01 2.854e-01 1.919e-03 1.966e-03 6.317e-03 -1.000 1.532e-02 -6.273 -0.909 -3.184 -4.913 -5.898 -6.779 -7.951 -8.726 -8.953
0.0152 0.01508 7.27600 11.5548162460 2.6272499103   11.556  4.452  3.5752  0.302    3  0.000  0.402   186.37    92.41    61.37    44.82    37.25  4    -1e-30      0.00 6.982e-01 2.864e-01 1.893e-03 2.037e-03 6.273e-03 -1.000 1.535e-02 -6.359 -0.899 -3.185 -4.924 -5.931 -6.852 -8.046 -8.830 -9.062
0.0152 0.01508 7.27600 11.5548696518 2.6272499504   11.556  4.490  3.5713  0.249    3  0.000  0.400   211.29   101.74    67.27    49.21    40.90  4    -1e-30      0.00 6.973e-01 2.874e-01 1.869e-03 2.101e-03 6.233e-03 -1.000 1.531e-02 -6.454 -0.888 -3.184 -4.935 -5.967 -6.931 -8.151 -8.943 -9.182
0.0152 0.01508 7.27600 11.5549545288 2.6272500143   11.556  4.523  3.5678  0.201    3  0.000  0.398   236.51   110.92    73.06    53.51    44.49  4    -1e-30      0.00 6.966e-01 2.881e-01 1.851e-03 2.150e-03 6.203e-03 -1.000 1.534e-02 -6.538 -0.882 -3.175 -4.931 -5.989 -7.000 -8.245 -9.045 -9.290
0.0152 0.01508 7.27600 11.5551986694 2.6272501980   11.556  4.559  3.5641  0.150    3  0.000  0.396   266.33   121.49    79.69    58.44    48.61  3    -1e-30      0.00 6.956e-01 2.890e-01 1.830e-03 2.208e-03 6.166e-03 -1.000 1.537e-02 -6.627 -0.878 -3.159 -4.918 -6.005 -7.070 -8.344 -9.152 -9.403
0.0152 0.01508 7.27600 11.5566301346 2.6272512749   11.558  4.606  3.5590  0.083    3  0.000  0.394   306.55   137.15    89.48    65.74    54.69  3    -1e-30      0.00 6.905e-01 2.941e-01 1.782e-03 2.387e-03 6.030e-03 -1.000 1.532e-02 -6.744 -0.872 -3.132 -4.893 -6.021 -7.162 -8.475 -9.295 -9.554
0.0152 0.01508 7.27600 11.5607280731 2.6272543560   11.562  4.638  3.5558  0.038    3  0.000  0.394   328.63   148.92    96.80    71.20    59.24  3    -1e-30      0.00 6.836e-01 3.010e-01 1.742e-03 2.553e-03 5.897e-03 -1.000 1.535e-02 -6.826 -0.874 -3.108 -4.863 -6.024 -7.222 -8.567 -9.392 -9.658
0.0152 0.01508 7.27600 11.5701780319 2.6272614515   11.571  4.631  3.5568  0.050    3  0.000  0.394   322.85   145.82    94.87    69.76    58.04  3    -1e-30      0.00 6.836e-01 3.010e-01 1.742e-03 2.554e-03 5.897e-03 -1.000 1.535e-02 -6.807 -0.878 -3.121 -4.879 -6.029 -7.210 -8.545 -9.369 -9.632
0.0152 0.01508 7.27600 11.6063804626 2.6272885114   11.607  4.595  3.5614  0.105    4  0.000  0.394     0.00     0.00     0.00     0.00     0.00 -1    -1e-30      0.00 6.836e-01 3.011e-01 1.742e-03 2.555e-03 5.896e-03 -1.000 1.535e-02 -6.717 -0.894 -3.171 -4.935 -6.043 -7.148 -8.442 -9.255 -9.512
0.0152 0.01508 7.27600 11.6357412338 2.6273103152   11.637  4.557  3.5661  0.163    4  0.000  0.394     0.00     0.00     0.00     0.00     0.00 -1    -1e-30      0.00 6.836e-01 3.011e-01 1.741e-03 2.556e-03 5.895e-03 -1.000 1.535e-02 -6.621 -0.910 -3.204 -4.966 -6.038 -7.075 -8.334 -9.137 -9.385
0.0152 0.01508 7.27600 11.6625890732 2.6273301424   11.664  4.522  3.5703  0.216    4  0.000  0.394     0.00     0.00     0.00     0.00     0.00 -1    -1e-30      0.00 6.836e-01 3.011e-01 1.741e-03 2.556e-03 5.895e-03 -1.000 1.535e-02 -6.536 -0.926 -3.235 -4.994 -6.034 -7.010 -8.236 -9.030 -9.271
0.0152 0.01508 7.27600 11.6906642914 2.6273507641   11.692  4.495  3.5741  0.259    4  0.000  0.394     0.00     0.00     0.00     0.00     0.00 -1    -1e-30      0.00 6.836e-01 3.011e-01 1.741e-03 2.557e-03 5.894e-03 -1.000 1.535e-02 -6.467 -0.953 -3.256 -5.006 -6.022 -6.955 -8.158 -8.942 -9.178
0.0152 0.01508 7.27600 11.7342500687 2.6273825537   11.735  4.472  3.5782  0.300    4  0.000  0.394     0.00     0.00     0.00     0.00     0.00 -1    -1e-30      0.00 6.836e-01 3.011e-01 1.741e-03 2.558e-03 5.893e-03 -1.000 1.536e-02 -6.410 -0.995 -3.295 -5.037 -6.028 -6.915 -8.091 -8.865 -9.094
0.0152 0.01508 7.27600 11.8277406693 2.6274498340   11.829  4.453  3.5842  0.347    4  0.000  0.394     0.00     0.00     0.00     0.00     0.00 -1    -1e-30      0.00 6.835e-01 3.011e-01 1.740e-03 2.560e-03 5.892e-03 -1.000 1.536e-02 -6.363 -1.095 -3.375 -5.098 -6.058 -6.888 -8.030 -8.787 -9.007
0.0152 0.01508 7.27600 11.8502206802 2.6274658298   11.851  4.453  3.5852  0.352    4  0.000  0.394     0.00     0.00     0.00     0.00     0.00 -1    -1e-30      0.00 6.835e-01 3.011e-01 1.740e-03 2.561e-03 5.891e-03 -1.000 1.536e-02 -6.361 -1.117 -3.393 -5.114 -6.068 -6.891 -8.027 -8.780 -8.999
0.0152 0.01508 7.27600 11.9200687408 2.6275150880   11.921  4.465  3.5857  0.345    5  0.000  0.394     0.00     0.00     0.00     0.00     0.00 -1    -1e-30      0.00 6.835e-01 3.011e-01 1.739e-03 2.562e-03 5.890e-03 -1.000 1.537e-02 -6.391 -1.150 -3.430 -5.152 -6.104 -6.922 -8.056 -8.808 -9.026
0.0152 0.01508 7.27600 11.9348783493 2.6275254468   11.936  4.468  3.5858  0.342    5  0.000  0.394     0.00     0.00     0.00     0.00     0.00 -1    -1e-30      0.00 6.835e-01 3.011e-01 1.739e-03 2.563e-03 5.890e-03 -1.000 1.537e-02 -6.399 -1.158 -3.439 -5.161 -6.113 -6.931 -8.064 -8.815 -9.033
0.0152 0.01508 7.27600 11.9373741150 2.6275271896   11.938  4.469  3.5860  0.342    5  0.000  0.394     0.00     0.00     0.00     0.00     0.00 -1    -1e-30      0.00 6.835e-01 3.011e-01 1.739e-03 2.563e-03 5.890e-03 -1.000 1.537e-02 -6.403 -1.165 -3.446 -5.168 -6.119 -6.935 -8.067 -8.817 -9.035
0.0152 0.01508 7.27600 11.9381046295 2.6275276996   11.939  4.470  3.5864  0.342    5  0.000  0.394     0.00     0.00     0.00     0.00     0.00 -1    -1e-30      0.00 6.835e-01 3.011e-01 1.739e-03 2.563e-03 5.890e-03 -1.000 1.537e-02 -6.405 -1.174 -3.454 -5.175 -6.125 -6.938 -8.069 -8.818 -9.035
0.0152 0.01508 7.27600 11.9383239746 2.6275278527   11.939  4.470  3.5867  0.343    5  0.000  0.394     0.00     0.00     0.00     0.00     0.00 -1    -1e-30      0.00 6.835e-01 3.011e-01 1.739e-03 2.563e-03 5.890e-03 -1.000 1.537e-02 -6.406 -1.181 -3.461 -5.181 -6.129 -6.940 -8.069 -8.817 -9.034
0.0152 0.01508 7.27600 11.9384374619 2.6275279319   11.939  4.470  3.5869  0.344    5  0.000  0.394     0.00     0.00     0.00     0.00     0.00 -1    -1e-30      0.00 6.835e-01 3.011e-01 1.739e-03 2.563e-03 5.890e-03 -1.000 1.537e-02 -6.406 -1.186 -3.466 -5.186 -6.132 -6.941 -8.069 -8.816 -9.033
0.0152 0.01508 7.27600 11.9385471344 2.6275280085   11.939  4.470  3.5872  0.345    5  0.000  0.394     0.00     0.00     0.00     0.00     0.00 -1    -1e-30      0.00 6.835e-01 3.011e-01 1.739e-03 2.563e-03 5.890e-03 -1.000 1.537e-02 -6.406 -1.194 -3.472 -5.191 -6.136 -6.942 -8.068 -8.815 -9.031
0.0152 0.01508 7.27600 11.9386405945 2.6275280737   11.940  4.471  3.5875  0.347    5  0.000  0.394     0.00     0.00     0.00     0.00     0.00 -1    -1e-30      0.00 6.835e-01 3.011e-01 1.739e-03 2.563e-03 5.890e-03 -1.000 1.537e-02 -6.406 -1.200 -3.478 -5.196 -6.140 -6.944 -8.068 -8.813 -9.029
0.0152 0.01508 7.27600 11.9387264252 2.6275281336   11.940  4.471  3.5878  0.348    5  0.000  0.394     0.00     0.00     0.00     0.00     0.00 -1    -1e-30      0.00 6.835e-01 3.011e-01 1.739e-03 2.563e-03 5.890e-03 -1.000 1.537e-02 -6.407 -1.207 -3.484 -5.202 -6.144 -6.945 -8.068 -8.812 -9.027
0.0152 0.01508 7.27600 11.9388084412 2.6275281908   11.940  4.471  3.5881  0.349    5  0.000  0.394     0.00     0.00     0.00     0.00     0.00 -1    -1e-30      0.00 6.835e-01 3.011e-01 1.739e-03 2.563e-03 5.890e-03 -1.000 1.537e-02 -6.407 -1.214 -3.490 -5.207 -6.147 -6.946 -8.067 -8.810 -9.026
0.0152 0.01508 7.27600 11.9388895035 2.6275282474   11.940  4.471  3.5884  0.350    5  0.000  0.394     0.00     0.00     0.00     0.00     0.00 -1    -1e-30      0.00 6.835e-01 3.011e-01 1.739e-03 2.563e-03 5.890e-03 -1.000 1.537e-02 -6.407 -1.220 -3.495 -5.212 -6.151 -6.947 -8.067 -8.809 -9.024
0.0152 0.01508 7.27600 11.9389705658 2.6275283040   11.940  4.471  3.5887  0.351    5  0.000  0.394     0.00     0.00     0.00     0.00     0.00 -1    -1e-30      0.00 6.835e-01 3.011e-01 1.739e-03 2.563e-03 5.890e-03 -1.000 1.537e-02 -6.407 -1.227 -3.501 -5.217 -6.154 -6.948 -8.066 -8.808 -9.022
0.0152 0.01508 7.27600 11.9390754700 2.6275283772   11.940  4.471  3.5891  0.353    5  0.000  0.394     0.00     0.00     0.00     0.00     0.00 -1    -1e-30      0.00 6.835e-01 3.011e-01 1.739e-03 2.563e-03 5.890e-03 -1.000 1.537e-02 -6.407 -1.235 -3.508 -5.223 -6.159 -6.950 -8.066 -8.806 -9.020
0.0152 0.01508 7.27600 11.9391841888 2.6275284531   11.940  4.471  3.5894  0.354    5  0.000  0.394     0.00     0.00     0.00     0.00     0.00 -1    -1e-30      0.00 6.835e-01 3.011e-01 1.739e-03 2.563e-03 5.890e-03 -1.000 1.537e-02 -6.407 -1.243 -3.515 -5.229 -6.163 -6.951 -8.065 -8.804 -9.018
0.0152 0.01508 7.27600 11.9393005371 2.6275285343   11.940  4.471  3.5898  0.355    5  0.000  0.394     0.00     0.00     0.00     0.00     0.00 -1    -1e-30      0.00 6.835e-01 3.011e-01 1.739e-03 2.563e-03 5.890e-03 -1.000 1.537e-02 -6.407 -1.251 -3.522 -5.235 -6.167 -6.952 -8.065 -8.802 -9.015
0.0152 0.01508 7.27600 11.9393959045 2.6275286008   11.940  4.471  3.5901  0.356    5  0.000  0.394     0.00     0.00     0.00     0.00     0.00 -1    -1e-30      0.00 6.835e-01 3.011e-01 1.739e-03 2.563e-03 5.890e-03 -1.000 1.537e-02 -6.407 -1.258 -3.528 -5.239 -6.171 -6.953 -8.064 -8.801 -9.014
0.0152 0.01508 7.27600 11.9394979477 2.6275286720   11.940  4.471  3.5904  0.358    5  0.000  0.394     0.00     0.00     0.00     0.00     0.00 -1    -1e-30      0.00 6.835e-01 3.011e-01 1.739e-03 2.563e-03 5.890e-03 -1.000 1.537e-02 -6.407 -1.265 -3.533 -5.243 -6.173 -6.954 -8.064 -8.800 -9.012
0.0152 0.01508 7.27600 11.9396038055 2.6275287459   11.941  4.471  3.5907  0.359    5  0.000  0.394     0.00     0.00     0.00     0.00     0.00 -1    -1e-30      0.00 6.835e-01 3.011e-01 1.739e-03 2.563e-03 5.890e-03 -1.000 1.537e-02 -6.408 -1.272 -3.538 -5.248 -6.176 -6.955 -8.063 -8.798 -9.010
0.0152 0.01508 7.27600 11.9397163391 2.6275288244   11.941  4.471  3.5909  0.360    5  0.000  0.394     0.00     0.00     0.00     0.00     0.00 -1    -1e-30      0.00 6.835e-01 3.011e-01 1.739e-03 2.563e-03 5.890e-03 -1.000 1.537e-02 -6.408 -1.279 -3.543 -5.252 -6.179 -6.956 -8.063 -8.797 -9.009
0.0152 0.01508 7.27600 11.9398660660 2.6275289289   11.941  4.471  3.5913  0.361    5  0.000  0.394     0.00     0.00     0.00     0.00     0.00 -1    -1e-30      0.00 6.835e-01 3.011e-01 1.739e-03 2.563e-03 5.890e-03 -1.000 1.537e-02 -6.408 -1.288 -3.549 -5.257 -6.182 -6.957 -8.062 -8.795 -9.006
0.0152 0.01508 7.27600 11.9400281906 2.6275290421   11.941  4.471  3.5916  0.362    5  0.000  0.394     0.00     0.00     0.00     0.00     0.00 -1    -1e-30      0.00 6.835e-01 3.011e-01 1.739e-03 2.563e-03 5.890e-03 -1.000 1.537e-02 -6.408 -1.296 -3.556 -5.261 -6.186 -6.959 -8.062 -8.794 -9.004
0.0152 0.01508 7.27600 11.9402065277 2.6275291665   11.941  4.471  3.5920  0.364    5  0.000  0.394     0.00     0.00     0.00     0.00     0.00 -1    -1e-30      0.00 6.835e-01 3.011e-01 1.739e-03 2.563e-03 5.890e-03 -1.000 1.537e-02 -6.408 -1.305 -3.562 -5.266 -6.189 -6.960 -8.061 -8.792 -9.002
0.0152 0.01508 7.27600 11.9404058456 2.6275293056   11.941  4.471  3.5923  0.365    5  0.000  0.394     0.00     0.00     0.00     0.00     0.00 -1    -1e-30      0.00 6.835e-01 3.011e-01 1.739e-03 2.563e-03 5.890e-03 -1.000 1.537e-02 -6.408 -1.313 -3.568 -5.271 -6.192 -6.961 -8.061 -8.790 -9.000
0.0152 0.01508 7.27600 11.9406318665 2.6275294633   11.942  4.471  3.5926  0.366    5  0.000  0.394     0.00     0.00     0.00     0.00     0.00 -1    -1e-30      0.00 6.835e-01 3.011e-01 1.739e-03 2.563e-03 5.890e-03 -1.000 1.537e-02 -6.408 -1.321 -3.574 -5.276 -6.195 -6.962 -8.060 -8.789 -8.998
0.0152 0.01508 7.27600 11.9408969879 2.6275296482   11.942  4.471  3.5929  0.368    5  0.000  0.394     0.00     0.00     0.00     0.00     0.00 -1    -1e-30      0.00 6.835e-01 3.011e-01 1.739e-03 2.563e-03 5.890e-03 -1.000 1.537e-02 -6.408 -1.329 -3.579 -5.280 -6.198 -6.963 -8.059 -8.787 -8.996
0.0152 0.01508 7.27600 11.9412174225 2.6275298718   11.942  4.471  3.5932  0.369    5  0.000  0.394     0.00     0.00     0.00     0.00     0.00 -1    -1e-30      0.00 6.835e-01 3.011e-01 1.739e-03 2.563e-03 5.890e-03 -1.000 1.537e-02 -6.408 -1.337 -3.585 -5.284 -6.201 -6.964 -8.059 -8.786 -8.994
0.0152 0.01508 7.27600 11.9415359497 2.6275300940   11.943  4.471  3.5935  0.370    5  0.000  0.394     0.00     0.00     0.00     0.00     0.00 -1    -1e-30      0.00 6.835e-01 3.011e-01 1.739e-03 2.563e-03 5.890e-03 -1.000 1.537e-02 -6.408 -1.342 -3.589 -5.287 -6.203 -6.965 -8.059 -8.785 -8.993
0.0152 0.01508 7.27600 11.9419422150 2.6275303774   11.943  4.471  3.5937  0.371    5  0.000  0.394     0.00     0.00     0.00     0.00     0.00 -1    -1e-30      0.00 6.835e-01 3.011e-01 1.739e-03 2.563e-03 5.890e-03 -1.000 1.537e-02 -6.408 -1.348 -3.593 -5.290 -6.205 -6.965 -8.058 -8.784 -8.991
0.0152 0.01508 7.27600 11.9425086975 2.6275307725   11.943  4.471  3.5938  0.371    5  0.000  0.394     0.00     0.00     0.00     0.00     0.00 -1    -1e-30      0.00 6.835e-01 3.011e-01 1.739e-03 2.563e-03 5.890e-03 -1.000 1.537e-02 -6.408 -1.352 -3.596 -5.293 -6.207 -6.966 -8.058 -8.783 -8.990
0.0152 0.01508 7.27600 11.9434432983 2.6275314243   11.944  4.471  3.5939  0.372    5  0.000  0.394     0.00     0.00     0.00     0.00     0.00 -1    -1e-30      0.00 6.835e-01 3.011e-01 1.739e-03 2.563e-03 5.890e-03 -1.000 1.537e-02 -6.408 -1.354 -3.598 -5.294 -6.208 -6.966 -8.058 -8.782 -8.990
0.0152 0.01508 7.27600 11.9487676620 2.6275351351   11.950  4.472  3.5933  0.369    5  0.000  0.394     0.00     0.00     0.00     0.00     0.00 -1    -1e-30      0.00 6.835e-01 3.011e-01 1.739e-03 2.563e-03 5.890e-03 -1.000 1.537e-02 -6.409 -1.339 -3.587 -5.287 -6.203 -6.966 -8.060 -8.787 -8.995
0.0152 0.01508 7.27600 11.9792470932 2.6275563052   11.980  4.479  3.5867  0.336    6  0.000  0.394     0.00     0.00     0.00     0.00     0.00 -1    -1e-30      0.00 6.835e-01 3.012e-01 1.739e-03 2.564e-03 5.889e-03 -1.000 1.537e-02 -6.427 -1.195 -3.479 -5.202 -6.150 -6.961 -8.091 -8.838 -9.056
0.0152 0.01508 7.27600 11.9922103882 2.6275652715   11.993  4.482  3.5839  0.323    6  0.000  0.394     0.00     0.00     0.00     0.00     0.00 -1    -1e-30      0.00 6.835e-01 3.012e-01 1.739e-03 2.564e-03 5.889e-03 -1.000 1.537e-02 -6.435 -1.140 -3.433 -5.163 -6.126 -6.960 -8.104 -8.860 -9.081
0.0152 0.01508 7.27600 12.0000000000 2.6275706487   12.001  4.484  3.5823  0.315    6  0.000  0.394     0.00     0.00     0.00     0.00     0.00 -1    -1e-30      0.00 6.835e-01 3.012e-01 1.739e-03 2.564e-03 5.889e-03 -1.000 1.537e-02 -6.439 -1.108 -3.407 -5.141 -6.112 -6.959 -8.112 -8.873 -9.096
0.0152 0.01508 7.27600 12.0004472733 2.6275709572   12.001  4.484  3.5823  0.315    6  0.000  0.394     0.00     0.00     0.00     0.00     0.00 -1 -1.01e-30      0.00 6.835e-01 3.012e-01 1.739e-03 2.564e-03 5.889e-03 -1.000 1.537e-02 -6.440 -1.109 -3.408 -5.143 -6.113 -6.959 -8.112 -8.873 -9.096
0.0152 0.01508 7.27600 12.0071048737 2.6275755462   12.006  4.487  3.5829  0.314    6  0.000  0.394     0.00     0.00     0.00     0.00     0.00 -1 -1.24e-30      0.00 6.834e-01 3.012e-01 1.739e-03 2.565e-03 5.888e-03 -1.000 1.537e-02 -6.447 -1.126 -3.425 -5.158 -6.126 -6.968 -8.118 -8.877 -9.100
0.0152 0.01508 7.27600 12.0121183395 2.6275789980   12.010  4.489  3.5832  0.313    6  0.000  0.394     0.00     0.00     0.00     0.00     0.00 -1 -1.44e-30      0.00 6.834e-01 3.012e-01 1.739e-03 2.566e-03 5.888e-03 -1.000 1.537e-02 -6.453 -1.137 -3.436 -5.170 -6.136 -6.976 -8.124 -8.881 -9.104
0.0152 0.01508 7.27600 12.0176649094 2.6275828131   12.014  4.492  3.5835  0.312    6  0.000  0.394     0.00     0.00     0.00     0.00     0.00 -1 -1.69e-30      0.00 6.834e-01 3.013e-01 1.738e-03 2.567e-03 5.887e-03 -1.000 1.537e-02 -6.460 -1.149 -3.448 -5.182 -6.146 -6.983 -8.130 -8.886 -9.108
0.0152 0.01508 7.27600 12.0216951370 2.6275855826   12.016  4.494  3.5837  0.311    6  0.000  0.394     0.00     0.00     0.00     0.00     0.00 -1 -1.91e-30      0.00 6.833e-01 3.013e-01 1.738e-03 2.567e-03 5.886e-03 -1.000 1.537e-02 -6.464 -1.157 -3.456 -5.190 -6.153 -6.989 -8.134 -8.890 -9.112
0.0152 0.01508 7.27600 12.0262575150 2.6275887152   12.020  4.497  3.5839  0.309    6  0.000  0.394     0.00     0.00     0.00     0.00     0.00 -1 -2.19e-30      0.00 6.833e-01 3.013e-01 1.738e-03 2.568e-03 5.886e-03 -1.000 1.537e-02 -6.471 -1.164 -3.465 -5.198 -6.162 -6.996 -8.141 -8.896 -9.118
0.0152 0.01508 7.27600 12.0300426483 2.6275913121   12.022  4.499  3.5839  0.307    6  0.000  0.394     0.00     0.00     0.00     0.00     0.00 -1 -2.45e-30      0.00 6.833e-01 3.013e-01 1.738e-03 2.569e-03 5.885e-03 -1.000 1.537e-02 -6.477 -1.169 -3.471 -5.205 -6.168 -7.002 -8.147 -8.902 -9.124
0.0152 0.01508 7.27600 12.0343132019 2.6275942398   12.025  4.502  3.5839  0.304    6  0.000  0.394     0.00     0.00     0.00     0.00     0.00 -1 -2.78e-30      0.00 6.833e-01 3.014e-01 1.738e-03 2.569e-03 5.885e-03 -1.000 1.537e-02 -6.484 -1.174 -3.477 -5.212 -6.175 -7.009 -8.154 -8.909 -9.130
0.0152 0.01508 7.27600 12.0375137329 2.6275964323   12.027  4.504  3.5839  0.302    6  0.000  0.394     0.00     0.00     0.00     0.00     0.00 -1 -3.06e-30      0.00 6.833e-01 3.014e-01 1.738e-03 2.570e-03 5.885e-03 -1.000 1.537e-02 -6.489 -1.176 -3.481 -5.216 -6.180 -7.014 -8.159 -8.914 -9.136
0.0152 0.01508 7.27600 12.0410509109 2.6275988540   12.029  4.506  3.5839  0.300    6  0.000  0.394     0.00     0.00     0.00     0.00     0.00 -1 -3.39e-30      0.00 6.832e-01 3.014e-01 1.738e-03 2.570e-03 5.884e-03 -1.000 1.537e-02 -6.494 -1.179 -3.485 -5.221 -6.185 -7.019 -8.165 -8.919 -9.141
0.0152 0.01508 7.27600 12.0440635681 2.6276009152   12.031  4.508  3.5838  0.298    6  0.000  0.394     0.00     0.00     0.00     0.00     0.00 -1 -3.71e-30      0.00 6.832e-01 3.014e-01 1.738e-03 2.571e-03 5.884e-03 -1.000 1.537e-02 -6.499 -1.180 -3.487 -5.224 -6.188 -7.024 -8.170 -8.924 -9.147
0.0152 0.01508 7.27600 12.0471897125 2.6276030528   12.033  4.510  3.5836  0.295    6  0.000  0.394     0.00     0.00     0.00     0.00     0.00 -1 -4.07e-30      0.00 6.832e-01 3.014e-01 1.738e-03 2.571e-03 5.883e-03 -1.000 1.537e-02 -6.504 -1.181 -3.489 -5.227 -6.192 -7.028 -8.175 -8.930 -9.152
0.0152 0.01508 7.27600 12.0502262115 2.6276051279   12.035  4.511  3.5835  0.293    6  0.000  0.394     0.00     0.00     0.00     0.00     0.00 -1 -4.45e-30      0.00 6.832e-01 3.014e-01 1.738e-03 2.571e-03 5.883e-03 -1.000 1.537e-02 -6.509 -1.180 -3.490 -5.228 -6.195 -7.032 -8.180 -8.935 -9.158
0.0152 0.01508 7.27600 12.0531234741 2.6276071067   12.037  4.513  3.5833  0.291    6  0.000  0.394     0.00     0.00     0.00     0.00     0.00 -1 -4.85e-30      0.00 6.832e-01 3.015e-01 1.737e-03 2.572e-03 5.883e-03 -1.000 1.537e-02 -6.513 -1.179 -3.490 -5.229 -6.197 -7.036 -8.185 -8.941 -9.164
0.0152 0.01508 7.27600 12.0558681488 2.6276089804   12.039  4.515  3.5831  0.288    6  0.000  0.394     0.00     0.00     0.00     0.00     0.00 -1 -5.26e-30      0.00 6.832e-01 3.015e-01 1.737e-03 2.572e-03 5.882e-03 -1.000 1.537e-02 -6.517 -1.176 -3.489 -5.229 -6.198 -7.040 -8.189 -8.946 -9.169
0.0152 0.01508 7.27600 12.0584630966 2.6276107508   12.040  4.516  3.5828  0.285    6  0.000  0.394     0.00     0.00     0.00     0.00     0.00 -1 -5.67e-30      0.00 6.831e-01 3.015e-01 1.737e-03 2.573e-03 5.882e-03 -1.000 1.537e-02 -6.521 -1.173 -3.487 -5.229 -6.199 -7.042 -8.194 -8.951 -9.175
0.0152 0.01508 7.27600 12.0609140396 2.6276124223   12.042  4.518  3.5824  0.283    6  0.000  0.394     0.00     0.00     0.00     0.00     0.00 -1  -6.1e-30      0.00 6.831e-01 3.015e-01 1.737e-03 2.573e-03 5.882e-03 -1.000 1.537e-02 -6.525 -1.168 -3.484 -5.226 -6.198 -7.045 -8.198 -8.957 -9.181
0.0152 0.01508 7.27600 12.0632247925 2.6276139974   12.043  4.519  3.5820  0.280    6  0.000  0.394     0.00     0.00     0.00     0.00     0.00 -1 -6.52e-30      0.00 6.831e-01 3.015e-01 1.737e-03 2.573e-03 5.882e-03 -1.000 1.537e-02 -6.528 -1.161 -3.479 -5.223 -6.197 -7.047 -8.203 -8.962 -9.187
0.0152 0.01508 7.27600 12.0643291473 2.6276147499   12.044  4.520  3.5818  0.278    6  0.000  0.394     0.00     0.00     0.00     0.00     0.00 -1 -6.73e-30      0.00 6.831e-01 3.015e-01 1.737e-03 2.574e-03 5.881e-03 -1.000 1.537e-02 -6.530 -1.157 -3.476 -5.221 -6.196 -7.048 -8.205 -8.965 -9.190
0.0152 0.01508 7.27600 12.0654001236 2.6276154796   12.044  4.520  3.5816  0.277    6  0.000  0.394     0.00     0.00     0.00     0.00     0.00 -1 -6.94e-30      0.00 6.831e-01 3.015e-01 1.737e-03 2.574e-03 5.881e-03 -1.000 1.537e-02 -6.531 -1.153 -3.473 -5.218 -6.195 -7.049 -8.207 -8.968 -9.193
0.0152 0.01508 7.27600 12.0664386749 2.6276161870   12.045  4.521  3.5813  0.275    6  0.000  0.394     0.00     0.00     0.00     0.00     0.00 -1 -7.16e-30      0.00 6.831e-01 3.015e-01 1.737e-03 2.574e-03 5.881e-03 -1.000 1.537e-02 -6.533 -1.148 -3.469 -5.215 -6.193 -7.049 -8.209 -8.970 -9.197
0.0152 0.01508 7.27600 12.0674486160 2.6276168748   12.046  4.522  3.5810  0.273    6  0.000  0.394     0.00     0.00     0.00     0.00     0.00 -1 -7.37e-30      0.00 6.831e-01 3.015e-01 1.737e-03 2.574e-03 5.881e-03 -1.000 1.537e-02 -6.534 -1.142 -3.464 -5.212 -6.191 -7.050 -8.211 -8.973 -9.200
0.0152 0.01508 7.27600 12.0684261322 2.6276175403   12.046  4.522  3.5806  0.271    6  0.000  0.394     0.00     0.00     0.00     0.00     0.00 -1 -7.57e-30      0.00 6.831e-01 3.015e-01 1.737e-03 2.574e-03 5.881e-03 -1.000 1.537e-02 -6.536 -1.135 -3.459 -5.207 -6.188 -7.050 -8.213 -8.977 -9.204
0.0152 0.01508 7.27600 12.0693721771 2.6276181844   12.047  4.523  3.5802  0.269    6  0.000  0.394     0.00     0.00     0.00     0.00     0.00 -1 -7.78e-30      0.00 6.831e-01 3.016e-01 1.737e-03 2.574e-03 5.881e-03 -1.000 1.537e-02 -6.537 -1.128 -3.453 -5.202 -6.185 -7.050 -8.215 -8.980 -9.207
0.0152 0.01508 7.27600 12.0702915192 2.6276188101   12.047  4.523  3.5798  0.267    6  0.000  0.394     0.00     0.00     0.00     0.00     0.00 -1 -7.99e-30      0.00 6.831e-01 3.016e-01 1.737e-03 2.574e-03 5.881e-03 -1.000 1.537e-02 -6.538 -1.119 -3.445 -5.195 -6.180 -7.049 -8.217 -8.983 -9.211
0.0152 0.01508 7.27600 12.0707359314 2.6276191126   12.048  4.523  3.5795  0.266    6  0.000  0.394     0.00     0.00     0.00     0.00     0.00 -1 -8.08e-30      0.00 6.831e-01 3.016e-01 1.737e-03 2.574e-03 5.881e-03 -1.000 1.537e-02 -6.539 -1.115 -3.440 -5.190 -6.177 -7.049 -8.218 -8.985 -9.214
0.0152 0.01508 7.27600 12.0712327957 2.6276194507   12.048  4.524  3.5792  0.264    6  0.000  0.394     0.00     0.00     0.00     0.00     0.00 -1  -8.2e-30      0.00 6.831e-01 3.016e-01 1.737e-03 2.575e-03 5.881e-03 -1.000 1.537e-02 -6.539 -1.109 -3.434 -5.184 -6.173 -7.048 -8.219 -8.987 -9.216
0.0152 0.01508 7.27600 12.0718212128 2.6276198510   12.048  4.524  3.5788  0.262    6  0.000  0.394     0.00     0.00     0.00     0.00     0.00 -1 -8.32e-30      0.00 6.831e-01 3.016e-01 1.737e-03 2.575e-03 5.881e-03 -1.000 1.537e-02 -6.540 -1.102 -3.426 -5.176 -6.167 -7.047 -8.221 -8.990 -9.220
0.0152 0.01508 7.27600 12.0721902847 2.6276201021   12.049  4.524  3.5785  0.261    6  0.000  0.394     0.00     0.00     0.00     0.00     0.00 -1  -8.4e-30      0.00 6.831e-01 3.016e-01 1.737e-03 2.575e-03 5.881e-03 -1.000 1.537e-02 -6.540 -1.097 -3.420 -5.171 -6.163 -7.046 -8.222 -8.992 -9.222
0.0152 0.01508 7.27600 12.0726490021 2.6276204142   12.049  4.524  3.5782  0.259    6  0.000  0.394     0.00     0.00     0.00     0.00     0.00 -1 -8.51e-30      0.00 6.831e-01 3.016e-01 1.737e-03 2.575e-03 5.881e-03 -1.000 1.537e-02 -6.541 -1.090 -3.412 -5.163 -6.158 -7.045 -8.223 -8.994 -9.225
0.0152 0.01508 7.27600 12.0729207993 2.6276205991   12.049  4.524  3.5779  0.258    6  0.000  0.394     0.00     0.00     0.00     0.00     0.00 -1 -8.57e-30      0.00 6.831e-01 3.016e-01 1.737e-03 2.575e-03 5.880e-03 -1.000 1.537e-02 -6.541 -1.085 -3.406 -5.158 -6.154 -7.045 -8.224 -8.996 -9.227
0.0152 0.01508 7.27600 12.0732240677 2.6276208054   12.049  4.524  3.5776  0.257    6  0.000  0.394     0.00     0.00     0.00     0.00     0.00 -1 -8.64e-30      0.00 6.831e-01 3.016e-01 1.737e-03 2.575e-03 5.880e-03 -1.000 1.537e-02 -6.541 -1.079 -3.400 -5.152 -6.150 -7.044 -8.225 -8.998 -9.229
0.0152 0.01508 7.27600 12.0735645294 2.6276210370   12.049  4.524  3.5773  0.256    6  0.000  0.394     0.00     0.00     0.00     0.00     0.00 -1 -8.71e-30      0.00 6.831e-01 3.016e-01 1.737e-03 2.575e-03 5.880e-03 -1.000 1.537e-02 -6.541 -1.073 -3.393 -5.145 -6.145 -7.042 -8.226 -8.999 -9.231
0.0152 0.01508 7.27600 12.0739660263 2.6276213100   12.050  4.524  3.5769  0.254    6  0.000  0.394     0.00     0.00     0.00     0.00     0.00 -1 -8.79e-30      0.00 6.831e-01 3.016e-01 1.737e-03 2.575e-03 5.880e-03 -1.000 1.537e-02 -6.541 -1.067 -3.386 -5.138 -6.140 -7.041 -8.226 -9.001 -9.233
0.0152 0.01508 7.27600 12.0743350983 2.6276215610   12.050  4.524  3.5767  0.253    6  0.000  0.394     0.00     0.00     0.00     0.00     0.00 -1 -8.87e-30      0.00 6.830e-01 3.016e-01 1.737e-03 2.575e-03 5.880e-03 -1.000 1.537e-02 -6.541 -1.062 -3.380 -5.132 -6.135 -7.040 -8.227 -9.002 -9.235
0.0152 0.01508 7.27600 12.0750417709 2.6276220416   12.050  4.524  3.5764  0.252    6  0.000  0.394     0.00     0.00     0.00     0.00     0.00 -1 -9.03e-30      0.00 6.830e-01 3.016e-01 1.737e-03 2.575e-03 5.880e-03 -1.000 1.537e-02 -6.540 -1.056 -3.374 -5.126 -6.131 -7.038 -8.227 -9.003 -9.236
0.0152 0.01508 7.27600 12.0758228302 2.6276225726   12.051  4.524  3.5762  0.252    6  0.000  0.394     0.00     0.00     0.00     0.00     0.00 -1  -9.2e-30      0.00 6.830e-01 3.016e-01 1.737e-03 2.575e-03 5.880e-03 -1.000 1.537e-02 -6.539 -1.051 -3.368 -5.120 -6.126 -7.036 -8.227 -9.003 -9.237
0.0152 0.01508 7.27600 12.0768995285 2.6276233046   12.052  4.524  3.5758  0.250    6  0.000  0.394     0.00     0.00     0.00     0.00     0.00 -1 -9.44e-30      0.00 6.830e-01 3.016e-01 1.737e-03 2.575e-03 5.880e-03 -1.000 1.537e-02 -6.540 -1.044 -3.360 -5.113 -6.121 -7.035 -8.228 -9.006 -9.239
0.0152 0.01508 7.27600 12.0776987076 2.6276238477   12.052  4.525  3.5755  0.248    6  0.000  0.394     0.00     0.00     0.00     0.00     0.00 -1 -9.69e-30      0.00 6.830e-01 3.016e-01 1.737e-03 2.575e-03 5.880e-03 -1.000 1.537e-02 -6.543 -1.042 -3.358 -5.111 -6.120 -7.038 -8.232 -9.011 -9.245
0.0152 0.01508 7.27600 12.0808639526 2.6276259983   12.054  4.528  3.5751  0.243    6  0.000  0.394     0.00     0.00     0.00     0.00     0.00 -1 -1.07e-29      0.00 6.830e-01 3.016e-01 1.737e-03 2.576e-03 5.880e-03 -1.000 1.537e-02 -6.550 -1.038 -3.354 -5.108 -6.121 -7.043 -8.240 -9.020 -9.254
0.0152 0.01508 7.27600 12.0958261490 2.6276361463   12.063  4.579  3.5683  0.166    6  0.000  0.394     0.00     0.00     0.00     0.00     0.00 -1 -1.67e-29      0.00 6.829e-01 3.017e-01 1.736e-03 2.578e-03 5.878e-03 -1.000 1.537e-02 -6.677 -0.997 -3.312 -5.079 -6.136 -7.141 -8.384 -9.180 -9.426
0.0152 0.01508 7.27600 12.0966644287 2.6276367140   12.064  4.588  3.5670  0.151    6  0.000  0.394     0.00     0.00     0.00     0.00     0.00 -1 -1.72e-29      0.00 6.829e-01 3.017e-01 1.736e-03 2.578e-03 5.878e-03 -1.000 1.537e-02 -6.701 -0.992 -3.302 -5.070 -6.136 -7.159 -8.411 -9.211 -9.458
0.0152 0.01508 7.27600 12.0967464447 2.6276367695   12.064  4.591  3.5667  0.147    7  0.000  0.394   274.40   123.54    81.06    59.37    49.39  4 -1.72e-29      0.00 6.829e-01 3.017e-01 1.736e-03 2.578e-03 5.878e-03 -1.000 1.537e-02 -6.708 -0.991 -3.300 -5.068 -6.137 -7.165 -8.419 -9.219 -9.467
0.0152 0.01508 7.27600 12.0974359512 2.6276372364   12.064  4.624  3.5628  0.099    7  0.000  0.394   302.42   134.75    88.07    64.58    53.74  3 -1.76e-29      0.00 6.829e-01 3.017e-01 1.736e-03 2.578e-03 5.878e-03 -1.000 1.537e-02 -6.789 -0.981 -3.275 -5.045 -6.144 -7.228 -8.511 -9.320 -9.574
0.0152 0.01508 7.27600 12.1012382507 2.6276398099   12.066  4.660  3.5585  0.046    7  0.000  0.394   328.32   148.48    96.62    70.96    59.06  3 -1.98e-29      0.00 6.829e-01 3.017e-01 1.736e-03 2.579e-03 5.877e-03 -1.000 1.537e-02 -6.880 -0.970 -3.241 -5.009 -6.144 -7.295 -8.614 -9.433 -9.694
0.0152 0.01508 7.27600 12.1026391983 2.6276407576   12.067  4.699  3.5540 -0.011    7  0.000  0.394   358.20   164.58   106.60    78.40    65.27  3 -2.07e-29      0.00 6.829e-01 3.017e-01 1.735e-03 2.579e-03 5.877e-03 -1.000 1.537e-02 -6.977 -0.962 -3.192 -4.951 -6.132 -7.362 -8.725 -9.552 -9.822
0.0152 0.01508 7.27600 12.1038932800 2.6276416058   12.068  4.736  3.5497 -0.066    7  0.000  0.392   389.18   181.52   117.06    86.22    71.80  3 -2.15e-29      0.00 6.829e-01 3.017e-01 1.728e-03 2.587e-03 5.877e-03 -1.000 1.537e-02 -7.070 -0.957 -3.141 -4.892 -6.118 -7.426 -8.831 -9.667 -9.943
0.0152 0.01508 7.27600 12.1054592133 2.6276426646   12.069  4.774  3.5452 -0.121    7  0.000  0.390   423.88   200.80   128.90    95.08    79.20  0 -2.26e-29      0.00 6.829e-01 3.018e-01 1.717e-03 2.601e-03 5.877e-03 -1.000 1.537e-02 -7.165 -0.952 -3.065 -4.797 -6.083 -7.479 -8.941 -9.784 -10.068
0.0152 0.01508 7.27600 12.1075067520 2.6276440485   12.070  4.815  3.5404 -0.182    7  0.000  0.388   464.84   223.91   143.03   105.68    88.05  0 -2.41e-29      0.00 6.829e-01 3.018e-01 1.711e-03 2.608e-03 5.876e-03 -1.000 1.537e-02 -7.268 -0.949 -2.983 -4.694 -6.046 -7.538 -9.060 -9.911 -10.203
0.0152 0.01508 7.27600 12.1097345352 2.6276455537   12.072  4.852  3.5362 -0.235    7  0.000  0.388   504.78   246.81   156.97   116.14    96.79  0 -2.59e-29      0.00 6.828e-01 3.018e-01 1.707e-03 2.615e-03 5.874e-03 -1.000 1.537e-02 -7.360 -0.947 -2.887 -4.572 -5.998 -7.575 -9.167 -10.024 -10.325
0.0152 0.01508 7.27600 12.1121168137 2.6276471626   12.073  4.894  3.5317 -0.295    7  0.000  0.387   553.09   274.96   174.03   128.97   107.50  0 -2.81e-29      0.00 6.811e-01 3.036e-01 1.698e-03 2.650e-03 5.847e-03 -1.000 1.531e-02 -7.464 -0.947 -2.782 -4.439 -5.946 -7.617 -9.287 -10.150 -10.459
0.0152 0.01508 7.27600 12.1182508469 2.6276513018   12.077  4.923  3.5285 -0.337    7  0.000  0.387   589.98   296.75   187.18   138.87   115.78  0 -3.43e-29      0.00 6.744e-01 3.102e-01 1.679e-03 2.731e-03 5.782e-03 -1.000 1.536e-02 -7.538 -0.948 -2.695 -4.331 -5.903 -7.635 -9.373 -10.240 -10.555
0.0152 0.01508 7.27600 12.1320552826 2.6276605993   12.085  4.936  3.5286 -0.349    7  0.000  0.388   601.13   303.37   191.16   141.87   118.29  0 -5.36e-29      0.00 6.472e-01 3.375e-01 1.615e-03 3.014e-03 5.551e-03 -1.000 1.527e-02 -7.570 -0.973 -2.730 -4.370 -5.941 -7.672 -9.406 -10.271 -10.587
# Zini     MH   logAge Mini        int_IMF         Mass   logL    logTe  logg  label   McoreTP C_O  period0  period1  period2  period3  period4  pmode  Mloss  tau1m   X   Y   Xc  Xn  Xo  Cexcess  Z 	 mbolmag  Umag    Bmag    Vmag    Rmag    Imag    Jmag    Hmag    Kmag
0.0152 0.01508 7.32600 0.0900000036 1.0816895926    0.090 -2.285  3.4019  4.237    0  0.000  0.545     0.00     0.00     0.00     0.00     0.00 -1 -1.68e-15      0.00 7.092e-01 2.755e-01 2.746e-03 7.408e-04 6.719e-03 -1.000 1.527e-02 10.482 18.116 16.472 14.934 13.034 10.907 8.419 7.834 7.459
0.0152 0.01508 7.32600 0.0939349979 1.1183483905    0.094 -2.258  3.4048  4.240    0  0.000  0.545     0.00     0.00     0.00     0.00     0.00 -1 -1.74e-15      0.00 7.092e-01 2.755e-01 2.746e-03 7.408e-04 6.719e-03 -1.000 1.527e-02 10.415 18.055 16.407 14.868 12.967 10.840 8.352 7.766 7.392
0.0152 0.01508 7.32600 0.1000000015 1.1711064122    0.100 -2.216  3.4093  4.243    0  0.000  0.545     0.00     0.00     0.00     0.00     0.00 -1 -1.85e-15      0.00 7.092e-01 2.755e-01 2.746e-03 7.408e-04 6.719e-03 -1.000 1.527e-02 10.311 17.955 16.305 14.765 12.863 10.736 8.248 7.662 7.288
0.0152 0.01508 7.32600 0.1092694551 1.2441799723    0.109 -2.159  3.4154  4.249    0  0.000  0.545     0.00     0.00     0.00     0.00     0.00 -1    -2e-15      0.00 7.092e-01 2.755e-01 2.746e-03 7.408e-04 6.719e-03 -1.000 1.527e-02 10.168 17.813 16.159 14.617 12.717 10.590 8.105 7.519 7.146
0.0152 0.01508 7.32600 0.1200000122 1.3193155232    0.120 -2.097  3.4220  4.254    0  0.000  0.545     0.00     0.00     0.00     0.00     0.00 -1 -2.19e-15      0.00 7.092e-01 2.755e-01 2.746e-03 7.408e-04 6.719e-03 -1.000 1.527e-02 10.012 17.480 15.860 14.322 12.465 10.373 7.958 7.371 7.001
0.0152 0.01508 7.32600 0.1400000006 1.4384526719    0.140 -1.995  3.4331  4.263    0  0.000  0.545     0.00     0.00     0.00     0.00     0.00 -1 -2.54e-15      0.00 7.092e-01 2.755e-01 2.746e-03 7.408e-04 6.719e-03 -1.000 1.527e-02 9.756 16.779 15.246 13.724 11.974 9.966 7.724 7.133 6.774
0.0152 0.01508 7.32600 0.1582930982 1.5294995719    0.158 -1.914  3.4423  4.273    0  0.000  0.545     0.00     0.00     0.00     0.00     0.00 -1 -2.85e-15      0.00 7.092e-01 2.755e-01 2.746e-03 7.408e-04 6.719e-03 -1.000 1.527e-02 9.555 16.246 14.773 13.271 11.601 9.655 7.539 6.946 6.598
0.0152 0.01508 7.32600 0.1627778262 1.5497482086    0.163 -1.896  3.4444  4.275    0  0.000  0.545     0.00     0.00     0.00     0.00     0.00 -1 -2.92e-15      0.00 7.092e-01 2.755e-01 2.746e-03 7.408e-04 6.719e-03 -1.000 1.527e-02 9.511 16.131 14.669 13.172 11.519 9.588 7.499 6.905 6.559
0.0152 0.01508 7.32600 0.1820982248 1.6293518735    0.182 -1.823  3.4523  4.282    0  0.000  0.545     0.00     0.00     0.00     0.00     0.00 -1 -3.23e-15      0.00 7.092e-01 2.755e-01 2.746e-03 7.408e-04 6.719e-03 -1.000 1.527e-02 9.327 15.677 14.261 12.778 11.191 9.317 7.330 6.734 6.397
0.0152 0.01508 7.32600 0.1949554831 1.6764794055    0.195 -1.778  3.4572  4.287    0  0.000  0.545     0.00     0.00     0.00     0.00     0.00 -1 -3.43e-15      0.00 7.092e-01 2.755e-01 2.746e-03 7.408e-04 6.719e-03 -1.000 1.527e-02 9.216 15.410 14.018 12.539 10.992 9.156 7.230 6.631 6.300
0.0152 0.01508 7.32600 0.2021492720 1.7011199804    0.202 -1.756  3.4598  4.290    0  0.000  0.545     0.00     0.00     0.00     0.00     0.00 -1 -3.53e-15      0.00 7.092e-01 2.755e-01 2.746e-03 7.408e-04 6.719e-03 -1.000 1.527e-02 9.160 15.271 13.891 12.415 10.889 9.073 7.179 6.579 6.251
0.0152 0.01508 7.32600 0.2126057148 1.7349725149    0.213 -1.723  3.4632  4.293    0  0.000  0.545     0.00     0.00     0.00     0.00     0.00 -1 -3.73e-15      0.00 7.092e-01 2.755e-01 2.746e-03 7.408e-04 6.719e-03 -1.000 1.527e-02 9.076 15.089 13.724 12.253 10.752 8.960 7.102 6.500 6.177
0.0152 0.01508 7.32600 0.2312874794 1.7903761474    0.231 -1.668  3.4689  4.298    0  0.000  0.545     0.00     0.00     0.00     0.00     0.00 -1 -4.03e-15      0.00 7.092e-01 2.755e-01 2.746e-03 7.408e-04 6.719e-03 -1.000 1.527e-02 8.940 14.788 13.446 11.985 10.525 8.774 6.977 6.372 6.056
0.0152 0.01508 7.32600 0.2500000000 1.8403257998    0.250 -1.618  3.4744  4.303    0  0.000  0.545     0.00     0.00     0.00     0.00     0.00 -1 -4.33e-15      0.00 7.092e-01 2.755e-01 2.746e-03 7.408e-04 6.719e-03 -1.000 1.527e-02 8.814 14.519 13.194 11.741 10.318 8.606 6.862 6.254 5.946
0.0152 0.01508 7.32600 0.2730023265 1.8954490470    0.273 -1.561  3.4805  4.309    0  0.000  0.545     0.00     0.00     0.00     0.00     0.00 -1 -4.68e-15      0.00 7.092e-01 2.755e-01 2.746e-03 7.408e-04 6.719e-03 -1.000 1.527e-02 8.674 14.221 12.914 11.467 10.085 8.418 6.735 6.123 5.822
0.0152 0.01508 7.32600 0.3000000119 1.9529139769    0.300 -1.501  3.4872  4.316    0  0.000  0.545     0.00     0.00     0.00     0.00     0.00 -1  -5.1e-15      0.00 7.092e-01 2.755e-01 2.746e-03 7.408e-04 6.719e-03 -1.000 1.527e-02 8.521 13.912 12.617 11.168 9.826 8.219 6.600 5.981 5.689
0.0152 0.01508 7.32600 0.3283118904 2.0063678745    0.328 -1.445  3.4932  4.324    0  0.000  0.545     0.00     0.00     0.00     0.00     0.00 -1  -5.5e-15      0.00 7.092e-01 2.755e-01 2.746e-03 7.408e-04 6.719e-03 -1.000 1.527e-02 8.381 13.642 12.355 10.911 9.604 8.041 6.474 5.850 5.565
0.0152 0.01508 7.32600 0.3500000238 2.0434175133    0.350 -1.405  3.4976  4.330    0  0.000  0.545     0.00     0.00     0.00     0.00     0.00 -1 -5.79e-15      0.00 7.092e-01 2.755e-01 2.746e-03 7.408e-04 6.719e-03 -1.000 1.527e-02 8.283 13.453 12.173 10.737 9.454 7.917 6.385 5.756 5.477
0.0152 0.01508 7.32600 0.4000000358 2.1185024810    0.400 -1.321  3.5065  4.339    0  0.000  0.545     0.00     0.00     0.00     0.00     0.00 -1 -6.51e-15      0.00 7.092e-01 2.755e-01 2.746e-03 7.408e-04 6.719e-03 -1.000 1.527e-02 8.071 13.072 11.800 10.380 9.143 7.660 6.194 5.554 5.287
0.0152 0.01508 7.32600 0.4341230094 2.1630690198    0.434 -1.268  3.5126  4.346    0  0.000  0.545     0.00     0.00     0.00     0.00     0.00 -1 -6.98e-15      0.00 7.092e-01 2.755e-01 2.746e-03 7.408e-04 6.719e-03 -1.000 1.527e-02 7.941 12.837 11.566 10.155 8.948 7.501 6.077 5.431 5.170
0.0152 0.01508 7.32600 0.4500000477 2.1822809714    0.450 -1.245  3.5152  4.349    0  0.000  0.545     0.00     0.00     0.00     0.00     0.00 -1 -7.21e-15      0.00 7.092e-01 2.755e-01 2.746e-03 7.408e-04 6.719e-03 -1.000 1.527e-02 7.883 12.737 11.465 10.056 8.861 7.431 6.026 5.376 5.118
0.0152 0.01508 7.32600 0.4719942510 2.2074857822    0.472 -1.215  3.5190  4.355    0  0.000  0.545     0.00     0.00     0.00     0.00     0.00 -1  -7.5e-15      0.00 7.092e-01 2.755e-01 2.746e-03 7.408e-04 6.719e-03 -1.000 1.527e-02 7.807 12.600 11.327 9.922 8.745 7.338 5.959 5.305 5.051
0.0152 0.01508 7.32600 0.5000000000 2.2374541529    0.500 -1.177  3.5236  4.360    0  0.000  0.545     0.00     0.00     0.00     0.00     0.00 -1 -7.91e-15      0.00 7.092e-01 2.755e-01 2.746e-03 7.408e-04 6.719e-03 -1.000 1.527e-02 7.711 12.438 11.161 9.759 8.602 7.224 5.875 5.216 4.966
0.0152 0.01508 7.32600 0.5153896213 2.2527755228    0.515 -1.157  3.5263  4.364    0  0.000  0.545     0.00     0.00     0.00     0.00     0.00 -1 -8.12e-15      0.00 7.092e-01 2.755e-01 2.746e-03 7.408e-04 6.719e-03 -1.000 1.527e-02 7.662 12.350 11.069 9.669 8.524 7.164 5.833 5.170 4.923
0.0152 0.01508 7.32600 0.5433098078 2.2780406845    0.543 -1.119  3.5309  4.367    0  0.000  0.545     0.00     0.00     0.00     0.00     0.00 -1 -8.61e-15      0.00 7.092e-01 2.755e-01 2.746e-03 7.408e-04 6.719e-03 -1.000 1.527e-02 7.566 12.190 10.905 9.509 8.383 7.051 5.749 5.081 4.838
0.0152 0.01508 7.32600 0.5500000119 2.2836582633    0.550 -1.110  3.5319  4.368    0  0.000  0.545     0.00     0.00     0.00     0.00     0.00 -1 -8.72e-15      0.00 7.092e-01 2.755e-01 2.746e-03 7.408e-04 6.719e-03 -1.000 1.527e-02 7.545 12.156 10.868 9.473 8.351 7.026 5.730 5.061 4.819
0.0152 0.01508 7.32600 0.5619077086 2.2932772952    0.562 -1.096  3.5340  4.371    0  0.000  0.545     0.00     0.00     0.00     0.00     0.00 -1 -8.88e-15      0.00 7.092e-01 2.755e-01 2.746e-03 7.408e-04 6.719e-03 -1.000 1.527e-02 7.509 12.093 10.803 9.409 8.295 6.984 5.700 5.029 4.788
0.0152 0.01508 7.32600 0.5984858274 2.3200920634    0.598 -1.046  3.5402  4.374    0  0.000  0.545     0.00     0.00     0.00     0.00     0.00 -1  -9.6e-15      0.00 7.092e-01 2.755e-01 2.746e-03 7.408e-04 6.719e-03 -1.000 1.527e-02 7.386 11.889 10.589 9.202 8.113 6.840 5.593 4.915 4.680
0.0152 0.01508 7.32600 0.6000000238 2.3211213258    0.600 -1.044  3.5405  4.374    0  0.000  0.545     0.00     0.00     0.00     0.00     0.00 -1 -9.64e-15      0.00 7.092e-01 2.755e-01 2.746e-03 7.408e-04 6.719e-03 -1.000 1.527e-02 7.381 11.881 10.580 9.193 8.105 6.833 5.588 4.910 4.675
0.0152 0.01508 7.32600 0.6314496994 2.3412221997    0.631 -1.002  3.5469  4.380    0  0.000  0.545     0.00     0.00     0.00     0.00     0.00 -1 -1.03e-14      0.00 7.092e-01 2.755e-01 2.746e-03 7.408e-04 6.719e-03 -1.000 1.527e-02 7.276 11.702 10.388 9.004 7.938 6.710 5.500 4.816 4.588
0.0152 0.01508 7.32600 0.6499999762 2.3520353107    0.650 -0.976  3.5507  4.381    0  0.000  0.545     0.00     0.00     0.00     0.00     0.00 -1 -1.08e-14      0.00 7.092e-01 2.755e-01 2.746e-03 7.408e-04 6.719e-03 -1.000 1.527e-02 7.209 11.591 10.269 8.887 7.835 6.632 5.443 4.756 4.531
0.0152 0.01508 7.32600 0.6869581938 2.3715903514    0.687 -0.916  3.5604  4.385    0  0.000  0.545     0.00     0.00     0.00     0.00     0.00 -1 -1.19e-14      0.00 7.092e-01 2.755e-01 2.746e-03 7.408e-04 6.719e-03 -1.000 1.527e-02 7.060 11.339 9.992 8.611 7.590 6.457 5.321 4.624 4.409
0.0152 0.01508 7.32600 0.7000000477 2.3779267258    0.700 -0.892  3.5642  4.383    0  0.000  0.545     0.00     0.00     0.00     0.00     0.00 -1 -1.25e-14      0.00 7.092e-01 2.755e-01 2.746e-03 7.408e-04 6.719e-03 -1.000 1.527e-02 6.999 11.242 9.884 8.503 7.494 6.388 5.271 4.570 4.360
0.0152 0.01508 7.32600 0.7500000000 2.3998889087    0.750 -0.716  3.6266  4.488    0  0.000  0.538     0.00     0.00     0.00     0.00     0.00 -1 -1.61e-14      0.00 7.092e-01 2.755e-01 2.709e-03 7.399e-04 6.720e-03 -1.000 1.527e-02 6.561 10.146 8.684 7.416 6.561 5.862 4.988 4.287 4.163
0.0152 0.01508 7.32600 0.7728924155 2.4088606196    0.773 -0.685  3.6305  4.485    0  0.000  0.538     0.00     0.00     0.00     0.00     0.00 -1 -1.71e-14      0.00 7.092e-01 2.755e-01 2.709e-03 7.399e-04 6.720e-03 -1.000 1.527e-02 6.482 10.013 8.552 7.300 6.457 5.780 4.919 4.222 4.103
0.0152 0.01508 7.32600 0.8000000119 2.4187244405    0.800 -0.642  3.6357  4.478    0  0.000  0.538     0.00     0.00     0.00     0.00     0.00 -1 -1.86e-14      0.00 7.092e-01 2.755e-01 2.709e-03 7.399e-04 6.720e-03 -1.000 1.527e-02 6.374 9.813 8.371 7.143 6.317 5.670 4.826 4.134 4.023
0.0152 0.01508 7.32600 0.8060304523 2.4208152852    0.806 -0.632  3.6371  4.477    0  0.000  0.538     0.00     0.00     0.00     0.00     0.00 -1 -1.89e-14      0.00 7.092e-01 2.755e-01 2.709e-03 7.399e-04 6.720e-03 -1.000 1.527e-02 6.351 9.766 8.329 7.108 6.286 5.646 4.806 4.115 4.007
0.0152 0.01508 7.32600 0.8378489017 2.4312765146    0.837 -0.570  3.6458  4.466    0  0.000  0.538     0.00     0.00     0.00     0.00     0.00 -1 -2.17e-14      0.00 7.092e-01 2.755e-01 2.709e-03 7.399e-04 6.720e-03 -1.000 1.527e-02 6.194 9.429 8.052 6.871 6.078 5.484 4.674 4.001 3.902
0.0152 0.01508 7.32600 0.8500000238 2.4350346840    0.850 -0.544  3.6496  4.462    0  0.000  0.538     0.00     0.00     0.00     0.00     0.00 -1 -2.29e-14      0.00 7.092e-01 2.755e-01 2.709e-03 7.399e-04 6.720e-03 -1.000 1.527e-02 6.130 9.283 7.937 6.773 5.993 5.417 4.621 3.958 3.861
0.0152 0.01508 7.32600 0.8905069828 2.4467154606    0.890 -0.454  3.6640  4.449    0  0.000  0.538     0.00     0.00     0.00     0.00     0.00 -1 -2.79e-14      0.00 7.092e-01 2.755e-01 2.709e-03 7.399e-04 6.720e-03 -1.000 1.527e-02 5.904 8.705 7.517 6.425 5.702 5.179 4.437 3.822 3.734
0.0152 0.01508 7.32600 0.9000000358 2.4492786175    0.899 -0.431  3.6678  4.446    0  0.000  0.538     0.00     0.00     0.00     0.00     0.00 -1 -2.93e-14      0.00 7.092e-01 2.755e-01 2.709e-03 7.399e-04 6.720e-03 -1.000 1.527e-02 5.847 8.559 7.412 6.339 5.631 5.119 4.390 3.788 3.702
0.0152 0.01508 7.32600 0.9161953926 2.4535107474    0.916 -0.391  3.6745  4.441    0  0.000  0.538     0.00     0.00     0.00     0.00     0.00 -1  -3.2e-14      0.00 7.092e-01 2.755e-01 2.709e-03 7.398e-04 6.720e-03 -1.000 1.527e-02 5.748 8.301 7.230 6.190 5.509 5.016 4.312 3.733 3.650
0.0152 0.01508 7.32600 0.9500000477 2.4618122009    0.950 -0.301  3.6899  4.428    0  0.000  0.538     0.00     0.00     0.00     0.00     0.00 -1 -3.93e-14      0.00 7.092e-01 2.755e-01 2.709e-03 7.398e-04 6.720e-03 -1.000 1.527e-02 5.523 7.743 6.833 5.863 5.242 4.786 4.135 3.605 3.530
0.0152 0.01508 7.32600 0.9694907069 2.4662971140    0.969 -0.247  3.6991  4.420    0  0.000  0.538     0.00     0.00     0.00     0.00     0.00 -1 -4.44e-14      0.00 7.092e-01 2.755e-01 2.709e-03 7.398e-04 6.720e-03 -1.000 1.527e-02 5.388 7.416 6.606 5.676 5.089 4.651 4.032 3.530 3.459
0.0152 0.01508 7.32600 0.9961975217 2.4721159828    0.996 -0.170  3.7122  4.407    0  0.000  0.538     0.00     0.00     0.00     0.00     0.00 -1 -5.31e-14      0.00 7.092e-01 2.755e-01 2.709e-03 7.398e-04 6.720e-03 -1.000 1.527e-02 5.195 6.973 6.295 5.418 4.874 4.461 3.886 3.422 3.357
0.0152 0.01508 7.32600 1.0000000000 2.4729154477    1.000 -0.159  3.7141  4.405    0  0.000  0.538     0.00     0.00     0.00     0.00     0.00 -1 -5.45e-14      0.00 7.092e-01 2.755e-01 2.709e-03 7.398e-04 6.720e-03 -1.000 1.527e-02 5.167 6.910 6.251 5.382 4.844 4.434 3.865 3.406 3.342
0.0152 0.01508 7.32600 1.0049380064 2.4739432782    1.005 -0.144  3.7165  4.402    0  0.000  0.538     0.00     0.00     0.00     0.00     0.00 -1  -5.6e-14      0.00 7.092e-01 2.755e-01 2.709e-03 7.398e-04 6.720e-03 -1.000 1.527e-02 5.130 6.829 6.194 5.334 4.804 4.398 3.837 3.385 3.322
0.0152 0.01508 7.32600 1.0263404846 2.4782669627    1.026 -0.079  3.7272  4.389    0  0.000  0.538     0.00     0.00     0.00     0.00     0.00 -1 -6.34e-14      0.00 7.092e-01 2.755e-01 2.709e-03 7.398e-04 6.720e-03 -1.000 1.527e-02 4.966 6.479 5.947 5.128 4.628 4.240 3.713 3.290 3.231
0.0152 0.01508 7.32600 1.0465784073 2.4821688768    1.046 -0.014  3.7375  4.374    0  0.000  0.538     0.00     0.00     0.00     0.00     0.00 -1 -7.19e-14      0.00 7.092e-01 2.755e-01 2.709e-03 7.398e-04 6.720e-03 -1.000 1.527e-02 4.805 6.147 5.708 4.930 4.459 4.088 3.593 3.196 3.141
0.0152 0.01508 7.32600 1.0499999523 2.4828114860    1.050 -0.003  3.7393  4.371    0  0.000  0.538     0.00     0.00     0.00     0.00     0.00 -1 -7.35e-14      0.00 7.092e-01 2.755e-01 2.709e-03 7.398e-04 6.720e-03 -1.000 1.527e-02 4.777 6.091 5.667 4.896 4.430 4.062 3.572 3.180 3.126
0.0152 0.01508 7.32600 1.0612659454 2.4848937466    1.061  0.034  3.7450  4.361    0  0.000  0.538     0.00     0.00     0.00     0.00     0.00 -1 -7.91e-14      0.00 7.092e-01 2.755e-01 2.709e-03 7.398e-04 6.720e-03 -1.000 1.527e-02 4.684 5.902 5.534 4.786 4.336 3.977 3.504 3.125 3.074
0.0152 0.01508 7.32600 1.0862673521 2.4893377650    1.086  0.118  3.7575  4.338    0  0.000  0.538     0.00     0.00     0.00     0.00     0.00 -1 -9.35e-14      0.00 7.092e-01 2.755e-01 2.709e-03 7.398e-04 6.719e-03 -1.000 1.527e-02 4.475 5.494 5.242 4.545 4.129 3.790 3.351 3.001 2.956
0.0152 0.01508 7.32600 1.1000000238 2.4916801480    1.099  0.163  3.7643  4.325    0  0.000  0.538     0.00     0.00     0.00     0.00     0.00 -1 -1.02e-13      0.00 7.092e-01 2.755e-01 2.709e-03 7.398e-04 6.719e-03 -1.000 1.527e-02 4.362 5.285 5.085 4.417 4.018 3.690 3.269 2.935 2.893
0.0152 0.01508 7.32600 1.1199928522 2.4949725198    1.119  0.228  3.7739  4.307    0  0.000  0.538     0.00     0.00     0.00     0.00     0.00 -1 -1.16e-13      0.00 7.092e-01 2.755e-01 2.709e-03 7.398e-04 6.719e-03 -1.000 1.527e-02 4.201 4.998 4.865 4.239 3.863 3.551 3.156 2.843 2.805
0.0152 0.01508 7.32600 1.1352471113 2.4973950636    1.135  0.272  3.7809  4.297    0  0.000  0.538     0.00     0.00     0.00     0.00     0.00 -1 -1.26e-13      0.00 7.092e-01 2.755e-01 2.709e-03 7.398e-04 6.719e-03 -1.000 1.527e-02 4.091 4.803 4.713 4.118 3.759 3.458 3.081 2.784 2.749
0.0152 0.01508 7.32600 1.1499999762 2.4996678137    1.149  0.297  3.7862  4.299    0  0.000  0.538     0.00     0.00     0.00     0.00     0.00 -1 -1.29e-13      0.00 7.092e-01 2.755e-01 2.709e-03 7.398e-04 6.719e-03 -1.000 1.527e-02 4.028 4.686 4.622 4.049 3.702 3.409 3.045 2.758 2.725
0.0152 0.01508 7.32600 1.1583338976 2.5009223073    1.158  0.309  3.7891  4.301    0  0.000  0.538     0.00     0.00     0.00     0.00     0.00 -1 -1.31e-13      0.00 7.092e-01 2.755e-01 2.709e-03 7.398e-04 6.719e-03 -1.000 1.527e-02 3.997 4.625 4.575 4.014 3.674 3.385 3.028 2.747 2.715
0.0152 0.01508 7.32600 1.1963553429 2.5063915012    1.196  0.337  3.7996  4.329    0  0.000  0.538     0.00     0.00     0.00     0.00     0.00 -1 -1.24e-13      0.00 7.092e-01 2.755e-01 2.709e-03 7.397e-04 6.719e-03 -1.000 1.527e-02 3.928 4.458 4.452 3.935 3.618 3.346 3.014 2.753 2.726
0.0152 0.01508 7.32600 1.2000000477 2.5068948796    1.200  0.337  3.8002  4.333    0  0.000  0.538     0.00     0.00     0.00     0.00     0.00 -1 -1.23e-13      0.00 7.092e-01 2.755e-01 2.709e-03 7.397e-04 6.719e-03 -1.000 1.527e-02 3.928 4.453 4.450 3.935 3.619 3.348 3.018 2.758 2.731
0.0152 0.01508 7.32600 1.2183496952 2.5093766644    1.218  0.332  3.8031  4.356    0  0.000  0.538     0.00     0.00     0.00     0.00     0.00 -1 -1.13e-13      0.00 7.092e-01 2.755e-01 2.709e-03 7.397e-04 6.718e-03 -1.000 1.527e-02 3.940 4.441 4.449 3.945 3.635 3.368 3.044 2.790 2.764
0.0152 0.01508 7.32600 1.2365385294 2.5117532901    1.236  0.327  3.8044  4.373    0  0.000  0.538     0.00     0.00     0.00     0.00     0.00 -1 -1.04e-13      0.00 7.093e-01 2.755e-01 2.709e-03 7.397e-04 6.718e-03 -1.000 1.527e-02 3.952 4.442 4.456 3.957 3.650 3.385 3.064 2.812 2.787
0.0152 0.01508 7.32600 1.2500000000 2.5134610955    1.250  0.331  3.8054  4.377    0  0.000  0.538     0.00     0.00     0.00     0.00     0.00 -1 -1.01e-13      0.00 7.093e-01 2.755e-01 2.709e-03 7.397e-04 6.718e-03 -1.000 1.527e-02 3.941 4.423 4.440 3.945 3.640 3.377 3.058 2.808 2.783
0.0152 0.01508 7.32600 1.2676724195 2.5156399267    1.268  0.337  3.8065  4.383    0  0.000  0.538     0.00     0.00     0.00     0.00     0.00 -1  -9.7e-14      0.00 7.093e-01 2.755e-01 2.709e-03 7.397e-04 6.718e-03 -1.000 1.526e-02 3.929 4.402 4.422 3.932 3.629 3.367 3.052 2.803 2.779
0.0152 0.01508 7.32600 1.2892500162 2.5182073091    1.289  0.351  3.8082  4.382    0  0.000  0.538     0.00     0.00     0.00     0.00     0.00 -1 -9.44e-14      0.00 7.093e-01 2.754e-01 2.709e-03 7.396e-04 6.718e-03 -1.000 1.527e-02 3.892 4.351 4.377 3.894 3.594 3.335 3.024 2.778 2.755
0.0152 0.01508 7.32600 1.2999999523 2.5194498592    1.300  0.370  3.8100  4.374    0  0.000  0.538     0.00     0.00     0.00     0.00     0.00 -1 -9.64e-14      0.00 7.093e-01 2.754e-01 2.709e-03 7.396e-04 6.718e-03 -1.000 1.527e-02 3.846 4.292 4.322 3.847 3.551 3.295 2.987 2.745 2.722
0.0152 0.01508 7.32600 1.3246089220 2.5222072092    1.325  0.412  3.8141  4.356    0  0.000  0.538     0.00     0.00     0.00     0.00     0.00 -1    -1e-13      0.00 7.093e-01 2.754e-01 2.709e-03 7.396e-04 6.718e-03 -1.000 1.527e-02 3.739 4.161 4.197 3.737 3.450 3.201 2.903 2.669 2.647
0.0152 0.01508 7.32600 1.3500001431 2.5249313723    1.350  0.456  3.8187  4.339    0  0.000  0.538     0.00     0.00     0.00     0.00     0.00 -1 -1.04e-13      0.00 7.093e-01 2.754e-01 2.708e-03 7.396e-04 6.717e-03 -1.000 1.527e-02 3.630 4.027 4.067 3.624 3.346 3.104 2.817 2.593 2.572
0.0152 0.01508 7.32600 1.4000000954 2.5299650415    1.400  0.546  3.8293  4.307    0  0.000  0.538     0.00     0.00     0.00     0.00     0.00 -1 -1.12e-13      0.00 7.093e-01 2.754e-01 2.708e-03 7.396e-04 6.717e-03 -1.000 1.527e-02 3.405 3.752 3.797 3.391 3.134 2.909 2.647 2.444 2.425
0.0152 0.01508 7.32600 1.4323908091 2.5330111036    1.433  0.603  3.8374  4.293    0  0.000  0.538     0.00     0.00     0.00     0.00     0.00 -1 -1.14e-13      0.00 7.093e-01 2.754e-01 2.708e-03 7.395e-04 6.717e-03 -1.000 1.527e-02 3.263 3.583 3.625 3.245 3.003 2.793 2.548 2.361 2.344
0.0152 0.01508 7.32600 1.4500000477 2.5346015836    1.450  0.631  3.8418  4.288    0  0.000  0.538     0.00     0.00     0.00     0.00     0.00 -1 -1.14e-13      0.00 7.093e-01 2.754e-01 2.708e-03 7.395e-04 6.717e-03 -1.000 1.527e-02 3.193 3.499 3.539 3.173 2.939 2.736 2.502 2.323 2.306
0.0152 0.01508 7.32600 1.4784380198 2.5370783569    1.479  0.677  3.8507  4.286    0  0.000  0.538     0.00     0.00     0.00     0.00     0.00 -1 -1.11e-13      0.00 7.093e-01 2.754e-01 2.708e-03 7.395e-04 6.717e-03 -1.000 1.526e-02 3.078 3.358 3.393 3.053 2.837 2.649 2.435 2.273 2.257
0.0152 0.01508 7.32600 1.5000000000 2.5388844597    1.500  0.708  3.8572  4.287    0  0.000  0.538     0.00     0.00     0.00     0.00     0.00 -1 -1.08e-13      0.00 7.093e-01 2.754e-01 2.708e-03 7.395e-04 6.716e-03 -1.000 1.526e-02 2.999 3.263 3.292 2.971 2.767 2.591 2.391 2.241 2.226
0.0152 0.01508 7.32600 1.5106441975 2.5397542244    1.511  0.724  3.8613  4.290    0  0.000  0.538     0.00     0.00     0.00     0.00     0.00 -1 -1.04e-13      0.00 7.093e-01 2.754e-01 2.708e-03 7.395e-04 6.716e-03 -1.000 1.526e-02 2.959 3.214 3.240 2.930 2.734 2.565 2.374 2.232 2.217
0.0152 0.01508 7.32600 1.5499999523 2.5428511323    1.550  0.773  3.8744  4.305    0  0.000  0.538     0.00     0.00     0.00     0.00     0.00 -1 -9.07e-14      0.00 7.093e-01 2.754e-01 2.708e-03 7.395e-04 6.716e-03 -1.000 1.527e-02 2.837 3.069 3.081 2.804 2.634 2.489 2.325 2.206 2.193
0.0152 0.01508 7.32600 1.5872539282 2.5456205254    1.587  0.814  3.8868  4.324    0  0.000  0.538     0.00     0.00     0.00     0.00     0.00 -1 -7.12e-14      0.00 7.094e-01 2.753e-01 2.708e-03 7.394e-04 6.716e-03 -1.000 1.527e-02 2.736 2.950 2.948 2.702 2.557 2.433 2.294 2.197 2.185
0.0152 0.01508 7.32600 1.6000000238 2.5465340628    1.600  0.829  3.8902  4.326    0  0.000  0.538     0.00     0.00     0.00     0.00     0.00 -1 -6.63e-14      0.00 7.094e-01 2.753e-01 2.708e-03 7.394e-04 6.715e-03 -1.000 1.527e-02 2.698 2.907 2.902 2.664 2.525 2.408 2.276 2.184 2.172
0.0152 0.01508 7.32600 1.6500000954 2.5499614852    1.649  0.886  3.9027  4.332    0  0.000  0.538     0.00     0.00     0.00     0.00     0.00 -1 -3.69e-14      0.00 7.094e-01 2.753e-01 2.708e-03 7.394e-04 6.715e-03 -1.000 1.527e-02 2.555 2.752 2.731 2.526 2.411 2.316 2.208 2.135 2.125
0.0152 0.01508 7.32600 1.7000000477 2.5531580802    1.699  0.941  3.9147  4.338    0  0.000  0.538     0.00     0.00     0.00     0.00     0.00 -1    -1e-30      0.00 7.094e-01 2.753e-01 2.708e-03 7.393e-04 6.715e-03 -1.000 1.527e-02 2.416 2.602 2.569 2.395 2.304 2.229 2.142 2.087 2.077
0.0152 0.01508 7.32600 1.7500000000 2.5561455243    1.749  0.995  3.9261  4.342    0  0.000  0.538     0.00     0.00     0.00     0.00     0.00 -1    -1e-30      0.00 7.094e-01 2.753e-01 2.707e-03 7.393e-04 6.715e-03 -1.000 1.527e-02 2.283 2.459 2.417 2.275 2.205 2.148 2.080 2.039 2.030
0.0152 0.01508 7.32600 1.7999999523 2.5589429085    1.799  1.047  3.9369  4.346    0  0.000  0.538     0.00     0.00     0.00     0.00     0.00 -1    -1e-30      0.00 7.094e-01 2.753e-01 2.707e-03 7.393e-04 6.715e-03 -1.000 1.526e-02 2.153 2.321 2.279 2.166 2.113 2.071 2.021 1.990 1.983
0.0152 0.01508 7.32600 1.8500000238 2.5615671203    1.849  1.095  3.9469  4.349    0  0.000  0.538     0.00     0.00     0.00     0.00     0.00 -1    -1e-30      0.00 7.095e-01 2.753e-01 2.707e-03 7.393e-04 6.714e-03 -1.000 1.526e-02 2.032 2.192 2.159 2.069 2.031 2.001 1.965 1.944 1.938
0.0152 0.01508 7.32600 1.9000000954 2.5640331317    1.899  1.143  3.9566  4.352    0  0.000  0.538     0.00     0.00     0.00     0.00     0.00 -1    -1e-30      0.00 7.095e-01 2.753e-01 2.707e-03 7.392e-04 6.714e-03 -1.000 1.526e-02 1.913 2.066 2.047 1.978 1.951 1.932 1.910 1.896 1.892
0.0152 0.01508 7.32600 1.9500001669 2.5663542767    1.950  1.189  3.9659  4.354    0  0.000  0.538     0.00     0.00     0.00     0.00     0.00 -1    -1e-30      0.00 7.095e-01 2.752e-01 2.707e-03 7.392e-04 6.714e-03 -1.000 1.526e-02 1.797 1.946 1.945 1.894 1.877 1.867 1.857 1.850 1.847
0.0152 0.01508 7.32600 2.0000000000 2.5685424513    2.000  1.234  3.9747  4.356    0  0.000  0.538     0.00     0.00     0.00     0.00     0.00 -1    -1e-30      0.00 7.095e-01 2.752e-01 2.707e-03 7.392e-04 6.713e-03 -1.000 1.527e-02 1.685 1.834 1.851 1.816 1.807 1.805 1.806 1.804 1.803
0.0152 0.01508 7.32600 2.0499999523 2.5706083333    2.050  1.277  3.9831  4.357    0  0.000  0.538     0.00     0.00     0.00     0.00     0.00 -1    -1e-30      0.00 7.095e-01 2.752e-01 2.707e-03 7.391e-04 6.713e-03 -1.000 1.526e-02 1.577 1.727 1.764 1.743 1.740 1.745 1.756 1.759 1.760
0.0152 0.01508 7.32600 2.0999999046 2.5725614918    2.099  1.319  3.9912  4.357    0  0.000  0.538     0.00     0.00     0.00     0.00     0.00 -1    -1e-30      0.00 7.095e-01 2.752e-01 2.707e-03 7.391e-04 6.713e-03 -1.000 1.525e-02 1.472 1.624 1.681 1.673 1.676 1.686 1.707 1.713 1.716
0.0152 0.01508 7.32600 2.1500000954 2.5744105556    2.149  1.360  3.9990  4.358    0  0.000  0.538     0.00     0.00     0.00     0.00     0.00 -1    -1e-30      0.00 7.096e-01 2.752e-01 2.707e-03 7.391e-04 6.713e-03 -1.000 1.525e-02 1.369 1.525 1.603 1.606 1.614 1.629 1.659 1.668 1.674
0.0152 0.01508 7.32600 2.2000000477 2.5761632879    2.199  1.400  4.0066  4.358    0  0.000  0.538     0.00     0.00     0.00     0.00     0.00 -1    -1e-30      0.00 7.096e-01 2.752e-01 2.707e-03 7.390e-04 6.713e-03 -1.000 1.527e-02 1.269 1.429 1.528 1.541 1.553 1.573 1.611 1.623 1.631
0.0152 0.01508 7.32600 2.2500000000 2.5778267375    2.249  1.439  4.0140  4.359    1  0.000  0.538     0.00     0.00     0.00     0.00     0.00 -1    -1e-30      0.00 7.096e-01 2.752e-01 2.707e-03 7.390e-04 6.712e-03 -1.000 1.527e-02 1.172 1.336 1.457 1.480 1.495 1.519 1.566 1.581 1.590
0.0152 0.01508 7.32600 2.2999999523 2.5794072884    2.299  1.477  4.0210  4.358    1  0.000  0.538     0.00     0.00     0.00     0.00     0.00 -1    -1e-30      0.00 7.096e-01 2.752e-01 2.707e-03 7.390e-04 6.712e-03 -1.000 1.527e-02 1.077 1.247 1.389 1.420 1.438 1.466 1.520 1.537 1.549
0.0152 0.01508 7.32600 2.4000000954 2.5823423892    2.399  1.550  4.0342  4.357    0  0.000  0.538     0.00     0.00     0.00     0.00     0.00 -1    -1e-30      0.00 7.096e-01 2.752e-01 2.707e-03 7.390e-04 6.712e-03 -1.000 1.525e-02 0.895 1.076 1.259 1.304 1.327 1.361 1.429 1.451 1.466
0.0152 0.01508 7.32600 2.5999999046 2.5874412955    2.600  1.686  4.0584  4.353    0  0.000  0.538     0.00     0.00     0.00     0.00     0.00 -1    -1e-30      0.00 7.092e-01 2.755e-01 2.710e-03 7.399e-04 6.720e-03 -1.000 1.527e-02 0.556 0.764 1.023 1.089 1.120 1.164 1.257 1.286 1.308
0.0152 0.01508 7.32600 2.8000001907 2.5917117867    2.800  1.811  4.0800  4.346    1  0.000  0.538     0.00     0.00     0.00     0.00     0.00 -1    -1e-30      0.00 7.092e-01 2.755e-01 2.710e-03 7.399e-04 6.720e-03 -1.000 1.527e-02 0.242 0.482 0.809 0.890 0.926 0.978 1.091 1.126 1.154
0.0152 0.01508 7.32600 3.0000000000 2.5953341962    3.000  1.927  4.0995  4.338    1  0.000  0.538     0.00     0.00     0.00     0.00     0.00 -1    -1e-30      0.00 7.092e-01 2.755e-01 2.710e-03 7.399e-04 6.720e-03 -1.000 1.527e-02 -0.048 0.227 0.613 0.706 0.746 0.804 0.936 0.975 1.007
0.0152 0.01508 7.32600 3.2000000477 2.5984409005    3.199  2.035  4.1174  4.329    1  0.000  0.538     0.00     0.00     0.00     0.00     0.00 -1    -1e-30      0.00 7.092e-01 2.755e-01 2.710e-03 7.399e-04 6.720e-03 -1.000 1.527e-02 -0.319 -0.004 0.432 0.535 0.579 0.643 0.789 0.833 0.868
0.0152 0.01508 7.32600 3.4000000954 2.6011310876    3.398  2.137  4.1340  4.320    1  0.000  0.538     0.00     0.00     0.00     0.00     0.00 -1    -1e-30      0.00 7.092e-01 2.755e-01 2.710e-03 7.399e-04 6.720e-03 -1.000 1.527e-02 -0.573 -0.216 0.263 0.375 0.422 0.492 0.651 0.699 0.737
0.0152 0.01508 7.32600 3.6000001431 2.6034804607    3.598  2.233  4.1493  4.310    1  0.000  0.538     0.00     0.00     0.00     0.00     0.00 -1    -1e-30      0.00 7.092e-01 2.755e-01 2.710e-03 7.399e-04 6.720e-03 -1.000 1.527e-02 -0.812 -0.415 0.104 0.224 0.274 0.348 0.520 0.571 0.611
0.0152 0.01508 7.32600 3.7829546928 2.6053813198    3.781  2.316  4.1624  4.302    1  0.000  0.538     0.00     0.00     0.00     0.00     0.00 -1    -1e-30      0.00 7.092e-01 2.755e-01 2.710e-03 7.399e-04 6.720e-03 -1.000 1.527e-02 -1.019 -0.582 -0.033 0.094 0.147 0.225 0.406 0.460 0.503
0.0152 0.01508 7.32600 3.8000001907 2.6055477311    3.798  2.323  4.1636  4.301    1  0.000  0.538     0.00     0.00     0.00     0.00     0.00 -1    -1e-30      0.00 7.092e-01 2.755e-01 2.710e-03 7.399e-04 6.720e-03 -1.000 1.527e-02 -1.038 -0.597 -0.046 0.082 0.136 0.214 0.396 0.450 0.493
0.0152 0.01508 7.32600 4.0000000000 2.6073790840    4.001  2.408  4.1769  4.291    1  0.000  0.538     0.00     0.00     0.00     0.00     0.00 -1    -1e-30      0.00 7.092e-01 2.755e-01 2.710e-03 7.399e-04 6.720e-03 -1.000 1.527e-02 -1.251 -0.769 -0.188 -0.054 0.003 0.086 0.277 0.334 0.379
0.0152 0.01508 7.32600 4.1516590118 2.6086333549    4.150  2.471  4.1865  4.284    1  0.000  0.538     0.00     0.00     0.00     0.00     0.00 -1    -1e-30      0.00 7.092e-01 2.755e-01 2.710e-03 7.399e-04 6.720e-03 -1.000 1.527e-02 -1.407 -0.892 -0.291 -0.152 -0.093 -0.008 0.191 0.249 0.297
0.0152 0.01508 7.32600 4.1999998093 2.6090113217    4.198  2.490  4.1896  4.281    1  0.000  0.538     0.00     0.00     0.00     0.00     0.00 -1    -1e-30      0.00 7.092e-01 2.755e-01 2.710e-03 7.399e-04 6.720e-03 -1.000 1.527e-02 -1.455 -0.931 -0.323 -0.183 -0.123 -0.037 0.164 0.223 0.271
0.0152 0.01508 7.32600 4.4000000954 2.6104741055    4.397  2.568  4.2015  4.271    1  0.000  0.538     0.00     0.00     0.00     0.00     0.00 -1    -1e-30      0.00 7.092e-01 2.755e-01 2.710e-03 7.399e-04 6.720e-03 -1.000 1.527e-02 -1.650 -1.085 -0.453 -0.306 -0.244 -0.154 0.054 0.116 0.166
0.0152 0.01508 7.32600 4.5030865669 2.6111699796    4.500  2.607  4.2073  4.266    1  0.000  0.538     0.00     0.00     0.00     0.00     0.00 -1    -1e-30      0.00 7.092e-01 2.755e-01 2.710e-03 7.399e-04 6.720e-03 -1.000 1.527e-02 -1.747 -1.161 -0.518 -0.368 -0.304 -0.213 -0.000 0.062 0.114
0.0152 0.01508 7.32600 4.5999999046 2.6117915791    4.597  2.642  4.2128  4.261    1  0.000  0.538     0.00     0.00     0.00     0.00     0.00 -1    -1e-30      0.00 7.092e-01 2.755e-01 2.710e-03 7.399e-04 6.720e-03 -1.000 1.527e-02 -1.836 -1.232 -0.578 -0.425 -0.360 -0.267 -0.051 0.013 0.065
0.0152 0.01508 7.32600 4.8000001907 2.6129836005    4.798  2.714  4.2234  4.251    1  0.000  0.538     0.00     0.00     0.00     0.00     0.00 -1    -1e-30      0.00 7.092e-01 2.755e-01 2.710e-03 7.399e-04 6.720e-03 -1.000 1.527e-02 -2.015 -1.372 -0.698 -0.540 -0.472 -0.376 -0.153 -0.087 -0.033
0.0152 0.01508 7.32600 4.8850984573 2.6134568853    4.884  2.743  4.2277  4.246    1  0.000  0.538     0.00     0.00     0.00     0.00     0.00 -1    -1e-30      0.00 7.092e-01 2.755e-01 2.710e-03 7.399e-04 6.720e-03 -1.000 1.527e-02 -2.088 -1.431 -0.748 -0.588 -0.519 -0.421 -0.195 -0.128 -0.074
0.0152 0.01508 7.32600 5.0000000000 2.6140666223    4.999  2.782  4.2335  4.240    1  0.000  0.538     0.00     0.00     0.00     0.00     0.00 -1    -1e-30      0.00 7.092e-01 2.755e-01 2.710e-03 7.399e-04 6.720e-03 -1.000 1.527e-02 -2.186 -1.508 -0.815 -0.652 -0.581 -0.481 -0.252 -0.184 -0.128
0.0152 0.01508 7.32600 5.1658482552 2.6148919484    5.166  2.837  4.2415  4.231    1  0.000  0.538     0.00     0.00     0.00     0.00     0.00 -1    -1e-30      0.00 7.092e-01 2.755e-01 2.710e-03 7.399e-04 6.720e-03 -1.000 1.527e-02 -2.324 -1.617 -0.909 -0.742 -0.669 -0.567 -0.333 -0.263 -0.206
0.0152 0.01508 7.32600 5.1999998093 2.6150544000    5.200  2.849  4.2431  4.230    1  0.000  0.538     0.00     0.00     0.00     0.00     0.00 -1    -1e-30      0.00 7.092e-01 2.755e-01 2.710e-03 7.399e-04 6.720e-03 -1.000 1.527e-02 -2.352 -1.639 -0.928 -0.760 -0.687 -0.585 -0.349 -0.279 -0.222
0.0152 0.01508 7.32600 5.3999996185 2.6159585084    5.401  2.913  4.2523  4.219    1  0.000  0.538     0.00     0.00     0.00     0.00     0.00 -1    -1e-30      0.00 7.092e-01 2.755e-01 2.710e-03 7.399e-04 6.720e-03 -1.000 1.527e-02 -2.512 -1.766 -1.038 -0.866 -0.790 -0.685 -0.444 -0.372 -0.313
0.0152 0.01508 7.32600 5.4552955627 2.6161950625    5.456  2.930  4.2547  4.216    1  0.000  0.538     0.00     0.00     0.00     0.00     0.00 -1    -1e-30      0.00 7.092e-01 2.755e-01 2.710e-03 7.399e-04 6.720e-03 -1.000 1.527e-02 -2.555 -1.800 -1.068 -0.895 -0.819 -0.713 -0.470 -0.397 -0.338
0.0152 0.01508 7.32600 5.5999994278 2.6167887546    5.601  2.975  4.2610  4.208    1  0.000  0.538     0.00     0.00     0.00     0.00     0.00 -1    -1e-30      0.00 7.092e-01 2.755e-01 2.710e-03 7.399e-04 6.720e-03 -1.000 1.527e-02 -2.667 -1.889 -1.146 -0.969 -0.891 -0.784 -0.537 -0.463 -0.402
0.0152 0.01508 7.32600 5.6271734238 2.6168963351    5.628  2.983  4.2621  4.206    1  0.000  0.538     0.00     0.00     0.00     0.00     0.00 -1    -1e-30      0.00 7.092e-01 2.755e-01 2.710e-03 7.399e-04 6.720e-03 -1.000 1.527e-02 -2.687 -1.905 -1.160 -0.983 -0.905 -0.797 -0.549 -0.475 -0.414
0.0152 0.01508 7.32600 5.8000001907 2.6175535027    5.801  3.035  4.2692  4.196    1  0.000  0.538     0.00     0.00     0.00     0.00     0.00 -1    -1e-30      0.00 7.092e-01 2.755e-01 2.710e-03 7.399e-04 6.720e-03 -1.000 1.527e-02 -2.817 -2.009 -1.252 -1.071 -0.991 -0.880 -0.628 -0.553 -0.491
0.0152 0.01508 7.32600 6.0000000000 2.6182599138    6.000  3.093  4.2771  4.183    1  0.000  0.538     0.00     0.00     0.00     0.00     0.00 -1    -1e-30      0.00 7.092e-01 2.755e-01 2.710e-03 7.399e-04 6.720e-03 -1.000 1.527e-02 -2.963 -2.127 -1.356 -1.171 -1.089 -0.976 -0.719 -0.642 -0.579
0.0152 0.01508 7.32600 6.0382690430 2.6183889628    6.038  3.104  4.2785  4.181    1  0.000  0.538     0.00     0.00     0.00     0.00     0.00 -1    -1e-30      0.00 7.092e-01 2.755e-01 2.710e-03 7.399e-04 6.720e-03 -1.000 1.527e-02 -2.991 -2.150 -1.376 -1.190 -1.108 -0.995 -0.737 -0.660 -0.596
0.0152 0.01508 7.32600 6.1999998093 2.6189141709    6.200  3.151  4.2845  4.170    1  0.000  0.538     0.00     0.00     0.00     0.00     0.00 -1    -1e-30      0.00 7.092e-01 2.755e-01 2.710e-03 7.399e-04 6.720e-03 -1.000 1.527e-02 -3.106 -2.244 -1.460 -1.271 -1.188 -1.072 -0.811 -0.732 -0.667
0.0152 0.01508 7.32600 6.2683134079 2.6191266737    6.268  3.170  4.2869  4.165    1  0.000  0.538     0.00     0.00     0.00     0.00     0.00 -1    -1e-30      0.00 7.092e-01 2.755e-01 2.710e-03 7.399e-04 6.720e-03 -1.000 1.527e-02 -3.154 -2.283 -1.494 -1.305 -1.221 -1.104 -0.841 -0.762 -0.697
0.0152 0.01508 7.32600 6.4000000954 2.6195216279    6.399  3.206  4.2916  4.156    1  0.000  0.538     0.00     0.00     0.00     0.00     0.00 -1    -1e-30      0.00 7.092e-01 2.755e-01 2.710e-03 7.399e-04 6.720e-03 -1.000 1.527e-02 -3.246 -2.358 -1.561 -1.370 -1.284 -1.167 -0.900 -0.821 -0.754
0.0152 0.01508 7.32600 6.6085996628 2.6201103674    6.606  3.263  4.2985  4.141    1  0.000  0.538     0.00     0.00     0.00     0.00     0.00 -1    -1e-30      0.00 7.092e-01 2.755e-01 2.710e-03 7.399e-04 6.720e-03 -1.000 1.527e-02 -3.387 -2.474 -1.665 -1.470 -1.383 -1.263 -0.993 -0.911 -0.844
0.0152 0.01508 7.32600 6.9157791138 2.6209034247    6.912  3.344  4.3082  4.118    1  0.000  0.538     0.00     0.00     0.00     0.00     0.00 -1    -1e-30      0.00 7.092e-01 2.755e-01 2.710e-03 7.399e-04 6.720e-03 -1.000 1.527e-02 -3.590 -2.644 -1.818 -1.618 -1.529 -1.406 -1.129 -1.046 -0.976
0.0152 0.01508 7.32600 7.0000000000 2.6211069280    6.996  3.366  4.3107  4.112    1  0.000  0.538     0.00     0.00     0.00     0.00     0.00 -1    -1e-30      0.00 7.092e-01 2.755e-01 2.710e-03 7.399e-04 6.720e-03 -1.000 1.527e-02 -3.645 -2.690 -1.860 -1.659 -1.569 -1.445 -1.167 -1.083 -1.013
0.0152 0.01508 7.32600 7.2045283318 2.6215784310    7.202  3.418  4.3165  4.096    1  0.000  0.538     0.00     0.00     0.00     0.00     0.00 -1    -1e-30      0.00 7.092e-01 2.755e-01 2.710e-03 7.399e-04 6.720e-03 -1.000 1.527e-02 -3.774 -2.799 -1.958 -1.755 -1.664 -1.538 -1.256 -1.171 -1.100
0.0152 0.01508 7.32600 7.4732422829 2.6221530168    7.471  3.485  4.3234  4.073    1  0.000  0.538     0.00     0.00     0.00     0.00     0.00 -1    -1e-30      0.00 7.092e-01 2.755e-01 2.710e-03 7.399e-04 6.720e-03 -1.000 1.527e-02 -3.942 -2.942 -2.090 -1.883 -1.790 -1.662 -1.376 -1.289 -1.217
0.0152 0.01508 7.32600 7.6900691986 2.6225831450    7.690  3.539  4.3285  4.051    1  0.000  0.538     0.00     0.00     0.00     0.00     0.00 -1    -1e-30      0.00 7.092e-01 2.755e-01 2.710e-03 7.399e-04 6.720e-03 -1.000 1.527e-02 -4.077 -3.060 -2.199 -1.990 -1.896 -1.766 -1.477 -1.389 -1.315
0.0152 0.01508 7.32600 7.9189381599 2.6230079021    7.920  3.595  4.3334  4.027    1  0.000  0.538     0.00     0.00     0.00     0.00     0.00 -1    -1e-30      0.00 7.092e-01 2.755e-01 2.710e-03 7.399e-04 6.720e-03 -1.000 1.527e-02 -4.218 -3.186 -2.315 -2.104 -2.009 -1.878 -1.586 -1.497 -1.422
0.0152 0.01508 7.32600 8.0000000000 2.6231516585    8.001  3.615  4.3350  4.018    1  0.000  0.538     0.00     0.00     0.00     0.00     0.00 -1    -1e-30      0.00 7.092e-01 2.755e-01 2.710e-03 7.399e-04 6.720e-03 -1.000 1.527e-02 -4.268 -3.230 -2.357 -2.145 -2.049 -1.918 -1.625 -1.535 -1.460
0.0152 0.01508 7.32600 8.0326261520 2.6232085773    8.033  3.623  4.3357  4.015    1  0.000  0.538     0.00     0.00     0.00     0.00     0.00 -1    -1e-30      0.00 7.092e-01 2.755e-01 2.710e-03 7.399e-04 6.720e-03 -1.000 1.527e-02 -4.287 -3.248 -2.373 -2.161 -2.065 -1.934 -1.640 -1.550 -1.475
0.0152 0.01508 7.32600 8.2729949951 2.6236120559    8.272  3.680  4.3398  3.987    1  0.000  0.538     0.00     0.00     0.00     0.00     0.00 -1    -1e-30      0.00 7.092e-01 2.755e-01 2.710e-03 7.399e-04 6.720e-03 -1.000 1.527e-02 -4.429 -3.377 -2.494 -2.280 -2.184 -2.051 -1.755 -1.664 -1.588
0.0152 0.01508 7.32600 8.4716329575 2.6239256910    8.469  3.727  4.3428  3.962    1  0.000  0.538     0.00     0.00     0.00     0.00     0.00 -1    -1e-30      0.00 7.092e-01 2.755e-01 2.710e-03 7.399e-04 6.720e-03 -1.000 1.527e-02 -4.546 -3.486 -2.597 -2.382 -2.285 -2.152 -1.853 -1.762 -1.685
0.0152 0.01508 7.32600 8.6566057205 2.6242029153    8.653  3.771  4.3448  3.936    1  0.000  0.538     0.00     0.00     0.00     0.00     0.00 -1    -1e-30      0.00 7.092e-01 2.755e-01 2.710e-03 7.399e-04 6.720e-03 -1.000 1.527e-02 -4.657 -3.592 -2.698 -2.482 -2.385 -2.251 -1.951 -1.859 -1.782
0.0152 0.01508 7.32600 8.9115562439 2.6245634108    8.906  3.832  4.3468  3.895    1  0.000  0.538     0.00     0.00     0.00     0.00     0.00 -1    -1e-30      0.00 7.092e-01 2.755e-01 2.710e-03 7.399e-04 6.720e-03 -1.000 1.527e-02 -4.809 -3.742 -2.843 -2.626 -2.528 -2.394 -2.092 -2.000 -1.922
0.0152 0.01508 7.32600 9.0000000000 2.6246829947    8.995  3.853  4.3472  3.880    1  0.000  0.538     0.00     0.00     0.00     0.00     0.00 -1    -1e-30      0.00 7.092e-01 2.755e-01 2.710e-03 7.399e-04 6.720e-03 -1.000 1.527e-02 -4.862 -3.795 -2.894 -2.677 -2.579 -2.445 -2.143 -2.050 -1.972
0.0152 0.01508 7.32600 9.0197763443 2.6247093654    9.015  3.857  4.3473  3.877    1  0.000  0.538     0.00     0.00     0.00     0.00     0.00 -1    -1e-30      0.00 7.092e-01 2.755e-01 2.710e-03 7.399e-04 6.720e-03 -1.000 1.527e-02 -4.873 -3.806 -2.905 -2.688 -2.590 -2.456 -2.154 -2.061 -1.983
0.0152 0.01508 7.32600 9.2510814667 2.6250081970    9.246  3.911  4.3476  3.836    1  0.000  0.538     0.00     0.00     0.00     0.00     0.00 -1    -1e-30      0.00 7.092e-01 2.755e-01 2.710e-03 7.399e-04 6.720e-03 -1.000 1.527e-02 -5.007 -3.944 -3.040 -2.822 -2.725 -2.590 -2.288 -2.195 -2.117
0.0152 0.01508 7.32600 9.4454107285 2.6252462908    9.441  3.957  4.3466  3.795    1  0.000  0.538     0.00     0.00     0.00     0.00     0.00 -1    -1e-30      0.00 7.092e-01 2.755e-01 2.710e-03 7.399e-04 6.720e-03 -1.000 1.527e-02 -5.122 -4.067 -3.162 -2.945 -2.848 -2.713 -2.411 -2.319 -2.240
0.0152 0.01508 7.32600 9.6241426468 2.6254555410    9.621  3.999  4.3445  3.752    1  0.000  0.538     0.00     0.00     0.00     0.00     0.00 -1    -1e-30      0.00 7.092e-01 2.755e-01 2.710e-03 7.399e-04 6.720e-03 -1.000 1.527e-02 -5.228 -4.186 -3.282 -3.065 -2.969 -2.835 -2.534 -2.442 -2.364
0.0152 0.01508 7.32600 9.7992181778 2.6256520230    9.796  4.041  4.3414  3.706    1  0.000  0.538     0.00     0.00     0.00     0.00     0.00 -1    -1e-30      0.00 7.092e-01 2.755e-01 2.710e-03 7.399e-04 6.720e-03 -1.000 1.527e-02 -5.333 -4.306 -3.404 -3.189 -3.093 -2.961 -2.661 -2.569 -2.492
0.0152 0.01508 7.32600 9.9964275360 2.6258638936    9.994  4.089  4.3361  3.645    1  0.000  0.538     0.00     0.00     0.00     0.00     0.00 -1    -1e-30      0.00 7.092e-01 2.755e-01 2.710e-03 7.399e-04 6.720e-03 -1.000 1.527e-02 -5.453 -4.452 -3.556 -3.342 -3.247 -3.116 -2.820 -2.729 -2.653
0.0152 0.01508 7.32600 10.0000000000 2.6258676431    9.998  4.090  4.3359  3.643    1  0.000  0.538     0.00     0.00     0.00     0.00     0.00 -1    -1e-30      0.00 7.092e-01 2.755e-01 2.710e-03 7.399e-04 6.720e-03 -1.000 1.527e-02 -5.456 -4.455 -3.559 -3.345 -3.250 -3.120 -2.823 -2.732 -2.656
0.0152 0.01508 7.32600 10.1574935913 2.6260299329   10.156  4.128  4.3301  3.589    1  0.000  0.538     0.00     0.00     0.00     0.00     0.00 -1    -1e-30      0.00 7.092e-01 2.755e-01 2.710e-03 7.399e-04 6.720e-03 -1.000 1.527e-02 -5.551 -4.576 -3.687 -3.475 -3.382 -3.253 -2.959 -2.870 -2.795
0.0152 0.01508 7.32600 10.3176355362 2.6261891230   10.317  4.168  4.3227  3.527    1  0.000  0.538     0.00     0.00     0.00     0.00     0.00 -1    -1e-30      0.00 7.092e-01 2.755e-01 2.710e-03 7.399e-04 6.720e-03 -1.000 1.527e-02 -5.649 -4.706 -3.826 -3.616 -3.525 -3.398 -3.109 -3.021 -2.947
0.0152 0.01508 7.32600 10.4591960907 2.6263251841   10.459  4.203  4.3144  3.464    1  0.000  0.538     0.00     0.00     0.00     0.00     0.00 -1    -1e-30      0.00 7.092e-01 2.755e-01 2.710e-03 7.399e-04 6.720e-03 -1.000 1.527e-02 -5.738 -4.831 -3.961 -3.754 -3.665 -3.541 -3.256 -3.171 -3.098
0.0152 0.01508 7.32600 10.5867977142 2.6264442495   10.587  4.237  4.3065  3.403    1  0.000  0.538     0.00     0.00     0.00     0.00     0.00 -1    -1e-30      0.00 7.092e-01 2.755e-01 2.710e-03 7.399e-04 6.720e-03 -1.000 1.527e-02 -5.824 -4.953 -4.090 -3.886 -3.800 -3.679 -3.398 -3.315 -3.243
0.0152 0.01508 7.32600 10.6872253418 2.6265356630   10.688  4.266  4.3019  3.361    1  0.000  0.538     0.00     0.00     0.00     0.00     0.00 -1    -1e-30      0.00 7.092e-01 2.755e-01 2.710e-03 7.399e-04 6.720e-03 -1.000 1.527e-02 -5.894 -5.045 -4.187 -3.985 -3.900 -3.780 -3.502 -3.419 -3.348
0.0152 0.01508 7.32600 10.7366619110 2.6265799405   10.737  4.286  4.3110  3.379    1  0.000  0.538     0.00     0.00     0.00     0.00     0.00 -1    -1e-30      0.00 7.092e-01 2.755e-01 2.710e-03 7.399e-04 6.720e-03 -1.000 1.527e-02 -5.945 -5.062 -4.189 -3.984 -3.897 -3.774 -3.491 -3.406 -3.333
0.0152 0.01508 7.32600 10.7625627518 2.6266029518   10.763  4.301  4.3216  3.408    1  0.000  0.538     0.00     0.00     0.00     0.00     0.00 -1    -1e-30      0.00 7.092e-01 2.755e-01 2.710e-03 7.399e-04 6.720e-03 -1.000 1.527e-02 -5.982 -5.059 -4.170 -3.961 -3.871 -3.745 -3.455 -3.368 -3.293
0.0152 0.01508 7.32600 10.7693691254 2.6266089778   10.770  4.311  4.3315  3.437    1  0.000  0.538     0.00     0.00     0.00     0.00     0.00 -1    -1e-30      0.00 7.092e-01 2.755e-01 2.710e-03 7.399e-04 6.720e-03 -1.000 1.527e-02 -6.008 -5.048 -4.145 -3.932 -3.840 -3.711 -3.415 -3.326 -3.249
0.0152 0.01508 7.32600 10.7733268738 2.6266124777   10.774  4.327  4.3432  3.468    1  0.000  0.538     0.00     0.00     0.00     0.00     0.00 -1    -1e-30      0.00 7.092e-01 2.755e-01 2.710e-03 7.399e-04 6.720e-03 -1.000 1.527e-02 -6.047 -5.043 -4.122 -3.906 -3.811 -3.679 -3.376 -3.284 -3.205
0.0152 0.01508 7.32600 10.7751102448 2.6266140538   10.776  4.342  4.3524  3.490    1  0.000  0.538     0.00     0.00     0.00     0.00     0.00 -1    -1e-30      0.00 7.092e-01 2.755e-01 2.710e-03 7.399e-04 6.720e-03 -1.000 1.527e-02 -6.085 -5.046 -4.112 -3.892 -3.796 -3.661 -3.353 -3.259 -3.178
0.0152 0.01508 7.32600 10.7760410309 2.6266148761   10.777  4.351  4.3580  3.503    1  0.000  0.538     0.00     0.00     0.00     0.00     0.00 -1    -1e-30      0.00 7.092e-01 2.755e-01 2.710e-03 7.399e-04 6.720e-03 -1.000 1.527e-02 -6.108 -5.049 -4.107 -3.885 -3.787 -3.651 -3.340 -3.244 -3.162
0.0152 0.01508 7.32600 10.7764616013 2.6266152477   10.777  4.340  4.3542  3.499    2  0.000  0.538     0.00     0.00     0.00     0.00     0.00 -1    -1e-30      0.00 7.092e-01 2.755e-01 2.710e-03 7.399e-04 6.720e-03 -1.000 1.527e-02 -6.081 -5.034 -4.098 -3.878 -3.781 -3.645 -3.336 -3.242 -3.161
0.0152 0.01508 7.32600 10.7771406174 2.6266158474   10.778  4.321  4.3447  3.481    2  0.000  0.538     0.00     0.00     0.00     0.00     0.00 -1    -1e-30      0.00 7.092e-01 2.755e-01 2.710e-03 7.399e-04 6.720e-03 -1.000 1.527e-02 -6.032 -5.020 -4.099 -3.881 -3.786 -3.654 -3.350 -3.257 -3.178
0.0152 0.01508 7.32600 10.7775945663 2.6266162484   10.778  4.308  4.3354  3.456    2  0.000  0.538     0.00     0.00     0.00     0.00     0.00 -1    -1e-30      0.00 7.092e-01 2.755e-01 2.710e-03 7.399e-04 6.720e-03 -1.000 1.527e-02 -6.000 -5.024 -4.116 -3.902 -3.809 -3.679 -3.380 -3.290 -3.213
0.0152 0.01508 7.32600 10.7780761719 2.6266166737   10.779  4.301  4.3229  3.413    2  0.000  0.538     0.00     0.00     0.00     0.00     0.00 -1    -1e-30      0.00 7.092e-01 2.755e-01 2.710e-03 7.399e-04 6.720e-03 -1.000 1.527e-02 -5.983 -5.055 -4.165 -3.955 -3.865 -3.739 -3.448 -3.361 -3.286
0.0152 0.01508 7.32600 10.7784967422 2.6266170450   10.779  4.302  4.3104  3.362    2  0.000  0.538     0.00     0.00     0.00     0.00     0.00 -1    -1e-30      0.00 7.092e-01 2.755e-01 2.710e-03 7.399e-04 6.720e-03 -1.000 1.527e-02 -5.984 -5.106 -4.233 -4.028 -3.941 -3.819 -3.535 -3.451 -3.378
0.0152 0.01508 7.32600 10.7788858414 2.6266173886   10.780  4.305  4.2980  3.309    2  0.000  0.538     0.00     0.00     0.00     0.00     0.00 -1    -1e-30      0.00 7.092e-01 2.755e-01 2.710e-03 7.399e-04 6.720e-03 -1.000 1.527e-02 -5.993 -5.164 -4.308 -4.108 -4.024 -3.906 -3.630 -3.548 -3.478
0.0152 0.01508 7.32600 10.7793436050 2.6266177927   10.780  4.311  4.2827  3.242    2  0.000  0.538     0.00     0.00     0.00     0.00     0.00 -1    -1e-30      0.00 7.092e-01 2.755e-01 2.710e-03 7.399e-04 6.720e-03 -1.000 1.527e-02 -6.008 -5.238 -4.405 -4.210 -4.131 -4.017 -3.750 -3.672 -3.605
0.0152 0.01508 7.32600 10.7796907425 2.6266180992   10.780  4.316  4.2705  3.189    2  0.000  0.538     0.00     0.00     0.00     0.00     0.00 -1    -1e-30      0.00 7.092e-01 2.755e-01 2.710e-03 7.399e-04 6.720e-03 -1.000 1.527e-02 -6.019 -5.297 -4.482 -4.292 -4.216 -4.106 -3.847 -3.772 -3.707
0.0152 0.01508 7.32600 10.7800245285 2.6266183938   10.781  4.320  4.2583  3.136    2  0.000  0.538     0.00     0.00     0.00     0.00     0.00 -1    -1e-30      0.00 7.092e-01 2.755e-01 2.710e-03 7.399e-04 6.720e-03 -1.000 1.527e-02 -6.030 -5.354 -4.557 -4.372 -4.300 -4.195 -3.943 -3.871 -3.808
0.0152 0.01508 7.32600 10.7803449631 2.6266186766   10.781  4.323  4.2461  3.084    2  0.000  0.538     0.00     0.00     0.00     0.00     0.00 -1    -1e-30      0.00 7.092e-01 2.755e-01 2.710e-03 7.399e-04 6.720e-03 -1.000 1.527e-02 -6.038 -5.409 -4.631 -4.451 -4.382 -4.281 -4.037 -3.968 -3.907
0.0152 0.01508 7.32600 10.7806520462 2.6266189477   10.781  4.326  4.2339  3.032    2  0.000  0.538     0.00     0.00     0.00     0.00     0.00 -1    -1e-30      0.00 7.092e-01 2.755e-01 2.710e-03 7.399e-04 6.720e-03 -1.000 1.527e-02 -6.045 -5.461 -4.703 -4.528 -4.462 -4.366 -4.130 -4.064 -4.005
0.0152 0.01508 7.32600 10.7809467316 2.6266192077   10.782  4.328  4.2218  2.982    2  0.000  0.538     0.00     0.00     0.00     0.00     0.00 -1    -1e-30      0.00 7.092e-01 2.755e-01 2.710e-03 7.399e-04 6.720e-03 -1.000 1.527e-02 -6.051 -5.512 -4.773 -4.603 -4.542 -4.450 -4.221 -4.158 -4.101
0.0152 0.01508 7.32600 10.7812299728 2.6266194577   10.782  4.330  4.2097  2.932    2  0.000  0.538     0.00     0.00     0.00     0.00     0.00 -1    -1e-30      0.00 7.092e-01 2.755e-01 2.710e-03 7.399e-04 6.720e-03 -1.000 1.527e-02 -6.054 -5.562 -4.841 -4.677 -4.619 -4.532 -4.311 -4.251 -4.196
0.0152 0.01508 7.32600 10.7814998627 2.6266196958   10.782  4.331  4.1976  2.882    2  0.000  0.538     0.00     0.00     0.00     0.00     0.00 -1    -1e-30      0.00 7.092e-01 2.755e-01 2.710e-03 7.399e-04 6.720e-03 -1.000 1.527e-02 -6.056 -5.609 -4.907 -4.749 -4.695 -4.612 -4.399 -4.342 -4.289
0.0152 0.01508 7.32600 10.7817592621 2.6266199247   10.782  4.331  4.1854  2.833    2  0.000  0.538     0.00     0.00     0.00     0.00     0.00 -1    -1e-30      0.00 7.092e-01 2.755e-01 2.710e-03 7.399e-04 6.720e-03 -1.000 1.527e-02 -6.057 -5.654 -4.972 -4.820 -4.770 -4.692 -4.487 -4.433 -4.382
0.0152 0.01508 7.32600 10.7820062637 2.6266201427   10.783  4.331  4.1732  2.785    2  0.000  0.538     0.00     0.00     0.00     0.00     0.00 -1    -1e-30      0.00 7.092e-01 2.755e-01 2.710e-03 7.399e-04 6.720e-03 -1.000 1.527e-02 -6.057 -5.697 -5.035 -4.889 -4.843 -4.769 -4.573 -4.521 -4.473
0.0152 0.01508 7.32600 10.7822999954 2.6266204018   10.783  4.330  4.1581  2.725    2  0.000  0.538     0.00     0.00     0.00     0.00     0.00 -1    -1e-30      0.00 7.092e-01 2.755e-01 2.710e-03 7.399e-04 6.720e-03 -1.000 1.527e-02 -6.055 -5.747 -5.112 -4.973 -4.932 -4.864 -4.678 -4.631 -4.585
0.0152 0.01508 7.32600 10.7825231552 2.6266205987   10.783  4.329  4.1459  2.678    2  0.000  0.538     0.00     0.00     0.00     0.00     0.00 -1    -1e-30      0.00 7.092e-01 2.755e-01 2.710e-03 7.399e-04 6.720e-03 -1.000 1.527e-02 -6.052 -5.785 -5.172 -5.039 -5.002 -4.939 -4.761 -4.717 -4.673
0.0152 0.01508 7.32600 10.7827348709 2.6266207855   10.783  4.327  4.1338  2.631    2  0.000  0.538     0.00     0.00     0.00     0.00     0.00 -1    -1e-30      0.00 7.092e-01 2.755e-01 2.710e-03 7.399e-04 6.720e-03 -1.000 1.527e-02 -6.048 -5.820 -5.230 -5.103 -5.070 -5.012 -4.843 -4.802 -4.760
0.0152 0.01508 7.32600 10.7829380035 2.6266209647   10.784  4.326  4.1216  2.584    2  0.000  0.538     0.00     0.00     0.00     0.00     0.00 -1    -1e-30      0.00 7.092e-01 2.755e-01 2.710e-03 7.399e-04 6.720e-03 -1.000 1.527e-02 -6.044 -5.854 -5.288 -5.167 -5.137 -5.084 -4.925 -4.887 -4.847
0.0152 0.01508 7.32600 10.7831306458 2.6266211346   10.784  4.324  4.1096  2.537    2  0.000  0.538     0.00     0.00     0.00     0.00     0.00 -1    -1e-30      0.00 7.092e-01 2.755e-01 2.710e-03 7.399e-04 6.720e-03 -1.000 1.527e-02 -6.039 -5.885 -5.344 -5.229 -5.203 -5.155 -5.005 -4.970 -4.933
0.0152 0.01508 7.32600 10.7833137512 2.6266212961   10.784  4.321  4.0975  2.491    2  0.000  0.538     0.00     0.00     0.00     0.00     0.00 -1    -1e-30      0.00 7.092e-01 2.755e-01 2.710e-03 7.399e-04 6.720e-03 -1.000 1.527e-02 -6.033 -5.912 -5.399 -5.290 -5.268 -5.224 -5.084 -5.052 -5.017
0.0152 0.01508 7.32600 10.7834882736 2.6266214501   10.784  4.319  4.0854  2.445    2  0.000  0.538     0.00     0.00     0.00     0.00     0.00 -1    -1e-30      0.00 7.092e-01 2.755e-01 2.710e-03 7.399e-04 6.720e-03 -1.000 1.527e-02 -6.027 -5.934 -5.453 -5.350 -5.330 -5.291 -5.161 -5.133 -5.099
0.0152 0.01508 7.32600 10.7836551666 2.6266215973   10.784  4.316  4.0732  2.399    2  0.000  0.538     0.00     0.00     0.00     0.00     0.00 -1    -1e-30      0.00 7.092e-01 2.755e-01 2.710e-03 7.399e-04 6.720e-03 -1.000 1.527e-02 -6.021 -5.957 -5.501 -5.406 -5.391 -5.358 -5.238 -5.213 -5.182
0.0152 0.01508 7.32600 10.7838144302 2.6266217377   10.785  4.313  4.0611  2.354    2  0.000  0.538     0.00     0.00     0.00     0.00     0.00 -1    -1e-30      0.00 7.092e-01 2.755e-01 2.710e-03 7.399e-04 6.720e-03 -1.000 1.527e-02 -6.014 -5.978 -5.547 -5.459 -5.450 -5.422 -5.312 -5.292 -5.263
0.0152 0.01508 7.32600 10.7839660645 2.6266218715   10.785  4.311  4.0491  2.309    2  0.000  0.538     0.00     0.00     0.00     0.00     0.00 -1    -1e-30      0.00 7.092e-01 2.755e-01 2.710e-03 7.399e-04 6.720e-03 -1.000 1.527e-02 -6.006 -5.992 -5.593 -5.512 -5.507 -5.484 -5.386 -5.369 -5.343
0.0152 0.01508 7.32600 10.7841100693 2.6266219985   10.785  4.307  4.0370  2.263    2  0.000  0.538     0.00     0.00     0.00     0.00     0.00 -1    -1e-30      0.00 7.092e-01 2.755e-01 2.710e-03 7.399e-04 6.720e-03 -1.000 1.527e-02 -5.998 -6.002 -5.637 -5.564 -5.562 -5.545 -5.458 -5.446 -5.421
0.0152 0.01508 7.32600 10.7842454910 2.6266221179   10.785  4.304  4.0250  2.219    2  0.000  0.538     0.00     0.00     0.00     0.00     0.00 -1    -1e-30      0.00 7.092e-01 2.755e-01 2.710e-03 7.399e-04 6.720e-03 -1.000 1.527e-02 -5.990 -6.008 -5.680 -5.613 -5.614 -5.603 -5.528 -5.520 -5.498
0.0152 0.01508 7.32600 10.7843761444 2.6266222331   10.785  4.301  4.0129  2.174    2  0.000  0.538     0.00     0.00     0.00     0.00     0.00 -1    -1e-30      0.00 7.092e-01 2.755e-01 2.710e-03 7.399e-04 6.720e-03 -1.000 1.527e-02 -5.981 -6.010 -5.721 -5.661 -5.666 -5.660 -5.599 -5.595 -5.575
0.0152 0.01508 7.32600 10.7845010757 2.6266223433   10.785  4.297  4.0008  2.129    2  0.000  0.538     0.00     0.00     0.00     0.00     0.00 -1    -1e-30      0.00 7.092e-01 2.755e-01 2.710e-03 7.399e-04 6.720e-03 -1.000 1.527e-02 -5.972 -6.009 -5.761 -5.708 -5.716 -5.715 -5.668 -5.668 -5.651
0.0152 0.01508 7.32600 10.7846183777 2.6266224467   10.785  4.293  3.9889  2.085    2  0.000  0.538     0.00     0.00     0.00     0.00     0.00 -1    -1e-30      0.00 7.092e-01 2.755e-01 2.710e-03 7.399e-04 6.720e-03 -1.000 1.527e-02 -5.963 -6.004 -5.798 -5.751 -5.763 -5.768 -5.736 -5.740 -5.725
0.0152 0.01508 7.32600 10.7847585678 2.6266225703   10.786  4.289  3.9737  2.029    2  0.000  0.538     0.00     0.00     0.00     0.00     0.00 -1    -1e-30      0.00 7.092e-01 2.755e-01 2.710e-03 7.399e-04 6.720e-03 -1.000 1.527e-02 -5.951 -5.993 -5.842 -5.804 -5.820 -5.832 -5.820 -5.831 -5.819
0.0152 0.01508 7.32600 10.7848644257 2.6266226637   10.786  4.285  3.9617  1.985    2  0.000  0.538     0.00     0.00     0.00     0.00     0.00 -1    -1e-30      0.00 7.092e-01 2.755e-01 2.710e-03 7.399e-04 6.720e-03 -1.000 1.527e-02 -5.942 -5.979 -5.875 -5.844 -5.862 -5.881 -5.886 -5.902 -5.894
0.0152 0.01508 7.32600 10.7849674225 2.6266227545   10.786  4.281  3.9497  1.941    2  0.000  0.538     0.00     0.00     0.00     0.00     0.00 -1    -1e-30      0.00 7.092e-01 2.755e-01 2.710e-03 7.399e-04 6.720e-03 -1.000 1.527e-02 -5.932 -5.961 -5.899 -5.880 -5.903 -5.929 -5.952 -5.973 -5.969
0.0152 0.01508 7.32600 10.7850637436 2.6266228394   10.786  4.276  3.9378  1.898    2  0.000  0.538     0.00     0.00     0.00     0.00     0.00 -1    -1e-30      0.00 7.092e-01 2.755e-01 2.710e-03 7.399e-04 6.720e-03 -1.000 1.527e-02 -5.921 -5.936 -5.920 -5.912 -5.940 -5.975 -6.016 -6.044 -6.044
0.0152 0.01508 7.32600 10.7851572037 2.6266229218   10.786  4.272  3.9258  1.854    2  0.000  0.538     0.00     0.00     0.00     0.00     0.00 -1    -1e-30      0.00 7.092e-01 2.755e-01 2.710e-03 7.399e-04 6.720e-03 -1.000 1.527e-02 -5.910 -5.901 -5.933 -5.939 -5.975 -6.018 -6.079 -6.114 -6.119
0.0152 0.01508 7.32600 10.7852468491 2.6266230009   10.786  4.268  3.9138  1.810    2  0.000  0.538     0.00     0.00     0.00     0.00     0.00 -1    -1e-30      0.00 7.092e-01 2.755e-01 2.710e-03 7.399e-04 6.720e-03 -1.000 1.527e-02 -5.899 -5.856 -5.934 -5.959 -6.005 -6.059 -6.142 -6.185 -6.194
0.0152 0.01508 7.32600 10.7853536606 2.6266230951   10.786  4.262  3.8988  1.756    2  0.000  0.538     0.00     0.00     0.00     0.00     0.00 -1    -1e-30      0.00 7.092e-01 2.755e-01 2.710e-03 7.399e-04 6.720e-03 -1.000 1.527e-02 -5.885 -5.788 -5.921 -5.974 -6.037 -6.107 -6.218 -6.275 -6.288
0.0152 0.01508 7.32600 10.7854337692 2.6266231657   10.786  4.257  3.8868  1.713    2  0.000  0.538     0.00     0.00     0.00     0.00     0.00 -1    -1e-30      0.00 7.092e-01 2.755e-01 2.710e-03 7.399e-04 6.720e-03 -1.000 1.527e-02 -5.873 -5.724 -5.895 -5.977 -6.057 -6.143 -6.278 -6.347 -6.365
0.0152 0.01508 7.32600 10.7855110168 2.6266232338   10.786  4.252  3.8749  1.670    2  0.000  0.538     0.00     0.00     0.00     0.00     0.00 -1    -1e-30      0.00 7.092e-01 2.755e-01 2.710e-03 7.399e-04 6.720e-03 -1.000 1.527e-02 -5.861 -5.656 -5.856 -5.973 -6.073 -6.177 -6.337 -6.421 -6.441
0.0152 0.01508 7.32600 10.7856016159 2.6266233137   10.786  4.246  3.8599  1.616    2  0.000  0.538     0.00     0.00     0.00     0.00     0.00 -1    -1e-30      0.00 7.092e-01 2.755e-01 2.710e-03 7.399e-04 6.720e-03 -1.000 1.527e-02 -5.845 -5.562 -5.795 -5.962 -6.091 -6.219 -6.410 -6.514 -6.539
0.0152 0.01508 7.32600 10.7856712341 2.6266233750   10.786  4.241  3.8477  1.573    2  0.000  0.538     0.00     0.00     0.00     0.00     0.00 -1    -1e-30      0.00 7.092e-01 2.755e-01 2.710e-03 7.399e-04 6.720e-03 -1.000 1.527e-02 -5.831 -5.480 -5.729 -5.945 -6.101 -6.251 -6.468 -6.592 -6.620
0.0152 0.01508 7.32600 10.7857379913 2.6266234339   10.786  4.235  3.8358  1.531    2  0.000  0.538     0.00     0.00     0.00     0.00     0.00 -1    -1e-30      0.00 7.092e-01 2.755e-01 2.710e-03 7.399e-04 6.720e-03 -1.000 1.527e-02 -5.818 -5.392 -5.655 -5.926 -6.110 -6.282 -6.525 -6.669 -6.700
0.0152 0.01508 7.32600 10.7857999802 2.6266234885   10.786  4.229  3.8240  1.489    2  0.000  0.538     0.00     0.00     0.00     0.00     0.00 -1    -1e-30      0.00 7.092e-01 2.755e-01 2.710e-03 7.399e-04 6.720e-03 -1.000 1.527e-02 -5.803 -5.298 -5.573 -5.904 -6.116 -6.310 -6.580 -6.745 -6.778
0.0152 0.01508 7.32600 10.7858600616 2.6266235415   10.787  4.223  3.8119  1.447    2  0.000  0.538     0.00     0.00     0.00     0.00     0.00 -1    -1e-30      0.00 7.092e-01 2.755e-01 2.710e-03 7.399e-04 6.720e-03 -1.000 1.527e-02 -5.788 -5.194 -5.482 -5.876 -6.119 -6.336 -6.633 -6.821 -6.857
0.0152 0.01508 7.32600 10.7859315872 2.6266236046   10.787  4.215  3.7970  1.396    2  0.000  0.538     0.00     0.00     0.00     0.00     0.00 -1    -1e-30      0.00 7.092e-01 2.755e-01 2.710e-03 7.399e-04 6.720e-03 -1.000 1.527e-02 -5.768 -5.046 -5.359 -5.835 -6.117 -6.363 -6.697 -6.914 -6.956
0.0152 0.01508 7.32600 10.7859859467 2.6266236525   10.787  4.209  3.7851  1.355    2  0.000  0.538     0.00     0.00     0.00     0.00     0.00 -1    -1e-30      0.00 7.092e-01 2.755e-01 2.710e-03 7.399e-04 6.720e-03 -1.000 1.527e-02 -5.752 -4.902 -5.250 -5.797 -6.113 -6.384 -6.746 -6.989 -7.035
0.0152 0.01508 7.32600 10.7860383987 2.6266236987   10.787  4.202  3.7731  1.314    2  0.000  0.538     0.00     0.00     0.00     0.00     0.00 -1    -1e-30      0.00 7.092e-01 2.755e-01 2.710e-03 7.399e-04 6.720e-03 -1.000 1.527e-02 -5.734 -4.725 -5.123 -5.751 -6.105 -6.403 -6.798 -7.068 -7.119
0.0152 0.01508 7.32600 10.7860879898 2.6266237424   10.787  4.194  3.7612  1.274    2  0.000  0.538     0.00     0.00     0.00     0.00     0.00 -1    -1e-30      0.00 7.092e-01 2.755e-01 2.710e-03 7.399e-04 6.720e-03 -1.000 1.527e-02 -5.715 -4.544 -4.995 -5.700 -6.090 -6.415 -6.842 -7.141 -7.196
0.0152 0.01508 7.32600 10.7861366272 2.6266237853   10.787  4.186  3.7492  1.234    2  0.000  0.538     0.00     0.00     0.00     0.00     0.00 -1    -1e-30      0.00 7.092e-01 2.755e-01 2.710e-03 7.399e-04 6.720e-03 -1.000 1.527e-02 -5.695 -4.347 -4.868 -5.646 -6.069 -6.417 -6.876 -7.204 -7.263
0.0152 0.01508 7.32600 10.7861833572 2.6266238265   10.787  4.177  3.7371  1.194    2  0.000  0.538     0.00     0.00     0.00     0.00     0.00 -1    -1e-30      0.00 7.092e-01 2.755e-01 2.710e-03 7.399e-04 6.720e-03 -1.000 1.527e-02 -5.673 -4.082 -4.716 -5.582 -6.044 -6.417 -6.915 -7.275 -7.338
0.0152 0.01508 7.32600 10.7862262726 2.6266238643   10.787  4.168  3.7253  1.156    2  0.000  0.538     0.00     0.00     0.00     0.00     0.00 -1    -1e-30      0.00 7.092e-01 2.755e-01 2.710e-03 7.399e-04 6.720e-03 -1.000 1.527e-02 -5.650 -3.864 -4.581 -5.516 -6.010 -6.405 -6.939 -7.331 -7.395
0.0152 0.01508 7.32600 10.7862691879 2.6266239022   10.787  4.158  3.7133  1.118    2  0.000  0.538     0.00     0.00     0.00     0.00     0.00 -1    -1e-30      0.00 7.092e-01 2.755e-01 2.710e-03 7.399e-04 6.720e-03 -1.000 1.527e-02 -5.626 -3.612 -4.433 -5.440 -5.968 -6.387 -6.962 -7.388 -7.453
0.0152 0.01508 7.32600 10.7863111496 2.6266239392   10.787  4.147  3.7014  1.081    2  0.000  0.538     0.00     0.00     0.00     0.00     0.00 -1    -1e-30      0.00 7.092e-01 2.755e-01 2.710e-03 7.399e-04 6.720e-03 -1.000 1.527e-02 -5.599 -3.344 -4.281 -5.358 -5.919 -6.361 -6.979 -7.439 -7.507
0.0152 0.01508 7.32600 10.7863607407 2.6266239829   10.787  4.133  3.6870  1.038    2  0.000  0.538     0.00     0.00     0.00     0.00     0.00 -1    -1e-30      0.00 7.092e-01 2.755e-01 2.710e-03 7.399e-04 6.720e-03 -1.000 1.527e-02 -5.562 -2.993 -4.090 -5.250 -5.850 -6.318 -6.991 -7.490 -7.565
0.0152 0.01508 7.32600 10.7864017487 2.6266240190   10.787  4.119  3.6759  1.007    2  0.000  0.538     0.00     0.00     0.00     0.00     0.00 -1    -1e-30      0.00 7.092e-01 2.755e-01 2.710e-03 7.399e-04 6.720e-03 -1.000 1.527e-02 -5.528 -2.787 -3.950 -5.165 -5.788 -6.270 -6.988 -7.508 -7.597
0.0152 0.01508 7.32600 10.7864484787 2.6266240602   10.787  4.102  3.6648  0.980    2  0.000  0.538     0.00     0.00     0.00     0.00     0.00 -1    -1e-30      0.00 7.092e-01 2.755e-01 2.710e-03 7.399e-04 6.720e-03 -1.000 1.527e-02 -5.484 -2.587 -3.799 -5.067 -5.710 -6.209 -6.972 -7.510 -7.616
0.0152 0.01508 7.32600 10.7865047455 2.6266241098   10.787  4.079  3.6540  0.960    2  0.000  0.538     0.00     0.00     0.00     0.00     0.00 -1    -1e-30      0.00 7.092e-01 2.755e-01 2.710e-03 7.399e-04 6.720e-03 -1.000 1.527e-02 -5.428 -2.317 -3.619 -4.943 -5.611 -6.132 -6.941 -7.500 -7.623
0.0152 0.01508 7.32600 10.7865571976 2.6266241561   10.787  4.059  3.6466  0.951    2  0.000  0.538     0.00     0.00     0.00     0.00     0.00 -1    -1e-30      0.00 7.092e-01 2.755e-01 2.710e-03 7.399e-04 6.720e-03 -1.000 1.527e-02 -5.377 -2.074 -3.473 -4.836 -5.526 -6.066 -6.907 -7.487 -7.619
0.0152 0.01508 7.32600 10.7866783142 2.6266242628   10.788  4.028  3.6373  0.944    2  0.000  0.538     0.00     0.00     0.00     0.00     0.00 -1    -1e-30      0.00 7.092e-01 2.755e-01 2.710e-03 7.399e-04 6.720e-03 -1.000 1.527e-02 -5.301 -1.753 -3.273 -4.683 -5.404 -5.970 -6.851 -7.460 -7.602
0.0152 0.01508 7.32600 10.7867984772 2.6266243687   10.788  4.002  3.6291  0.937    2  0.000  0.538     0.00     0.00     0.00     0.00     0.00 -1    -1e-30      0.00 7.092e-01 2.755e-01 2.710e-03 7.399e-04 6.720e-03 -1.000 1.527e-02 -5.236 -1.469 -3.095 -4.545 -5.294 -5.886 -6.802 -7.437 -7.588
0.0152 0.01508 7.32600 10.7868385315 2.6266244040   10.787  3.999  3.6262  0.929    2  0.000  0.538     0.00     0.00     0.00     0.00     0.00 -1    -1e-30      0.00 7.092e-01 2.755e-01 2.710e-03 7.399e-04 6.720e-03 -1.000 1.527e-02 -5.228 -1.380 -3.043 -4.508 -5.268 -5.870 -6.800 -7.444 -7.598
0.0152 0.01508 7.32600 10.7869176865 2.6266244738   10.788  4.018  3.6193  0.882    3  0.000  0.537    46.38    31.78    22.11    15.94    13.20  4    -1e-30      0.00 7.092e-01 2.755e-01 2.706e-03 7.408e-04 6.720e-03 -1.000 1.527e-02 -5.275 -1.218 -2.983 -4.487 -5.273 -5.900 -6.861 -7.526 -7.689
0.0152 0.01508 7.32600 10.7869949341 2.6266245419   10.788  4.058  3.6116  0.812    3  0.000  0.530    54.75    36.13    24.99    18.05    14.96  4    -1e-30      0.00 7.092e-01 2.755e-01 2.673e-03 7.587e-04 6.720e-03 -1.000 1.527e-02 -5.374 -1.073 -2.952 -4.501 -5.320 -5.979 -6.976 -7.665 -7.839
0.0152 0.01508 7.32600 10.7870397568 2.6266245814   10.788  4.100  3.6060  0.747    3  0.000  0.507    63.61    40.56    27.91    20.19    16.74  4    -1e-30      0.00 7.092e-01 2.755e-01 2.556e-03 8.521e-04 6.720e-03 -1.000 1.528e-02 -5.479 -0.999 -2.958 -4.539 -5.383 -6.069 -7.093 -7.797 -7.979
0.0152 0.01508 7.32600 10.7870740891 2.6266246116   10.788  4.140  3.6012  0.688    3  0.000  0.472    73.17    45.20    30.95    22.43    18.60  4    -1e-30      0.00 7.091e-01 2.755e-01 2.383e-03 1.044e-03 6.720e-03 -1.000 1.536e-02 -5.581 -0.945 -2.973 -4.581 -5.447 -6.157 -7.205 -7.923 -8.112
0.0152 0.01508 7.32600 10.7871046066 2.6266246385   10.788  4.180  3.5969  0.630    3  0.000  0.444    83.75    50.17    34.19    24.81    20.58  4    -1e-30      0.00 7.091e-01 2.755e-01 2.239e-03 1.219e-03 6.720e-03 -1.000 1.537e-02 -5.681 -0.906 -2.990 -4.622 -5.508 -6.245 -7.315 -8.045 -8.241
0.0152 0.01508 7.32600 10.7871112823 2.6266246444   10.788  4.190  3.5959  0.617    3  0.000  0.439    86.30    51.34    34.96    25.38    21.05  4    -1e-30      0.00 7.091e-01 2.755e-01 2.213e-03 1.251e-03 6.720e-03 -1.000 1.537e-02 -5.704 -0.898 -2.993 -4.631 -5.522 -6.265 -7.340 -8.072 -8.270
0.0152 0.01508 7.32600 10.7871179581 2.6266246503   10.788  4.198  3.5950  0.605    3  0.000  0.435    88.86    52.52    35.72    25.94    21.52  4    -1e-30      0.00 7.089e-01 2.757e-01 2.192e-03 1.285e-03 6.711e-03 -1.000 1.537e-02 -5.726 -0.890 -2.997 -4.640 -5.535 -6.284 -7.364 -8.099 -8.298
0.0152 0.01508 7.32600 10.7871484756 2.6266246772   10.788  4.238  3.5910  0.549    3  0.000  0.422   101.28    58.10    39.34    28.61    23.74  4    -1e-30      0.00 7.079e-01 2.767e-01 2.107e-03 1.442e-03 6.651e-03 -1.000 1.537e-02 -5.825 -0.860 -3.017 -4.682 -5.597 -6.371 -7.472 -8.218 -8.423
0.0152 0.01508 7.32600 10.7871561050 2.6266246839   10.788  4.248  3.5900  0.535    3  0.000  0.420   104.63    59.58    40.30    29.32    24.33  4    -1e-30      0.00 7.075e-01 2.771e-01 2.088e-03 1.482e-03 6.632e-03 -1.000 1.537e-02 -5.850 -0.853 -3.022 -4.693 -5.613 -6.393 -7.499 -8.248 -8.455
0.0152 0.01508 7.32600 10.7871627808 2.6266246898   10.788  4.257  3.5891  0.522    3  0.000  0.418   107.76    60.96    41.18    29.97    24.87  4    -1e-30      0.00 7.072e-01 2.775e-01 2.073e-03 1.518e-03 6.612e-03 -1.000 1.537e-02 -5.873 -0.848 -3.025 -4.700 -5.625 -6.413 -7.523 -8.274 -8.483
0.0152 0.01508 7.32600 10.7871971130 2.6266247201   10.788  4.296  3.5852  0.468    3  0.000  0.411   122.39    67.25    45.24    32.97    27.37  4    -1e-30      0.00 7.058e-01 2.788e-01 2.017e-03 1.653e-03 6.537e-03 -1.000 1.537e-02 -5.970 -0.827 -3.038 -4.731 -5.677 -6.497 -7.630 -8.391 -8.606
0.0152 0.01508 7.32600 10.7872314453 2.6266247503   10.788  4.330  3.5818  0.420    3  0.000  0.406   136.89    73.33    49.13    35.86    29.77  4    -1e-30      0.00 7.048e-01 2.799e-01 1.976e-03 1.751e-03 6.483e-03 -1.000 1.536e-02 -6.055 -0.806 -3.047 -4.757 -5.722 -6.571 -7.723 -8.493 -8.714
0.0152 0.01508 7.32600 10.7872877121 2.6266247999   10.788  4.371  3.5776  0.362    3  0.000  0.402   156.58    81.35    54.25    39.65    32.93  4    -1e-30      0.00 7.039e-01 2.808e-01 1.939e-03 1.840e-03 6.434e-03 -1.000 1.532e-02 -6.157 -0.788 -3.051 -4.777 -5.767 -6.659 -7.836 -8.616 -8.844
0.0152 0.01508 7.32600 10.7873649597 2.6266248680   10.788  4.406  3.5741  0.314    3  0.000  0.399   175.52    88.86    59.02    43.20    35.88  4    -1e-30      0.00 7.032e-01 2.815e-01 1.912e-03 1.906e-03 6.396e-03 -1.000 1.534e-02 -6.244 -0.776 -3.050 -4.786 -5.798 -6.731 -7.932 -8.720 -8.954
0.0152 0.01508 7.32600 10.7875404358 2.6266250226   10.788  4.437  3.5708  0.269    3  0.000  0.396   194.84    96.32    63.75    46.71    38.80  4    -1e-30      0.00 7.021e-01 2.825e-01 1.887e-03 1.979e-03 6.348e-03 -1.000 1.537e-02 -6.322 -0.765 -3.048 -4.793 -5.827 -6.797 -8.020 -8.815 -9.054
0.0152 0.01508 7.32600 10.7882671356 2.6266256630   10.789  4.477  3.5666  0.212    3  0.000  0.395   222.73   106.81    70.36    51.63    42.91  4    -1e-30      0.00 6.976e-01 2.870e-01 1.841e-03 2.153e-03 6.215e-03 -1.000 1.535e-02 -6.423 -0.759 -3.034 -4.784 -5.849 -6.879 -8.132 -8.937 -9.183
0.0152 0.01508 7.32600 10.7894277573 2.6266266855   10.790  4.514  3.5627  0.160    3  0.000  0.394   251.75   117.40    77.01    56.59    47.04  3    -1e-30      0.00 6.915e-01 2.931e-01 1.791e-03 2.350e-03 6.060e-03 -1.000 1.533e-02 -6.516 -0.757 -3.019 -4.773 -5.868 -6.953 -8.235 -9.048 -9.301
0.0152 0.01508 7.32600 10.7932624817 2.6266300622   10.794  4.554  3.5588  0.104    3  0.000  0.394   286.48   129.72    84.72    62.34    51.83  3    -1e-30      0.00 6.838e-01 3.008e-01 1.746e-03 2.538e-03 5.909e-03 -1.000 1.532e-02 -6.615 -0.758 -3.003 -4.757 -5.885 -7.031 -8.346 -9.167 -9.426
0.0152 0.01508 7.32600 10.8011426926 2.6266369925   10.802  4.546  3.5598  0.117    3  0.000  0.394   278.36   126.86    82.93    61.01    50.72  3    -1e-30      0.00 6.838e-01 3.008e-01 1.746e-03 2.538e-03 5.909e-03 -1.000 1.532e-02 -6.595 -0.761 -3.015 -4.772 -5.890 -7.018 -8.322 -9.142 -9.399
0.0152 0.01508 7.32600 10.8312654495 2.6266633773   10.832  4.512  3.5641  0.169    4  0.000  0.394     0.00     0.00     0.00     0.00     0.00 -1    -1e-30      0.00 6.838e-01 3.008e-01 1.746e-03 2.539e-03 5.908e-03 -1.000 1.532e-02 -6.509 -0.777 -3.048 -4.803 -5.888 -6.953 -8.226 -9.035 -9.286
0.0152 0.01508 7.32600 10.8556165695 2.6266845836   10.857  4.475  3.5686  0.226    4  0.000  0.394     0.00     0.00     0.00     0.00     0.00 -1    -1e-30      0.00 6.838e-01 3.008e-01 1.746e-03 2.539e-03 5.908e-03 -1.000 1.532e-02 -6.416 -0.792 -3.079 -4.832 -5.882 -6.882 -8.120 -8.919 -9.163
0.0152 0.01508 7.32600 10.8778238297 2.6267038278   10.879  4.439  3.5729  0.279    4  0.000  0.394     0.00     0.00     0.00     0.00     0.00 -1    -1e-30      0.00 6.838e-01 3.009e-01 1.746e-03 2.539e-03 5.908e-03 -1.000 1.532e-02 -6.328 -0.811 -3.098 -4.842 -5.864 -6.811 -8.020 -8.809 -9.046
0.0152 0.01508 7.32600 10.9009847641 2.6267238023   10.902  4.408  3.5769  0.327    4  0.000  0.394     0.00     0.00     0.00     0.00     0.00 -1    -1e-30      0.00 6.838e-01 3.009e-01 1.746e-03 2.539e-03 5.908e-03 -1.000 1.532e-02 -6.250 -0.838 -3.117 -4.851 -5.848 -6.748 -7.932 -8.711 -8.941
0.0152 0.01508 7.32600 10.9368190765 2.6267545151   10.938  4.378  3.5816  0.378    4  0.000  0.394     0.00     0.00     0.00     0.00     0.00 -1    -1e-30      0.00 6.838e-01 3.009e-01 1.746e-03 2.539e-03 5.907e-03 -1.000 1.532e-02 -6.174 -0.885 -3.149 -4.869 -5.838 -6.690 -7.845 -8.612 -8.834
0.0152 0.01508 7.32600 11.0000000000 2.6268081058   11.001  4.357  3.5872  0.423    4  0.000  0.394     0.00     0.00     0.00     0.00     0.00 -1    -1e-30      0.00 6.838e-01 3.009e-01 1.746e-03 2.540e-03 5.907e-03 -1.000 1.531e-02 -6.123 -0.978 -3.212 -4.913 -5.853 -6.658 -7.782 -8.533 -8.747
0.0152 0.01508 7.32600 11.0140743256 2.6268199476   11.015  4.353  3.5883  0.432    4  0.000  0.394     0.00     0.00     0.00     0.00     0.00 -1    -1e-30      0.00 6.838e-01 3.009e-01 1.746e-03 2.540e-03 5.906e-03 -1.000 1.531e-02 -6.113 -0.997 -3.225 -4.922 -5.856 -6.651 -7.769 -8.517 -8.730
0.0152 0.01508 7.32600 11.0335969925 2.6268363159   11.035  4.352  3.5895  0.438    4  0.000  0.394     0.00     0.00     0.00     0.00     0.00 -1    -1e-30      0.00 6.838e-01 3.009e-01 1.746e-03 2.541e-03 5.906e-03 -1.000 1.532e-02 -6.111 -1.023 -3.247 -4.940 -5.868 -6.653 -7.764 -8.509 -8.720
0.0152 0.01508 7.32600 11.1204900742 2.6269083683   11.122  4.376  3.5935  0.435    5  0.000  0.394     0.00     0.00     0.00     0.00     0.00 -1    -1e-30      0.00 6.838e-01 3.009e-01 1.745e-03 2.543e-03 5.904e-03 -1.000 1.532e-02 -6.169 -1.164 -3.372 -5.055 -5.966 -6.725 -7.817 -8.547 -8.753
0.0152 0.01508 7.32600 11.1388998032 2.6269234679   11.140  4.391  3.5959  0.429    5  0.000  0.394     0.00     0.00     0.00     0.00     0.00 -1    -1e-30      0.00 6.838e-01 3.009e-01 1.745e-03 2.543e-03 5.904e-03 -1.000 1.532e-02 -6.208 -1.248 -3.449 -5.126 -6.027 -6.772 -7.852 -8.574 -8.777
0.0152 0.01508 7.32600 11.1420021057 2.6269260068   11.143  4.407  3.5992  0.426    5  0.000  0.394     0.00     0.00     0.00     0.00     0.00 -1    -1e-30      0.00 6.838e-01 3.009e-01 1.745e-03 2.543e-03 5.904e-03 -1.000 1.532e-02 -6.248 -1.356 -3.542 -5.211 -6.098 -6.823 -7.887 -8.597 -8.796
0.0152 0.01508 7.32600 11.1429109573 2.6269267502   11.144  4.417  3.6038  0.435    5  0.000  0.394     0.00     0.00     0.00     0.00     0.00 -1    -1e-30      0.00 6.838e-01 3.009e-01 1.745e-03 2.543e-03 5.904e-03 -1.000 1.532e-02 -6.273 -1.499 -3.645 -5.294 -6.161 -6.862 -7.904 -8.599 -8.792
0.0152 0.01508 7.32600 11.1431827545 2.6269269725   11.145  4.421  3.6083  0.449    5  0.000  0.394     0.00     0.00     0.00     0.00     0.00 -1    -1e-30      0.00 6.838e-01 3.009e-01 1.745e-03 2.543e-03 5.904e-03 -1.000 1.532e-02 -6.283 -1.629 -3.730 -5.359 -6.207 -6.885 -7.906 -8.586 -8.773
0.0152 0.01508 7.32600 11.1433229446 2.6269270872   11.145  4.423  3.6119  0.462    5  0.000  0.394     0.00     0.00     0.00     0.00     0.00 -1    -1e-30      0.00 6.838e-01 3.009e-01 1.745e-03 2.543e-03 5.904e-03 -1.000 1.532e-02 -6.287 -1.734 -3.794 -5.405 -6.238 -6.900 -7.904 -8.572 -8.754
0.0152 0.01508 7.32600 11.1434612274 2.6269272003   11.145  4.424  3.6165  0.479    5  0.000  0.394     0.00     0.00     0.00     0.00     0.00 -1    -1e-30      0.00 6.838e-01 3.009e-01 1.745e-03 2.543e-03 5.904e-03 -1.000 1.532e-02 -6.291 -1.872 -3.871 -5.459 -6.273 -6.916 -7.899 -8.553 -8.729
0.0152 0.01508 7.32600 11.1435766220 2.6269272947   11.145  4.425  3.6209  0.495    5  0.000  0.394     0.00     0.00     0.00     0.00     0.00 -1    -1e-30      0.00 6.838e-01 3.009e-01 1.745e-03 2.543e-03 5.904e-03 -1.000 1.532e-02 -6.293 -2.006 -3.946 -5.510 -6.306 -6.931 -7.893 -8.533 -8.703
0.0152 0.01508 7.32600 11.1436824799 2.6269273813   11.145  4.426  3.6253  0.512    5  0.000  0.394     0.00     0.00     0.00     0.00     0.00 -1    -1e-30      0.00 6.838e-01 3.009e-01 1.745e-03 2.543e-03 5.904e-03 -1.000 1.532e-02 -6.295 -2.139 -4.015 -5.556 -6.334 -6.944 -7.887 -8.513 -8.678
0.0152 0.01508 7.32600 11.1437845230 2.6269274647   11.145  4.427  3.6296  0.529    5  0.000  0.394     0.00     0.00     0.00     0.00     0.00 -1    -1e-30      0.00 6.838e-01 3.009e-01 1.745e-03 2.543e-03 5.904e-03 -1.000 1.532e-02 -6.297 -2.269 -4.083 -5.600 -6.363 -6.957 -7.880 -8.493 -8.652
0.0152 0.01508 7.32600 11.1438856125 2.6269275474   11.145  4.427  3.6340  0.545    5  0.000  0.394     0.00     0.00     0.00     0.00     0.00 -1    -1e-30      0.00 6.838e-01 3.009e-01 1.745e-03 2.543e-03 5.904e-03 -1.000 1.532e-02 -6.299 -2.401 -4.148 -5.641 -6.388 -6.969 -7.873 -8.473 -8.627
0.0152 0.01508 7.32600 11.1439867020 2.6269276301   11.145  4.428  3.6383  0.562    5  0.000  0.394     0.00     0.00     0.00     0.00     0.00 -1    -1e-30      0.00 6.838e-01 3.009e-01 1.745e-03 2.543e-03 5.904e-03 -1.000 1.532e-02 -6.300 -2.533 -4.213 -5.681 -6.413 -6.980 -7.865 -8.453 -8.601
0.0152 0.01508 7.32600 11.1441164017 2.6269277361   11.145  4.429  3.6436  0.583    5  0.000  0.394     0.00     0.00     0.00     0.00     0.00 -1    -1e-30      0.00 6.838e-01 3.009e-01 1.745e-03 2.544e-03 5.904e-03 -1.000 1.532e-02 -6.301 -2.693 -4.290 -5.728 -6.442 -6.993 -7.854 -8.428 -8.569
0.0152 0.01508 7.32600 11.1442518234 2.6269278469   11.146  4.429  3.6490  0.604    5  0.000  0.394     0.00     0.00     0.00     0.00     0.00 -1    -1e-30      0.00 6.838e-01 3.009e-01 1.745e-03 2.544e-03 5.904e-03 -1.000 1.532e-02 -6.303 -2.850 -4.366 -5.773 -6.470 -7.006 -7.843 -8.402 -8.536
0.0152 0.01508 7.32600 11.1443958282 2.6269279646   11.146  4.430  3.6543  0.625    5  0.000  0.394     0.00     0.00     0.00     0.00     0.00 -1    -1e-30      0.00 6.838e-01 3.009e-01 1.745e-03 2.544e-03 5.904e-03 -1.000 1.532e-02 -6.304 -3.004 -4.439 -5.815 -6.495 -7.017 -7.831 -8.376 -8.504
0.0152 0.01508 7.32600 11.1445150375 2.6269280621   11.146  4.430  3.6586  0.641    5  0.000  0.394     0.00     0.00     0.00     0.00     0.00 -1    -1e-30      0.00 6.838e-01 3.009e-01 1.745e-03 2.544e-03 5.904e-03 -1.000 1.532e-02 -6.305 -3.125 -4.497 -5.847 -6.514 -7.026 -7.821 -8.356 -8.478
0.0152 0.01508 7.32600 11.1446409225 2.6269281650   11.146  4.430  3.6628  0.658    5  0.000  0.394     0.00     0.00     0.00     0.00     0.00 -1    -1e-30      0.00 6.838e-01 3.009e-01 1.745e-03 2.544e-03 5.904e-03 -1.000 1.532e-02 -6.306 -3.230 -4.554 -5.873 -6.529 -7.034 -7.809 -8.340 -8.454
0.0152 0.01508 7.32600 11.1447734833 2.6269282734   11.146  4.430  3.6671  0.675    5  0.000  0.394     0.00     0.00     0.00     0.00     0.00 -1    -1e-30      0.00 6.838e-01 3.009e-01 1.745e-03 2.544e-03 5.904e-03 -1.000 1.532e-02 -6.306 -3.329 -4.609 -5.898 -6.544 -7.041 -7.798 -8.323 -8.429
0.0152 0.01508 7.32600 11.1449127197 2.6269283873   11.146  4.431  3.6713  0.692    5  0.000  0.394     0.00     0.00     0.00     0.00     0.00 -1    -1e-30      0.00 6.838e-01 3.009e-01 1.745e-03 2.544e-03 5.904e-03 -1.000 1.532e-02 -6.307 -3.421 -4.660 -5.921 -6.557 -7.048 -7.786 -8.306 -8.404
0.0152 0.01508 7.32600 11.1450986862 2.6269285393   11.146  4.431  3.6766  0.713    5  0.000  0.394     0.00     0.00     0.00     0.00     0.00 -1    -1e-30      0.00 6.838e-01 3.009e-01 1.745e-03 2.544e-03 5.904e-03 -1.000 1.532e-02 -6.307 -3.529 -4.721 -5.948 -6.571 -7.054 -7.771 -8.282 -8.373
0.0152 0.01508 7.32600 11.1453008652 2.6269287046   11.147  4.431  3.6819  0.734    5  0.000  0.394     0.00     0.00     0.00     0.00     0.00 -1    -1e-30      0.00 6.838e-01 3.009e-01 1.745e-03 2.544e-03 5.904e-03 -1.000 1.532e-02 -6.307 -3.630 -4.778 -5.973 -6.584 -7.060 -7.754 -8.257 -8.341
0.0152 0.01508 7.32600 11.1455221176 2.6269288855   11.147  4.431  3.6872  0.755    5  0.000  0.394     0.00     0.00     0.00     0.00     0.00 -1    -1e-30      0.00 6.838e-01 3.009e-01 1.745e-03 2.544e-03 5.904e-03 -1.000 1.532e-02 -6.307 -3.729 -4.832 -5.998 -6.596 -7.065 -7.737 -8.230 -8.307
0.0152 0.01508 7.32600 11.1457700729 2.6269290882   11.147  4.431  3.6924  0.776    5  0.000  0.394     0.00     0.00     0.00     0.00     0.00 -1    -1e-30      0.00 6.838e-01 3.009e-01 1.745e-03 2.544e-03 5.904e-03 -1.000 1.532e-02 -6.307 -3.841 -4.888 -6.025 -6.610 -7.069 -7.720 -8.198 -8.272
0.0152 0.01508 7.32600 11.1460514069 2.6269293182   11.147  4.431  3.6976  0.797    5  0.000  0.394     0.00     0.00     0.00     0.00     0.00 -1    -1e-30      0.00 6.838e-01 3.009e-01 1.745e-03 2.544e-03 5.904e-03 -1.000 1.532e-02 -6.307 -3.947 -4.942 -6.050 -6.621 -7.071 -7.702 -8.166 -8.238
0.0152 0.01508 7.32600 11.1463794708 2.6269295863   11.148  4.430  3.7028  0.818    5  0.000  0.394     0.00     0.00     0.00     0.00     0.00 -1    -1e-30      0.00 6.838e-01 3.009e-01 1.745e-03 2.544e-03 5.904e-03 -1.000 1.532e-02 -6.306 -4.049 -4.994 -6.074 -6.632 -7.071 -7.683 -8.133 -8.203
0.0152 0.01508 7.32600 11.1467790604 2.6269299129   11.148  4.430  3.7079  0.839    5  0.000  0.394     0.00     0.00     0.00     0.00     0.00 -1    -1e-30      0.00 6.838e-01 3.009e-01 1.745e-03 2.544e-03 5.904e-03 -1.000 1.532e-02 -6.305 -4.148 -5.046 -6.097 -6.641 -7.071 -7.664 -8.099 -8.167
0.0152 0.01508 7.32600 11.1471748352 2.6269302364   11.148  4.430  3.7119  0.855    5  0.000  0.394     0.00     0.00     0.00     0.00     0.00 -1    -1e-30      0.00 6.838e-01 3.009e-01 1.745e-03 2.544e-03 5.904e-03 -1.000 1.532e-02 -6.304 -4.223 -5.087 -6.114 -6.647 -7.069 -7.648 -8.072 -8.139
0.0152 0.01508 7.32600 11.1476793289 2.6269306487   11.149  4.429  3.7158  0.871    5  0.000  0.394     0.00     0.00     0.00     0.00     0.00 -1    -1e-30      0.00 6.838e-01 3.009e-01 1.745e-03 2.544e-03 5.904e-03 -1.000 1.532e-02 -6.303 -4.294 -5.125 -6.130 -6.653 -7.067 -7.632 -8.045 -8.111
0.0152 0.01508 7.32600 11.1483831406 2.6269312237   11.150  4.429  3.7196  0.887    5  0.000  0.394     0.00     0.00     0.00     0.00     0.00 -1    -1e-30      0.00 6.838e-01 3.009e-01 1.745e-03 2.544e-03 5.904e-03 -1.000 1.532e-02 -6.302 -4.362 -5.162 -6.146 -6.658 -7.065 -7.617 -8.019 -8.085
0.0152 0.01508 7.32600 11.1495456696 2.6269321735   11.151  4.428  3.7230  0.901    5  0.000  0.394     0.00     0.00     0.00     0.00     0.00 -1    -1e-30      0.00 6.838e-01 3.009e-01 1.745e-03 2.544e-03 5.904e-03 -1.000 1.532e-02 -6.301 -4.422 -5.196 -6.159 -6.661 -7.062 -7.602 -7.994 -8.060
0.0152 0.01508 7.32600 11.1561613083 2.6269375737   11.157  4.429  3.7257  0.912    5  0.000  0.394     0.00     0.00     0.00     0.00     0.00 -1    -1e-30      0.00 6.838e-01 3.009e-01 1.745e-03 2.544e-03 5.904e-03 -1.000 1.532e-02 -6.302 -4.471 -5.224 -6.171 -6.666 -7.061 -7.593 -7.977 -8.042
0.0152 0.01508 7.32600 11.1837329865 2.6269600010   11.185  4.433  3.7156  0.868    6  0.000  0.394     0.00     0.00     0.00     0.00     0.00 -1    -1e-30      0.00 6.837e-01 3.009e-01 1.745e-03 2.544e-03 5.903e-03 -1.000 1.532e-02 -6.313 -4.301 -5.134 -6.140 -6.663 -7.078 -7.643 -8.056 -8.123
0.0152 0.01508 7.32600 11.1954603195 2.6269695017   11.197  4.435  3.7088  0.839    6  0.000  0.394     0.00     0.00     0.00     0.00     0.00 -1    -1e-30      0.00 6.837e-01 3.009e-01 1.745e-03 2.545e-03 5.903e-03 -1.000 1.532e-02 -6.317 -4.178 -5.068 -6.114 -6.655 -7.083 -7.673 -8.105 -8.173
0.0152 0.01508 7.32600 11.2053461075 2.6269774927   11.207  4.436  3.7025  0.813    6  0.000  0.394     0.00     0.00     0.00     0.00     0.00 -1    -1e-30      0.00 6.837e-01 3.009e-01 1.745e-03 2.545e-03 5.903e-03 -1.000 1.533e-02 -6.321 -4.060 -5.007 -6.088 -6.646 -7.086 -7.699 -8.149 -8.219
0.0152 0.01508 7.32600 11.2113094330 2.6269823053   11.213  4.438  3.6979  0.793    6  0.000  0.394     0.00     0.00     0.00     0.00     0.00 -1    -1e-30      0.00 6.837e-01 3.009e-01 1.745e-03 2.545e-03 5.903e-03 -1.000 1.533e-02 -6.325 -3.971 -4.963 -6.070 -6.640 -7.089 -7.720 -8.183 -8.254
0.0152 0.01508 7.32600 11.2171354294 2.6269870013   11.218  4.440  3.6923  0.770    6  0.000  0.394     0.00     0.00     0.00     0.00     0.00 -1    -1e-30      0.00 6.837e-01 3.009e-01 1.745e-03 2.545e-03 5.903e-03 -1.000 1.533e-02 -6.329 -3.862 -4.909 -6.046 -6.631 -7.090 -7.742 -8.220 -8.294
0.0152 0.01508 7.32600 11.2218408585 2.6269907900   11.223  4.441  3.6872  0.748    6  0.000  0.394     0.00     0.00     0.00     0.00     0.00 -1    -1e-30      0.00 6.837e-01 3.009e-01 1.745e-03 2.545e-03 5.903e-03 -1.000 1.533e-02 -6.332 -3.755 -4.857 -6.022 -6.621 -7.090 -7.762 -8.254 -8.331
0.0152 0.01508 7.32600 11.2258453369 2.6269940114   11.227  4.442  3.6823  0.728    6  0.000  0.394     0.00     0.00     0.00     0.00     0.00 -1    -1e-30      0.00 6.837e-01 3.009e-01 1.744e-03 2.546e-03 5.903e-03 -1.000 1.533e-02 -6.334 -3.663 -4.809 -6.002 -6.612 -7.088 -7.780 -8.282 -8.365
0.0152 0.01508 7.32600 11.2301149368 2.6269974433   11.231  4.443  3.6763  0.703    6  0.000  0.394     0.00     0.00     0.00     0.00     0.00 -1    -1e-30      0.00 6.837e-01 3.009e-01 1.744e-03 2.546e-03 5.902e-03 -1.000 1.533e-02 -6.337 -3.551 -4.747 -5.976 -6.600 -7.084 -7.801 -8.313 -8.404
0.0152 0.01508 7.32600 11.2330579758 2.6269998071   11.234  4.443  3.6717  0.684    6  0.000  0.394     0.00     0.00     0.00     0.00     0.00 -1    -1e-30      0.00 6.837e-01 3.009e-01 1.744e-03 2.546e-03 5.902e-03 -1.000 1.533e-02 -6.338 -3.459 -4.696 -5.955 -6.589 -7.080 -7.817 -8.335 -8.433
0.0152 0.01508 7.32600 11.2356529236 2.6270018901   11.237  4.444  3.6672  0.666    6  0.000  0.394     0.00     0.00     0.00     0.00     0.00 -1    -1e-30      0.00 6.837e-01 3.009e-01 1.744e-03 2.546e-03 5.902e-03 -1.000 1.533e-02 -6.339 -3.362 -4.643 -5.932 -6.577 -7.074 -7.831 -8.355 -8.461
0.0152 0.01508 7.32600 11.2384738922 2.6270041533   11.240  4.444  3.6617  0.644    6  0.000  0.394     0.00     0.00     0.00     0.00     0.00 -1    -1e-30      0.00 6.837e-01 3.009e-01 1.744e-03 2.546e-03 5.902e-03 -1.000 1.533e-02 -6.340 -3.234 -4.573 -5.901 -6.560 -7.067 -7.847 -8.378 -8.494
0.0152 0.01508 7.32600 11.2404470444 2.6270057356   11.242  4.444  3.6574  0.627    6  0.000  0.394     0.00     0.00     0.00     0.00     0.00 -1    -1e-30      0.00 6.837e-01 3.009e-01 1.744e-03 2.546e-03 5.902e-03 -1.000 1.533e-02 -6.340 -3.123 -4.515 -5.874 -6.545 -7.059 -7.859 -8.396 -8.520
0.0152 0.01508 7.32600 11.2422113419 2.6270071498   11.243  4.444  3.6532  0.610    6  0.000  0.394     0.00     0.00     0.00     0.00     0.00 -1    -1e-30      0.00 6.837e-01 3.009e-01 1.744e-03 2.546e-03 5.902e-03 -1.000 1.533e-02 -6.340 -3.002 -4.458 -5.842 -6.526 -7.052 -7.870 -8.418 -8.547
0.0152 0.01508 7.32600 11.2441482544 2.6270087018   11.245  4.444  3.6479  0.589    6  0.000  0.394     0.00     0.00     0.00     0.00     0.00 -1    -1e-30      0.00 6.837e-01 3.009e-01 1.744e-03 2.546e-03 5.902e-03 -1.000 1.533e-02 -6.340 -2.850 -4.387 -5.801 -6.501 -7.041 -7.883 -8.444 -8.580
0.0152 0.01508 7.32600 11.2455120087 2.6270097942   11.247  4.444  3.6438  0.573    6  0.000  0.394     0.00     0.00     0.00     0.00     0.00 -1    -1e-30      0.00 6.837e-01 3.009e-01 1.744e-03 2.546e-03 5.902e-03 -1.000 1.533e-02 -6.339 -2.729 -4.328 -5.767 -6.480 -7.032 -7.892 -8.465 -8.605
0.0152 0.01508 7.32600 11.2467260361 2.6270107664   11.248  4.443  3.6397  0.557    6  0.000  0.394     0.00     0.00     0.00     0.00     0.00 -1    -1e-30      0.00 6.837e-01 3.009e-01 1.744e-03 2.546e-03 5.902e-03 -1.000 1.533e-02 -6.338 -2.606 -4.270 -5.732 -6.459 -7.022 -7.901 -8.484 -8.630
0.0152 0.01508 7.32600 11.2478065491 2.6270116315   11.249  4.443  3.6356  0.541    6  0.000  0.394     0.00     0.00     0.00     0.00     0.00 -1    -1e-30      0.00 6.837e-01 3.009e-01 1.744e-03 2.546e-03 5.902e-03 -1.000 1.533e-02 -6.337 -2.482 -4.209 -5.694 -6.436 -7.011 -7.908 -8.504 -8.655
0.0152 0.01508 7.32600 11.2487659454 2.6270123994   11.250  4.442  3.6316  0.525    6  0.000  0.394     0.00     0.00     0.00     0.00     0.00 -1    -1e-30      0.00 6.837e-01 3.009e-01 1.744e-03 2.546e-03 5.902e-03 -1.000 1.533e-02 -6.336 -2.358 -4.148 -5.656 -6.412 -7.000 -7.915 -8.522 -8.679
0.0152 0.01508 7.32600 11.2496185303 2.6270130817   11.251  4.442  3.6275  0.510    6  0.000  0.394     0.00     0.00     0.00     0.00     0.00 -1    -1e-30      0.00 6.837e-01 3.010e-01 1.744e-03 2.546e-03 5.902e-03 -1.000 1.533e-02 -6.334 -2.236 -4.086 -5.616 -6.387 -6.989 -7.922 -8.541 -8.703
0.0152 0.01508 7.32600 11.2503805161 2.6270136914   11.251  4.441  3.6236  0.495    6  0.000  0.394     0.00     0.00     0.00     0.00     0.00 -1    -1e-30      0.00 6.837e-01 3.010e-01 1.744e-03 2.546e-03 5.902e-03 -1.000 1.533e-02 -6.332 -2.115 -4.023 -5.575 -6.361 -6.976 -7.928 -8.559 -8.726
0.0152 0.01508 7.32600 11.2510623932 2.6270142370   11.252  4.440  3.6196  0.480    6  0.000  0.394     0.00     0.00     0.00     0.00     0.00 -1    -1e-30      0.00 6.837e-01 3.010e-01 1.744e-03 2.546e-03 5.902e-03 -1.000 1.533e-02 -6.330 -1.993 -3.958 -5.532 -6.334 -6.964 -7.933 -8.576 -8.749
0.0152 0.01508 7.32600 11.2516822815 2.6270147328   11.253  4.439  3.6157  0.465    6  0.000  0.394     0.00     0.00     0.00     0.00     0.00 -1    -1e-30      0.00 6.837e-01 3.010e-01 1.744e-03 2.546e-03 5.902e-03 -1.000 1.533e-02 -6.328 -1.875 -3.892 -5.486 -6.304 -6.951 -7.938 -8.594 -8.771
0.0152 0.01508 7.32600 11.2522487640 2.6270151859   11.253  4.438  3.6117  0.450    6  0.000  0.394     0.00     0.00     0.00     0.00     0.00 -1    -1e-30      0.00 6.837e-01 3.010e-01 1.744e-03 2.546e-03 5.902e-03 -1.000 1.533e-02 -6.325 -1.758 -3.826 -5.440 -6.274 -6.937 -7.943 -8.610 -8.793
0.0152 0.01508 7.32600 11.2527761459 2.6270156077   11.254  4.437  3.6079  0.436    6  0.000  0.394     0.00     0.00     0.00     0.00     0.00 -1    -1e-30      0.00 6.837e-01 3.010e-01 1.744e-03 2.546e-03 5.902e-03 -1.000 1.533e-02 -6.322 -1.646 -3.758 -5.392 -6.242 -6.923 -7.946 -8.626 -8.814
0.0152 0.01508 7.32600 11.2532911301 2.6270160195   11.255  4.435  3.6041  0.423    6  0.000  0.394     0.00     0.00     0.00     0.00     0.00 -1    -1e-30      0.00 6.837e-01 3.010e-01 1.744e-03 2.546e-03 5.902e-03 -1.000 1.533e-02 -6.318 -1.537 -3.689 -5.340 -6.207 -6.907 -7.949 -8.642 -8.835
0.0152 0.01508 7.32600 11.2538242340 2.6270164458   11.255  4.433  3.6004  0.410    6  0.000  0.394     0.00     0.00     0.00     0.00     0.00 -1    -1e-30      0.00 6.837e-01 3.010e-01 1.744e-03 2.546e-03 5.902e-03 -1.000 1.533e-02 -6.312 -1.431 -3.621 -5.289 -6.172 -6.890 -7.950 -8.655 -8.853
0.0152 0.01508 7.32600 11.2544298172 2.6270169300   11.256  4.429  3.5967  0.399    6  0.000  0.394     0.00     0.00     0.00     0.00     0.00 -1    -1e-30      0.00 6.837e-01 3.010e-01 1.744e-03 2.546e-03 5.902e-03 -1.000 1.533e-02 -6.303 -1.333 -3.548 -5.230 -6.129 -6.870 -7.948 -8.664 -8.867
0.0152 0.01508 7.32600 11.2551937103 2.6270175406   11.256  4.424  3.5933  0.390    6  0.000  0.394     0.00     0.00     0.00     0.00     0.00 -1    -1e-30      0.00 6.837e-01 3.010e-01 1.744e-03 2.546e-03 5.902e-03 -1.000 1.533e-02 -6.290 -1.240 -3.475 -5.169 -6.084 -6.846 -7.940 -8.668 -8.876
0.0152 0.01508 7.32600 11.2564859390 2.6270185734   11.258  4.415  3.5906  0.389    6  0.000  0.394     0.00     0.00     0.00     0.00     0.00 -1    -1e-30      0.00 6.837e-01 3.010e-01 1.744e-03 2.546e-03 5.902e-03 -1.000 1.533e-02 -6.267 -1.156 -3.405 -5.108 -6.035 -6.814 -7.921 -8.659 -8.870
0.0152 0.01508 7.32600 11.2577743530 2.6270196028   11.259  4.403  3.5881  0.391    6  0.000  0.394     0.00     0.00     0.00     0.00     0.00 -1    -1e-30      0.00 6.837e-01 3.010e-01 1.744e-03 2.546e-03 5.902e-03 -1.000 1.533e-02 -6.238 -1.081 -3.332 -5.040 -5.978 -6.776 -7.896 -8.643 -8.857
0.0152 0.01508 7.32600 11.2593488693 2.6270208605   11.260  4.405  3.5845  0.374    6  0.000  0.394     0.00     0.00     0.00     0.00     0.00 -1    -1e-30      0.00 6.837e-01 3.010e-01 1.744e-03 2.546e-03 5.902e-03 -1.000 1.533e-02 -6.243 -1.005 -3.268 -4.985 -5.941 -6.769 -7.908 -8.666 -8.885
0.0152 0.01508 7.32600 11.2606716156 2.6270219167   11.262  4.417  3.5824  0.354    6  0.000  0.394     0.00     0.00     0.00     0.00     0.00 -1    -1e-30      0.00 6.837e-01 3.010e-01 1.744e-03 2.546e-03 5.902e-03 -1.000 1.533e-02 -6.271 -0.976 -3.253 -4.978 -5.945 -6.791 -7.942 -8.705 -8.927
0.0152 0.01508 7.32600 11.2761049271 2.6270342196   11.277  4.448  3.5775  0.304    6  0.000  0.394     0.00     0.00     0.00     0.00     0.00 -1    -1e-30      0.00 6.837e-01 3.010e-01 1.744e-03 2.547e-03 5.902e-03 -1.000 1.533e-02 -6.350 -0.929 -3.224 -4.963 -5.958 -6.852 -8.032 -8.808 -9.038
0.0152 0.01508 7.32600 11.2829818726 2.6270396892   11.284  4.487  3.5722  0.245    6  0.000  0.394     0.00     0.00     0.00     0.00     0.00 -1    -1e-30      0.00 6.837e-01 3.010e-01 1.744e-03 2.547e-03 5.901e-03 -1.000 1.533e-02 -6.447 -0.891 -3.193 -4.945 -5.973 -6.928 -8.142 -8.931 -9.169
0.0152 0.01508 7.32600 11.2836503983 2.6270402205   11.285  4.518  3.5684  0.198    7  0.000  0.394   235.33   110.83    72.96    53.48    44.46  4    -1e-30      0.00 6.837e-01 3.010e-01 1.744e-03 2.547e-03 5.901e-03 -1.000 1.533e-02 -6.526 -0.875 -3.176 -4.935 -5.988 -6.991 -8.231 -9.029 -9.274
0.0152 0.01508 7.32600 11.2867746353 2.6270427025   11.288  4.569  3.5624  0.124    7  0.000  0.393   280.25   126.74    82.94    60.92    50.66  3    -1e-30      0.00 6.837e-01 3.010e-01 1.741e-03 2.550e-03 5.901e-03 -1.000 1.533e-02 -6.652 -0.858 -3.136 -4.899 -5.998 -7.088 -8.373 -9.185 -9.439
0.0152 0.01508 7.32600 11.2878885269 2.6270435870   11.289  4.605  3.5583  0.071    7  0.000  0.391   310.68   139.47    90.87    66.84    55.59  3    -1e-30      0.00 6.837e-01 3.010e-01 1.732e-03 2.561e-03 5.901e-03 -1.000 1.533e-02 -6.742 -0.850 -3.105 -4.865 -6.000 -7.155 -8.476 -9.297 -9.558
0.0152 0.01508 7.32600 11.2888097763 2.6270443184   11.290  4.633  3.5551  0.030    7  0.000  0.390   330.53   150.08    97.47    71.76    59.70  3    -1e-30      0.00 6.837e-01 3.010e-01 1.727e-03 2.567e-03 5.901e-03 -1.000 1.532e-02 -6.812 -0.846 -3.073 -4.827 -5.994 -7.204 -8.556 -9.382 -9.649
0.0152 0.01508 7.32600 11.2899599075 2.6270452314   11.291  4.668  3.5511 -0.020    7  0.000  0.389   357.01   164.42   106.34    78.40    65.24  3    -1e-30      0.00 6.837e-01 3.010e-01 1.719e-03 2.578e-03 5.899e-03 -1.000 1.530e-02 -6.899 -0.841 -3.031 -4.777 -5.984 -7.265 -8.654 -9.489 -9.762
0.0152 0.01508 7.32600 11.2912797928 2.6270462788   11.292  4.702  3.5470 -0.072    7  0.000  0.387   386.08   180.38   116.18    85.77    71.39  3    -1e-30      0.00 6.837e-01 3.010e-01 1.712e-03 2.589e-03 5.895e-03 -1.000 1.533e-02 -6.986 -0.836 -2.967 -4.699 -5.958 -7.317 -8.755 -9.597 -9.877
0.0152 0.01508 7.32600 11.2928581238 2.6270475309   11.294  4.739  3.5427 -0.126    7  0.000  0.386   419.37   198.94   127.57    94.32    78.52  0    -1e-30      0.00 6.836e-01 3.011e-01 1.706e-03 2.599e-03 5.892e-03 -1.000 1.533e-02 -7.078 -0.832 -2.893 -4.605 -5.923 -7.368 -8.862 -9.711 -9.998
0.0152 0.01508 7.32600 11.2947874069 2.6270490609   11.296  4.779  3.5383 -0.182    7  0.000  0.385   457.36   220.45   140.71   104.19    86.76  0    -1e-30      0.00 6.834e-01 3.012e-01 1.701e-03 2.610e-03 5.886e-03 -1.000 1.537e-02 -7.176 -0.831 -2.810 -4.501 -5.885 -7.418 -8.975 -9.830 -10.126
0.0152 0.01508 7.32600 11.2966213226 2.6270505147   11.298  4.809  3.5350 -0.226    7  0.000  0.385   488.64   238.41   151.64   112.42    93.63  0    -1e-30      0.00 6.830e-01 3.017e-01 1.697e-03 2.621e-03 5.878e-03 -1.000 1.535e-02 -7.251 -0.830 -2.732 -4.403 -5.847 -7.448 -9.061 -9.922 -10.224
0.0152 0.01508 7.32600 11.3004865646 2.6270535770   11.302  4.846  3.5308 -0.280    7  0.000  0.385   530.90   263.01   166.55   123.64   103.01  0    -1e-30      0.00 6.810e-01 3.037e-01 1.690e-03 2.652e-03 5.855e-03 -1.000 1.534e-02 -7.345 -0.829 -2.634 -4.278 -5.797 -7.484 -9.170 -10.036 -10.346
0.0152 0.01508 7.32600 11.3129110336 2.6270634044   11.314  4.885  3.5270 -0.333    7  0.000  0.385   575.90   289.59   182.59   135.74   113.11  0    -1e-30      0.00 6.700e-01 3.147e-01 1.662e-03 2.774e-03 5.755e-03 -1.000 1.531e-02 -7.442 -0.836 -2.529 -4.147 -5.749 -7.506 -9.281 -10.150 -10.468
0.0152 0.01508 7.32600 11.3277196884 2.6270750851   11.329  4.892  3.5273 -0.339    7  0.000  0.386   581.15   292.69   184.47   137.15   114.29  0    -1e-30      0.00 6.515e-01 3.332e-01 1.620e-03 2.961e-03 5.602e-03 -1.000 1.530e-02 -7.460 -0.854 -2.560 -4.183 -5.780 -7.532 -9.299 -10.168 -10.485
# Zini     MH   logAge Mini        int_IMF         Mass   logL    logTe  logg  label   McoreTP C_O  period0  period1  period2  period3  period4  pmode  Mloss  tau1m   X   Y   Xc  Xn  Xo  Cexcess  Z 	 mbolmag  Umag    Bmag    Vmag    Rmag    Imag    Jmag    Hmag    Kmag
0.0152 0.01508 7.37600 0.0900000036 1.0816895926    0.090 -2.319  3.4024  4.272    0  0.000  0.545     0.00     0.00     0.00     0.00     0.00 -1 -1.49e-15      0.00 7.092e-01 2.755e-01 2.746e-03 7.408e-04 6.719e-03 -1.000 1.527e-02 10.566 18.256 16.580 15.032 13.124 10.992 8.502 7.916 7.544
0.0152 0.01508 7.37600 0.0969327241 1.1449612688    0.097 -2.271  3.4077  4.278    0  0.000  0.545     0.00     0.00     0.00     0.00     0.00 -1 -1.59e-15      0.00 7.092e-01 2.755e-01 2.746e-03 7.408e-04 6.719e-03 -1.000 1.527e-02 10.447 18.146 16.464 14.914 13.006 10.873 8.383 7.796 7.424
0.0152 0.01508 7.37600 0.1000000015 1.1711064122    0.100 -2.249  3.4100  4.279    0  0.000  0.545     0.00     0.00     0.00     0.00     0.00 -1 -1.64e-15      0.00 7.092e-01 2.755e-01 2.746e-03 7.408e-04 6.719e-03 -1.000 1.527e-02 10.393 18.094 16.411 14.861 12.952 10.819 8.329 7.742 7.371
0.0152 0.01508 7.37600 0.1137791723 1.2768776648    0.114 -2.165  3.4191  4.287    0  0.000  0.545     0.00     0.00     0.00     0.00     0.00 -1 -1.85e-15      0.00 7.092e-01 2.755e-01 2.746e-03 7.408e-04 6.719e-03 -1.000 1.527e-02 10.183 17.807 16.135 14.586 12.696 10.579 8.122 7.535 7.165
0.0152 0.01508 7.37600 0.1200000122 1.3193155232    0.120 -2.129  3.4230  4.290    0  0.000  0.545     0.00     0.00     0.00     0.00     0.00 -1 -1.96e-15      0.00 7.092e-01 2.755e-01 2.746e-03 7.408e-04 6.719e-03 -1.000 1.527e-02 10.092 17.572 15.930 14.384 12.530 10.440 8.039 7.450 7.083
0.0152 0.01508 7.37600 0.1400000006 1.4384526719    0.140 -2.026  3.4342  4.299    0  0.000  0.545     0.00     0.00     0.00     0.00     0.00 -1 -2.27e-15      0.00 7.092e-01 2.755e-01 2.746e-03 7.408e-04 6.719e-03 -1.000 1.527e-02 9.834 16.860 15.309 13.781 12.035 10.030 7.803 7.212 6.855
0.0152 0.01508 7.37600 0.1502744853 1.4913676425    0.150 -1.980  3.4395  4.304    0  0.000  0.545     0.00     0.00     0.00     0.00     0.00 -1 -2.42e-15      0.00 7.092e-01 2.755e-01 2.746e-03 7.408e-04 6.719e-03 -1.000 1.527e-02 9.719 16.549 15.034 13.519 11.819 9.851 7.697 7.104 6.754
0.0152 0.01508 7.37600 0.1787595749 1.6164024270    0.179 -1.865  3.4521  4.316    0  0.000  0.545     0.00     0.00     0.00     0.00     0.00 -1 -2.85e-15      0.00 7.092e-01 2.755e-01 2.746e-03 7.408e-04 6.719e-03 -1.000 1.527e-02 9.434 15.826 14.388 12.898 11.304 9.426 7.436 6.839 6.503
0.0152 0.01508 7.37600 0.1958385706 1.6795673625    0.196 -1.806  3.4585  4.322    0  0.000  0.545     0.00     0.00     0.00     0.00     0.00 -1  -3.1e-15      0.00 7.092e-01 2.755e-01 2.746e-03 7.408e-04 6.719e-03 -1.000 1.527e-02 9.284 15.465 14.061 12.577 11.037 9.210 7.300 6.701 6.372
0.0152 0.01508 7.37600 0.2102885097 1.7276599723    0.210 -1.761  3.4635  4.327    0  0.000  0.545     0.00     0.00     0.00     0.00     0.00 -1 -3.28e-15      0.00 7.092e-01 2.755e-01 2.746e-03 7.408e-04 6.719e-03 -1.000 1.527e-02 9.172 15.207 13.824 12.346 10.844 9.052 7.198 6.596 6.273
0.0152 0.01508 7.37600 0.2135802507 1.7380170349    0.214 -1.751  3.4645  4.329    0  0.000  0.545     0.00     0.00     0.00     0.00     0.00 -1 -3.32e-15      0.00 7.092e-01 2.755e-01 2.746e-03 7.408e-04 6.719e-03 -1.000 1.527e-02 9.147 15.152 13.773 12.298 10.803 9.019 7.176 6.573 6.252
0.0152 0.01508 7.37600 0.2246279716 1.7713155096    0.225 -1.717  3.4679  4.331    0  0.000  0.545     0.00     0.00     0.00     0.00     0.00 -1 -3.51e-15      0.00 7.092e-01 2.755e-01 2.746e-03 7.408e-04 6.719e-03 -1.000 1.527e-02 9.063 14.968 13.605 12.135 10.665 8.906 7.098 6.494 6.177
0.0152 0.01508 7.37600 0.2443661541 1.8258124237    0.244 -1.663  3.4737  4.336    0  0.000  0.545     0.00     0.00     0.00     0.00     0.00 -1  -3.8e-15      0.00 7.092e-01 2.755e-01 2.746e-03 7.408e-04 6.719e-03 -1.000 1.527e-02 8.927 14.672 13.330 11.869 10.439 8.722 6.974 6.366 6.057
0.0152 0.01508 7.37600 0.2634697258 1.8733655812    0.263 -1.615  3.4789  4.341    0  0.000  0.545     0.00     0.00     0.00     0.00     0.00 -1 -4.06e-15      0.00 7.092e-01 2.755e-01 2.746e-03 7.408e-04 6.719e-03 -1.000 1.527e-02 8.807 14.416 13.091 11.636 10.241 8.562 6.865 6.254 5.951
0.0152 0.01508 7.37600 0.2918490171 1.9362960758    0.292 -1.549  3.4860  4.348    0  0.000  0.545     0.00     0.00     0.00     0.00     0.00 -1 -4.46e-15      0.00 7.092e-01 2.755e-01 2.746e-03 7.408e-04 6.719e-03 -1.000 1.527e-02 8.642 14.077 12.768 11.313 9.963 8.345 6.717 6.101 5.807
0.0152 0.01508 7.37600 0.3000000119 1.9529139769    0.300 -1.531  3.4879  4.350    0  0.000  0.545     0.00     0.00     0.00     0.00     0.00 -1 -4.57e-15      0.00 7.092e-01 2.755e-01 2.746e-03 7.408e-04 6.719e-03 -1.000 1.527e-02 8.597 13.986 12.680 11.224 9.887 8.287 6.678 6.059 5.768
0.0152 0.01508 7.37600 0.3143121600 1.9807184832    0.314 -1.503  3.4910  4.354    0  0.000  0.545     0.00     0.00     0.00     0.00     0.00 -1 -4.75e-15      0.00 7.092e-01 2.755e-01 2.746e-03 7.408e-04 6.719e-03 -1.000 1.527e-02 8.526 13.846 12.545 11.091 9.771 8.196 6.614 5.993 5.706
0.0152 0.01508 7.37600 0.3500000238 2.0434175133    0.350 -1.435  3.4981  4.361    0  0.000  0.545     0.00     0.00     0.00     0.00     0.00 -1 -5.22e-15      0.00 7.092e-01 2.755e-01 2.746e-03 7.408e-04 6.719e-03 -1.000 1.527e-02 8.357 13.527 12.238 10.798 9.518 7.986 6.461 5.832 5.554
0.0152 0.01508 7.37600 0.3842926323 2.0962914692    0.384 -1.376  3.5043  4.368    0  0.000  0.545     0.00     0.00     0.00     0.00     0.00 -1 -5.65e-15      0.00 7.092e-01 2.755e-01 2.746e-03 7.408e-04 6.719e-03 -1.000 1.527e-02 8.210 13.260 11.978 10.549 9.301 7.807 6.328 5.693 5.422
0.0152 0.01508 7.37600 0.4000000358 2.1185024810    0.400 -1.351  3.5070  4.371    0  0.000  0.545     0.00     0.00     0.00     0.00     0.00 -1 -5.84e-15      0.00 7.092e-01 2.755e-01 2.746e-03 7.408e-04 6.719e-03 -1.000 1.527e-02 8.148 13.149 11.869 10.444 9.210 7.732 6.272 5.634 5.366
0.0152 0.01508 7.37600 0.4076811373 2.1289552139    0.408 -1.339  3.5084  4.373    0  0.000  0.545     0.00     0.00     0.00     0.00     0.00 -1 -5.94e-15      0.00 7.092e-01 2.755e-01 2.746e-03 7.408e-04 6.719e-03 -1.000 1.527e-02 8.118 13.092 11.814 10.391 9.164 7.694 6.245 5.605 5.339
0.0152 0.01508 7.37600 0.4500000477 2.1822809714    0.450 -1.275  3.5156  4.381    0  0.000  0.545     0.00     0.00     0.00     0.00     0.00 -1 -6.48e-15      0.00 7.092e-01 2.755e-01 2.746e-03 7.408e-04 6.719e-03 -1.000 1.527e-02 7.958 12.811 11.534 10.120 8.927 7.502 6.103 5.455 5.197
0.0152 0.01508 7.37600 0.4533163011 2.1861827041    0.453 -1.271  3.5162  4.382    0  0.000  0.545     0.00     0.00     0.00     0.00     0.00 -1 -6.52e-15      0.00 7.092e-01 2.755e-01 2.746e-03 7.408e-04 6.719e-03 -1.000 1.527e-02 7.947 12.790 11.512 10.099 8.909 7.487 6.092 5.444 5.186
0.0152 0.01508 7.37600 0.5000000000 2.2374541529    0.500 -1.206  3.5240  4.391    0  0.000  0.545     0.00     0.00     0.00     0.00     0.00 -1 -7.14e-15      0.00 7.092e-01 2.755e-01 2.746e-03 7.408e-04 6.719e-03 -1.000 1.527e-02 7.785 12.508 11.227 9.821 8.665 7.293 5.949 5.292 5.042
0.0152 0.01508 7.37600 0.5264509916 2.2631538323    0.526 -1.169  3.5286  4.394    0  0.000  0.545     0.00     0.00     0.00     0.00     0.00 -1 -7.55e-15      0.00 7.092e-01 2.755e-01 2.746e-03 7.408e-04 6.719e-03 -1.000 1.527e-02 7.691 12.348 11.062 9.660 8.524 7.182 5.868 5.206 4.960
0.0152 0.01508 7.37600 0.5500000119 2.2836582633    0.550 -1.137  3.5324  4.396    0  0.000  0.545     0.00     0.00     0.00     0.00     0.00 -1 -7.94e-15      0.00 7.092e-01 2.755e-01 2.746e-03 7.408e-04 6.719e-03 -1.000 1.527e-02 7.611 12.217 10.927 9.528 8.408 7.089 5.798 5.131 4.889
0.0152 0.01508 7.37600 0.5776953697 2.3053301143    0.577 -1.099  3.5374  4.400    0  0.000  0.545     0.00     0.00     0.00     0.00     0.00 -1  -8.4e-15      0.00 7.092e-01 2.755e-01 2.746e-03 7.408e-04 6.719e-03 -1.000 1.527e-02 7.518 12.057 10.760 9.367 8.266 6.978 5.717 5.045 4.807
0.0152 0.01508 7.37600 0.6000000238 2.3211213258    0.600 -1.067  3.5413  4.400    0  0.000  0.545     0.00     0.00     0.00     0.00     0.00 -1 -8.87e-15      0.00 7.092e-01 2.755e-01 2.746e-03 7.408e-04 6.719e-03 -1.000 1.527e-02 7.437 11.928 10.624 9.235 8.149 6.886 5.647 4.971 4.737
0.0152 0.01508 7.37600 0.6102296710 2.3279212279    0.610 -1.054  3.5434  4.403    0  0.000  0.545     0.00     0.00     0.00     0.00     0.00 -1 -9.04e-15      0.00 7.092e-01 2.755e-01 2.746e-03 7.408e-04 6.719e-03 -1.000 1.527e-02 7.405 11.869 10.562 9.173 8.095 6.846 5.620 4.942 4.709
0.0152 0.01508 7.37600 0.6499999762 2.3520353107    0.650 -0.994  3.5521  4.405    0  0.000  0.545     0.00     0.00     0.00     0.00     0.00 -1    -1e-14      0.00 7.092e-01 2.755e-01 2.746e-03 7.408e-04 6.719e-03 -1.000 1.527e-02 7.255 11.620 10.294 8.910 7.862 6.672 5.493 4.807 4.583
0.0152 0.01508 7.37600 0.6639412642 2.3597060777    0.664 -0.972  3.5559  4.407    0  0.000  0.545     0.00     0.00     0.00     0.00     0.00 -1 -1.04e-14      0.00 7.092e-01 2.755e-01 2.746e-03 7.408e-04 6.719e-03 -1.000 1.527e-02 7.199 11.523 10.189 8.805 7.769 6.606 5.448 4.758 4.538
0.0152 0.01508 7.37600 0.7000000477 2.3779267258    0.700 -0.905  3.5666  4.406    0  0.000  0.545     0.00     0.00     0.00     0.00     0.00 -1 -1.18e-14      0.00 7.092e-01 2.755e-01 2.746e-03 7.408e-04 6.719e-03 -1.000 1.527e-02 7.032 11.246 9.883 8.501 7.498 6.413 5.311 4.610 4.402
0.0152 0.01508 7.37600 0.7358195782 2.3940083860    0.736 -0.779  3.6119  4.483    0  0.000  0.540     0.00     0.00     0.00     0.00     0.00 -1 -1.41e-14      0.00 7.092e-01 2.755e-01 2.719e-03 7.401e-04 6.720e-03 -1.000 1.527e-02 6.717 10.478 9.023 7.706 6.813 6.030 5.110 4.395 4.251
0.0152 0.01508 7.37600 0.7500000000 2.3998889087    0.750 -0.729  3.6293  4.511    0  0.000  0.538     0.00     0.00     0.00     0.00     0.00 -1 -1.52e-14      0.00 7.092e-01 2.755e-01 2.709e-03 7.399e-04 6.720e-03 -1.000 1.527e-02 6.593 10.139 8.680 7.422 6.574 5.890 5.026 4.329 4.209
0.0152 0.01508 7.37600 0.7750948071 2.4096916740    0.775 -0.688  3.6344  4.504    0  0.000  0.538     0.00     0.00     0.00     0.00     0.00 -1 -1.65e-14      0.00 7.092e-01 2.755e-01 2.709e-03 7.399e-04 6.720e-03 -1.000 1.527e-02 6.489 9.951 8.506 7.271 6.439 5.784 4.936 4.244 4.131
0.0152 0.01508 7.37600 0.8000000119 2.4187244405    0.800 -0.639  3.6406  4.494    0  0.000  0.538     0.00     0.00     0.00     0.00     0.00 -1 -1.83e-14      0.00 7.092e-01 2.755e-01 2.709e-03 7.399e-04 6.720e-03 -1.000 1.527e-02 6.366 9.719 8.298 7.091 6.280 5.659 4.831 4.145 4.042
0.0152 0.01508 7.37600 0.8041929007 2.4201819978    0.804 -0.630  3.6418  4.493    0  0.000  0.538     0.00     0.00     0.00     0.00     0.00 -1 -1.87e-14      0.00 7.092e-01 2.755e-01 2.709e-03 7.399e-04 6.720e-03 -1.000 1.527e-02 6.345 9.671 8.260 7.059 6.252 5.637 4.813 4.130 4.028
0.0152 0.01508 7.37600 0.8484190702 2.4345527194    0.848 -0.529  3.6571  4.476    0  0.000  0.538     0.00     0.00     0.00     0.00     0.00 -1 -2.33e-14      0.00 7.092e-01 2.755e-01 2.709e-03 7.399e-04 6.720e-03 -1.000 1.527e-02 6.093 9.063 7.798 6.671 5.919 5.373 4.605 3.968 3.875
0.0152 0.01508 7.37600 0.8500000238 2.4350346840    0.850 -0.525  3.6577  4.475    0  0.000  0.538     0.00     0.00     0.00     0.00     0.00 -1 -2.35e-14      0.00 7.092e-01 2.755e-01 2.709e-03 7.399e-04 6.720e-03 -1.000 1.527e-02 6.083 9.038 7.780 6.656 5.907 5.362 4.597 3.962 3.870
0.0152 0.01508 7.37600 0.8814963102 2.4442237263    0.881 -0.444  3.6712  4.464    0  0.000  0.538     0.00     0.00     0.00     0.00     0.00 -1 -2.81e-14      0.00 7.092e-01 2.755e-01 2.709e-03 7.398e-04 6.720e-03 -1.000 1.527e-02 5.880 8.516 7.404 6.347 5.652 5.150 4.434 3.843 3.759
0.0152 0.01508 7.37600 0.9000000358 2.4492786175    0.899 -0.393  3.6799  4.457    0  0.000  0.538     0.00     0.00     0.00     0.00     0.00 -1 -3.16e-14      0.00 7.092e-01 2.755e-01 2.709e-03 7.398e-04 6.720e-03 -1.000 1.527e-02 5.753 8.179 7.170 6.156 5.497 5.017 4.334 3.774 3.694
0.0152 0.01508 7.37600 0.9026035070 2.4499707387    0.902 -0.386  3.6812  4.456    0  0.000  0.538     0.00     0.00     0.00     0.00     0.00 -1 -3.21e-14      0.00 7.092e-01 2.755e-01 2.709e-03 7.398e-04 6.720e-03 -1.000 1.527e-02 5.735 8.135 7.139 6.130 5.476 4.999 4.320 3.764 3.684
0.0152 0.01508 7.37600 0.9330121875 2.4577269391    0.932 -0.297  3.6967  4.443    0  0.000  0.538     0.00     0.00     0.00     0.00     0.00 -1 -3.93e-14      0.00 7.092e-01 2.755e-01 2.709e-03 7.398e-04 6.720e-03 -1.000 1.527e-02 5.512 7.595 6.756 5.815 5.218 4.775 4.148 3.638 3.566
0.0152 0.01508 7.37600 0.9500000477 2.4618122009    0.950 -0.245  3.7056  4.435    0  0.000  0.538     0.00     0.00     0.00     0.00     0.00 -1 -4.42e-14      0.00 7.092e-01 2.755e-01 2.709e-03 7.398e-04 6.720e-03 -1.000 1.527e-02 5.384 7.290 6.543 5.639 5.073 4.648 4.050 3.568 3.500
0.0152 0.01508 7.37600 0.9681442380 2.4659939554    0.968 -0.189  3.7152  4.426    0  0.000  0.538     0.00     0.00     0.00     0.00     0.00 -1 -5.04e-14      0.00 7.092e-01 2.755e-01 2.709e-03 7.398e-04 6.720e-03 -1.000 1.527e-02 5.243 6.970 6.319 5.454 4.918 4.510 3.945 3.489 3.425
0.0152 0.01508 7.37600 0.9903167486 2.4708656459    0.990 -0.118  3.7272  4.413    0  0.000  0.538     0.00     0.00     0.00     0.00     0.00 -1 -5.96e-14      0.00 7.092e-01 2.755e-01 2.709e-03 7.398e-04 6.719e-03 -1.000 1.527e-02 5.066 6.582 6.048 5.228 4.727 4.339 3.811 3.389 3.329
0.0152 0.01508 7.37600 1.0000000000 2.4729154477    1.000 -0.087  3.7325  4.407    0  0.000  0.538     0.00     0.00     0.00     0.00     0.00 -1 -6.42e-14      0.00 7.092e-01 2.755e-01 2.709e-03 7.398e-04 6.719e-03 -1.000 1.527e-02 4.986 6.415 5.929 5.130 4.644 4.264 3.753 3.344 3.287
0.0152 0.01508 7.37600 1.0108770132 2.4751641801    1.011 -0.050  3.7383  4.398    0  0.000  0.538     0.00     0.00     0.00     0.00     0.00 -1  -6.9e-14      0.00 7.092e-01 2.755e-01 2.709e-03 7.398e-04 6.719e-03 -1.000 1.527e-02 4.896 6.230 5.795 5.019 4.549 4.180 3.687 3.292 3.238
0.0152 0.01508 7.37600 1.0293884277 2.4788659055    1.029  0.011  3.7481  4.384    0  0.000  0.538     0.00     0.00     0.00     0.00     0.00 -1 -7.79e-14      0.00 7.092e-01 2.755e-01 2.709e-03 7.398e-04 6.719e-03 -1.000 1.527e-02 4.742 5.910 5.572 4.836 4.394 4.040 3.576 3.205 3.155
0.0152 0.01508 7.37600 1.0499999523 2.4828114860    1.050  0.077  3.7586  4.368    0  0.000  0.538     0.00     0.00     0.00     0.00     0.00 -1 -8.86e-14      0.00 7.092e-01 2.755e-01 2.709e-03 7.398e-04 6.719e-03 -1.000 1.527e-02 4.577 5.583 5.338 4.645 4.231 3.894 3.458 3.111 3.066
0.0152 0.01508 7.37600 1.0514614582 2.4830845096    1.051  0.082  3.7594  4.367    0  0.000  0.538     0.00     0.00     0.00     0.00     0.00 -1 -8.95e-14      0.00 7.092e-01 2.755e-01 2.709e-03 7.398e-04 6.719e-03 -1.000 1.527e-02 4.565 5.559 5.321 4.632 4.219 3.883 3.449 3.104 3.059
0.0152 0.01508 7.37600 1.0743632317 2.4872514614    1.074  0.152  3.7706  4.351    0  0.000  0.538     0.00     0.00     0.00     0.00     0.00 -1 -1.02e-13      0.00 7.092e-01 2.755e-01 2.709e-03 7.398e-04 6.719e-03 -1.000 1.527e-02 4.389 5.231 5.076 4.433 4.049 3.731 3.327 3.006 2.967
0.0152 0.01508 7.37600 1.0838429928 2.4889171466    1.083  0.169  3.7739  4.351    0  0.000  0.538     0.00     0.00     0.00     0.00     0.00 -1 -1.04e-13      0.00 7.092e-01 2.755e-01 2.709e-03 7.398e-04 6.719e-03 -1.000 1.527e-02 4.347 5.146 5.013 4.385 4.009 3.696 3.301 2.988 2.950
0.0152 0.01508 7.37600 1.1000000238 2.4916801480    1.099  0.193  3.7791  4.355    0  0.000  0.538     0.00     0.00     0.00     0.00     0.00 -1 -1.07e-13      0.00 7.092e-01 2.755e-01 2.709e-03 7.398e-04 6.719e-03 -1.000 1.527e-02 4.287 5.020 4.921 4.317 3.953 3.649 3.268 2.966 2.931
0.0152 0.01508 7.37600 1.1373996735 2.4977309028    1.137  0.233  3.7902  4.374    0  0.000  0.538     0.00     0.00     0.00     0.00     0.00 -1 -1.06e-13      0.00 7.092e-01 2.755e-01 2.709e-03 7.397e-04 6.719e-03 -1.000 1.527e-02 4.188 4.805 4.763 4.205 3.866 3.579 3.225 2.945 2.914
0.0152 0.01508 7.37600 1.1499999762 2.4996678137    1.149  0.235  3.7923  4.385    0  0.000  0.538     0.00     0.00     0.00     0.00     0.00 -1 -1.03e-13      0.00 7.092e-01 2.755e-01 2.709e-03 7.397e-04 6.719e-03 -1.000 1.527e-02 4.183 4.780 4.748 4.199 3.864 3.580 3.231 2.955 2.926
0.0152 0.01508 7.37600 1.1599171162 2.5011582849    1.159  0.235  3.7939  4.395    0  0.000  0.538     0.00     0.00     0.00     0.00     0.00 -1 -9.92e-14      0.00 7.093e-01 2.755e-01 2.709e-03 7.397e-04 6.718e-03 -1.000 1.527e-02 4.183 4.764 4.739 4.196 3.866 3.584 3.239 2.966 2.937
0.0152 0.01508 7.37600 1.1864025593 2.5049987644    1.186  0.241  3.7966  4.409    0  0.000  0.538     0.00     0.00     0.00     0.00     0.00 -1  -9.3e-14      0.00 7.093e-01 2.755e-01 2.709e-03 7.396e-04 6.718e-03 -1.000 1.527e-02 4.167 4.722 4.710 4.178 3.853 3.576 3.237 2.970 2.942
0.0152 0.01508 7.37600 1.2000000477 2.5068948796    1.200  0.251  3.7980  4.410    0  0.000  0.538     0.00     0.00     0.00     0.00     0.00 -1 -9.21e-14      0.00 7.093e-01 2.754e-01 2.709e-03 7.396e-04 6.718e-03 -1.000 1.527e-02 4.142 4.684 4.678 4.152 3.830 3.555 3.220 2.955 2.928
0.0152 0.01508 7.37600 1.2127257586 2.5086252048    1.212  0.256  3.7990  4.413    0  0.000  0.538     0.00     0.00     0.00     0.00     0.00 -1 -8.98e-14      0.00 7.093e-01 2.754e-01 2.709e-03 7.396e-04 6.718e-03 -1.000 1.527e-02 4.129 4.662 4.660 4.139 3.819 3.545 3.212 2.949 2.922
0.0152 0.01508 7.37600 1.2351666689 2.5115768422    1.235  0.273  3.8010  4.413    0  0.000  0.538     0.00     0.00     0.00     0.00     0.00 -1 -8.79e-14      0.00 7.093e-01 2.754e-01 2.708e-03 7.396e-04 6.718e-03 -1.000 1.527e-02 4.088 4.604 4.609 4.096 3.780 3.510 3.181 2.922 2.896
0.0152 0.01508 7.37600 1.2500000000 2.5134610955    1.250  0.299  3.8035  4.402    0  0.000  0.538     0.00     0.00     0.00     0.00     0.00 -1 -9.07e-14      0.00 7.093e-01 2.754e-01 2.708e-03 7.396e-04 6.717e-03 -1.000 1.527e-02 4.024 4.520 4.532 4.029 3.719 3.453 3.131 2.876 2.851
0.0152 0.01508 7.37600 1.2810099125 2.5172386078    1.281  0.353  3.8088  4.380    0  0.000  0.538     0.00     0.00     0.00     0.00     0.00 -1 -9.65e-14      0.00 7.093e-01 2.754e-01 2.708e-03 7.396e-04 6.717e-03 -1.000 1.527e-02 3.888 4.343 4.371 3.890 3.591 3.333 3.023 2.779 2.756
0.0152 0.01508 7.37600 1.2999999523 2.5194498592    1.300  0.386  3.8123  4.367    0  0.000  0.538     0.00     0.00     0.00     0.00     0.00 -1    -1e-13      0.00 7.093e-01 2.754e-01 2.708e-03 7.395e-04 6.717e-03 -1.000 1.527e-02 3.805 4.237 4.271 3.805 3.514 3.262 2.959 2.722 2.700
0.0152 0.01508 7.37600 1.3500001431 2.5249313723    1.350  0.475  3.8222  4.335    0  0.000  0.538     0.00     0.00     0.00     0.00     0.00 -1 -1.09e-13      0.00 7.094e-01 2.754e-01 2.708e-03 7.395e-04 6.717e-03 -1.000 1.527e-02 3.584 3.964 4.006 3.576 3.304 3.068 2.789 2.572 2.551
0.0152 0.01508 7.37600 1.3733612299 2.5273356801    1.374  0.518  3.8276  4.320    0  0.000  0.538     0.00     0.00     0.00     0.00     0.00 -1 -1.13e-13      0.00 7.094e-01 2.754e-01 2.708e-03 7.395e-04 6.717e-03 -1.000 1.527e-02 3.475 3.830 3.875 3.463 3.202 2.975 2.709 2.502 2.483
0.0152 0.01508 7.37600 1.4000000954 2.5299650415    1.400  0.561  3.8336  4.310    0  0.000  0.538     0.00     0.00     0.00     0.00     0.00 -1 -1.15e-13      0.00 7.094e-01 2.754e-01 2.708e-03 7.395e-04 6.716e-03 -1.000 1.526e-02 3.368 3.700 3.745 3.353 3.103 2.886 2.633 2.438 2.420
0.0152 0.01508 7.37600 1.4500000477 2.5346015836    1.450  0.638  3.8463  4.298    0  0.000  0.538     0.00     0.00     0.00     0.00     0.00 -1 -1.15e-13      0.00 7.094e-01 2.754e-01 2.708e-03 7.394e-04 6.716e-03 -1.000 1.527e-02 3.174 3.466 3.504 3.151 2.926 2.731 2.507 2.337 2.320
0.0152 0.01508 7.37600 1.5000000000 2.5388844597    1.500  0.708  3.8614  4.304    0  0.000  0.538     0.00     0.00     0.00     0.00     0.00 -1 -1.06e-13      0.00 7.094e-01 2.753e-01 2.708e-03 7.394e-04 6.716e-03 -1.000 1.526e-02 3.000 3.254 3.281 2.971 2.775 2.606 2.414 2.272 2.258
0.0152 0.01508 7.37600 1.5332252979 2.5415534856    1.533  0.748  3.8725  4.317    0  0.000  0.538     0.00     0.00     0.00     0.00     0.00 -1 -9.34e-14      0.00 7.094e-01 2.753e-01 2.708e-03 7.394e-04 6.716e-03 -1.000 1.527e-02 2.900 3.134 3.150 2.868 2.694 2.545 2.377 2.254 2.241
0.0152 0.01508 7.37600 1.5499999523 2.5428511323    1.550  0.769  3.8769  4.319    0  0.000  0.538     0.00     0.00     0.00     0.00     0.00 -1 -8.84e-14      0.00 7.094e-01 2.753e-01 2.708e-03 7.394e-04 6.715e-03 -1.000 1.527e-02 2.848 3.076 3.086 2.816 2.650 2.509 2.350 2.235 2.223
0.0152 0.01508 7.37600 1.6000000238 2.5465340628    1.600  0.829  3.8902  4.326    0  0.000  0.538     0.00     0.00     0.00     0.00     0.00 -1 -6.63e-14      0.00 7.095e-01 2.753e-01 2.708e-03 7.393e-04 6.715e-03 -1.000 1.527e-02 2.697 2.907 2.901 2.663 2.524 2.407 2.275 2.183 2.172
0.0152 0.01508 7.37600 1.6500000954 2.5499614852    1.649  0.886  3.9027  4.332    0  0.000  0.538     0.00     0.00     0.00     0.00     0.00 -1  -3.7e-14      0.00 7.095e-01 2.753e-01 2.708e-03 7.393e-04 6.714e-03 -1.000 1.527e-02 2.555 2.751 2.730 2.525 2.411 2.315 2.207 2.134 2.124
0.0152 0.01508 7.37600 1.7000000477 2.5531580802    1.699  0.942  3.9147  4.337    0  0.000  0.538     0.00     0.00     0.00     0.00     0.00 -1    -1e-30      0.00 7.095e-01 2.753e-01 2.707e-03 7.392e-04 6.714e-03 -1.000 1.526e-02 2.416 2.601 2.568 2.395 2.303 2.228 2.142 2.086 2.076
0.0152 0.01508 7.37600 1.7500000000 2.5561455243    1.749  0.995  3.9261  4.342    0  0.000  0.538     0.00     0.00     0.00     0.00     0.00 -1    -1e-30      0.00 7.095e-01 2.753e-01 2.707e-03 7.392e-04 6.714e-03 -1.000 1.527e-02 2.282 2.458 2.417 2.274 2.204 2.147 2.079 2.038 2.029
0.0152 0.01508 7.37600 1.7999999523 2.5589429085    1.799  1.047  3.9369  4.345    0  0.000  0.538     0.00     0.00     0.00     0.00     0.00 -1    -1e-30      0.00 7.095e-01 2.752e-01 2.707e-03 7.392e-04 6.714e-03 -1.000 1.526e-02 2.152 2.320 2.278 2.165 2.112 2.070 2.020 1.989 1.982
0.0152 0.01508 7.37600 1.8500000238 2.5615671203    1.849  1.096  3.9469  4.349    0  0.000  0.538     0.00     0.00     0.00     0.00     0.00 -1    -1e-30      0.00 7.095e-01 2.752e-01 2.707e-03 7.392e-04 6.713e-03 -1.000 1.526e-02 2.031 2.191 2.158 2.068 2.029 2.000 1.964 1.943 1.936
0.0152 0.01508 7.37600 1.9000000954 2.5640331317    1.899  1.143  3.9565  4.351    0  0.000  0.538     0.00     0.00     0.00     0.00     0.00 -1    -1e-30      0.00 7.095e-01 2.752e-01 2.706e-03 7.391e-04 6.713e-03 -1.000 1.526e-02 1.912 2.065 2.046 1.977 1.950 1.931 1.909 1.895 1.891
0.0152 0.01508 7.37600 1.9500001669 2.5663542767    1.950  1.190  3.9658  4.354    0  0.000  0.538     0.00     0.00     0.00     0.00     0.00 -1    -1e-30      0.00 7.096e-01 2.752e-01 2.706e-03 7.391e-04 6.713e-03 -1.000 1.525e-02 1.796 1.945 1.944 1.892 1.875 1.865 1.856 1.848 1.845
0.0152 0.01508 7.37600 2.0000000000 2.5685424513    2.000  1.234  3.9747  4.355    0  0.000  0.538     0.00     0.00     0.00     0.00     0.00 -1    -1e-30      0.00 7.096e-01 2.752e-01 2.707e-03 7.390e-04 6.712e-03 -1.000 1.527e-02 1.684 1.833 1.850 1.814 1.805 1.803 1.804 1.802 1.801
0.0152 0.01508 7.37600 2.0499999523 2.5706083333    2.050  1.277  3.9830  4.356    0  0.000  0.538     0.00     0.00     0.00     0.00     0.00 -1    -1e-30      0.00 7.096e-01 2.751e-01 2.707e-03 7.390e-04 6.712e-03 -1.000 1.526e-02 1.576 1.726 1.763 1.741 1.739 1.743 1.755 1.757 1.758
0.0152 0.01508 7.37600 2.0999999046 2.5725614918    2.099  1.320  3.9911  4.357    0  0.000  0.538     0.00     0.00     0.00     0.00     0.00 -1    -1e-30      0.00 7.096e-01 2.751e-01 2.706e-03 7.390e-04 6.712e-03 -1.000 1.525e-02 1.471 1.623 1.680 1.671 1.674 1.684 1.705 1.711 1.714
0.0152 0.01508 7.37600 2.1500000954 2.5744105556    2.149  1.361  3.9989  4.357    0  0.000  0.538     0.00     0.00     0.00     0.00     0.00 -1    -1e-30      0.00 7.096e-01 2.751e-01 2.706e-03 7.390e-04 6.712e-03 -1.000 1.525e-02 1.368 1.524 1.601 1.604 1.612 1.627 1.657 1.666 1.672
0.0152 0.01508 7.37600 2.2000000477 2.5761632879    2.199  1.401  4.0064  4.357    0  0.000  0.538     0.00     0.00     0.00     0.00     0.00 -1    -1e-30      0.00 7.096e-01 2.751e-01 2.707e-03 7.389e-04 6.712e-03 -1.000 1.527e-02 1.268 1.427 1.526 1.540 1.551 1.571 1.609 1.621 1.629
0.0152 0.01508 7.37600 2.2500000000 2.5778267375    2.249  1.440  4.0138  4.357    1  0.000  0.538     0.00     0.00     0.00     0.00     0.00 -1    -1e-30      0.00 7.096e-01 2.751e-01 2.706e-03 7.389e-04 6.711e-03 -1.000 1.527e-02 1.171 1.335 1.456 1.478 1.494 1.517 1.564 1.579 1.588
0.0152 0.01508 7.37600 2.2999999523 2.5794072884    2.299  1.478  4.0208  4.357    1  0.000  0.538     0.00     0.00     0.00     0.00     0.00 -1    -1e-30      0.00 7.096e-01 2.751e-01 2.706e-03 7.389e-04 6.711e-03 -1.000 1.527e-02 1.076 1.245 1.387 1.418 1.436 1.464 1.517 1.535 1.546
0.0152 0.01508 7.37600 2.4000000954 2.5823423892    2.399  1.551  4.0339  4.355    0  0.000  0.538     0.00     0.00     0.00     0.00     0.00 -1    -1e-30      0.00 7.096e-01 2.751e-01 2.706e-03 7.389e-04 6.711e-03 -1.000 1.525e-02 0.894 1.074 1.256 1.301 1.324 1.358 1.426 1.448 1.463
0.0152 0.01508 7.37600 2.5999999046 2.5874412955    2.600  1.686  4.0580  4.350    1  0.000  0.538     0.00     0.00     0.00     0.00     0.00 -1    -1e-30      0.00 7.092e-01 2.755e-01 2.710e-03 7.399e-04 6.720e-03 -1.000 1.527e-02 0.554 0.762 1.020 1.085 1.116 1.160 1.252 1.281 1.303
0.0152 0.01508 7.37600 2.8000001907 2.5917117867    2.800  1.812  4.0795  4.343    1  0.000  0.538     0.00     0.00     0.00     0.00     0.00 -1    -1e-30      0.00 7.092e-01 2.755e-01 2.710e-03 7.399e-04 6.720e-03 -1.000 1.527e-02 0.240 0.478 0.804 0.885 0.920 0.972 1.086 1.120 1.147
0.0152 0.01508 7.37600 3.0000000000 2.5953341962    3.000  1.928  4.0988  4.334    1  0.000  0.538     0.00     0.00     0.00     0.00     0.00 -1    -1e-30      0.00 7.092e-01 2.755e-01 2.710e-03 7.399e-04 6.720e-03 -1.000 1.527e-02 -0.051 0.223 0.607 0.699 0.739 0.798 0.928 0.968 0.999
0.0152 0.01508 7.37600 3.1447980404 2.5976287543    3.144  2.008  4.1119  4.327    1  0.000  0.538     0.00     0.00     0.00     0.00     0.00 -1    -1e-30      0.00 7.092e-01 2.755e-01 2.710e-03 7.399e-04 6.720e-03 -1.000 1.527e-02 -0.249 0.052 0.473 0.574 0.616 0.679 0.820 0.863 0.897
0.0152 0.01508 7.37600 3.2000000477 2.5984409005    3.199  2.037  4.1167  4.325    1  0.000  0.538     0.00     0.00     0.00     0.00     0.00 -1    -1e-30      0.00 7.092e-01 2.755e-01 2.710e-03 7.399e-04 6.720e-03 -1.000 1.527e-02 -0.323 -0.010 0.425 0.527 0.571 0.635 0.781 0.825 0.859
0.0152 0.01508 7.37600 3.4000000954 2.6011310876    3.398  2.139  4.1333  4.315    1  0.000  0.538     0.00     0.00     0.00     0.00     0.00 -1    -1e-30      0.00 7.092e-01 2.755e-01 2.710e-03 7.399e-04 6.720e-03 -1.000 1.527e-02 -0.578 -0.223 0.254 0.366 0.413 0.482 0.641 0.689 0.727
0.0152 0.01508 7.37600 3.6000001431 2.6034804607    3.598  2.235  4.1484  4.305    1  0.000  0.538     0.00     0.00     0.00     0.00     0.00 -1    -1e-30      0.00 7.092e-01 2.755e-01 2.710e-03 7.399e-04 6.720e-03 -1.000 1.527e-02 -0.818 -0.423 0.093 0.213 0.263 0.337 0.508 0.558 0.599
0.0152 0.01508 7.37600 3.6161704063 2.6036573953    3.614  2.243  4.1496  4.304    1  0.000  0.538     0.00     0.00     0.00     0.00     0.00 -1    -1e-30      0.00 7.092e-01 2.755e-01 2.710e-03 7.399e-04 6.720e-03 -1.000 1.527e-02 -0.837 -0.439 0.081 0.201 0.251 0.326 0.497 0.548 0.589
0.0152 0.01508 7.37600 3.8000001907 2.6055477311    3.798  2.326  4.1628  4.295    1  0.000  0.538     0.00     0.00     0.00     0.00     0.00 -1    -1e-30      0.00 7.092e-01 2.755e-01 2.710e-03 7.399e-04 6.720e-03 -1.000 1.527e-02 -1.045 -0.607 -0.057 0.070 0.123 0.202 0.383 0.437 0.480
0.0152 0.01508 7.37600 3.9683251381 2.6071031673    3.969  2.398  4.1739  4.286    1  0.000  0.538     0.00     0.00     0.00     0.00     0.00 -1    -1e-30      0.00 7.092e-01 2.755e-01 2.710e-03 7.399e-04 6.720e-03 -1.000 1.527e-02 -1.226 -0.754 -0.179 -0.046 0.010 0.092 0.281 0.337 0.382
0.0152 0.01508 7.37600 4.0000000000 2.6073790840    4.001  2.412  4.1760  4.284    1  0.000  0.538     0.00     0.00     0.00     0.00     0.00 -1    -1e-30      0.00 7.092e-01 2.755e-01 2.710e-03 7.399e-04 6.720e-03 -1.000 1.527e-02 -1.260 -0.780 -0.201 -0.067 -0.011 0.071 0.262 0.319 0.364
0.0152 0.01508 7.37600 4.1999998093 2.6090113217    4.198  2.494  4.1887  4.274    1  0.000  0.538     0.00     0.00     0.00     0.00     0.00 -1    -1e-30      0.00 7.092e-01 2.755e-01 2.710e-03 7.399e-04 6.720e-03 -1.000 1.527e-02 -1.465 -0.944 -0.338 -0.198 -0.138 -0.052 0.147 0.206 0.254
0.0152 0.01508 7.37600 4.2772641182 2.6095950828    4.275  2.525  4.1934  4.270    1  0.000  0.538     0.00     0.00     0.00     0.00     0.00 -1    -1e-30      0.00 7.092e-01 2.755e-01 2.710e-03 7.399e-04 6.720e-03 -1.000 1.527e-02 -1.542 -1.005 -0.390 -0.247 -0.186 -0.099 0.104 0.164 0.213
0.0152 0.01508 7.37600 4.4000000954 2.6104741055    4.397  2.573  4.2006  4.263    1  0.000  0.538     0.00     0.00     0.00     0.00     0.00 -1    -1e-30      0.00 7.092e-01 2.755e-01 2.710e-03 7.399e-04 6.720e-03 -1.000 1.527e-02 -1.662 -1.100 -0.470 -0.323 -0.261 -0.171 0.036 0.098 0.148
0.0152 0.01508 7.37600 4.5999999046 2.6117915791    4.597  2.648  4.2118  4.252    1  0.000  0.538     0.00     0.00     0.00     0.00     0.00 -1    -1e-30      0.00 7.092e-01 2.755e-01 2.710e-03 7.399e-04 6.720e-03 -1.000 1.527e-02 -1.849 -1.249 -0.596 -0.444 -0.379 -0.286 -0.071 -0.007 0.045
0.0152 0.01508 7.37600 4.6309242249 2.6119836410    4.628  2.659  4.2135  4.250    1  0.000  0.538     0.00     0.00     0.00     0.00     0.00 -1    -1e-30      0.00 7.092e-01 2.755e-01 2.710e-03 7.399e-04 6.720e-03 -1.000 1.527e-02 -1.878 -1.271 -0.615 -0.462 -0.397 -0.303 -0.087 -0.023 0.029
0.0152 0.01508 7.37600 4.8000001907 2.6129836005    4.798  2.720  4.2224  4.241    1  0.000  0.538     0.00     0.00     0.00     0.00     0.00 -1    -1e-30      0.00 7.092e-01 2.755e-01 2.710e-03 7.399e-04 6.720e-03 -1.000 1.527e-02 -2.029 -1.391 -0.719 -0.561 -0.493 -0.397 -0.175 -0.109 -0.055
0.0152 0.01508 7.37600 4.9550657272 2.6138320449    4.954  2.774  4.2302  4.232    1  0.000  0.538     0.00     0.00     0.00     0.00     0.00 -1    -1e-30      0.00 7.092e-01 2.755e-01 2.710e-03 7.399e-04 6.720e-03 -1.000 1.527e-02 -2.164 -1.498 -0.811 -0.649 -0.579 -0.481 -0.254 -0.186 -0.131
0.0152 0.01508 7.37600 5.0000000000 2.6140666223    4.999  2.789  4.2325  4.230    1  0.000  0.538     0.00     0.00     0.00     0.00     0.00 -1    -1e-30      0.00 7.092e-01 2.755e-01 2.710e-03 7.399e-04 6.720e-03 -1.000 1.527e-02 -2.203 -1.529 -0.837 -0.675 -0.604 -0.505 -0.276 -0.208 -0.153
0.0152 0.01508 7.37600 5.1942887306 2.6150274046    5.194  2.854  4.2418  4.218    1  0.000  0.538     0.00     0.00     0.00     0.00     0.00 -1    -1e-30      0.00 7.092e-01 2.755e-01 2.710e-03 7.399e-04 6.720e-03 -1.000 1.527e-02 -2.366 -1.658 -0.950 -0.782 -0.709 -0.607 -0.373 -0.303 -0.246
0.0152 0.01508 7.37600 5.1999998093 2.6150544000    5.200  2.856  4.2420  4.218    1  0.000  0.538     0.00     0.00     0.00     0.00     0.00 -1    -1e-30      0.00 7.092e-01 2.755e-01 2.710e-03 7.399e-04 6.720e-03 -1.000 1.527e-02 -2.370 -1.662 -0.953 -0.785 -0.713 -0.610 -0.376 -0.306 -0.249
0.0152 0.01508 7.37600 5.3999996185 2.6159585084    5.401  2.921  4.2511  4.206    1  0.000  0.538     0.00     0.00     0.00     0.00     0.00 -1    -1e-30      0.00 7.092e-01 2.755e-01 2.710e-03 7.399e-04 6.720e-03 -1.000 1.527e-02 -2.533 -1.792 -1.066 -0.894 -0.819 -0.714 -0.473 -0.402 -0.343
0.0152 0.01508 7.37600 5.4437499046 2.6161461270    5.444  2.935  4.2530  4.203    1  0.000  0.538     0.00     0.00     0.00     0.00     0.00 -1    -1e-30      0.00 7.092e-01 2.755e-01 2.710e-03 7.399e-04 6.720e-03 -1.000 1.527e-02 -2.568 -1.820 -1.091 -0.917 -0.842 -0.736 -0.494 -0.422 -0.363
0.0152 0.01508 7.37600 5.5999994278 2.6167887546    5.601  2.984  4.2597  4.193    1  0.000  0.538     0.00     0.00     0.00     0.00     0.00 -1    -1e-30      0.00 7.092e-01 2.755e-01 2.710e-03 7.399e-04 6.720e-03 -1.000 1.527e-02 -2.691 -1.919 -1.178 -1.001 -0.924 -0.816 -0.570 -0.497 -0.436
0.0152 0.01508 7.37600 5.7754545212 2.6174629214    5.776  3.038  4.2668  4.181    1  0.000  0.538     0.00     0.00     0.00     0.00     0.00 -1    -1e-30      0.00 7.092e-01 2.755e-01 2.710e-03 7.399e-04 6.720e-03 -1.000 1.527e-02 -2.825 -2.027 -1.274 -1.094 -1.014 -0.905 -0.654 -0.579 -0.517
0.0152 0.01508 7.37600 5.8000001907 2.6175535027    5.801  3.046  4.2678  4.179    1  0.000  0.538     0.00     0.00     0.00     0.00     0.00 -1    -1e-30      0.00 7.092e-01 2.755e-01 2.710e-03 7.399e-04 6.720e-03 -1.000 1.527e-02 -2.844 -2.043 -1.287 -1.107 -1.027 -0.917 -0.666 -0.591 -0.529
0.0152 0.01508 7.37600 6.0000000000 2.6182599138    6.000  3.105  4.2755  4.165    1  0.000  0.538     0.00     0.00     0.00     0.00     0.00 -1    -1e-30      0.00 7.092e-01 2.755e-01 2.710e-03 7.399e-04 6.720e-03 -1.000 1.527e-02 -2.994 -2.165 -1.396 -1.211 -1.130 -1.017 -0.761 -0.685 -0.621
0.0152 0.01508 7.37600 6.1521177292 2.6187619849    6.152  3.150  4.2810  4.153    1  0.000  0.538     0.00     0.00     0.00     0.00     0.00 -1    -1e-30      0.00 7.092e-01 2.755e-01 2.710e-03 7.399e-04 6.720e-03 -1.000 1.527e-02 -3.105 -2.256 -1.477 -1.290 -1.207 -1.093 -0.833 -0.756 -0.691
0.0152 0.01508 7.37600 6.1999998093 2.6189141709    6.200  3.164  4.2827  4.149    1  0.000  0.538     0.00     0.00     0.00     0.00     0.00 -1    -1e-30      0.00 7.092e-01 2.755e-01 2.710e-03 7.399e-04 6.720e-03 -1.000 1.527e-02 -3.140 -2.285 -1.503 -1.315 -1.232 -1.117 -0.856 -0.778 -0.714
0.0152 0.01508 7.37600 6.3090772629 2.6192509595    6.308  3.195  4.2865  4.141    1  0.000  0.538     0.00     0.00     0.00     0.00     0.00 -1    -1e-30      0.00 7.092e-01 2.755e-01 2.710e-03 7.399e-04 6.720e-03 -1.000 1.527e-02 -3.218 -2.349 -1.561 -1.371 -1.287 -1.171 -0.908 -0.829 -0.763
0.0152 0.01508 7.37600 6.4000000954 2.6195216279    6.399  3.221  4.2896  4.134    1  0.000  0.538     0.00     0.00     0.00     0.00     0.00 -1    -1e-30      0.00 7.092e-01 2.755e-01 2.710e-03 7.399e-04 6.720e-03 -1.000 1.527e-02 -3.282 -2.403 -1.609 -1.418 -1.333 -1.216 -0.951 -0.871 -0.805
0.0152 0.01508 7.37600 6.5574507713 2.6199699905    6.555  3.265  4.2948  4.121    1  0.000  0.538     0.00     0.00     0.00     0.00     0.00 -1    -1e-30      0.00 7.092e-01 2.755e-01 2.710e-03 7.399e-04 6.720e-03 -1.000 1.527e-02 -3.391 -2.494 -1.691 -1.497 -1.411 -1.292 -1.024 -0.943 -0.876
0.0152 0.01508 7.37600 6.8213152885 2.6206682817    6.818  3.337  4.3029  4.099    1  0.000  0.538     0.00     0.00     0.00     0.00     0.00 -1    -1e-30      0.00 7.092e-01 2.755e-01 2.710e-03 7.399e-04 6.720e-03 -1.000 1.527e-02 -3.571 -2.646 -1.828 -1.631 -1.542 -1.421 -1.148 -1.066 -0.997
0.0152 0.01508 7.37600 7.0000000000 2.6211069280    6.996  3.385  4.3080  4.082    1  0.000  0.538     0.00     0.00     0.00     0.00     0.00 -1    -1e-30      0.00 7.092e-01 2.755e-01 2.710e-03 7.399e-04 6.720e-03 -1.000 1.527e-02 -3.692 -2.749 -1.922 -1.722 -1.633 -1.510 -1.233 -1.150 -1.081
0.0152 0.01508 7.37600 7.0660390854 2.6212626022    7.062  3.402  4.3098  4.076    1  0.000  0.538     0.00     0.00     0.00     0.00     0.00 -1    -1e-30      0.00 7.092e-01 2.755e-01 2.710e-03 7.399e-04 6.720e-03 -1.000 1.527e-02 -3.735 -2.786 -1.956 -1.755 -1.665 -1.542 -1.264 -1.181 -1.111
0.0152 0.01508 7.37600 7.2709994316 2.6217251154    7.268  3.456  4.3148  4.055    1  0.000  0.538     0.00     0.00     0.00     0.00     0.00 -1    -1e-30      0.00 7.092e-01 2.755e-01 2.710e-03 7.399e-04 6.720e-03 -1.000 1.527e-02 -3.870 -2.904 -2.065 -1.861 -1.770 -1.645 -1.365 -1.280 -1.209
0.0152 0.01508 7.37600 7.4873447418 2.6221818646    7.486  3.512  4.3197  4.030    1  0.000  0.538     0.00     0.00     0.00     0.00     0.00 -1    -1e-30      0.00 7.092e-01 2.755e-01 2.710e-03 7.399e-04 6.720e-03 -1.000 1.527e-02 -4.011 -3.029 -2.181 -1.975 -1.883 -1.757 -1.473 -1.387 -1.315
0.0152 0.01508 7.37600 7.6870288849 2.6225773065    7.686  3.564  4.3237  4.006    1  0.000  0.538     0.00     0.00     0.00     0.00     0.00 -1    -1e-30      0.00 7.092e-01 2.755e-01 2.710e-03 7.399e-04 6.720e-03 -1.000 1.527e-02 -4.140 -3.145 -2.290 -2.082 -1.989 -1.861 -1.575 -1.488 -1.415
0.0152 0.01508 7.37600 7.8722295761 2.6229235206    7.873  3.612  4.3270  3.982    1  0.000  0.538     0.00     0.00     0.00     0.00     0.00 -1    -1e-30      0.00 7.092e-01 2.755e-01 2.710e-03 7.399e-04 6.720e-03 -1.000 1.527e-02 -4.260 -3.255 -2.393 -2.184 -2.090 -1.961 -1.672 -1.584 -1.511
0.0152 0.01508 7.37600 8.0000000000 2.6231516585    8.001  3.645  4.3291  3.964    1  0.000  0.538     0.00     0.00     0.00     0.00     0.00 -1    -1e-30      0.00 7.092e-01 2.755e-01 2.710e-03 7.399e-04 6.720e-03 -1.000 1.527e-02 -4.342 -3.331 -2.465 -2.255 -2.161 -2.032 -1.742 -1.653 -1.580
0.0152 0.01508 7.37600 8.1589651108 2.6234240557    8.159  3.685  4.3309  3.940    1  0.000  0.538     0.00     0.00     0.00     0.00     0.00 -1    -1e-30      0.00 7.092e-01 2.755e-01 2.710e-03 7.399e-04 6.720e-03 -1.000 1.527e-02 -4.442 -3.428 -2.557 -2.346 -2.252 -2.122 -1.830 -1.742 -1.667
0.0152 0.01508 7.37600 8.3991994858 2.6238132993    8.397  3.746  4.3329  3.900    1  0.000  0.538     0.00     0.00     0.00     0.00     0.00 -1    -1e-30      0.00 7.092e-01 2.755e-01 2.710e-03 7.399e-04 6.720e-03 -1.000 1.527e-02 -4.594 -3.577 -2.700 -2.489 -2.394 -2.264 -1.971 -1.881 -1.806
0.0152 0.01508 7.37600 8.6168813705 2.6241445326    8.613  3.801  4.3337  3.859    1  0.000  0.538     0.00     0.00     0.00     0.00     0.00 -1    -1e-30      0.00 7.092e-01 2.755e-01 2.710e-03 7.399e-04 6.720e-03 -1.000 1.527e-02 -4.732 -3.716 -2.836 -2.624 -2.529 -2.399 -2.105 -2.015 -1.940
0.0152 0.01508 7.37600 8.7988710403 2.6244070381    8.794  3.848  4.3333  3.820    1  0.000  0.538     0.00     0.00     0.00     0.00     0.00 -1    -1e-30      0.00 7.092e-01 2.755e-01 2.710e-03 7.399e-04 6.720e-03 -1.000 1.527e-02 -4.849 -3.839 -2.957 -2.745 -2.650 -2.520 -2.226 -2.137 -2.061
0.0152 0.01508 7.37600 8.9800004959 2.6246561906    8.974  3.895  4.3315  3.774    1  0.000  0.538     0.00     0.00     0.00     0.00     0.00 -1    -1e-30      0.00 7.092e-01 2.755e-01 2.710e-03 7.399e-04 6.720e-03 -1.000 1.527e-02 -4.968 -3.968 -3.087 -2.875 -2.781 -2.651 -2.358 -2.269 -2.194
0.0152 0.01508 7.37600 9.0000000000 2.6246829947    8.995  3.900  4.3313  3.769    1  0.000  0.538     0.00     0.00     0.00     0.00     0.00 -1    -1e-30      0.00 7.092e-01 2.755e-01 2.710e-03 7.399e-04 6.720e-03 -1.000 1.527e-02 -4.981 -3.983 -3.102 -2.890 -2.796 -2.666 -2.373 -2.284 -2.209
0.0152 0.01508 7.37600 9.0388050079 2.6247346139    9.034  3.910  4.3308  3.759    1  0.000  0.538     0.00     0.00     0.00     0.00     0.00 -1    -1e-30      0.00 7.092e-01 2.755e-01 2.710e-03 7.399e-04 6.720e-03 -1.000 1.527e-02 -5.005 -4.010 -3.129 -2.917 -2.824 -2.694 -2.402 -2.313 -2.238
0.0152 0.01508 7.37600 9.2032089233 2.6249477653    9.198  3.952  4.3278  3.713    1  0.000  0.538     0.00     0.00     0.00     0.00     0.00 -1    -1e-30      0.00 7.092e-01 2.755e-01 2.710e-03 7.399e-04 6.720e-03 -1.000 1.527e-02 -5.110 -4.130 -3.252 -3.041 -2.948 -2.819 -2.528 -2.440 -2.365
0.0152 0.01508 7.37600 9.3883981705 2.6251776130    9.384  4.000  4.3226  3.653    1  0.000  0.538     0.00     0.00     0.00     0.00     0.00 -1    -1e-30      0.00 7.092e-01 2.755e-01 2.710e-03 7.399e-04 6.720e-03 -1.000 1.527e-02 -5.230 -4.275 -3.402 -3.192 -3.101 -2.974 -2.685 -2.598 -2.525
0.0152 0.01508 7.37600 9.5490617752 2.6253687372    9.545  4.043  4.3158  3.590    1  0.000  0.538     0.00     0.00     0.00     0.00     0.00 -1    -1e-30      0.00 7.092e-01 2.755e-01 2.710e-03 7.399e-04 6.720e-03 -1.000 1.527e-02 -5.337 -4.412 -3.547 -3.340 -3.250 -3.125 -2.841 -2.755 -2.683
0.0152 0.01508 7.37600 9.6939926147 2.6255349103    9.691  4.082  4.3082  3.527    1  0.000  0.538     0.00     0.00     0.00     0.00     0.00 -1    -1e-30      0.00 7.092e-01 2.755e-01 2.710e-03 7.399e-04 6.720e-03 -1.000 1.527e-02 -5.435 -4.542 -3.688 -3.482 -3.395 -3.272 -2.992 -2.908 -2.837
0.0152 0.01508 7.37600 9.8194684982 2.6256742301    9.817  4.118  4.3000  3.464    1  0.000  0.538     0.00     0.00     0.00     0.00     0.00 -1    -1e-30      0.00 7.092e-01 2.755e-01 2.710e-03 7.399e-04 6.720e-03 -1.000 1.527e-02 -5.524 -4.667 -3.821 -3.619 -3.534 -3.414 -3.139 -3.057 -2.987
0.0152 0.01508 7.37600 9.9369029999 2.6258009624    9.934  4.153  4.2923  3.403    1  0.000  0.538     0.00     0.00     0.00     0.00     0.00 -1    -1e-30      0.00 7.092e-01 2.755e-01 2.710e-03 7.399e-04 6.720e-03 -1.000 1.527e-02 -5.613 -4.790 -3.953 -3.754 -3.671 -3.554 -3.283 -3.203 -3.134
0.0152 0.01508 7.37600 10.0000000000 2.6258676431    9.998  4.173  4.2897  3.375    1  0.000  0.538     0.00     0.00     0.00     0.00     0.00 -1    -1e-30      0.00 7.092e-01 2.755e-01 2.710e-03 7.399e-04 6.720e-03 -1.000 1.527e-02 -5.663 -4.853 -4.019 -3.821 -3.739 -3.623 -3.353 -3.273 -3.205
0.0152 0.01508 7.37600 10.0006456375 2.6258683204    9.999  4.174  4.2896  3.375    1  0.000  0.538     0.00     0.00     0.00     0.00     0.00 -1    -1e-30      0.00 7.092e-01 2.755e-01 2.710e-03 7.399e-04 6.720e-03 -1.000 1.527e-02 -5.664 -4.854 -4.019 -3.822 -3.740 -3.624 -3.354 -3.274 -3.206
0.0152 0.01508 7.37600 10.0476112366 2.6259173214   10.046  4.192  4.2962  3.384    1  0.000  0.538     0.00     0.00     0.00     0.00     0.00 -1    -1e-30      0.00 7.092e-01 2.755e-01 2.710e-03 7.399e-04 6.720e-03 -1.000 1.527e-02 -5.711 -4.878 -4.032 -3.832 -3.748 -3.630 -3.356 -3.275 -3.205
0.0152 0.01508 7.37600 10.0722169876 2.6259427839   10.071  4.208  4.3081  3.418    1  0.000  0.538     0.00     0.00     0.00     0.00     0.00 -1    -1e-30      0.00 7.092e-01 2.755e-01 2.710e-03 7.399e-04 6.720e-03 -1.000 1.527e-02 -5.750 -4.871 -4.008 -3.803 -3.716 -3.594 -3.313 -3.229 -3.157
0.0152 0.01508 7.37600 10.0786828995 2.6259494512   10.077  4.219  4.3187  3.449    1  0.000  0.538     0.00     0.00     0.00     0.00     0.00 -1    -1e-30      0.00 7.092e-01 2.755e-01 2.710e-03 7.399e-04 6.720e-03 -1.000 1.527e-02 -5.778 -4.859 -3.979 -3.771 -3.681 -3.556 -3.268 -3.182 -3.108
0.0152 0.01508 7.37600 10.0824422836 2.6259533232   10.081  4.234  4.3303  3.480    1  0.000  0.538     0.00     0.00     0.00     0.00     0.00 -1    -1e-30      0.00 7.092e-01 2.755e-01 2.710e-03 7.399e-04 6.720e-03 -1.000 1.527e-02 -5.816 -4.853 -3.956 -3.744 -3.651 -3.523 -3.228 -3.139 -3.063
0.0152 0.01508 7.37600 10.0841369629 2.6259550675   10.083  4.252  4.3402  3.503    1  0.000  0.538     0.00     0.00     0.00     0.00     0.00 -1    -1e-30      0.00 7.092e-01 2.755e-01 2.710e-03 7.399e-04 6.720e-03 -1.000 1.527e-02 -5.859 -4.859 -3.947 -3.731 -3.637 -3.505 -3.204 -3.113 -3.035
0.0152 0.01508 7.37600 10.0850210190 2.6259559772   10.083  4.261  4.3457  3.516    1  0.000  0.538     0.00     0.00     0.00     0.00     0.00 -1    -1e-30      0.00 7.092e-01 2.755e-01 2.710e-03 7.399e-04 6.720e-03 -1.000 1.527e-02 -5.882 -4.862 -3.942 -3.724 -3.628 -3.495 -3.191 -3.098 -3.019
0.0152 0.01508 7.37600 10.0854282379 2.6259563962   10.084  4.249  4.3422  3.513    2  0.000  0.538     0.00     0.00     0.00     0.00     0.00 -1    -1e-30      0.00 7.092e-01 2.755e-01 2.710e-03 7.399e-04 6.720e-03 -1.000 1.527e-02 -5.854 -4.846 -3.931 -3.714 -3.619 -3.487 -3.185 -3.093 -3.015
0.0152 0.01508 7.37600 10.0860872269 2.6259570741   10.085  4.227  4.3320  3.495    2  0.000  0.538     0.00     0.00     0.00     0.00     0.00 -1    -1e-30      0.00 7.092e-01 2.755e-01 2.710e-03 7.399e-04 6.720e-03 -1.000 1.527e-02 -5.797 -4.827 -3.928 -3.715 -3.622 -3.493 -3.197 -3.107 -3.031
0.0152 0.01508 7.37600 10.0865268707 2.6259575263   10.085  4.214  4.3215  3.466    2  0.000  0.538     0.00     0.00     0.00     0.00     0.00 -1    -1e-30      0.00 7.092e-01 2.755e-01 2.710e-03 7.399e-04 6.720e-03 -1.000 1.527e-02 -5.765 -4.834 -3.951 -3.741 -3.651 -3.525 -3.236 -3.148 -3.074
0.0152 0.01508 7.37600 10.0869932175 2.6259580060   10.085  4.208  4.3081  3.418    2  0.000  0.538     0.00     0.00     0.00     0.00     0.00 -1    -1e-30      0.00 7.092e-01 2.755e-01 2.710e-03 7.399e-04 6.720e-03 -1.000 1.527e-02 -5.750 -4.872 -4.008 -3.803 -3.716 -3.595 -3.313 -3.229 -3.157
0.0152 0.01508 7.37600 10.0874004364 2.6259584248   10.086  4.209  4.2952  3.365    2  0.000  0.538     0.00     0.00     0.00     0.00     0.00 -1    -1e-30      0.00 7.092e-01 2.755e-01 2.710e-03 7.399e-04 6.720e-03 -1.000 1.527e-02 -5.754 -4.926 -4.081 -3.881 -3.798 -3.680 -3.406 -3.325 -3.256
0.0152 0.01508 7.37600 10.0877771378 2.6259588121   10.086  4.214  4.2825  3.310    2  0.000  0.538     0.00     0.00     0.00     0.00     0.00 -1    -1e-30      0.00 7.092e-01 2.755e-01 2.710e-03 7.399e-04 6.720e-03 -1.000 1.527e-02 -5.765 -4.988 -4.160 -3.965 -3.885 -3.772 -3.506 -3.428 -3.361
0.0152 0.01508 7.37600 10.0882205963 2.6259592681   10.087  4.221  4.2669  3.240    2  0.000  0.538     0.00     0.00     0.00     0.00     0.00 -1    -1e-30      0.00 7.092e-01 2.755e-01 2.710e-03 7.399e-04 6.720e-03 -1.000 1.527e-02 -5.783 -5.067 -4.262 -4.074 -3.998 -3.890 -3.634 -3.559 -3.495
0.0152 0.01508 7.37600 10.0885572433 2.6259596142   10.087  4.227  4.2545  3.185    2  0.000  0.538     0.00     0.00     0.00     0.00     0.00 -1    -1e-30      0.00 7.092e-01 2.755e-01 2.710e-03 7.399e-04 6.720e-03 -1.000 1.527e-02 -5.796 -5.128 -4.343 -4.159 -4.087 -3.983 -3.734 -3.663 -3.601
0.0152 0.01508 7.37600 10.0888805389 2.6259599466   10.087  4.231  4.2422  3.131    2  0.000  0.538     0.00     0.00     0.00     0.00     0.00 -1    -1e-30      0.00 7.092e-01 2.755e-01 2.710e-03 7.399e-04 6.720e-03 -1.000 1.527e-02 -5.808 -5.187 -4.420 -4.242 -4.173 -4.074 -3.833 -3.764 -3.704
0.0152 0.01508 7.37600 10.0891914368 2.6259602661   10.088  4.235  4.2300  3.079    2  0.000  0.538     0.00     0.00     0.00     0.00     0.00 -1    -1e-30      0.00 7.092e-01 2.755e-01 2.710e-03 7.399e-04 6.720e-03 -1.000 1.527e-02 -5.817 -5.243 -4.495 -4.322 -4.257 -4.162 -3.929 -3.863 -3.805
0.0152 0.01508 7.37600 10.0894889832 2.6259605720   10.088  4.238  4.2177  3.027    2  0.000  0.538     0.00     0.00     0.00     0.00     0.00 -1    -1e-30      0.00 7.092e-01 2.755e-01 2.710e-03 7.399e-04 6.720e-03 -1.000 1.527e-02 -5.825 -5.296 -4.568 -4.400 -4.339 -4.248 -4.023 -3.960 -3.904
0.0152 0.01508 7.37600 10.0897741318 2.6259608651   10.088  4.240  4.2056  2.976    2  0.000  0.538     0.00     0.00     0.00     0.00     0.00 -1    -1e-30      0.00 7.092e-01 2.755e-01 2.710e-03 7.399e-04 6.720e-03 -1.000 1.527e-02 -5.830 -5.347 -4.639 -4.476 -4.418 -4.332 -4.115 -4.055 -4.001
0.0152 0.01508 7.37600 10.0900487900 2.6259611473   10.089  4.241  4.1935  2.926    2  0.000  0.538     0.00     0.00     0.00     0.00     0.00 -1    -1e-30      0.00 7.092e-01 2.755e-01 2.710e-03 7.399e-04 6.720e-03 -1.000 1.527e-02 -5.834 -5.396 -4.706 -4.549 -4.496 -4.414 -4.205 -4.148 -4.096
0.0152 0.01508 7.37600 10.0903100967 2.6259614159   10.089  4.242  4.1814  2.877    2  0.000  0.538     0.00     0.00     0.00     0.00     0.00 -1    -1e-30      0.00 7.092e-01 2.755e-01 2.710e-03 7.399e-04 6.720e-03 -1.000 1.527e-02 -5.836 -5.442 -4.772 -4.621 -4.571 -4.494 -4.293 -4.239 -4.189
0.0152 0.01508 7.37600 10.0905618668 2.6259616746   10.089  4.243  4.1693  2.828    2  0.000  0.538     0.00     0.00     0.00     0.00     0.00 -1    -1e-30      0.00 7.092e-01 2.755e-01 2.710e-03 7.399e-04 6.720e-03 -1.000 1.527e-02 -5.836 -5.485 -4.836 -4.691 -4.645 -4.573 -4.380 -4.329 -4.281
0.0152 0.01508 7.37600 10.0908012390 2.6259619206   10.089  4.242  4.1573  2.781    2  0.000  0.538     0.00     0.00     0.00     0.00     0.00 -1    -1e-30      0.00 7.092e-01 2.755e-01 2.710e-03 7.399e-04 6.720e-03 -1.000 1.527e-02 -5.836 -5.526 -4.898 -4.759 -4.717 -4.650 -4.465 -4.417 -4.372
0.0152 0.01508 7.37600 10.0910854340 2.6259622126   10.090  4.242  4.1423  2.721    2  0.000  0.538     0.00     0.00     0.00     0.00     0.00 -1    -1e-30      0.00 7.092e-01 2.755e-01 2.710e-03 7.399e-04 6.720e-03 -1.000 1.527e-02 -5.834 -5.574 -4.974 -4.842 -4.805 -4.743 -4.569 -4.525 -4.482
0.0152 0.01508 7.37600 10.0913019180 2.6259624350   10.090  4.240  4.1302  2.674    2  0.000  0.538     0.00     0.00     0.00     0.00     0.00 -1    -1e-30      0.00 7.092e-01 2.755e-01 2.710e-03 7.399e-04 6.720e-03 -1.000 1.527e-02 -5.831 -5.610 -5.033 -4.907 -4.874 -4.816 -4.651 -4.611 -4.570
0.0152 0.01508 7.37600 10.0915069580 2.6259626457   10.090  4.239  4.1183  2.628    2  0.000  0.538     0.00     0.00     0.00     0.00     0.00 -1    -1e-30      0.00 7.092e-01 2.755e-01 2.710e-03 7.399e-04 6.720e-03 -1.000 1.527e-02 -5.828 -5.643 -5.090 -4.970 -4.941 -4.888 -4.732 -4.695 -4.656
0.0152 0.01508 7.37600 10.0917043686 2.6259628485   10.090  4.237  4.1062  2.582    2  0.000  0.538     0.00     0.00     0.00     0.00     0.00 -1    -1e-30      0.00 7.092e-01 2.755e-01 2.710e-03 7.399e-04 6.720e-03 -1.000 1.527e-02 -5.823 -5.674 -5.146 -5.032 -5.006 -4.959 -4.812 -4.778 -4.741
0.0152 0.01508 7.37600 10.0918903351 2.6259630395   10.090  4.235  4.0943  2.536    2  0.000  0.538     0.00     0.00     0.00     0.00     0.00 -1    -1e-30      0.00 7.092e-01 2.755e-01 2.710e-03 7.399e-04 6.720e-03 -1.000 1.527e-02 -5.818 -5.702 -5.200 -5.092 -5.070 -5.027 -4.890 -4.859 -4.824
0.0152 0.01508 7.37600 10.0920677185 2.6259632218   10.090  4.233  4.0824  2.491    2  0.000  0.538     0.00     0.00     0.00     0.00     0.00 -1    -1e-30      0.00 7.092e-01 2.755e-01 2.710e-03 7.399e-04 6.720e-03 -1.000 1.527e-02 -5.812 -5.725 -5.253 -5.151 -5.132 -5.094 -4.966 -4.939 -4.906
0.0152 0.01508 7.37600 10.0922374725 2.6259633961   10.091  4.230  4.0705  2.445    2  0.000  0.538     0.00     0.00     0.00     0.00     0.00 -1    -1e-30      0.00 7.092e-01 2.755e-01 2.710e-03 7.399e-04 6.720e-03 -1.000 1.527e-02 -5.806 -5.747 -5.301 -5.206 -5.192 -5.159 -5.041 -5.018 -4.987
0.0152 0.01508 7.37600 10.0923995972 2.6259635627   10.091  4.228  4.0586  2.401    2  0.000  0.538     0.00     0.00     0.00     0.00     0.00 -1    -1e-30      0.00 7.092e-01 2.755e-01 2.710e-03 7.399e-04 6.720e-03 -1.000 1.527e-02 -5.799 -5.763 -5.347 -5.259 -5.249 -5.221 -5.115 -5.095 -5.066
0.0152 0.01508 7.37600 10.0925531387 2.6259637204   10.091  4.225  4.0468  2.356    2  0.000  0.538     0.00     0.00     0.00     0.00     0.00 -1    -1e-30      0.00 7.092e-01 2.755e-01 2.710e-03 7.399e-04 6.720e-03 -1.000 1.527e-02 -5.792 -5.776 -5.392 -5.311 -5.304 -5.282 -5.186 -5.170 -5.144
0.0152 0.01508 7.37600 10.0927000046 2.6259638712   10.091  4.222  4.0349  2.312    2  0.000  0.538     0.00     0.00     0.00     0.00     0.00 -1    -1e-30      0.00 7.092e-01 2.755e-01 2.710e-03 7.399e-04 6.720e-03 -1.000 1.527e-02 -5.784 -5.785 -5.435 -5.361 -5.358 -5.341 -5.257 -5.244 -5.220
0.0152 0.01508 7.37600 10.0928392410 2.6259640142   10.091  4.218  4.0231  2.268    2  0.000  0.538     0.00     0.00     0.00     0.00     0.00 -1    -1e-30      0.00 7.092e-01 2.755e-01 2.710e-03 7.399e-04 6.720e-03 -1.000 1.527e-02 -5.775 -5.790 -5.476 -5.409 -5.409 -5.397 -5.326 -5.318 -5.296
0.0152 0.01508 7.37600 10.0929708481 2.6259641494   10.091  4.215  4.0114  2.225    2  0.000  0.538     0.00     0.00     0.00     0.00     0.00 -1    -1e-30      0.00 7.092e-01 2.755e-01 2.710e-03 7.399e-04 6.720e-03 -1.000 1.527e-02 -5.766 -5.792 -5.516 -5.455 -5.458 -5.452 -5.393 -5.389 -5.369
0.0152 0.01508 7.37600 10.0930976868 2.6259642797   10.092  4.211  3.9995  2.181    2  0.000  0.538     0.00     0.00     0.00     0.00     0.00 -1    -1e-30      0.00 7.092e-01 2.755e-01 2.710e-03 7.399e-04 6.720e-03 -1.000 1.527e-02 -5.757 -5.790 -5.553 -5.499 -5.506 -5.505 -5.461 -5.461 -5.443
0.0152 0.01508 7.37600 10.0932188034 2.6259644041   10.092  4.207  3.9877  2.138    2  0.000  0.538     0.00     0.00     0.00     0.00     0.00 -1    -1e-30      0.00 7.092e-01 2.755e-01 2.710e-03 7.399e-04 6.720e-03 -1.000 1.527e-02 -5.747 -5.784 -5.589 -5.542 -5.552 -5.557 -5.527 -5.532 -5.517
0.0152 0.01508 7.37600 10.0933322906 2.6259645206   10.092  4.203  3.9761  2.095    2  0.000  0.538     0.00     0.00     0.00     0.00     0.00 -1    -1e-30      0.00 7.092e-01 2.755e-01 2.710e-03 7.399e-04 6.720e-03 -1.000 1.527e-02 -5.738 -5.775 -5.622 -5.582 -5.595 -5.606 -5.591 -5.601 -5.589
0.0152 0.01508 7.37600 10.0934686661 2.6259646607   10.092  4.198  3.9614  2.042    2  0.000  0.538     0.00     0.00     0.00     0.00     0.00 -1    -1e-30      0.00 7.092e-01 2.755e-01 2.710e-03 7.399e-04 6.720e-03 -1.000 1.527e-02 -5.725 -5.759 -5.661 -5.630 -5.647 -5.666 -5.672 -5.687 -5.680
0.0152 0.01508 7.37600 10.0935707092 2.6259647654   10.092  4.194  3.9498  1.999    2  0.000  0.538     0.00     0.00     0.00     0.00     0.00 -1    -1e-30      0.00 7.092e-01 2.755e-01 2.710e-03 7.399e-04 6.720e-03 -1.000 1.527e-02 -5.715 -5.741 -5.688 -5.665 -5.686 -5.711 -5.735 -5.756 -5.752
0.0152 0.01508 7.37600 10.0936698914 2.6259648673   10.092  4.190  3.9382  1.957    2  0.000  0.538     0.00     0.00     0.00     0.00     0.00 -1    -1e-30      0.00 7.092e-01 2.755e-01 2.710e-03 7.399e-04 6.720e-03 -1.000 1.527e-02 -5.704 -5.716 -5.706 -5.695 -5.722 -5.755 -5.797 -5.824 -5.825
0.0152 0.01508 7.37600 10.0937643051 2.6259649642   10.092  4.185  3.9266  1.915    2  0.000  0.538     0.00     0.00     0.00     0.00     0.00 -1    -1e-30      0.00 7.092e-01 2.755e-01 2.710e-03 7.399e-04 6.720e-03 -1.000 1.527e-02 -5.693 -5.682 -5.717 -5.721 -5.755 -5.797 -5.858 -5.892 -5.897
0.0152 0.01508 7.37600 10.0938549042 2.6259650573   10.092  4.181  3.9150  1.873    2  0.000  0.538     0.00     0.00     0.00     0.00     0.00 -1    -1e-30      0.00 7.092e-01 2.755e-01 2.710e-03 7.399e-04 6.720e-03 -1.000 1.527e-02 -5.682 -5.638 -5.717 -5.739 -5.784 -5.837 -5.918 -5.961 -5.969
0.0152 0.01508 7.37600 10.0939407349 2.6259651454   10.092  4.176  3.9034  1.831    2  0.000  0.538     0.00     0.00     0.00     0.00     0.00 -1    -1e-30      0.00 7.092e-01 2.755e-01 2.710e-03 7.399e-04 6.720e-03 -1.000 1.527e-02 -5.671 -5.586 -5.707 -5.752 -5.809 -5.874 -5.978 -6.030 -6.042
0.0152 0.01508 7.37600 10.0940446854 2.6259652521   10.092  4.170  3.8888  1.779    2  0.000  0.538     0.00     0.00     0.00     0.00     0.00 -1    -1e-30      0.00 7.092e-01 2.755e-01 2.710e-03 7.399e-04 6.720e-03 -1.000 1.527e-02 -5.656 -5.511 -5.679 -5.758 -5.836 -5.919 -6.051 -6.117 -6.134
0.0152 0.01508 7.37600 10.0941228867 2.6259653324   10.093  4.165  3.8771  1.737    2  0.000  0.538     0.00     0.00     0.00     0.00     0.00 -1    -1e-30      0.00 7.092e-01 2.755e-01 2.710e-03 7.399e-04 6.720e-03 -1.000 1.527e-02 -5.644 -5.445 -5.642 -5.754 -5.852 -5.952 -6.108 -6.189 -6.209
0.0152 0.01508 7.37600 10.0941963196 2.6259654078   10.093  4.160  3.8655  1.695    2  0.000  0.538     0.00     0.00     0.00     0.00     0.00 -1    -1e-30      0.00 7.092e-01 2.755e-01 2.710e-03 7.399e-04 6.720e-03 -1.000 1.527e-02 -5.631 -5.375 -5.596 -5.746 -5.865 -5.984 -6.164 -6.261 -6.285
0.0152 0.01508 7.37600 10.0942859650 2.6259654999   10.093  4.154  3.8509  1.644    2  0.000  0.538     0.00     0.00     0.00     0.00     0.00 -1    -1e-30      0.00 7.092e-01 2.755e-01 2.710e-03 7.399e-04 6.720e-03 -1.000 1.527e-02 -5.615 -5.280 -5.523 -5.729 -5.879 -6.024 -6.234 -6.354 -6.381
0.0152 0.01508 7.37600 10.0943527222 2.6259655684   10.093  4.149  3.8392  1.602    2  0.000  0.538     0.00     0.00     0.00     0.00     0.00 -1    -1e-30      0.00 7.092e-01 2.755e-01 2.710e-03 7.399e-04 6.720e-03 -1.000 1.527e-02 -5.602 -5.197 -5.452 -5.711 -5.888 -6.054 -6.290 -6.429 -6.459
0.0152 0.01508 7.37600 10.0944166183 2.6259656340   10.093  4.143  3.8275  1.561    2  0.000  0.538     0.00     0.00     0.00     0.00     0.00 -1    -1e-30      0.00 7.092e-01 2.755e-01 2.710e-03 7.399e-04 6.720e-03 -1.000 1.527e-02 -5.588 -5.108 -5.374 -5.690 -5.895 -6.083 -6.345 -6.504 -6.536
0.0152 0.01508 7.37600 10.0944766998 2.6259656957   10.093  4.137  3.8161  1.521    2  0.000  0.538     0.00     0.00     0.00     0.00     0.00 -1    -1e-30      0.00 7.092e-01 2.755e-01 2.710e-03 7.399e-04 6.720e-03 -1.000 1.527e-02 -5.573 -5.013 -5.290 -5.664 -5.898 -6.107 -6.395 -6.577 -6.612
0.0152 0.01508 7.37600 10.0945358276 2.6259657564   10.093  4.131  3.8044  1.480    2  0.000  0.538     0.00     0.00     0.00     0.00     0.00 -1    -1e-30      0.00 7.092e-01 2.755e-01 2.710e-03 7.399e-04 6.720e-03 -1.000 1.527e-02 -5.559 -4.901 -5.198 -5.635 -5.899 -6.131 -6.447 -6.651 -6.689
0.0152 0.01508 7.37600 10.0946044922 2.6259658269   10.093  4.124  3.7899  1.430    2  0.000  0.538     0.00     0.00     0.00     0.00     0.00 -1    -1e-30      0.00 7.092e-01 2.755e-01 2.710e-03 7.399e-04 6.720e-03 -1.000 1.527e-02 -5.539 -4.750 -5.074 -5.591 -5.894 -6.155 -6.507 -6.741 -6.785
0.0152 0.01508 7.37600 10.0946578979 2.6259658817   10.093  4.117  3.7782  1.390    2  0.000  0.538     0.00     0.00     0.00     0.00     0.00 -1    -1e-30      0.00 7.092e-01 2.755e-01 2.710e-03 7.399e-04 6.720e-03 -1.000 1.527e-02 -5.522 -4.588 -4.959 -5.551 -5.890 -6.176 -6.556 -6.816 -6.864
0.0152 0.01508 7.37600 10.0947084427 2.6259659336   10.093  4.110  3.7666  1.350    2  0.000  0.538     0.00     0.00     0.00     0.00     0.00 -1    -1e-30      0.00 7.092e-01 2.755e-01 2.710e-03 7.399e-04 6.720e-03 -1.000 1.527e-02 -5.505 -4.412 -4.832 -5.502 -5.877 -6.191 -6.604 -6.892 -6.945
0.0152 0.01508 7.37600 10.0947570801 2.6259659836   10.093  4.102  3.7548  1.311    2  0.000  0.538     0.00     0.00     0.00     0.00     0.00 -1    -1e-30      0.00 7.092e-01 2.755e-01 2.710e-03 7.399e-04 6.720e-03 -1.000 1.527e-02 -5.486 -4.231 -4.711 -5.453 -5.860 -6.197 -6.641 -6.957 -7.014
0.0152 0.01508 7.37600 10.0948038101 2.6259660315   10.093  4.095  3.7431  1.272    2  0.000  0.538     0.00     0.00     0.00     0.00     0.00 -1    -1e-30      0.00 7.092e-01 2.755e-01 2.710e-03 7.399e-04 6.720e-03 -1.000 1.527e-02 -5.467 -4.006 -4.576 -5.396 -5.839 -6.200 -6.678 -7.024 -7.084
0.0152 0.01508 7.37600 10.0948486328 2.6259660775   10.093  4.086  3.7315  1.234    2  0.000  0.538     0.00     0.00     0.00     0.00     0.00 -1    -1e-30      0.00 7.092e-01 2.755e-01 2.710e-03 7.399e-04 6.720e-03 -1.000 1.527e-02 -5.446 -3.786 -4.442 -5.335 -5.810 -6.194 -6.708 -7.084 -7.147
0.0152 0.01508 7.37600 10.0948905945 2.6259661206   10.093  4.078  3.7198  1.196    2  0.000  0.538     0.00     0.00     0.00     0.00     0.00 -1    -1e-30      0.00 7.092e-01 2.755e-01 2.710e-03 7.399e-04 6.720e-03 -1.000 1.527e-02 -5.424 -3.557 -4.305 -5.267 -5.775 -6.181 -6.733 -7.142 -7.206
0.0152 0.01508 7.37600 10.0949316025 2.6259661627   10.093  4.068  3.7084  1.160    2  0.000  0.538     0.00     0.00     0.00     0.00     0.00 -1    -1e-30      0.00 7.092e-01 2.755e-01 2.710e-03 7.399e-04 6.720e-03 -1.000 1.527e-02 -5.401 -3.312 -4.164 -5.194 -5.734 -6.161 -6.754 -7.195 -7.261
0.0152 0.01508 7.37600 10.0949716568 2.6259662038   10.093  4.058  3.6969  1.124    2  0.000  0.538     0.00     0.00     0.00     0.00     0.00 -1    -1e-30      0.00 7.092e-01 2.755e-01 2.710e-03 7.399e-04 6.720e-03 -1.000 1.527e-02 -5.375 -3.048 -4.017 -5.114 -5.685 -6.134 -6.769 -7.243 -7.312
0.0152 0.01508 7.37600 10.0950202942 2.6259662538   10.094  4.044  3.6835  1.084    2  0.000  0.538     0.00     0.00     0.00     0.00     0.00 -1    -1e-30      0.00 7.092e-01 2.755e-01 2.710e-03 7.399e-04 6.720e-03 -1.000 1.527e-02 -5.340 -2.733 -3.842 -5.013 -5.619 -6.092 -6.778 -7.287 -7.365
0.0152 0.01508 7.37600 10.0950603485 2.6259662949   10.094  4.031  3.6734  1.057    2  0.000  0.538     0.00     0.00     0.00     0.00     0.00 -1    -1e-30      0.00 7.092e-01 2.755e-01 2.710e-03 7.399e-04 6.720e-03 -1.000 1.527e-02 -5.308 -2.555 -3.714 -4.935 -5.560 -6.046 -6.773 -7.299 -7.391
0.0152 0.01508 7.37600 10.0951051712 2.6259663409   10.094  4.015  3.6639  1.034    2  0.000  0.538     0.00     0.00     0.00     0.00     0.00 -1    -1e-30      0.00 7.092e-01 2.755e-01 2.710e-03 7.399e-04 6.720e-03 -1.000 1.527e-02 -5.268 -2.382 -3.581 -4.847 -5.490 -5.990 -6.756 -7.297 -7.404
0.0152 0.01508 7.37600 10.0951595306 2.6259663967   10.094  3.996  3.6549  1.017    2  0.000  0.538     0.00     0.00     0.00     0.00     0.00 -1    -1e-30      0.00 7.092e-01 2.755e-01 2.710e-03 7.399e-04 6.720e-03 -1.000 1.527e-02 -5.221 -2.164 -3.432 -4.743 -5.407 -5.925 -6.729 -7.288 -7.409
0.0152 0.01508 7.37600 10.0952110291 2.6259664496   10.094  3.980  3.6486  1.008    2  0.000  0.538     0.00     0.00     0.00     0.00     0.00 -1    -1e-30      0.00 7.092e-01 2.755e-01 2.710e-03 7.399e-04 6.720e-03 -1.000 1.527e-02 -5.181 -1.962 -3.312 -4.656 -5.339 -5.873 -6.704 -7.281 -7.409
0.0152 0.01508 7.37600 10.0953283310 2.6259665700   10.094  3.950  3.6399  1.003    2  0.000  0.538     0.00     0.00     0.00     0.00     0.00 -1    -1e-30      0.00 7.092e-01 2.755e-01 2.710e-03 7.399e-04 6.720e-03 -1.000 1.527e-02 -5.106 -1.664 -3.125 -4.512 -5.222 -5.780 -6.649 -7.252 -7.389
0.0152 0.01508 7.37600 10.0954446793 2.6259666894   10.094  3.927  3.6321  0.995    2  0.000  0.538     0.00     0.00     0.00     0.00     0.00 -1    -1e-30      0.00 7.092e-01 2.755e-01 2.710e-03 7.399e-04 6.720e-03 -1.000 1.527e-02 -5.048 -1.399 -2.960 -4.386 -5.122 -5.704 -6.607 -7.235 -7.381
0.0152 0.01508 7.37600 10.0954837799 2.6259667295   10.094  3.922  3.6294  0.990    2  0.000  0.538     0.00     0.00     0.00     0.00     0.00 -1    -1e-30      0.00 7.092e-01 2.755e-01 2.710e-03 7.399e-04 6.720e-03 -1.000 1.527e-02 -5.034 -1.312 -2.908 -4.347 -5.093 -5.684 -6.598 -7.234 -7.384
0.0152 0.01508 7.37600 10.0955705643 2.6259668186   10.094  3.939  3.6223  0.944    3  0.000  0.537    39.44    27.97    19.54    14.09    11.67  4    -1e-30      0.00 7.092e-01 2.755e-01 2.709e-03 7.401e-04 6.720e-03 -1.000 1.527e-02 -5.078 -1.141 -2.842 -4.321 -5.095 -5.711 -6.657 -7.316 -7.474
0.0152 0.01508 7.37600 10.0956544876 2.6259669048   10.094  3.979  3.6141  0.871    3  0.000  0.533    46.67    31.88    22.14    16.00    13.25  4    -1e-30      0.00 7.092e-01 2.755e-01 2.689e-03 7.472e-04 6.720e-03 -1.000 1.527e-02 -5.178 -0.985 -2.807 -4.334 -5.142 -5.790 -6.774 -7.457 -7.626
0.0152 0.01508 7.37600 10.0957040787 2.6259669557   10.094  4.021  3.6085  0.807    3  0.000  0.514    54.19    35.81    24.75    17.91    14.84  4    -1e-30      0.00 7.092e-01 2.755e-01 2.591e-03 8.176e-04 6.720e-03 -1.000 1.527e-02 -5.283 -0.904 -2.813 -4.374 -5.206 -5.879 -6.890 -7.589 -7.767
0.0152 0.01508 7.37600 10.0957412720 2.6259669938   10.094  4.061  3.6037  0.748    3  0.000  0.482    62.08    39.81    27.38    19.85    16.44  4    -1e-30      0.00 7.091e-01 2.755e-01 2.430e-03 9.887e-04 6.720e-03 -1.000 1.534e-02 -5.381 -0.849 -2.825 -4.414 -5.267 -5.965 -6.999 -7.712 -7.897
0.0152 0.01508 7.37600 10.0957746506 2.6259670281   10.094  4.100  3.5995  0.692    3  0.000  0.452    70.77    44.09    30.18    21.91    18.16  4    -1e-30      0.00 7.091e-01 2.755e-01 2.281e-03 1.167e-03 6.720e-03 -1.000 1.537e-02 -5.480 -0.808 -2.846 -4.459 -5.331 -6.052 -7.107 -7.832 -8.023
0.0152 0.01508 7.37600 10.0957822800 2.6259670359   10.094  4.109  3.5986  0.679    3  0.000  0.446    72.86    45.09    30.84    22.40    18.56  4    -1e-30      0.00 7.091e-01 2.755e-01 2.251e-03 1.204e-03 6.720e-03 -1.000 1.537e-02 -5.502 -0.801 -2.850 -4.468 -5.345 -6.071 -7.131 -7.858 -8.051
0.0152 0.01508 7.37600 10.0957899094 2.6259670438   10.094  4.118  3.5976  0.666    3  0.000  0.441    75.14    46.19    31.55    22.93    19.00  4    -1e-30      0.00 7.091e-01 2.756e-01 2.226e-03 1.237e-03 6.719e-03 -1.000 1.537e-02 -5.525 -0.793 -2.854 -4.477 -5.359 -6.091 -7.157 -7.886 -8.081
0.0152 0.01508 7.37600 10.0958232880 2.6259670780   10.094  4.158  3.5936  0.610    3  0.000  0.425    85.57    51.11    34.75    25.29    20.97  4    -1e-30      0.00 7.089e-01 2.758e-01 2.138e-03 1.356e-03 6.706e-03 -1.000 1.537e-02 -5.625 -0.763 -2.874 -4.520 -5.421 -6.179 -7.265 -8.006 -8.206
0.0152 0.01508 7.37600 10.0958318710 2.6259670868   10.094  4.168  3.5925  0.596    3  0.000  0.422    88.41    52.43    35.61    25.92    21.49  4    -1e-30      0.00 7.088e-01 2.759e-01 2.120e-03 1.385e-03 6.700e-03 -1.000 1.537e-02 -5.650 -0.756 -2.879 -4.531 -5.437 -6.201 -7.293 -8.036 -8.238
0.0152 0.01508 7.37600 10.0958395004 2.6259670947   10.094  4.176  3.5918  0.585    3  0.000  0.420    90.66    53.46    36.28    26.42    21.90  4    -1e-30      0.00 7.086e-01 2.760e-01 2.106e-03 1.410e-03 6.689e-03 -1.000 1.537e-02 -5.670 -0.750 -2.883 -4.539 -5.449 -6.218 -7.314 -8.059 -8.263
0.0152 0.01508 7.37600 10.0958747864 2.6259671309   10.094  4.212  3.5882  0.535    3  0.000  0.412   101.87    58.54    39.57    28.85    23.92  4    -1e-30      0.00 7.081e-01 2.766e-01 2.052e-03 1.517e-03 6.644e-03 -1.000 1.537e-02 -5.759 -0.729 -2.899 -4.573 -5.501 -6.296 -7.411 -8.166 -8.376
0.0152 0.01508 7.37600 10.0959110260 2.6259671681   10.094  4.241  3.5852  0.494    3  0.000  0.406   112.10    63.07    42.48    31.01    25.72  4    -1e-30      0.00 7.077e-01 2.770e-01 2.013e-03 1.592e-03 6.612e-03 -1.000 1.537e-02 -5.833 -0.714 -2.910 -4.597 -5.540 -6.360 -7.491 -8.254 -8.468
0.0152 0.01508 7.37600 10.0959701538 2.6259672288   10.094  4.279  3.5814  0.441    3  0.000  0.400   126.75    69.40    46.54    34.02    28.23  4    -1e-30      0.00 7.072e-01 2.775e-01 1.972e-03 1.674e-03 6.576e-03 -1.000 1.536e-02 -5.927 -0.690 -2.919 -4.624 -5.589 -6.441 -7.595 -8.367 -8.588
0.0152 0.01508 7.37600 10.0960512161 2.6259673119   10.094  4.311  3.5781  0.395    3  0.000  0.396   140.90    75.36    50.35    36.85    30.58  4    -1e-30      0.00 7.066e-01 2.781e-01 1.942e-03 1.746e-03 6.537e-03 -1.000 1.537e-02 -6.008 -0.674 -2.921 -4.639 -5.624 -6.510 -7.684 -8.464 -8.690
0.0152 0.01508 7.37600 10.0962333679 2.6259674989   10.095  4.341  3.5750  0.354    3  0.000  0.395   155.22    81.26    54.11    39.65    32.91  4    -1e-30      0.00 7.049e-01 2.798e-01 1.910e-03 1.858e-03 6.453e-03 -1.000 1.537e-02 -6.081 -0.664 -2.921 -4.647 -5.651 -6.572 -7.766 -8.553 -8.784
0.0152 0.01508 7.37600 10.0969915390 2.6259682769   10.095  4.386  3.5704  0.290    3  0.000  0.394   179.96    91.17    60.40    44.33    36.80  4    -1e-30      0.00 6.993e-01 2.853e-01 1.850e-03 2.099e-03 6.264e-03 -1.000 1.537e-02 -6.194 -0.649 -2.919 -4.659 -5.692 -6.667 -7.891 -8.689 -8.928
0.0152 0.01508 7.37600 10.0982036591 2.6259695205   10.097  4.427  3.5662  0.232    3  0.000  0.393   206.00   101.29    66.79    49.09    40.77  4    -1e-30      0.00 6.919e-01 2.927e-01 1.792e-03 2.338e-03 6.072e-03 -1.000 1.537e-02 -6.298 -0.645 -2.906 -4.650 -5.716 -6.751 -8.007 -8.814 -9.060
0.0152 0.01508 7.37600 10.1022052765 2.6259736235   10.101  4.470  3.5620  0.172    3  0.000  0.393   236.81   112.89    74.08    54.54    45.30  3    -1e-30      0.00 6.839e-01 3.007e-01 1.746e-03 2.533e-03 5.916e-03 -1.000 1.536e-02 -6.406 -0.647 -2.895 -4.644 -5.743 -6.839 -8.126 -8.943 -9.196
0.0152 0.01508 7.37600 10.1093425751 2.6259809325   10.108  4.462  3.5630  0.185    3  0.000  0.393   229.88   110.30    72.45    53.32    44.29  3    -1e-30      0.00 6.839e-01 3.007e-01 1.746e-03 2.533e-03 5.916e-03 -1.000 1.536e-02 -6.385 -0.651 -2.903 -4.651 -5.742 -6.823 -8.103 -8.916 -9.168
0.0152 0.01508 7.37600 10.1366233826 2.6260087602   10.135  4.428  3.5672  0.237    4  0.000  0.393     0.00     0.00     0.00     0.00     0.00 -1    -1e-30      0.00 6.839e-01 3.007e-01 1.746e-03 2.533e-03 5.916e-03 -1.000 1.536e-02 -6.299 -0.665 -2.934 -4.679 -5.738 -6.757 -8.005 -8.809 -9.054
0.0152 0.01508 7.37600 10.1586790085 2.6260311325   10.157  4.392  3.5715  0.291    4  0.000  0.393     0.00     0.00     0.00     0.00     0.00 -1    -1e-30      0.00 6.839e-01 3.007e-01 1.746e-03 2.533e-03 5.916e-03 -1.000 1.536e-02 -6.209 -0.682 -2.956 -4.696 -5.724 -6.686 -7.904 -8.698 -8.936
0.0152 0.01508 7.37600 10.1787929535 2.6260514379   10.178  4.355  3.5757  0.345    4  0.000  0.393     0.00     0.00     0.00     0.00     0.00 -1    -1e-30      0.00 6.839e-01 3.007e-01 1.746e-03 2.533e-03 5.915e-03 -1.000 1.536e-02 -6.119 -0.704 -2.968 -4.697 -5.698 -6.612 -7.802 -8.587 -8.818
0.0152 0.01508 7.37600 10.1997737885 2.6260725205   10.199  4.322  3.5798  0.396    4  0.000  0.393     0.00     0.00     0.00     0.00     0.00 -1    -1e-30      0.00 6.839e-01 3.007e-01 1.746e-03 2.534e-03 5.915e-03 -1.000 1.536e-02 -6.035 -0.730 -2.984 -4.703 -5.679 -6.545 -7.708 -8.483 -8.707
0.0152 0.01508 7.37600 10.2322349548 2.6261049432   10.231  4.286  3.5850  0.454    4  0.000  0.393     0.00     0.00     0.00     0.00     0.00 -1    -1e-30      0.00 6.839e-01 3.007e-01 1.746e-03 2.534e-03 5.915e-03 -1.000 1.536e-02 -5.945 -0.786 -3.004 -4.701 -5.649 -6.471 -7.606 -8.367 -8.583
0.0152 0.01508 7.37600 10.3014278412 2.6261732704   10.301  4.259  3.5923  0.513    4  0.000  0.393     0.00     0.00     0.00     0.00     0.00 -1    -1e-30      0.00 6.839e-01 3.007e-01 1.746e-03 2.534e-03 5.914e-03 -1.000 1.535e-02 -5.877 -0.912 -3.082 -4.751 -5.662 -6.427 -7.522 -8.262 -8.467
0.0152 0.01508 7.37600 10.3179779053 2.6261894573   10.317  4.256  3.5938  0.523    4  0.000  0.393     0.00     0.00     0.00     0.00     0.00 -1    -1e-30      0.00 6.839e-01 3.007e-01 1.746e-03 2.535e-03 5.914e-03 -1.000 1.535e-02 -5.870 -0.945 -3.102 -4.764 -5.668 -6.425 -7.512 -8.247 -8.450
0.0152 0.01508 7.37600 10.3368864059 2.6262078779   10.336  4.264  3.5958  0.524    4  0.000  0.394     0.00     0.00     0.00     0.00     0.00 -1    -1e-30      0.00 6.839e-01 3.007e-01 1.746e-03 2.535e-03 5.914e-03 -1.000 1.535e-02 -5.889 -1.008 -3.154 -4.811 -5.707 -6.451 -7.529 -8.257 -8.457
0.0152 0.01508 7.37600 10.3777332306 2.6262474075   10.377  4.318  3.6086  0.523    5  0.000  0.394     0.00     0.00     0.00     0.00     0.00 -1    -1e-30      0.00 6.839e-01 3.008e-01 1.746e-03 2.535e-03 5.913e-03 -1.000 1.535e-02 -6.024 -1.439 -3.495 -5.108 -5.950 -6.625 -7.643 -8.326 -8.511
0.0152 0.01508 7.37600 10.3822259903 2.6262517335   10.382  4.341  3.6978  0.857    5  0.000  0.394     0.00     0.00     0.00     0.00     0.00 -1    -1e-30      0.00 6.839e-01 3.008e-01 1.746e-03 2.535e-03 5.913e-03 -1.000 1.535e-02 -6.082 -3.726 -4.718 -5.826 -6.397 -6.846 -7.477 -7.942 -8.013
0.0152 0.01508 7.37600 10.3844451904 2.6262538688   10.384  4.349  3.7121  0.906    5  0.000  0.394     0.00     0.00     0.00     0.00     0.00 -1    -1e-30      0.00 6.839e-01 3.008e-01 1.746e-03 2.535e-03 5.913e-03 -1.000 1.535e-02 -6.103 -4.025 -4.887 -5.913 -6.446 -6.868 -7.447 -7.871 -7.937
0.0152 0.01508 7.37600 10.3854064941 2.6262547934   10.385  4.355  3.7177  0.922    5  0.000  0.394     0.00     0.00     0.00     0.00     0.00 -1    -1e-30      0.00 6.839e-01 3.008e-01 1.746e-03 2.535e-03 5.913e-03 -1.000 1.535e-02 -6.118 -4.143 -4.959 -5.953 -6.471 -6.882 -7.441 -7.849 -7.915
0.0152 0.01508 7.37600 10.3857231140 2.6262550979   10.385  4.358  3.7214  0.934    5  0.000  0.394     0.00     0.00     0.00     0.00     0.00 -1    -1e-30      0.00 6.839e-01 3.008e-01 1.746e-03 2.535e-03 5.913e-03 -1.000 1.535e-02 -6.124 -4.217 -5.002 -5.975 -6.483 -6.886 -7.433 -7.830 -7.896
0.0152 0.01508 7.37600 10.3859596252 2.6262553253   10.385  4.359  3.7251  0.948    5  0.000  0.394     0.00     0.00     0.00     0.00     0.00 -1    -1e-30      0.00 6.839e-01 3.008e-01 1.746e-03 2.535e-03 5.913e-03 -1.000 1.535e-02 -6.128 -4.285 -5.043 -5.994 -6.491 -6.888 -7.421 -7.808 -7.874
0.0152 0.01508 7.37600 10.3861379623 2.6262554968   10.386  4.360  3.7285  0.961    5  0.000  0.394     0.00     0.00     0.00     0.00     0.00 -1    -1e-30      0.00 6.839e-01 3.008e-01 1.746e-03 2.535e-03 5.913e-03 -1.000 1.535e-02 -6.130 -4.348 -5.079 -6.010 -6.498 -6.888 -7.410 -7.787 -7.852
0.0152 0.01508 7.37600 10.3862943649 2.6262556472   10.386  4.361  3.7318  0.973    5  0.000  0.394     0.00     0.00     0.00     0.00     0.00 -1    -1e-30      0.00 6.839e-01 3.008e-01 1.746e-03 2.535e-03 5.913e-03 -1.000 1.535e-02 -6.132 -4.402 -5.112 -6.024 -6.503 -6.887 -7.399 -7.767 -7.832
0.0152 0.01508 7.37600 10.3864431381 2.6262557903   10.386  4.361  3.7351  0.986    5  0.000  0.394     0.00     0.00     0.00     0.00     0.00 -1    -1e-30      0.00 6.839e-01 3.008e-01 1.746e-03 2.535e-03 5.913e-03 -1.000 1.535e-02 -6.133 -4.450 -5.142 -6.036 -6.508 -6.885 -7.388 -7.749 -7.814
0.0152 0.01508 7.37600 10.3865890503 2.6262559306   10.386  4.362  3.7384  0.998    5  0.000  0.394     0.00     0.00     0.00     0.00     0.00 -1    -1e-30      0.00 6.839e-01 3.008e-01 1.746e-03 2.535e-03 5.913e-03 -1.000 1.535e-02 -6.134 -4.497 -5.171 -6.049 -6.512 -6.884 -7.378 -7.731 -7.795
0.0152 0.01508 7.37600 10.3867368698 2.6262560727   10.386  4.362  3.7416  1.011    5  0.000  0.394     0.00     0.00     0.00     0.00     0.00 -1    -1e-30      0.00 6.839e-01 3.008e-01 1.746e-03 2.535e-03 5.913e-03 -1.000 1.535e-02 -6.135 -4.566 -5.208 -6.061 -6.514 -6.879 -7.363 -7.707 -7.771
0.0152 0.01508 7.37600 10.3868875504 2.6262562176   10.386  4.363  3.7448  1.023    5  0.000  0.394     0.00     0.00     0.00     0.00     0.00 -1    -1e-30      0.00 6.839e-01 3.008e-01 1.746e-03 2.535e-03 5.913e-03 -1.000 1.535e-02 -6.136 -4.653 -5.252 -6.075 -6.514 -6.872 -7.345 -7.680 -7.742
0.0152 0.01508 7.37600 10.3870439529 2.6262563679   10.386  4.363  3.7481  1.036    5  0.000  0.394     0.00     0.00     0.00     0.00     0.00 -1    -1e-30      0.00 6.839e-01 3.008e-01 1.746e-03 2.535e-03 5.913e-03 -1.000 1.535e-02 -6.137 -4.735 -5.294 -6.088 -6.515 -6.865 -7.327 -7.653 -7.714
0.0152 0.01508 7.37600 10.3872070312 2.6262565247   10.387  4.363  3.7513  1.048    5  0.000  0.394     0.00     0.00     0.00     0.00     0.00 -1    -1e-30      0.00 6.839e-01 3.008e-01 1.746e-03 2.535e-03 5.913e-03 -1.000 1.535e-02 -6.138 -4.802 -5.330 -6.099 -6.515 -6.859 -7.311 -7.629 -7.688
0.0152 0.01508 7.37600 10.3874225616 2.6262567319   10.387  4.364  3.7553  1.064    5  0.000  0.394     0.00     0.00     0.00     0.00     0.00 -1    -1e-30      0.00 6.839e-01 3.008e-01 1.746e-03 2.535e-03 5.913e-03 -1.000 1.535e-02 -6.139 -4.861 -5.366 -6.111 -6.516 -6.852 -7.294 -7.603 -7.661
0.0152 0.01508 7.37600 10.3876066208 2.6262569088   10.387  4.364  3.7586  1.077    5  0.000  0.394     0.00     0.00     0.00     0.00     0.00 -1    -1e-30      0.00 6.839e-01 3.008e-01 1.746e-03 2.535e-03 5.913e-03 -1.000 1.535e-02 -6.140 -4.909 -5.395 -6.120 -6.517 -6.847 -7.280 -7.581 -7.638
0.0152 0.01508 7.37600 10.3878021240 2.6262570968   10.387  4.364  3.7618  1.090    5  0.000  0.394     0.00     0.00     0.00     0.00     0.00 -1    -1e-30      0.00 6.839e-01 3.008e-01 1.746e-03 2.535e-03 5.913e-03 -1.000 1.535e-02 -6.140 -4.955 -5.425 -6.130 -6.518 -6.841 -7.265 -7.558 -7.614
0.0152 0.01508 7.37600 10.3880090714 2.6262572957   10.387  4.364  3.7651  1.103    5  0.000  0.394     0.00     0.00     0.00     0.00     0.00 -1    -1e-30      0.00 6.839e-01 3.008e-01 1.746e-03 2.535e-03 5.913e-03 -1.000 1.535e-02 -6.140 -5.000 -5.455 -6.139 -6.517 -6.833 -7.249 -7.535 -7.590
0.0152 0.01508 7.37600 10.3882932663 2.6262575688   10.388  4.364  3.7691  1.118    5  0.000  0.394     0.00     0.00     0.00     0.00     0.00 -1    -1e-30      0.00 6.839e-01 3.008e-01 1.746e-03 2.535e-03 5.913e-03 -1.000 1.535e-02 -6.141 -5.055 -5.491 -6.150 -6.516 -6.824 -7.229 -7.506 -7.559
0.0152 0.01508 7.37600 10.3886060715 2.6262578695   10.388  4.364  3.7730  1.134    5  0.000  0.394     0.00     0.00     0.00     0.00     0.00 -1    -1e-30      0.00 6.839e-01 3.008e-01 1.746e-03 2.535e-03 5.913e-03 -1.000 1.535e-02 -6.141 -5.112 -5.531 -6.162 -6.515 -6.812 -7.206 -7.473 -7.524
0.0152 0.01508 7.37600 10.3888864517 2.6262581389   10.388  4.365  3.7762  1.147    5  0.000  0.394     0.00     0.00     0.00     0.00     0.00 -1    -1e-30      0.00 6.839e-01 3.008e-01 1.746e-03 2.535e-03 5.913e-03 -1.000 1.535e-02 -6.141 -5.157 -5.563 -6.171 -6.513 -6.802 -7.187 -7.446 -7.496
0.0152 0.01508 7.37600 10.3891983032 2.6262584386   10.389  4.365  3.7793  1.159    5  0.000  0.394     0.00     0.00     0.00     0.00     0.00 -1    -1e-30      0.00 6.839e-01 3.008e-01 1.746e-03 2.535e-03 5.913e-03 -1.000 1.535e-02 -6.141 -5.202 -5.595 -6.180 -6.511 -6.793 -7.168 -7.419 -7.468
0.0152 0.01508 7.37600 10.3895540237 2.6262587804   10.389  4.365  3.7825  1.172    5  0.000  0.394     0.00     0.00     0.00     0.00     0.00 -1    -1e-30      0.00 6.839e-01 3.008e-01 1.746e-03 2.535e-03 5.913e-03 -1.000 1.535e-02 -6.141 -5.244 -5.623 -6.186 -6.508 -6.782 -7.150 -7.394 -7.442
0.0152 0.01508 7.37600 10.3899679184 2.6262591781   10.389  4.365  3.7857  1.185    5  0.000  0.394     0.00     0.00     0.00     0.00     0.00 -1    -1e-30      0.00 6.839e-01 3.008e-01 1.746e-03 2.535e-03 5.913e-03 -1.000 1.535e-02 -6.141 -5.284 -5.650 -6.192 -6.504 -6.772 -7.132 -7.369 -7.416
0.0152 0.01508 7.37600 10.3906021118 2.6262597874   10.390  4.364  3.7897  1.201    5  0.000  0.394     0.00     0.00     0.00     0.00     0.00 -1    -1e-30      0.00 6.839e-01 3.008e-01 1.746e-03 2.535e-03 5.913e-03 -1.000 1.535e-02 -6.141 -5.334 -5.683 -6.199 -6.499 -6.759 -7.109 -7.338 -7.383
0.0152 0.01508 7.37600 10.3912563324 2.6262604158   10.391  4.364  3.7930  1.214    5  0.000  0.394     0.00     0.00     0.00     0.00     0.00 -1    -1e-30      0.00 6.839e-01 3.008e-01 1.746e-03 2.535e-03 5.913e-03 -1.000 1.535e-02 -6.141 -5.367 -5.708 -6.205 -6.496 -6.749 -7.091 -7.313 -7.357
0.0152 0.01508 7.37600 10.3923959732 2.6262615102   10.392  4.364  3.7971  1.231    5  0.000  0.394     0.00     0.00     0.00     0.00     0.00 -1    -1e-30      0.00 6.839e-01 3.008e-01 1.746e-03 2.535e-03 5.913e-03 -1.000 1.535e-02 -6.141 -5.410 -5.740 -6.212 -6.491 -6.736 -7.067 -7.281 -7.323
0.0152 0.01508 7.37600 10.3937940598 2.6262628526   10.393  4.365  3.8006  1.245    5  0.000  0.394     0.00     0.00     0.00     0.00     0.00 -1    -1e-30      0.00 6.839e-01 3.008e-01 1.746e-03 2.535e-03 5.913e-03 -1.000 1.535e-02 -6.142 -5.444 -5.767 -6.219 -6.488 -6.726 -7.049 -7.255 -7.296
0.0152 0.01508 7.37600 10.3960580826 2.6262650254   10.396  4.365  3.8043  1.258    5  0.000  0.394     0.00     0.00     0.00     0.00     0.00 -1    -1e-30      0.00 6.839e-01 3.008e-01 1.746e-03 2.535e-03 5.913e-03 -1.000 1.535e-02 -6.144 -5.476 -5.794 -6.226 -6.486 -6.716 -7.030 -7.229 -7.269
0.0152 0.01508 7.37600 10.3996658325 2.6262684855   10.399  4.367  3.8085  1.274    5  0.000  0.394     0.00     0.00     0.00     0.00     0.00 -1    -1e-30      0.00 6.839e-01 3.008e-01 1.746e-03 2.535e-03 5.913e-03 -1.000 1.535e-02 -6.147 -5.518 -5.828 -6.235 -6.484 -6.705 -7.009 -7.200 -7.238
0.0152 0.01508 7.37600 10.4038457870 2.6262724910   10.403  4.369  3.8125  1.288    5  0.000  0.394     0.00     0.00     0.00     0.00     0.00 -1    -1e-30      0.00 6.839e-01 3.008e-01 1.746e-03 2.535e-03 5.913e-03 -1.000 1.535e-02 -6.152 -5.562 -5.862 -6.244 -6.482 -6.696 -6.991 -7.174 -7.211
0.0152 0.01508 7.37600 10.4092149734 2.6262776307   10.409  4.372  3.8169  1.303    5  0.000  0.394     0.00     0.00     0.00     0.00     0.00 -1    -1e-30      0.00 6.839e-01 3.008e-01 1.746e-03 2.535e-03 5.913e-03 -1.000 1.535e-02 -6.161 -5.605 -5.899 -6.258 -6.484 -6.689 -6.974 -7.149 -7.185
0.0152 0.01508 7.37600 10.4152336121 2.6262833848   10.415  4.376  3.8207  1.314    5  0.000  0.394     0.00     0.00     0.00     0.00     0.00 -1    -1e-30      0.00 6.839e-01 3.008e-01 1.746e-03 2.535e-03 5.913e-03 -1.000 1.535e-02 -6.170 -5.643 -5.931 -6.271 -6.488 -6.686 -6.962 -7.130 -7.165
0.0152 0.01508 7.37600 10.4248199463 2.6262925340   10.424  4.398  3.8412  1.375    5  0.000  0.394     0.00     0.00     0.00     0.00     0.00 -1    -1e-30      0.00 6.839e-01 3.008e-01 1.746e-03 2.535e-03 5.913e-03 -1.000 1.535e-02 -6.224 -5.840 -6.103 -6.339 -6.505 -6.665 -6.895 -7.027 -7.057
0.0152 0.01508 7.37600 10.4371347427 2.6263042589   10.437  4.400  3.8915  1.574    5  0.000  0.394     0.00     0.00     0.00     0.00     0.00 -1    -1e-30      0.00 6.839e-01 3.008e-01 1.746e-03 2.535e-03 5.913e-03 -1.000 1.534e-02 -6.230 -6.117 -6.266 -6.331 -6.401 -6.481 -6.605 -6.668 -6.683
0.0152 0.01508 7.37600 10.4492931366 2.6263158037   10.449  4.401  3.8840  1.544    6  0.000  0.394     0.00     0.00     0.00     0.00     0.00 -1    -1e-30      0.00 6.839e-01 3.008e-01 1.746e-03 2.536e-03 5.912e-03 -1.000 1.534e-02 -6.234 -6.086 -6.258 -6.342 -6.423 -6.513 -6.652 -6.724 -6.741
0.0152 0.01508 7.37600 10.4577322006 2.6263237988   10.457  4.402  3.8775  1.517    6  0.000  0.394     0.00     0.00     0.00     0.00     0.00 -1    -1e-30      0.00 6.839e-01 3.008e-01 1.746e-03 2.536e-03 5.912e-03 -1.000 1.534e-02 -6.235 -6.056 -6.247 -6.348 -6.441 -6.539 -6.692 -6.772 -6.791
0.0152 0.01508 7.37600 10.4644212723 2.6263301254   10.464  4.402  3.8702  1.488    6  0.000  0.394     0.00     0.00     0.00     0.00     0.00 -1    -1e-30      0.00 6.839e-01 3.008e-01 1.746e-03 2.536e-03 5.912e-03 -1.000 1.534e-02 -6.236 -6.019 -6.229 -6.353 -6.459 -6.568 -6.736 -6.825 -6.847
0.0152 0.01508 7.37600 10.4701814651 2.6263355660   10.470  4.402  3.8627  1.458    6  0.000  0.394     0.00     0.00     0.00     0.00     0.00 -1    -1e-30      0.00 6.839e-01 3.008e-01 1.746e-03 2.536e-03 5.912e-03 -1.000 1.534e-02 -6.236 -5.978 -6.206 -6.355 -6.475 -6.597 -6.781 -6.879 -6.903
0.0152 0.01508 7.37600 10.4756984711 2.6263407704   10.475  4.402  3.8547  1.427    6  0.000  0.394     0.00     0.00     0.00     0.00     0.00 -1    -1e-30      0.00 6.839e-01 3.008e-01 1.746e-03 2.536e-03 5.912e-03 -1.000 1.534e-02 -6.236 -5.933 -6.175 -6.355 -6.491 -6.627 -6.827 -6.938 -6.964
0.0152 0.01508 7.37600 10.4804039001 2.6263452043   10.480  4.402  3.8472  1.397    6  0.000  0.394     0.00     0.00     0.00     0.00     0.00 -1    -1e-30      0.00 6.839e-01 3.008e-01 1.746e-03 2.536e-03 5.912e-03 -1.000 1.534e-02 -6.236 -5.888 -6.143 -6.352 -6.505 -6.654 -6.871 -6.993 -7.022
0.0152 0.01508 7.37600 10.4849214554 2.6263494569   10.485  4.402  3.8393  1.366    6  0.000  0.394     0.00     0.00     0.00     0.00     0.00 -1    -1e-30      0.00 6.839e-01 3.008e-01 1.746e-03 2.536e-03 5.912e-03 -1.000 1.534e-02 -6.236 -5.839 -6.105 -6.350 -6.521 -6.684 -6.918 -7.053 -7.083
0.0152 0.01508 7.37600 10.4892530441 2.6263535304   10.489  4.402  3.8308  1.332    6  0.000  0.394     0.00     0.00     0.00     0.00     0.00 -1    -1e-30      0.00 6.839e-01 3.008e-01 1.746e-03 2.536e-03 5.912e-03 -1.000 1.534e-02 -6.236 -5.783 -6.060 -6.345 -6.537 -6.716 -6.968 -7.117 -7.150
0.0152 0.01508 7.37600 10.4933996201 2.6263574263   10.493  4.402  3.8218  1.296    6  0.000  0.394     0.00     0.00     0.00     0.00     0.00 -1    -1e-30      0.00 6.839e-01 3.008e-01 1.746e-03 2.536e-03 5.912e-03 -1.000 1.534e-02 -6.235 -5.716 -6.005 -6.337 -6.551 -6.747 -7.020 -7.185 -7.220
0.0152 0.01508 7.37600 10.4972858429 2.6263610744   10.497  4.402  3.8124  1.259    6  0.000  0.394     0.00     0.00     0.00     0.00     0.00 -1    -1e-30      0.00 6.839e-01 3.008e-01 1.746e-03 2.536e-03 5.912e-03 -1.000 1.534e-02 -6.235 -5.642 -5.945 -6.327 -6.564 -6.778 -7.073 -7.256 -7.293
0.0152 0.01508 7.37600 10.5008773804 2.6263644431   10.501  4.401  3.8027  1.221    6  0.000  0.394     0.00     0.00     0.00     0.00     0.00 -1    -1e-30      0.00 6.839e-01 3.008e-01 1.746e-03 2.536e-03 5.912e-03 -1.000 1.534e-02 -6.233 -5.551 -5.874 -6.314 -6.577 -6.810 -7.128 -7.330 -7.370
0.0152 0.01508 7.37600 10.5048217773 2.6263681397   10.505  4.400  3.7906  1.173    6  0.000  0.394     0.00     0.00     0.00     0.00     0.00 -1    -1e-30      0.00 6.839e-01 3.008e-01 1.746e-03 2.536e-03 5.912e-03 -1.000 1.534e-02 -6.231 -5.431 -5.781 -6.292 -6.588 -6.846 -7.193 -7.420 -7.465
0.0152 0.01508 7.37600 10.5075635910 2.6263707074   10.507  4.400  3.7810  1.136    6  0.000  0.394     0.00     0.00     0.00     0.00     0.00 -1    -1e-30      0.00 6.839e-01 3.008e-01 1.746e-03 2.536e-03 5.912e-03 -1.000 1.534e-02 -6.229 -5.310 -5.699 -6.272 -6.598 -6.875 -7.246 -7.492 -7.541
0.0152 0.01508 7.37600 10.5099830627 2.6263729719   10.510  4.398  3.7716  1.100    6  0.000  0.394     0.00     0.00     0.00     0.00     0.00 -1    -1e-30      0.00 6.839e-01 3.008e-01 1.746e-03 2.536e-03 5.912e-03 -1.000 1.534e-02 -6.226 -5.174 -5.602 -6.243 -6.601 -6.902 -7.300 -7.569 -7.622
0.0152 0.01508 7.37600 10.5121183395 2.6263749695   10.512  4.397  3.7622  1.063    6  0.000  0.394     0.00     0.00     0.00     0.00     0.00 -1    -1e-30      0.00 6.839e-01 3.008e-01 1.746e-03 2.536e-03 5.912e-03 -1.000 1.534e-02 -6.223 -5.040 -5.511 -6.215 -6.601 -6.923 -7.347 -7.638 -7.695
0.0152 0.01508 7.37600 10.5140037537 2.6263767325   10.514  4.396  3.7527  1.027    6  0.000  0.394     0.00     0.00     0.00     0.00     0.00 -1    -1e-30      0.00 6.839e-01 3.008e-01 1.746e-03 2.536e-03 5.912e-03 -1.000 1.534e-02 -6.220 -4.901 -5.424 -6.185 -6.598 -6.939 -7.387 -7.701 -7.760
0.0152 0.01508 7.37600 10.5156679153 2.6263782881   10.516  4.395  3.7433  0.990    6  0.000  0.394     0.00     0.00     0.00     0.00     0.00 -1    -1e-30      0.00 6.839e-01 3.008e-01 1.746e-03 2.536e-03 5.912e-03 -1.000 1.534e-02 -6.216 -4.687 -5.311 -6.149 -6.595 -6.957 -7.434 -7.773 -7.836
0.0152 0.01508 7.37600 10.5171365738 2.6263796604   10.517  4.393  3.7338  0.954    6  0.000  0.394     0.00     0.00     0.00     0.00     0.00 -1    -1e-30      0.00 6.839e-01 3.008e-01 1.746e-03 2.536e-03 5.912e-03 -1.000 1.534e-02 -6.212 -4.511 -5.210 -6.112 -6.586 -6.966 -7.472 -7.835 -7.900
0.0152 0.01508 7.37600 10.5184278488 2.6263808666   10.518  4.391  3.7241  0.917    6  0.000  0.394     0.00     0.00     0.00     0.00     0.00 -1    -1e-30      0.00 6.839e-01 3.008e-01 1.746e-03 2.536e-03 5.912e-03 -1.000 1.534e-02 -6.208 -4.349 -5.114 -6.070 -6.570 -6.969 -7.505 -7.894 -7.960
0.0152 0.01508 7.37600 10.5195646286 2.6263819282   10.519  4.389  3.7143  0.880    6  0.000  0.394     0.00     0.00     0.00     0.00     0.00 -1    -1e-30      0.00 6.839e-01 3.008e-01 1.746e-03 2.536e-03 5.912e-03 -1.000 1.534e-02 -6.203 -4.165 -5.009 -6.023 -6.550 -6.968 -7.538 -7.956 -8.022
0.0152 0.01508 7.37600 10.5207939148 2.6263830759   10.521  4.386  3.7018  0.833    6  0.000  0.394     0.00     0.00     0.00     0.00     0.00 -1    -1e-30      0.00 6.839e-01 3.008e-01 1.746e-03 2.536e-03 5.912e-03 -1.000 1.534e-02 -6.195 -3.920 -4.873 -5.958 -6.518 -6.960 -7.576 -8.028 -8.098
0.0152 0.01508 7.37600 10.5216407776 2.6263838664   10.521  4.383  3.6922  0.798    6  0.000  0.394     0.00     0.00     0.00     0.00     0.00 -1    -1e-30      0.00 6.839e-01 3.008e-01 1.746e-03 2.536e-03 5.912e-03 -1.000 1.534e-02 -6.187 -3.717 -4.765 -5.903 -6.489 -6.948 -7.600 -8.079 -8.153
0.0152 0.01508 7.37600 10.5223836899 2.6263845597   10.522  4.379  3.6840  0.770    6  0.000  0.394     0.00     0.00     0.00     0.00     0.00 -1    -1e-30      0.00 6.839e-01 3.008e-01 1.746e-03 2.536e-03 5.912e-03 -1.000 1.534e-02 -6.177 -3.537 -4.669 -5.852 -6.458 -6.931 -7.617 -8.116 -8.197
0.0152 0.01508 7.37600 10.5230369568 2.6263851693   10.523  4.374  3.6772  0.747    6  0.000  0.394     0.00     0.00     0.00     0.00     0.00 -1    -1e-30      0.00 6.839e-01 3.008e-01 1.746e-03 2.536e-03 5.912e-03 -1.000 1.534e-02 -6.165 -3.403 -4.587 -5.809 -6.430 -6.913 -7.626 -8.137 -8.227
0.0152 0.01508 7.37600 10.5236139297 2.6263857076   10.523  4.369  3.6719  0.730    6  0.000  0.394     0.00     0.00     0.00     0.00     0.00 -1    -1e-30      0.00 6.839e-01 3.008e-01 1.746e-03 2.536e-03 5.912e-03 -1.000 1.534e-02 -6.154 -3.289 -4.516 -5.771 -6.405 -6.895 -7.631 -8.150 -8.248
0.0152 0.01508 7.37600 10.5241279602 2.6263861871   10.524  4.365  3.6670  0.715    6  0.000  0.394     0.00     0.00     0.00     0.00     0.00 -1    -1e-30      0.00 6.839e-01 3.008e-01 1.746e-03 2.536e-03 5.912e-03 -1.000 1.534e-02 -6.143 -3.180 -4.450 -5.735 -6.380 -6.877 -7.634 -8.160 -8.266
0.0152 0.01508 7.37600 10.5245914459 2.6263866195   10.525  4.361  3.6625  0.701    6  0.000  0.394     0.00     0.00     0.00     0.00     0.00 -1    -1e-30      0.00 6.839e-01 3.008e-01 1.746e-03 2.536e-03 5.912e-03 -1.000 1.534e-02 -6.132 -3.069 -4.383 -5.699 -6.354 -6.859 -7.635 -8.167 -8.281
0.0152 0.01508 7.37600 10.5250158310 2.6263870153   10.525  4.356  3.6581  0.688    6  0.000  0.394     0.00     0.00     0.00     0.00     0.00 -1    -1e-30      0.00 6.839e-01 3.008e-01 1.746e-03 2.536e-03 5.912e-03 -1.000 1.534e-02 -6.121 -2.956 -4.315 -5.661 -6.327 -6.840 -7.636 -8.173 -8.295
0.0152 0.01508 7.37600 10.5254259109 2.6263873977   10.525  4.352  3.6538  0.676    6  0.000  0.394     0.00     0.00     0.00     0.00     0.00 -1    -1e-30      0.00 6.839e-01 3.008e-01 1.746e-03 2.536e-03 5.912e-03 -1.000 1.534e-02 -6.109 -2.825 -4.247 -5.617 -6.297 -6.820 -7.635 -8.184 -8.311
0.0152 0.01508 7.37600 10.5259618759 2.6263878975   10.526  4.349  3.6481  0.655    6  0.000  0.394     0.00     0.00     0.00     0.00     0.00 -1    -1e-30      0.00 6.839e-01 3.008e-01 1.746e-03 2.536e-03 5.912e-03 -1.000 1.534e-02 -6.103 -2.659 -4.165 -5.568 -6.265 -6.803 -7.643 -8.207 -8.341
0.0152 0.01508 7.37600 10.5264549255 2.6263883572   10.526  4.347  3.6431  0.638    6  0.000  0.394     0.00     0.00     0.00     0.00     0.00 -1    -1e-30      0.00 6.839e-01 3.008e-01 1.746e-03 2.536e-03 5.912e-03 -1.000 1.534e-02 -6.097 -2.511 -4.090 -5.521 -6.234 -6.786 -7.648 -8.226 -8.366
0.0152 0.01508 7.37600 10.5271987915 2.6263890507   10.527  4.345  3.6373  0.617    6  0.000  0.394     0.00     0.00     0.00     0.00     0.00 -1    -1e-30      0.00 6.839e-01 3.008e-01 1.746e-03 2.536e-03 5.912e-03 -1.000 1.534e-02 -6.092 -2.335 -4.002 -5.466 -6.199 -6.769 -7.657 -8.251 -8.398
0.0152 0.01508 7.37600 10.5281858444 2.6263899708   10.528  4.342  3.6302  0.591    6  0.000  0.394     0.00     0.00     0.00     0.00     0.00 -1    -1e-30      0.00 6.839e-01 3.008e-01 1.746e-03 2.536e-03 5.912e-03 -1.000 1.534e-02 -6.086 -2.115 -3.892 -5.396 -6.154 -6.746 -7.665 -8.279 -8.436
0.0152 0.01508 7.37600 10.5291318893 2.6263908524   10.529  4.337  3.6235  0.570    6  0.000  0.394     0.00     0.00     0.00     0.00     0.00 -1    -1e-30      0.00 6.839e-01 3.008e-01 1.746e-03 2.536e-03 5.912e-03 -1.000 1.534e-02 -6.072 -1.907 -3.777 -5.316 -6.099 -6.715 -7.664 -8.299 -8.465
0.0152 0.01508 7.37600 10.5303153992 2.6263919550   10.530  4.341  3.6142  0.528    6  0.000  0.394     0.00     0.00     0.00     0.00     0.00 -1    -1e-30      0.00 6.839e-01 3.008e-01 1.746e-03 2.536e-03 5.912e-03 -1.000 1.534e-02 -6.082 -1.643 -3.640 -5.228 -6.048 -6.699 -7.692 -8.356 -8.534
0.0152 0.01508 7.37600 10.5405368805 2.6264014664   10.541  4.343  3.5839  0.406    6  0.000  0.394     0.00     0.00     0.00     0.00     0.00 -1    -1e-30      0.00 6.839e-01 3.008e-01 1.746e-03 2.536e-03 5.911e-03 -1.000 1.534e-02 -6.087 -0.867 -3.113 -4.823 -5.779 -6.611 -7.752 -8.514 -8.732
0.0152 0.01508 7.37600 10.5469722748 2.6264074439   10.547  4.385  3.5778  0.340    6  0.000  0.394     0.00     0.00     0.00     0.00     0.00 -1    -1e-30      0.00 6.839e-01 3.008e-01 1.746e-03 2.536e-03 5.911e-03 -1.000 1.534e-02 -6.191 -0.804 -3.081 -4.812 -5.803 -6.693 -7.871 -8.648 -8.877
0.0152 0.01508 7.37600 10.5473985672 2.6264078395   10.547  4.389  3.5771  0.332    6  0.000  0.394     0.00     0.00     0.00     0.00     0.00 -1    -1e-30      0.00 6.839e-01 3.008e-01 1.746e-03 2.536e-03 5.911e-03 -1.000 1.534e-02 -6.203 -0.799 -3.077 -4.809 -5.804 -6.702 -7.884 -8.663 -8.893
0.0152 0.01508 7.37600 10.5478706360 2.6264082776   10.548  4.406  3.5750  0.307    7  0.000  0.394   176.51    89.44    59.36    43.48    36.11  4    -1e-30      0.00 6.839e-01 3.008e-01 1.746e-03 2.536e-03 5.911e-03 -1.000 1.534e-02 -6.246 -0.788 -3.070 -4.808 -5.816 -6.738 -7.933 -8.717 -8.950
0.0152 0.01508 7.37600 10.5504207611 2.6264106435   10.551  4.453  3.5693  0.237    7  0.000  0.393   207.59   101.41    66.93    49.12    40.80  4    -1e-30      0.00 6.839e-01 3.008e-01 1.744e-03 2.538e-03 5.911e-03 -1.000 1.534e-02 -6.363 -0.758 -3.047 -4.799 -5.843 -6.832 -8.065 -8.862 -9.104
0.0152 0.01508 7.37600 10.5511064529 2.6264112794   10.551  4.477  3.5666  0.203    7  0.000  0.393   224.90   107.90    71.01    52.16    43.34  4    -1e-30      0.00 6.839e-01 3.008e-01 1.743e-03 2.538e-03 5.911e-03 -1.000 1.534e-02 -6.422 -0.752 -3.031 -4.784 -5.849 -6.878 -8.131 -8.935 -9.181
0.0152 0.01508 7.37600 10.5519342422 2.6264120470   10.552  4.501  3.5638  0.167    7  0.000  0.391   244.59   115.14    75.56    55.55    46.16  3    -1e-30      0.00 6.839e-01 3.008e-01 1.735e-03 2.547e-03 5.911e-03 -1.000 1.534e-02 -6.484 -0.746 -3.016 -4.770 -5.857 -6.926 -8.200 -9.011 -9.262
0.0152 0.01508 7.37600 10.5528860092 2.6264129294   10.553  4.534  3.5602  0.120    7  0.000  0.388   272.95   125.35    81.94    60.32    50.14  3    -1e-30      0.00 6.839e-01 3.008e-01 1.722e-03 2.562e-03 5.911e-03 -1.000 1.534e-02 -6.564 -0.738 -2.995 -4.752 -5.867 -6.989 -8.291 -9.110 -9.367
0.0152 0.01508 7.37600 10.5540733337 2.6264140299   10.554  4.573  3.5558  0.064    7  0.000  0.386   308.85   138.85    90.35    66.61    55.38  3    -1e-30      0.00 6.839e-01 3.008e-01 1.711e-03 2.576e-03 5.911e-03 -1.000 1.534e-02 -6.662 -0.732 -2.953 -4.702 -5.860 -7.058 -8.403 -9.229 -9.494
0.0152 0.01508 7.37600 10.5556020737 2.6264154464   10.556  4.616  3.5509  0.001    7  0.000  0.384   339.61   155.41   100.62    74.30    61.79  3    -1e-30      0.00 6.839e-01 3.008e-01 1.700e-03 2.592e-03 5.908e-03 -1.000 1.530e-02 -6.769 -0.727 -2.904 -4.643 -5.850 -7.134 -8.524 -9.361 -9.634
0.0152 0.01508 7.37600 10.5573549271 2.6264170700   10.557  4.657  3.5461 -0.059    7  0.000  0.382   372.11   173.21   111.60    82.54    68.66  3    -1e-30      0.00 6.838e-01 3.009e-01 1.689e-03 2.613e-03 5.899e-03 -1.000 1.531e-02 -6.872 -0.721 -2.829 -4.550 -5.818 -7.194 -8.643 -9.487 -9.768
0.0152 0.01508 7.37600 10.5593891144 2.6264189535   10.559  4.697  3.5414 -0.118    7  0.000  0.381   407.16   192.74   123.58    91.55    76.17  0    -1e-30      0.00 6.836e-01 3.011e-01 1.684e-03 2.629e-03 5.889e-03 -1.000 1.534e-02 -6.972 -0.717 -2.747 -4.447 -5.780 -7.249 -8.759 -9.612 -9.901
0.0152 0.01508 7.37600 10.5607604980 2.6264202227   10.561  4.724  3.5383 -0.157    7  0.000  0.381   432.18   206.87   132.22    98.06    81.60  0    -1e-30      0.00 6.834e-01 3.013e-01 1.681e-03 2.638e-03 5.882e-03 -1.000 1.534e-02 -7.040 -0.715 -2.685 -4.370 -5.750 -7.281 -8.837 -9.694 -9.989
0.0152 0.01508 7.37600 10.5656538010 2.6264247486   10.566  4.778  3.5324 -0.235    7  0.000  0.381   486.83   238.27   151.33   112.46    93.61  0    -1e-30      0.00 6.816e-01 3.031e-01 1.674e-03 2.668e-03 5.858e-03 -1.000 1.535e-02 -7.176 -0.716 -2.551 -4.199 -5.685 -7.336 -8.994 -9.859 -10.165
0.0152 0.01508 7.37600 10.5755367279 2.6264338747   10.576  4.817  3.5283 -0.290    7  0.000  0.381   529.31   263.13   166.37   123.81   103.10  0    -1e-30      0.00 6.758e-01 3.089e-01 1.659e-03 2.732e-03 5.805e-03 -1.000 1.534e-02 -7.273 -0.719 -2.447 -4.069 -5.635 -7.366 -9.106 -9.976 -10.290
0.0152 0.01508 7.37600 10.5879030228 2.6264452665   10.588  4.842  3.5259 -0.323    7  0.000  0.381   557.39   279.75   176.40   131.39   109.42  0    -1e-30      0.00 6.685e-01 3.162e-01 1.643e-03 2.807e-03 5.744e-03 -1.000 1.531e-02 -7.334 -0.722 -2.374 -3.979 -5.600 -7.375 -9.176 -10.048 -10.368
0.0152 0.01508 7.37600 10.6031360626 2.6264592570   10.603  4.844  3.5264 -0.323    7  0.000  0.382   557.35   279.70   176.38   131.37   109.40  0    -1e-30      0.00 6.596e-01 3.250e-01 1.623e-03 2.896e-03 5.671e-03 -1.000 1.532e-02 -7.340 -0.734 -2.402 -4.012 -5.624 -7.391 -9.180 -10.052 -10.370
# Zini     MH   logAge Mini        int_IMF         Mass   logL    logTe  logg  label   McoreTP C_O  period0  period1  period2  period3  period4  pmode  Mloss  tau1m   X   Y   Xc  Xn  Xo  Cexcess  Z 	 mbolmag  Umag    Bmag    Vmag    Rmag    Imag    Jmag    Hmag    Kmag
0.0152 0.01508 7.42600 0.0900000036 1.0816895926    0.090 -2.353  3.4028  4.309    0  0.000  0.545     0.00     0.00     0.00     0.00     0.00 -1 -1.32e-15      0.00 7.092e-01 2.755e-01 2.746e-03 7.408e-04 6.719e-03 -1.000 1.527e-02 10.652 18.400 16.690 15.132 13.216 11.080 8.587 8.000 7.630
0.0152 0.01508 7.42600 0.0996657386 1.1683081215    0.100 -2.285  3.4104  4.315    0  0.000  0.545     0.00     0.00     0.00     0.00     0.00 -1 -1.45e-15      0.00 7.092e-01 2.755e-01 2.746e-03 7.408e-04 6.719e-03 -1.000 1.527e-02 10.482 18.240 16.524 14.964 13.047 10.910 8.417 7.829 7.460
0.0152 0.01508 7.42600 0.1000000015 1.1711064122    0.100 -2.283  3.4106  4.315    0  0.000  0.545     0.00     0.00     0.00     0.00     0.00 -1 -1.46e-15      0.00 7.092e-01 2.755e-01 2.746e-03 7.408e-04 6.719e-03 -1.000 1.527e-02 10.477 18.235 16.519 14.959 13.042 10.904 8.411 7.824 7.455
0.0152 0.01508 7.42600 0.1005281359 1.1755030103    0.101 -2.279  3.4110  4.316    0  0.000  0.545     0.00     0.00     0.00     0.00     0.00 -1 -1.47e-15      0.00 7.092e-01 2.755e-01 2.746e-03 7.408e-04 6.719e-03 -1.000 1.527e-02 10.469 18.227 16.510 14.951 13.034 10.896 8.403 7.815 7.446
0.0152 0.01508 7.42600 0.1175829247 1.3031736589    0.118 -2.175  3.4223  4.324    0  0.000  0.545     0.00     0.00     0.00     0.00     0.00 -1 -1.71e-15      0.00 7.092e-01 2.755e-01 2.746e-03 7.408e-04 6.719e-03 -1.000 1.527e-02 10.206 17.764 16.087 14.532 12.663 10.564 8.151 7.562 7.197
0.0152 0.01508 7.42600 0.1200000122 1.3193155232    0.120 -2.161  3.4239  4.326    0  0.000  0.545     0.00     0.00     0.00     0.00     0.00 -1 -1.74e-15      0.00 7.092e-01 2.755e-01 2.746e-03 7.408e-04 6.719e-03 -1.000 1.527e-02 10.173 17.665 16.001 14.448 12.595 10.508 8.120 7.531 7.167
0.0152 0.01508 7.42600 0.1228783503 1.3379950322    0.123 -2.145  3.4256  4.327    0  0.000  0.545     0.00     0.00     0.00     0.00     0.00 -1 -1.78e-15      0.00 7.092e-01 2.755e-01 2.746e-03 7.408e-04 6.719e-03 -1.000 1.527e-02 10.133 17.550 15.902 14.351 12.516 10.443 8.084 7.494 7.132
0.0152 0.01508 7.42600 0.1400000006 1.4384526719    0.140 -2.057  3.4353  4.334    0  0.000  0.545     0.00     0.00     0.00     0.00     0.00 -1 -2.03e-15      0.00 7.092e-01 2.755e-01 2.746e-03 7.408e-04 6.719e-03 -1.000 1.527e-02 9.913 16.941 15.372 13.839 12.097 10.096 7.883 7.290 6.937
0.0152 0.01508 7.42600 0.1727604270 1.5923246558    0.173 -1.919  3.4508  4.349    0  0.000  0.545     0.00     0.00     0.00     0.00     0.00 -1 -2.47e-15      0.00 7.092e-01 2.755e-01 2.746e-03 7.408e-04 6.719e-03 -1.000 1.527e-02 9.567 16.040 14.573 13.074 11.465 9.573 7.566 6.969 6.633
0.0152 0.01508 7.42600 0.1963104308 1.6812099402    0.196 -1.835  3.4598  4.357    0  0.000  0.545     0.00     0.00     0.00     0.00     0.00 -1 -2.79e-15      0.00 7.092e-01 2.755e-01 2.746e-03 7.408e-04 6.719e-03 -1.000 1.527e-02 9.356 15.529 14.112 12.622 11.088 9.269 7.375 6.774 6.448
0.0152 0.01508 7.42600 0.2041673809 1.7078284687    0.204 -1.810  3.4625  4.360    0  0.000  0.545     0.00     0.00     0.00     0.00     0.00 -1 -2.88e-15      0.00 7.092e-01 2.755e-01 2.746e-03 7.408e-04 6.719e-03 -1.000 1.527e-02 9.295 15.387 13.982 12.496 10.983 9.183 7.319 6.717 6.394
0.0152 0.01508 7.42600 0.2226960212 1.7656480309    0.223 -1.754  3.4684  4.366    0  0.000  0.545     0.00     0.00     0.00     0.00     0.00 -1 -3.09e-15      0.00 7.092e-01 2.755e-01 2.746e-03 7.408e-04 6.719e-03 -1.000 1.527e-02 9.156 15.075 13.697 12.220 10.751 8.993 7.192 6.587 6.271
0.0152 0.01508 7.42600 0.2256576270 1.7743102367    0.226 -1.746  3.4693  4.367    0  0.000  0.545     0.00     0.00     0.00     0.00     0.00 -1 -3.13e-15      0.00 7.092e-01 2.755e-01 2.746e-03 7.408e-04 6.719e-03 -1.000 1.527e-02 9.135 15.028 13.654 12.179 10.716 8.964 7.173 6.567 6.253
0.0152 0.01508 7.42600 0.2373300642 1.8070637273    0.237 -1.712  3.4727  4.368    0  0.000  0.545     0.00     0.00     0.00     0.00     0.00 -1 -3.31e-15      0.00 7.092e-01 2.755e-01 2.746e-03 7.408e-04 6.719e-03 -1.000 1.527e-02 9.051 14.848 13.487 12.017 10.578 8.852 7.096 6.488 6.178
0.0152 0.01508 7.42600 0.2543401718 1.8512196411    0.254 -1.668  3.4774  4.373    0  0.000  0.545     0.00     0.00     0.00     0.00     0.00 -1 -3.53e-15      0.00 7.092e-01 2.755e-01 2.746e-03 7.408e-04 6.719e-03 -1.000 1.527e-02 8.940 14.609 13.265 11.801 10.395 8.704 6.995 6.385 6.080
0.0152 0.01508 7.42600 0.2816583514 1.9146505111    0.282 -1.602  3.4843  4.379    0  0.000  0.545     0.00     0.00     0.00     0.00     0.00 -1 -3.87e-15      0.00 7.092e-01 2.755e-01 2.746e-03 7.408e-04 6.719e-03 -1.000 1.527e-02 8.776 14.268 12.943 11.482 10.120 8.488 6.847 6.232 5.937
0.0152 0.01508 7.42600 0.3008596897 1.9546323991    0.301 -1.561  3.4889  4.384    0  0.000  0.545     0.00     0.00     0.00     0.00     0.00 -1  -4.1e-15      0.00 7.092e-01 2.755e-01 2.746e-03 7.408e-04 6.719e-03 -1.000 1.527e-02 8.671 14.051 12.736 11.274 9.941 8.351 6.755 6.136 5.846
0.0152 0.01508 7.42600 0.3417384624 2.0296654707    0.342 -1.480  3.4971  4.393    0  0.000  0.545     0.00     0.00     0.00     0.00     0.00 -1 -4.58e-15      0.00 7.092e-01 2.755e-01 2.746e-03 7.408e-04 6.719e-03 -1.000 1.527e-02 8.471 13.673 12.373 10.925 9.639 8.103 6.573 5.946 5.667
0.0152 0.01508 7.42600 0.3500000238 2.0434175133    0.350 -1.466  3.4987  4.394    0  0.000  0.545     0.00     0.00     0.00     0.00     0.00 -1 -4.68e-15      0.00 7.092e-01 2.755e-01 2.746e-03 7.408e-04 6.719e-03 -1.000 1.527e-02 8.434 13.602 12.305 10.860 9.583 8.057 6.539 5.911 5.634
0.0152 0.01508 7.42600 0.3651274145 2.0675366152    0.365 -1.439  3.5015  4.398    0  0.000  0.545     0.00     0.00     0.00     0.00     0.00 -1 -4.85e-15      0.00 7.092e-01 2.755e-01 2.746e-03 7.408e-04 6.719e-03 -1.000 1.527e-02 8.368 13.480 12.187 10.747 9.485 7.976 6.479 5.849 5.575
0.0152 0.01508 7.42600 0.4000000358 2.1185024810    0.400 -1.381  3.5075  4.403    0  0.000  0.545     0.00     0.00     0.00     0.00     0.00 -1 -5.26e-15      0.00 7.092e-01 2.755e-01 2.746e-03 7.408e-04 6.719e-03 -1.000 1.527e-02 8.223 13.221 11.934 10.505 9.273 7.800 6.348 5.711 5.444
0.0152 0.01508 7.42600 0.4500000477 2.1822809714    0.450 -1.303  3.5161  4.411    0  0.000  0.545     0.00     0.00     0.00     0.00     0.00 -1 -5.87e-15      0.00 7.092e-01 2.755e-01 2.746e-03 7.408e-04 6.719e-03 -1.000 1.527e-02 8.028 12.877 11.594 10.176 8.986 7.567 6.174 5.527 5.269
0.0152 0.01508 7.42600 0.4813167155 2.2177127099    0.481 -1.258  3.5216  4.417    0  0.000  0.545     0.00     0.00     0.00     0.00     0.00 -1 -6.26e-15      0.00 7.092e-01 2.755e-01 2.746e-03 7.408e-04 6.719e-03 -1.000 1.527e-02 7.916 12.677 11.394 9.981 8.816 7.431 6.074 5.422 5.170
0.0152 0.01508 7.42600 0.5000000000 2.2374541529    0.500 -1.232  3.5245  4.419    0  0.000  0.545     0.00     0.00     0.00     0.00     0.00 -1 -6.51e-15      0.00 7.092e-01 2.755e-01 2.746e-03 7.408e-04 6.719e-03 -1.000 1.527e-02 7.850 12.568 11.282 9.872 8.720 7.354 6.017 5.361 5.111
0.0152 0.01508 7.42600 0.5101152658 2.2476442413    0.510 -1.219  3.5264  4.422    0  0.000  0.545     0.00     0.00     0.00     0.00     0.00 -1 -6.62e-15      0.00 7.092e-01 2.755e-01 2.746e-03 7.408e-04 6.719e-03 -1.000 1.527e-02 7.816 12.507 11.220 9.812 8.667 7.313 5.988 5.330 5.082
0.0152 0.01508 7.42600 0.5393206477 2.2746147183    0.539 -1.176  3.5314  4.424    0  0.000  0.545     0.00     0.00     0.00     0.00     0.00 -1 -7.08e-15      0.00 7.092e-01 2.755e-01 2.746e-03 7.408e-04 6.719e-03 -1.000 1.527e-02 7.711 12.330 11.039 9.636 8.512 7.190 5.895 5.232 4.988
0.0152 0.01508 7.42600 0.5500000119 2.2836582633    0.550 -1.162  3.5331  4.424    0  0.000  0.545     0.00     0.00     0.00     0.00     0.00 -1 -7.25e-15      0.00 7.092e-01 2.755e-01 2.746e-03 7.408e-04 6.719e-03 -1.000 1.527e-02 7.674 12.270 10.977 9.576 8.458 7.147 5.862 5.197 4.955
0.0152 0.01508 7.42600 0.5576272011 2.2898738761    0.557 -1.152  3.5345  4.426    0  0.000  0.545     0.00     0.00     0.00     0.00     0.00 -1 -7.36e-15      0.00 7.092e-01 2.755e-01 2.746e-03 7.408e-04 6.719e-03 -1.000 1.527e-02 7.649 12.227 10.931 9.531 8.420 7.117 5.841 5.175 4.934
0.0152 0.01508 7.42600 0.5975295901 2.3194389777    0.597 -1.092  3.5419  4.426    0  0.000  0.545     0.00     0.00     0.00     0.00     0.00 -1 -8.15e-15      0.00 7.092e-01 2.755e-01 2.746e-03 7.408e-04 6.719e-03 -1.000 1.527e-02 7.500 11.981 10.676 9.284 8.200 6.944 5.711 5.037 4.803
0.0152 0.01508 7.42600 0.6000000238 2.3211213258    0.600 -1.088  3.5424  4.425    0  0.000  0.545     0.00     0.00     0.00     0.00     0.00 -1 -8.21e-15      0.00 7.092e-01 2.755e-01 2.746e-03 7.408e-04 6.719e-03 -1.000 1.527e-02 7.490 11.965 10.659 9.267 8.185 6.932 5.702 5.028 4.794
0.0152 0.01508 7.42600 0.6344441175 2.3430169354    0.634 -1.036  3.5502  4.429    0  0.000  0.545     0.00     0.00     0.00     0.00     0.00 -1 -8.96e-15      0.00 7.092e-01 2.755e-01 2.746e-03 7.408e-04 6.719e-03 -1.000 1.527e-02 7.360 11.742 10.422 9.034 7.980 6.779 5.593 4.911 4.685
0.0152 0.01508 7.42600 0.6499999762 2.3520353107    0.650 -1.010  3.5540  4.429    0  0.000  0.545     0.00     0.00     0.00     0.00     0.00 -1 -9.41e-15      0.00 7.092e-01 2.755e-01 2.746e-03 7.408e-04 6.719e-03 -1.000 1.527e-02 7.294 11.635 10.306 8.919 7.877 6.704 5.538 4.853 4.630
0.0152 0.01508 7.42600 0.7000000477 2.3779267258    0.700 -0.916  3.5697  4.430    0  0.000  0.545     0.00     0.00     0.00     0.00     0.00 -1 -1.12e-14      0.00 7.092e-01 2.755e-01 2.746e-03 7.408e-04 6.719e-03 -1.000 1.527e-02 7.060 11.238 9.870 8.486 7.492 6.433 5.348 4.648 4.442
0.0152 0.01508 7.42600 0.7400888205 2.3958060871    0.740 -0.770  3.6208  4.512    0  0.000  0.539     0.00     0.00     0.00     0.00     0.00 -1 -1.38e-14      0.00 7.092e-01 2.755e-01 2.716e-03 7.400e-04 6.720e-03 -1.000 1.527e-02 6.694 10.353 8.896 7.604 6.731 5.999 5.107 4.401 4.268
0.0152 0.01508 7.42600 0.7500000000 2.3998889087    0.750 -0.733  3.6331  4.530    0  0.000  0.538     0.00     0.00     0.00     0.00     0.00 -1 -1.47e-14      0.00 7.092e-01 2.755e-01 2.709e-03 7.398e-04 6.720e-03 -1.000 1.527e-02 6.601 10.082 8.638 7.396 6.559 5.896 5.045 4.354 4.238
0.0152 0.01508 7.42600 0.7834432721 2.4127931687    0.783 -0.662  3.6422  4.515    0  0.000  0.538     0.00     0.00     0.00     0.00     0.00 -1 -1.71e-14      0.00 7.092e-01 2.755e-01 2.709e-03 7.399e-04 6.720e-03 -1.000 1.527e-02 6.425 9.744 8.337 7.137 6.329 5.716 4.894 4.213 4.110
0.0152 0.01508 7.42600 0.8000000119 2.4187244405    0.800 -0.623  3.6476  4.507    0  0.000  0.538     0.00     0.00     0.00     0.00     0.00 -1 -1.87e-14      0.00 7.092e-01 2.755e-01 2.709e-03 7.399e-04 6.720e-03 -1.000 1.527e-02 6.328 9.531 8.166 6.991 6.202 5.616 4.812 4.145 4.047
0.0152 0.01508 7.42600 0.8109675050 2.4225004401    0.811 -0.597  3.6516  4.503    0  0.000  0.538     0.00     0.00     0.00     0.00     0.00 -1 -1.98e-14      0.00 7.092e-01 2.755e-01 2.709e-03 7.399e-04 6.720e-03 -1.000 1.527e-02 6.264 9.375 8.047 6.891 6.116 5.548 4.759 4.103 4.008
0.0152 0.01508 7.42600 0.8448374271 2.4334531538    0.844 -0.507  3.6662  4.488    0  0.000  0.538     0.00     0.00     0.00     0.00     0.00 -1 -2.42e-14      0.00 7.092e-01 2.755e-01 2.709e-03 7.398e-04 6.720e-03 -1.000 1.527e-02 6.037 8.793 7.625 6.543 5.827 5.310 4.576 3.969 3.882
0.0152 0.01508 7.42600 0.8500000238 2.4350346840    0.850 -0.492  3.6687  4.486    0  0.000  0.538     0.00     0.00     0.00     0.00     0.00 -1  -2.5e-14      0.00 7.092e-01 2.755e-01 2.709e-03 7.398e-04 6.720e-03 -1.000 1.527e-02 6.000 8.697 7.556 6.486 5.780 5.271 4.546 3.947 3.862
0.0152 0.01508 7.42600 0.8655745387 2.4396746676    0.865 -0.447  3.6765  4.480    0  0.000  0.538     0.00     0.00     0.00     0.00     0.00 -1 -2.77e-14      0.00 7.092e-01 2.755e-01 2.709e-03 7.398e-04 6.720e-03 -1.000 1.527e-02 5.887 8.399 7.348 6.316 5.642 5.153 4.457 3.886 3.804
0.0152 0.01508 7.42600 0.8913903236 2.4469566160    0.891 -0.368  3.6904  4.469    0  0.000  0.538     0.00     0.00     0.00     0.00     0.00 -1 -3.31e-14      0.00 7.092e-01 2.755e-01 2.709e-03 7.398e-04 6.720e-03 -1.000 1.527e-02 5.690 7.908 6.998 6.029 5.408 4.952 4.304 3.775 3.700
0.0152 0.01508 7.42600 0.9000000358 2.4492786175    0.899 -0.341  3.6952  4.466    0  0.000  0.538     0.00     0.00     0.00     0.00     0.00 -1 -3.52e-14      0.00 7.092e-01 2.755e-01 2.709e-03 7.398e-04 6.720e-03 -1.000 1.527e-02 5.622 7.741 6.882 5.934 5.331 4.885 4.253 3.738 3.666
0.0152 0.01508 7.42600 0.9088073373 2.4516016339    0.908 -0.313  3.7001  4.462    0  0.000  0.538     0.00     0.00     0.00     0.00     0.00 -1 -3.75e-14      0.00 7.092e-01 2.755e-01 2.709e-03 7.398e-04 6.720e-03 -1.000 1.527e-02 5.553 7.569 6.763 5.837 5.251 4.815 4.200 3.700 3.630
0.0152 0.01508 7.42600 0.9329028726 2.4577000964    0.932 -0.235  3.7137  4.450    0  0.000  0.538     0.00     0.00     0.00     0.00     0.00 -1 -4.49e-14      0.00 7.092e-01 2.755e-01 2.709e-03 7.398e-04 6.719e-03 -1.000 1.527e-02 5.359 7.117 6.448 5.576 5.035 4.625 4.054 3.595 3.530
0.0152 0.01508 7.42600 0.9500000477 2.4618122009    0.950 -0.179  3.7235  4.441    0  0.000  0.538     0.00     0.00     0.00     0.00     0.00 -1 -5.12e-14      0.00 7.092e-01 2.755e-01 2.709e-03 7.398e-04 6.719e-03 -1.000 1.527e-02 5.218 6.801 6.229 5.395 4.883 4.489 3.950 3.518 3.457
0.0152 0.01508 7.42600 0.9571930766 2.4634918191    0.957 -0.155  3.7276  4.437    0  0.000  0.538     0.00     0.00     0.00     0.00     0.00 -1 -5.41e-14      0.00 7.092e-01 2.755e-01 2.709e-03 7.398e-04 6.719e-03 -1.000 1.527e-02 5.158 6.671 6.138 5.319 4.819 4.432 3.905 3.484 3.425
0.0152 0.01508 7.42600 0.9778673053 2.4681615661    0.978 -0.087  3.7392  4.424    0  0.000  0.538     0.00     0.00     0.00     0.00     0.00 -1 -6.37e-14      0.00 7.092e-01 2.755e-01 2.709e-03 7.398e-04 6.719e-03 -1.000 1.527e-02 4.987 6.309 5.879 5.107 4.639 4.271 3.781 3.389 3.334
0.0152 0.01508 7.42600 1.0000000000 2.4729154477    1.000 -0.016  3.7511  4.411    0  0.000  0.538     0.00     0.00     0.00     0.00     0.00 -1 -7.53e-14      0.00 7.092e-01 2.755e-01 2.709e-03 7.398e-04 6.719e-03 -1.000 1.527e-02 4.810 5.931 5.620 4.896 4.462 4.113 3.657 3.293 3.244
0.0152 0.01508 7.42600 1.0012099743 2.4731683786    1.001 -0.012  3.7518  4.410    0  0.000  0.538     0.00     0.00     0.00     0.00     0.00 -1 -7.59e-14      0.00 7.092e-01 2.755e-01 2.709e-03 7.398e-04 6.719e-03 -1.000 1.527e-02 4.800 5.911 5.606 4.885 4.452 4.104 3.650 3.287 3.239
0.0152 0.01508 7.42600 1.0170201063 2.4764097991    1.017  0.035  3.7597  4.401    0  0.000  0.538     0.00     0.00     0.00     0.00     0.00 -1  -8.3e-14      0.00 7.092e-01 2.755e-01 2.709e-03 7.398e-04 6.719e-03 -1.000 1.527e-02 4.682 5.674 5.437 4.748 4.336 4.000 3.567 3.222 3.178
0.0152 0.01508 7.42600 1.0379298925 2.4805228331    1.038  0.073  3.7671  4.402    0  0.000  0.538     0.00     0.00     0.00     0.00     0.00 -1 -8.69e-14      0.00 7.092e-01 2.755e-01 2.709e-03 7.398e-04 6.719e-03 -1.000 1.527e-02 4.589 5.478 5.298 4.640 4.246 3.922 3.509 3.180 3.139
0.0152 0.01508 7.42600 1.0499999523 2.4828114860    1.050  0.090  3.7709  4.405    0  0.000  0.538     0.00     0.00     0.00     0.00     0.00 -1 -8.82e-14      0.00 7.092e-01 2.755e-01 2.709e-03 7.398e-04 6.719e-03 -1.000 1.527e-02 4.546 5.384 5.231 4.589 4.205 3.887 3.485 3.165 3.125
0.0152 0.01508 7.42600 1.0709491968 2.4866432706    1.070  0.118  3.7775  4.412    0  0.000  0.538     0.00     0.00     0.00     0.00     0.00 -1 -8.97e-14      0.00 7.092e-01 2.755e-01 2.709e-03 7.397e-04 6.719e-03 -1.000 1.526e-02 4.476 5.231 5.122 4.509 4.141 3.834 3.448 3.143 3.106
0.0152 0.01508 7.42600 1.1000000238 2.4916801480    1.099  0.137  3.7835  4.429    0  0.000  0.538     0.00     0.00     0.00     0.00     0.00 -1 -8.68e-14      0.00 7.093e-01 2.755e-01 2.709e-03 7.397e-04 6.718e-03 -1.000 1.525e-02 4.429 5.115 5.041 4.454 4.099 3.801 3.431 3.138 3.104
0.0152 0.01508 7.42600 1.1162191629 2.4943614560    1.116  0.141  3.7859  4.440    0  0.000  0.538     0.00     0.00     0.00     0.00     0.00 -1 -8.35e-14      0.00 7.093e-01 2.755e-01 2.709e-03 7.397e-04 6.718e-03 -1.000 1.525e-02 4.418 5.078 5.018 4.441 4.091 3.797 3.433 3.144 3.112
0.0152 0.01508 7.42600 1.1409676075 2.4982843578    1.140  0.156  3.7888  4.446    0  0.000  0.538     0.00     0.00     0.00     0.00     0.00 -1 -8.12e-14      0.00 7.093e-01 2.754e-01 2.709e-03 7.396e-04 6.718e-03 -1.000 1.527e-02 4.381 5.011 4.966 4.400 4.057 3.767 3.410 3.127 3.095
0.0152 0.01508 7.42600 1.1499999762 2.4996678137    1.149  0.165  3.7898  4.445    0  0.000  0.538     0.00     0.00     0.00     0.00     0.00 -1 -8.13e-14      0.00 7.093e-01 2.754e-01 2.709e-03 7.396e-04 6.718e-03 -1.000 1.527e-02 4.359 4.978 4.938 4.377 4.036 3.748 3.394 3.112 3.082
0.0152 0.01508 7.42600 1.1813889742 2.5042869618    1.181  0.190  3.7931  4.445    0  0.000  0.538     0.00     0.00     0.00     0.00     0.00 -1 -8.01e-14      0.00 7.093e-01 2.754e-01 2.708e-03 7.395e-04 6.717e-03 -1.000 1.527e-02 4.295 4.883 4.857 4.310 3.977 3.694 3.347 3.072 3.043
0.0152 0.01508 7.42600 1.2000000477 2.5068948796    1.200  0.222  3.7963  4.433    0  0.000  0.538     0.00     0.00     0.00     0.00     0.00 -1 -8.37e-14      0.00 7.093e-01 2.754e-01 2.708e-03 7.395e-04 6.717e-03 -1.000 1.527e-02 4.216 4.774 4.761 4.228 3.902 3.624 3.285 3.016 2.988
0.0152 0.01508 7.42600 1.2500000000 2.5134610955    1.250  0.311  3.8053  4.397    0  0.000  0.538     0.00     0.00     0.00     0.00     0.00 -1 -9.35e-14      0.00 7.094e-01 2.754e-01 2.708e-03 7.395e-04 6.716e-03 -1.000 1.527e-02 3.994 4.476 4.494 3.998 3.692 3.428 3.110 2.859 2.834
0.0152 0.01508 7.42600 1.2999999523 2.5194498592    1.300  0.402  3.8152  4.363    0  0.000  0.538     0.00     0.00     0.00     0.00     0.00 -1 -1.04e-13      0.00 7.094e-01 2.754e-01 2.708e-03 7.394e-04 6.716e-03 -1.000 1.527e-02 3.765 4.181 4.219 3.763 3.478 3.230 2.935 2.703 2.682
0.0152 0.01508 7.42600 1.3500001431 2.5249313723    1.350  0.487  3.8254  4.335    0  0.000  0.538     0.00     0.00     0.00     0.00     0.00 -1 -1.13e-13      0.00 7.094e-01 2.753e-01 2.708e-03 7.394e-04 6.716e-03 -1.000 1.526e-02 3.552 3.917 3.962 3.542 3.276 3.045 2.774 2.562 2.543
0.0152 0.01508 7.42600 1.4000000954 2.5299650415    1.400  0.569  3.8373  4.317    0  0.000  0.538     0.00     0.00     0.00     0.00     0.00 -1 -1.17e-13      0.00 7.094e-01 2.753e-01 2.708e-03 7.394e-04 6.715e-03 -1.000 1.524e-02 3.348 3.667 3.712 3.331 3.088 2.877 2.632 2.444 2.427
0.0152 0.01508 7.42600 1.4500000477 2.5346015836    1.450  0.641  3.8499  4.310    0  0.000  0.538     0.00     0.00     0.00     0.00     0.00 -1 -1.14e-13      0.00 7.094e-01 2.753e-01 2.708e-03 7.393e-04 6.715e-03 -1.000 1.527e-02 3.168 3.448 3.487 3.144 2.926 2.736 2.520 2.356 2.341
0.0152 0.01508 7.42600 1.4739973545 2.5366988383    1.474  0.673  3.8574  4.315    0  0.000  0.538     0.00     0.00     0.00     0.00     0.00 -1 -1.09e-13      0.00 7.094e-01 2.753e-01 2.707e-03 7.393e-04 6.715e-03 -1.000 1.527e-02 3.087 3.349 3.382 3.060 2.856 2.680 2.479 2.330 2.315
0.0152 0.01508 7.42600 1.5000000000 2.5388844597    1.500  0.707  3.8636  4.314    0  0.000  0.538     0.00     0.00     0.00     0.00     0.00 -1 -1.04e-13      0.00 7.095e-01 2.753e-01 2.707e-03 7.393e-04 6.715e-03 -1.000 1.527e-02 3.003 3.252 3.279 2.974 2.782 2.617 2.430 2.292 2.278
0.0152 0.01508 7.42600 1.5499999523 2.5428511323    1.550  0.769  3.8769  4.319    0  0.000  0.538     0.00     0.00     0.00     0.00     0.00 -1 -8.85e-14      0.00 7.095e-01 2.753e-01 2.707e-03 7.393e-04 6.714e-03 -1.000 1.527e-02 2.847 3.075 3.086 2.815 2.650 2.508 2.349 2.235 2.222
0.0152 0.01508 7.42600 1.6000000238 2.5465340628    1.600  0.829  3.8902  4.325    0  0.000  0.538     0.00     0.00     0.00     0.00     0.00 -1 -6.64e-14      0.00 7.095e-01 2.752e-01 2.707e-03 7.392e-04 6.713e-03 -1.000 1.527e-02 2.696 2.906 2.900 2.663 2.524 2.406 2.274 2.182 2.171
0.0152 0.01508 7.42600 1.6500000954 2.5499614852    1.649  0.886  3.9027  4.332    0  0.000  0.538     0.00     0.00     0.00     0.00     0.00 -1  -3.7e-14      0.00 7.095e-01 2.752e-01 2.707e-03 7.391e-04 6.713e-03 -1.000 1.526e-02 2.554 2.750 2.729 2.524 2.410 2.315 2.206 2.134 2.123
0.0152 0.01508 7.42600 1.7000000477 2.5531580802    1.699  0.942  3.9147  4.337    0  0.000  0.538     0.00     0.00     0.00     0.00     0.00 -1    -1e-30      0.00 7.095e-01 2.752e-01 2.707e-03 7.391e-04 6.713e-03 -1.000 1.526e-02 2.415 2.600 2.567 2.394 2.302 2.227 2.141 2.085 2.075
0.0152 0.01508 7.42600 1.7500000000 2.5561455243    1.749  0.996  3.9260  4.341    0  0.000  0.538     0.00     0.00     0.00     0.00     0.00 -1    -1e-30      0.00 7.095e-01 2.752e-01 2.706e-03 7.391e-04 6.713e-03 -1.000 1.526e-02 2.281 2.457 2.416 2.273 2.203 2.146 2.078 2.037 2.028
0.0152 0.01508 7.42600 1.7999999523 2.5589429085    1.799  1.047  3.9368  4.345    0  0.000  0.538     0.00     0.00     0.00     0.00     0.00 -1    -1e-30      0.00 7.096e-01 2.752e-01 2.706e-03 7.390e-04 6.713e-03 -1.000 1.526e-02 2.152 2.319 2.277 2.164 2.111 2.069 2.019 1.988 1.981
0.0152 0.01508 7.42600 1.8500000238 2.5615671203    1.849  1.096  3.9468  4.348    0  0.000  0.538     0.00     0.00     0.00     0.00     0.00 -1    -1e-30      0.00 7.096e-01 2.752e-01 2.706e-03 7.390e-04 6.712e-03 -1.000 1.525e-02 2.030 2.190 2.157 2.067 2.028 1.998 1.963 1.941 1.935
0.0152 0.01508 7.42600 1.9000000954 2.5640331317    1.899  1.144  3.9565  4.351    0  0.000  0.538     0.00     0.00     0.00     0.00     0.00 -1    -1e-30      0.00 7.096e-01 2.751e-01 2.706e-03 7.390e-04 6.712e-03 -1.000 1.525e-02 1.911 2.064 2.045 1.976 1.949 1.930 1.908 1.894 1.889
0.0152 0.01508 7.42600 1.9500001669 2.5663542767    1.950  1.190  3.9658  4.353    0  0.000  0.538     0.00     0.00     0.00     0.00     0.00 -1    -1e-30      0.00 7.096e-01 2.751e-01 2.706e-03 7.389e-04 6.711e-03 -1.000 1.525e-02 1.795 1.944 1.942 1.891 1.874 1.864 1.854 1.847 1.844
0.0152 0.01508 7.42600 2.0000000000 2.5685424513    2.000  1.235  3.9746  4.355    0  0.000  0.538     0.00     0.00     0.00     0.00     0.00 -1    -1e-30      0.00 7.096e-01 2.751e-01 2.706e-03 7.389e-04 6.711e-03 -1.000 1.527e-02 1.683 1.831 1.849 1.813 1.804 1.802 1.803 1.801 1.800
0.0152 0.01508 7.42600 2.0499999523 2.5706083333    2.050  1.278  3.9829  4.355    0  0.000  0.538     0.00     0.00     0.00     0.00     0.00 -1    -1e-30      0.00 7.097e-01 2.751e-01 2.706e-03 7.389e-04 6.711e-03 -1.000 1.526e-02 1.575 1.725 1.761 1.740 1.737 1.742 1.753 1.755 1.756
0.0152 0.01508 7.42600 2.0999999046 2.5725614918    2.099  1.320  3.9909  4.356    0  0.000  0.538     0.00     0.00     0.00     0.00     0.00 -1    -1e-30      0.00 7.097e-01 2.751e-01 2.706e-03 7.388e-04 6.711e-03 -1.000 1.524e-02 1.469 1.621 1.678 1.669 1.672 1.682 1.703 1.709 1.712
0.0152 0.01508 7.42600 2.1500000954 2.5744105556    2.149  1.361  3.9988  4.356    0  0.000  0.538     0.00     0.00     0.00     0.00     0.00 -1    -1e-30      0.00 7.097e-01 2.751e-01 2.706e-03 7.388e-04 6.711e-03 -1.000 1.525e-02 1.367 1.522 1.600 1.602 1.610 1.625 1.655 1.664 1.669
0.0152 0.01508 7.42600 2.2000000477 2.5761632879    2.199  1.401  4.0062  4.356    0  0.000  0.538     0.00     0.00     0.00     0.00     0.00 -1    -1e-30      0.00 7.097e-01 2.750e-01 2.706e-03 7.388e-04 6.711e-03 -1.000 1.527e-02 1.266 1.426 1.524 1.537 1.549 1.569 1.606 1.619 1.626
0.0152 0.01508 7.42600 2.2500000000 2.5778267375    2.249  1.440  4.0136  4.356    1  0.000  0.538     0.00     0.00     0.00     0.00     0.00 -1    -1e-30      0.00 7.097e-01 2.751e-01 2.706e-03 7.387e-04 6.710e-03 -1.000 1.527e-02 1.170 1.334 1.454 1.476 1.491 1.515 1.561 1.576 1.586
0.0152 0.01508 7.42600 2.2999999523 2.5794072884    2.299  1.478  4.0205  4.356    1  0.000  0.538     0.00     0.00     0.00     0.00     0.00 -1    -1e-30      0.00 7.097e-01 2.750e-01 2.705e-03 7.388e-04 6.710e-03 -1.000 1.527e-02 1.075 1.244 1.385 1.416 1.434 1.461 1.515 1.532 1.544
0.0152 0.01508 7.42600 2.3510394096 2.5809412197    2.350  1.516  4.0273  4.354    0  0.000  0.538     0.00     0.00     0.00     0.00     0.00 -1    -1e-30      0.00 7.097e-01 2.750e-01 2.705e-03 7.387e-04 6.710e-03 -1.000 1.526e-02 0.981 1.155 1.317 1.355 1.376 1.407 1.467 1.487 1.500
0.0152 0.01508 7.42600 2.4000000954 2.5823423892    2.399  1.551  4.0336  4.353    0  0.000  0.538     0.00     0.00     0.00     0.00     0.00 -1    -1e-30      0.00 7.097e-01 2.750e-01 2.706e-03 7.387e-04 6.710e-03 -1.000 1.524e-02 0.892 1.073 1.253 1.298 1.321 1.355 1.422 1.444 1.459
0.0152 0.01508 7.42600 2.5999999046 2.5874412955    2.600  1.687  4.0575  4.348    1  0.000  0.538     0.00     0.00     0.00     0.00     0.00 -1    -1e-30      0.00 7.092e-01 2.755e-01 2.710e-03 7.399e-04 6.720e-03 -1.000 1.527e-02 0.552 0.759 1.015 1.081 1.111 1.155 1.247 1.276 1.298
0.0152 0.01508 7.42600 2.8000001907 2.5917117867    2.800  1.813  4.0789  4.340    1  0.000  0.538     0.00     0.00     0.00     0.00     0.00 -1    -1e-30      0.00 7.092e-01 2.755e-01 2.710e-03 7.399e-04 6.720e-03 -1.000 1.527e-02 0.237 0.474 0.798 0.879 0.915 0.966 1.079 1.114 1.141
0.0152 0.01508 7.42600 3.0000000000 2.5953341962    3.000  1.930  4.0981  4.330    1  0.000  0.538     0.00     0.00     0.00     0.00     0.00 -1    -1e-30      0.00 7.092e-01 2.755e-01 2.710e-03 7.399e-04 6.720e-03 -1.000 1.527e-02 -0.054 0.218 0.600 0.692 0.732 0.790 0.920 0.959 0.990
0.0152 0.01508 7.42600 3.0109169483 2.5955160566    3.011  1.936  4.0991  4.329    1  0.000  0.538     0.00     0.00     0.00     0.00     0.00 -1    -1e-30      0.00 7.092e-01 2.755e-01 2.710e-03 7.399e-04 6.720e-03 -1.000 1.527e-02 -0.069 0.204 0.589 0.682 0.722 0.781 0.911 0.951 0.983
0.0152 0.01508 7.42600 3.2000000477 2.5984409005    3.199  2.039  4.1160  4.320    1  0.000  0.538     0.00     0.00     0.00     0.00     0.00 -1    -1e-30      0.00 7.092e-01 2.755e-01 2.710e-03 7.399e-04 6.720e-03 -1.000 1.527e-02 -0.327 -0.017 0.416 0.519 0.562 0.626 0.771 0.815 0.850
0.0152 0.01508 7.42600 3.4000000954 2.6011310876    3.398  2.141  4.1324  4.310    1  0.000  0.538     0.00     0.00     0.00     0.00     0.00 -1    -1e-30      0.00 7.092e-01 2.755e-01 2.710e-03 7.399e-04 6.720e-03 -1.000 1.527e-02 -0.583 -0.232 0.244 0.356 0.402 0.471 0.630 0.677 0.715
0.0152 0.01508 7.42600 3.4597735405 2.6018660012    3.458  2.171  4.1370  4.306    1  0.000  0.538     0.00     0.00     0.00     0.00     0.00 -1    -1e-30      0.00 7.092e-01 2.755e-01 2.710e-03 7.399e-04 6.720e-03 -1.000 1.527e-02 -0.657 -0.293 0.195 0.309 0.356 0.427 0.589 0.637 0.675
0.0152 0.01508 7.42600 3.6000001431 2.6034804607    3.598  2.238  4.1476  4.299    1  0.000  0.538     0.00     0.00     0.00     0.00     0.00 -1    -1e-30      0.00 7.092e-01 2.755e-01 2.710e-03 7.399e-04 6.720e-03 -1.000 1.527e-02 -0.825 -0.433 0.082 0.201 0.251 0.325 0.495 0.546 0.586
0.0152 0.01508 7.42600 3.8000001907 2.6055477311    3.798  2.329  4.1619  4.288    1  0.000  0.538     0.00     0.00     0.00     0.00     0.00 -1    -1e-30      0.00 7.092e-01 2.755e-01 2.710e-03 7.399e-04 6.720e-03 -1.000 1.527e-02 -1.053 -0.618 -0.070 0.056 0.110 0.188 0.368 0.422 0.465
0.0152 0.01508 7.42600 4.0000000000 2.6073790840    4.001  2.416  4.1752  4.277    1  0.000  0.538     0.00     0.00     0.00     0.00     0.00 -1    -1e-30      0.00 7.092e-01 2.755e-01 2.710e-03 7.399e-04 6.720e-03 -1.000 1.527e-02 -1.269 -0.794 -0.216 -0.082 -0.026 0.056 0.246 0.303 0.348
0.0152 0.01508 7.42600 4.1415801048 2.6085532706    4.140  2.475  4.1842  4.269    1  0.000  0.538     0.00     0.00     0.00     0.00     0.00 -1    -1e-30      0.00 7.092e-01 2.755e-01 2.710e-03 7.399e-04 6.720e-03 -1.000 1.527e-02 -1.417 -0.912 -0.315 -0.176 -0.118 -0.033 0.163 0.221 0.268
0.0152 0.01508 7.42600 4.1999998093 2.6090113217    4.198  2.499  4.1878  4.266    1  0.000  0.538     0.00     0.00     0.00     0.00     0.00 -1    -1e-30      0.00 7.092e-01 2.755e-01 2.710e-03 7.399e-04 6.720e-03 -1.000 1.527e-02 -1.477 -0.959 -0.355 -0.214 -0.155 -0.069 0.129 0.188 0.236
0.0152 0.01508 7.42600 4.4000000954 2.6104741055    4.397  2.578  4.1997  4.254    1  0.000  0.538     0.00     0.00     0.00     0.00     0.00 -1    -1e-30      0.00 7.092e-01 2.755e-01 2.710e-03 7.399e-04 6.720e-03 -1.000 1.527e-02 -1.675 -1.117 -0.488 -0.342 -0.280 -0.191 0.016 0.078 0.128
0.0152 0.01508 7.42600 4.4209389687 2.6106184735    4.418  2.586  4.2009  4.253    1  0.000  0.538     0.00     0.00     0.00     0.00     0.00 -1    -1e-30      0.00 7.092e-01 2.755e-01 2.710e-03 7.399e-04 6.720e-03 -1.000 1.527e-02 -1.695 -1.133 -0.502 -0.355 -0.293 -0.203 0.005 0.066 0.116
0.0152 0.01508 7.42600 4.5999999046 2.6117915791    4.597  2.654  4.2109  4.242    1  0.000  0.538     0.00     0.00     0.00     0.00     0.00 -1    -1e-30      0.00 7.092e-01 2.755e-01 2.710e-03 7.399e-04 6.720e-03 -1.000 1.527e-02 -1.864 -1.268 -0.617 -0.465 -0.400 -0.307 -0.093 -0.029 0.023
0.0152 0.01508 7.42600 4.7003946304 2.6124045227    4.698  2.691  4.2162  4.236    1  0.000  0.538     0.00     0.00     0.00     0.00     0.00 -1    -1e-30      0.00 7.092e-01 2.755e-01 2.710e-03 7.399e-04 6.720e-03 -1.000 1.527e-02 -1.956 -1.341 -0.680 -0.525 -0.459 -0.365 -0.146 -0.082 -0.029
0.0152 0.01508 7.42600 4.8000001907 2.6129836005    4.798  2.726  4.2214  4.230    1  0.000  0.538     0.00     0.00     0.00     0.00     0.00 -1    -1e-30      0.00 7.092e-01 2.755e-01 2.710e-03 7.399e-04 6.720e-03 -1.000 1.527e-02 -2.046 -1.413 -0.742 -0.584 -0.517 -0.421 -0.199 -0.134 -0.080
0.0152 0.01508 7.42600 4.9790158272 2.6139576813    4.978  2.789  4.2303  4.219    1  0.000  0.538     0.00     0.00     0.00     0.00     0.00 -1    -1e-30      0.00 7.092e-01 2.755e-01 2.710e-03 7.399e-04 6.720e-03 -1.000 1.527e-02 -2.204 -1.538 -0.850 -0.688 -0.618 -0.520 -0.293 -0.225 -0.170
0.0152 0.01508 7.42600 5.0000000000 2.6140666223    4.999  2.797  4.2313  4.218    1  0.000  0.538     0.00     0.00     0.00     0.00     0.00 -1    -1e-30      0.00 7.092e-01 2.755e-01 2.710e-03 7.399e-04 6.720e-03 -1.000 1.527e-02 -2.222 -1.553 -0.863 -0.700 -0.630 -0.532 -0.304 -0.236 -0.180
0.0152 0.01508 7.42600 5.1834516525 2.6149759914    5.183  2.859  4.2401  4.206    1  0.000  0.538     0.00     0.00     0.00     0.00     0.00 -1    -1e-30      0.00 7.092e-01 2.755e-01 2.710e-03 7.399e-04 6.720e-03 -1.000 1.527e-02 -2.378 -1.678 -0.972 -0.805 -0.733 -0.631 -0.398 -0.328 -0.271
0.0152 0.01508 7.42600 5.1999998093 2.6150544000    5.200  2.865  4.2408  4.204    1  0.000  0.538     0.00     0.00     0.00     0.00     0.00 -1    -1e-30      0.00 7.092e-01 2.755e-01 2.710e-03 7.399e-04 6.720e-03 -1.000 1.527e-02 -2.392 -1.689 -0.982 -0.814 -0.742 -0.640 -0.406 -0.337 -0.279
0.0152 0.01508 7.42600 5.3999996185 2.6159585084    5.401  2.931  4.2498  4.190    1  0.000  0.538     0.00     0.00     0.00     0.00     0.00 -1    -1e-30      0.00 7.092e-01 2.755e-01 2.710e-03 7.399e-04 6.720e-03 -1.000 1.527e-02 -2.558 -1.823 -1.099 -0.927 -0.852 -0.748 -0.508 -0.437 -0.378
0.0152 0.01508 7.42600 5.4006829262 2.6159614656    5.401  2.931  4.2498  4.190    1  0.000  0.538     0.00     0.00     0.00     0.00     0.00 -1    -1e-30      0.00 7.092e-01 2.755e-01 2.710e-03 7.399e-04 6.720e-03 -1.000 1.527e-02 -2.558 -1.823 -1.099 -0.927 -0.853 -0.748 -0.508 -0.437 -0.378
0.0152 0.01508 7.42600 5.5999994278 2.6167887546    5.601  2.996  4.2582  4.175    1  0.000  0.538     0.00     0.00     0.00     0.00     0.00 -1    -1e-30      0.00 7.092e-01 2.755e-01 2.710e-03 7.399e-04 6.720e-03 -1.000 1.527e-02 -2.719 -1.954 -1.215 -1.038 -0.962 -0.854 -0.609 -0.536 -0.476
0.0152 0.01508 7.42600 5.8000001907 2.6175535027    5.801  3.058  4.2661  4.160    1  0.000  0.538     0.00     0.00     0.00     0.00     0.00 -1    -1e-30      0.00 7.092e-01 2.755e-01 2.710e-03 7.399e-04 6.720e-03 -1.000 1.527e-02 -2.875 -2.082 -1.329 -1.148 -1.069 -0.960 -0.710 -0.635 -0.573
0.0152 0.01508 7.42600 5.8453578949 2.6177185873    5.846  3.072  4.2678  4.156    1  0.000  0.538     0.00     0.00     0.00     0.00     0.00 -1    -1e-30      0.00 7.092e-01 2.755e-01 2.710e-03 7.399e-04 6.720e-03 -1.000 1.527e-02 -2.910 -2.110 -1.354 -1.173 -1.094 -0.984 -0.732 -0.657 -0.595
0.0152 0.01508 7.42600 6.0000000000 2.6182599138    6.000  3.119  4.2736  4.143    1  0.000  0.538     0.00     0.00     0.00     0.00     0.00 -1    -1e-30      0.00 7.092e-01 2.755e-01 2.710e-03 7.399e-04 6.720e-03 -1.000 1.527e-02 -3.028 -2.208 -1.442 -1.257 -1.177 -1.065 -0.810 -0.734 -0.670
0.0152 0.01508 7.42600 6.0562152863 2.6184488347    6.056  3.136  4.2756  4.138    1  0.000  0.538     0.00     0.00     0.00     0.00     0.00 -1    -1e-30      0.00 7.092e-01 2.755e-01 2.710e-03 7.399e-04 6.720e-03 -1.000 1.527e-02 -3.070 -2.243 -1.473 -1.288 -1.207 -1.094 -0.838 -0.761 -0.698
0.0152 0.01508 7.42600 6.1999998093 2.6189141709    6.200  3.179  4.2806  4.126    1  0.000  0.538     0.00     0.00     0.00     0.00     0.00 -1    -1e-30      0.00 7.092e-01 2.755e-01 2.710e-03 7.399e-04 6.720e-03 -1.000 1.527e-02 -3.178 -2.333 -1.554 -1.366 -1.283 -1.169 -0.910 -0.832 -0.768
0.0152 0.01508 7.42600 6.2587728500 2.6190973163    6.258  3.196  4.2826  4.121    1  0.000  0.538     0.00     0.00     0.00     0.00     0.00 -1    -1e-30      0.00 7.092e-01 2.755e-01 2.710e-03 7.399e-04 6.720e-03 -1.000 1.527e-02 -3.221 -2.369 -1.586 -1.397 -1.314 -1.200 -0.939 -0.861 -0.796
0.0152 0.01508 7.42600 6.4000000954 2.6195216279    6.399  3.238  4.2873  4.108    1  0.000  0.538     0.00     0.00     0.00     0.00     0.00 -1    -1e-30      0.00 7.092e-01 2.755e-01 2.710e-03 7.399e-04 6.720e-03 -1.000 1.527e-02 -3.324 -2.456 -1.665 -1.474 -1.389 -1.273 -1.010 -0.931 -0.865
0.0152 0.01508 7.42600 6.4677963257 2.6197177651    6.466  3.257  4.2894  4.101    1  0.000  0.538     0.00     0.00     0.00     0.00     0.00 -1    -1e-30      0.00 7.092e-01 2.755e-01 2.710e-03 7.399e-04 6.720e-03 -1.000 1.527e-02 -3.372 -2.496 -1.702 -1.510 -1.425 -1.308 -1.043 -0.964 -0.898
0.0152 0.01508 7.42600 6.6966204643 2.6203461748    6.694  3.322  4.2962  4.079    1  0.000  0.538     0.00     0.00     0.00     0.00     0.00 -1    -1e-30      0.00 7.092e-01 2.755e-01 2.710e-03 7.399e-04 6.720e-03 -1.000 1.527e-02 -3.535 -2.636 -1.829 -1.633 -1.547 -1.428 -1.158 -1.077 -1.010
0.0152 0.01508 7.42600 6.8809723854 2.6208176461    6.877  3.374  4.3011  4.058    1  0.000  0.538     0.00     0.00     0.00     0.00     0.00 -1    -1e-30      0.00 7.092e-01 2.755e-01 2.710e-03 7.399e-04 6.720e-03 -1.000 1.527e-02 -3.666 -2.750 -1.934 -1.736 -1.648 -1.527 -1.255 -1.173 -1.105
0.0152 0.01508 7.42600 7.0000000000 2.6211069280    6.996  3.408  4.3041  4.043    1  0.000  0.538     0.00     0.00     0.00     0.00     0.00 -1    -1e-30      0.00 7.092e-01 2.755e-01 2.710e-03 7.399e-04 6.720e-03 -1.000 1.527e-02 -3.750 -2.824 -2.003 -1.803 -1.715 -1.593 -1.319 -1.236 -1.168
0.0152 0.01508 7.42600 7.0792732239 2.6212933976    7.076  3.430  4.3059  4.034    1  0.000  0.538     0.00     0.00     0.00     0.00     0.00 -1    -1e-30      0.00 7.092e-01 2.755e-01 2.710e-03 7.399e-04 6.720e-03 -1.000 1.527e-02 -3.804 -2.872 -2.047 -1.847 -1.758 -1.636 -1.361 -1.278 -1.209
0.0152 0.01508 7.42600 7.2680320740 2.6217186330    7.265  3.481  4.3100  4.010    1  0.000  0.538     0.00     0.00     0.00     0.00     0.00 -1    -1e-30      0.00 7.092e-01 2.755e-01 2.710e-03 7.399e-04 6.720e-03 -1.000 1.527e-02 -3.933 -2.988 -2.156 -1.954 -1.864 -1.740 -1.462 -1.379 -1.309
0.0152 0.01508 7.42600 7.4430999756 2.6220909365    7.441  3.529  4.3133  3.986    1  0.000  0.538     0.00     0.00     0.00     0.00     0.00 -1    -1e-30      0.00 7.092e-01 2.755e-01 2.710e-03 7.399e-04 6.720e-03 -1.000 1.527e-02 -4.052 -3.097 -2.258 -2.054 -1.964 -1.839 -1.559 -1.475 -1.404
0.0152 0.01508 7.42600 7.6061921120 2.6224200982    7.605  3.573  4.3159  3.961    1  0.000  0.538     0.00     0.00     0.00     0.00     0.00 -1    -1e-30      0.00 7.092e-01 2.755e-01 2.710e-03 7.399e-04 6.720e-03 -1.000 1.527e-02 -4.163 -3.201 -2.357 -2.152 -2.061 -1.935 -1.653 -1.568 -1.497
0.0152 0.01508 7.42600 7.8299117088 2.6228460706    7.830  3.635  4.3182  3.922    1  0.000  0.538     0.00     0.00     0.00     0.00     0.00 -1    -1e-30      0.00 7.092e-01 2.755e-01 2.710e-03 7.399e-04 6.720e-03 -1.000 1.527e-02 -4.318 -3.351 -2.500 -2.294 -2.203 -2.077 -1.793 -1.707 -1.635
0.0152 0.01508 7.42600 8.0000000000 2.6231516585    8.001  3.682  4.3193  3.888    1  0.000  0.538     0.00     0.00     0.00     0.00     0.00 -1    -1e-30      0.00 7.092e-01 2.755e-01 2.710e-03 7.399e-04 6.720e-03 -1.000 1.527e-02 -4.436 -3.468 -2.614 -2.407 -2.315 -2.189 -1.904 -1.818 -1.746
0.0152 0.01508 7.42600 8.1214189529 2.6233608234    8.121  3.715  4.3198  3.864    1  0.000  0.538     0.00     0.00     0.00     0.00     0.00 -1    -1e-30      0.00 7.092e-01 2.755e-01 2.710e-03 7.399e-04 6.720e-03 -1.000 1.527e-02 -4.517 -3.550 -2.694 -2.487 -2.395 -2.269 -1.984 -1.897 -1.825
0.0152 0.01508 7.42600 8.2929067612 2.6236442751    8.292  3.761  4.3194  3.825    1  0.000  0.538     0.00     0.00     0.00     0.00     0.00 -1    -1e-30      0.00 7.092e-01 2.755e-01 2.710e-03 7.399e-04 6.720e-03 -1.000 1.527e-02 -4.633 -3.672 -2.814 -2.607 -2.515 -2.389 -2.104 -2.018 -1.945
0.0152 0.01508 7.42600 8.4635829926 2.6239133095    8.461  3.809  4.3177  3.780    1  0.000  0.538     0.00     0.00     0.00     0.00     0.00 -1    -1e-30      0.00 7.092e-01 2.755e-01 2.710e-03 7.399e-04 6.720e-03 -1.000 1.527e-02 -4.752 -3.801 -2.943 -2.736 -2.645 -2.520 -2.235 -2.149 -2.077
0.0152 0.01508 7.42600 8.6529245377 2.6241975310    8.649  3.862  4.3143  3.722    1  0.000  0.538     0.00     0.00     0.00     0.00     0.00 -1    -1e-30      0.00 7.092e-01 2.755e-01 2.710e-03 7.399e-04 6.720e-03 -1.000 1.527e-02 -4.884 -3.951 -3.096 -2.890 -2.800 -2.676 -2.393 -2.308 -2.236
0.0152 0.01508 7.42600 8.8297452927 2.6244503388    8.825  3.912  4.3089  3.659    1  0.000  0.538     0.00     0.00     0.00     0.00     0.00 -1    -1e-30      0.00 7.092e-01 2.755e-01 2.710e-03 7.399e-04 6.720e-03 -1.000 1.527e-02 -5.010 -4.102 -3.253 -3.049 -2.961 -2.838 -2.558 -2.474 -2.403
0.0152 0.01508 7.42600 8.9728345871 2.6246465531    8.967  3.954  4.3022  3.597    1  0.000  0.538     0.00     0.00     0.00     0.00     0.00 -1    -1e-30      0.00 7.092e-01 2.755e-01 2.710e-03 7.399e-04 6.720e-03 -1.000 1.527e-02 -5.116 -4.237 -3.396 -3.194 -3.107 -2.987 -2.711 -2.629 -2.559
0.0152 0.01508 7.42600 9.0000000000 2.6246829947    8.995  3.962  4.3006  3.584    1  0.000  0.538     0.00     0.00     0.00     0.00     0.00 -1    -1e-30      0.00 7.092e-01 2.755e-01 2.710e-03 7.399e-04 6.720e-03 -1.000 1.527e-02 -5.136 -4.264 -3.425 -3.223 -3.137 -3.017 -2.742 -2.660 -2.591
0.0152 0.01508 7.42600 9.1043214798 2.6248206179    9.099  3.992  4.2949  3.536    1  0.000  0.538     0.00     0.00     0.00     0.00     0.00 -1    -1e-30      0.00 7.092e-01 2.755e-01 2.710e-03 7.399e-04 6.720e-03 -1.000 1.527e-02 -5.211 -4.363 -3.532 -3.332 -3.248 -3.129 -2.858 -2.777 -2.708
0.0152 0.01508 7.42600 9.2221488953 2.6249717604    9.218  4.028  4.2867  3.474    1  0.000  0.538     0.00     0.00     0.00     0.00     0.00 -1    -1e-30      0.00 7.092e-01 2.755e-01 2.710e-03 7.399e-04 6.720e-03 -1.000 1.527e-02 -5.299 -4.487 -3.666 -3.468 -3.386 -3.271 -3.004 -2.925 -2.858
0.0152 0.01508 7.42600 9.3324270248 2.6251092501    9.328  4.063  4.2790  3.413    1  0.000  0.538     0.00     0.00     0.00     0.00     0.00 -1    -1e-30      0.00 7.092e-01 2.755e-01 2.710e-03 7.399e-04 6.720e-03 -1.000 1.527e-02 -5.387 -4.610 -3.797 -3.603 -3.524 -3.411 -3.148 -3.071 -3.005
0.0152 0.01508 7.42600 9.3922510147 2.6251822843    9.388  4.084  4.2767  3.386    1  0.000  0.538     0.00     0.00     0.00     0.00     0.00 -1    -1e-30      0.00 7.092e-01 2.755e-01 2.710e-03 7.399e-04 6.720e-03 -1.000 1.527e-02 -5.439 -4.672 -3.862 -3.669 -3.590 -3.478 -3.217 -3.140 -3.075
0.0152 0.01508 7.42600 9.4342889786 2.6252329684    9.430  4.103  4.2834  3.395    1  0.000  0.538     0.00     0.00     0.00     0.00     0.00 -1    -1e-30      0.00 7.092e-01 2.755e-01 2.710e-03 7.399e-04 6.720e-03 -1.000 1.527e-02 -5.487 -4.696 -3.874 -3.678 -3.598 -3.484 -3.218 -3.140 -3.073
0.0152 0.01508 7.42600 9.4559335709 2.6252588626    9.452  4.119  4.2956  3.429    1  0.000  0.538     0.00     0.00     0.00     0.00     0.00 -1    -1e-30      0.00 7.092e-01 2.755e-01 2.710e-03 7.399e-04 6.720e-03 -1.000 1.527e-02 -5.527 -4.690 -3.849 -3.649 -3.565 -3.447 -3.174 -3.093 -3.024
0.0152 0.01508 7.42600 9.4628667831 2.6252671283    9.459  4.134  4.3090  3.468    1  0.000  0.538     0.00     0.00     0.00     0.00     0.00 -1    -1e-30      0.00 7.092e-01 2.755e-01 2.710e-03 7.399e-04 6.720e-03 -1.000 1.527e-02 -5.565 -4.676 -3.815 -3.610 -3.522 -3.400 -3.119 -3.035 -2.963
0.0152 0.01508 7.42600 9.4656667709 2.6252704625    9.462  4.150  4.3203  3.497    1  0.000  0.538     0.00     0.00     0.00     0.00     0.00 -1    -1e-30      0.00 7.092e-01 2.755e-01 2.710e-03 7.399e-04 6.720e-03 -1.000 1.527e-02 -5.605 -4.673 -3.796 -3.586 -3.496 -3.370 -3.082 -2.995 -2.921
0.0152 0.01508 7.42600 9.4669866562 2.6252720334    9.463  4.167  4.3295  3.517    1  0.000  0.538     0.00     0.00     0.00     0.00     0.00 -1    -1e-30      0.00 7.092e-01 2.755e-01 2.710e-03 7.399e-04 6.720e-03 -1.000 1.527e-02 -5.647 -4.682 -3.789 -3.577 -3.484 -3.355 -3.062 -2.973 -2.897
0.0152 0.01508 7.42600 9.4675083160 2.6252726541    9.464  4.172  4.3329  3.525    1  0.000  0.538     0.00     0.00     0.00     0.00     0.00 -1    -1e-30      0.00 7.092e-01 2.755e-01 2.710e-03 7.399e-04 6.720e-03 -1.000 1.527e-02 -5.661 -4.683 -3.785 -3.572 -3.479 -3.349 -3.053 -2.963 -2.887
0.0152 0.01508 7.42600 9.4681196213 2.6252733814    9.464  4.151  4.3256  3.518    2  0.000  0.538     0.00     0.00     0.00     0.00     0.00 -1    -1e-30      0.00 7.092e-01 2.755e-01 2.710e-03 7.399e-04 6.720e-03 -1.000 1.527e-02 -5.606 -4.655 -3.769 -3.558 -3.466 -3.338 -3.047 -2.959 -2.884
0.0152 0.01508 7.42600 9.4685592651 2.6252739044    9.465  4.133  4.3164  3.499    2  0.000  0.538     0.00     0.00     0.00     0.00     0.00 -1    -1e-30      0.00 7.092e-01 2.755e-01 2.710e-03 7.399e-04 6.720e-03 -1.000 1.527e-02 -5.561 -4.643 -3.772 -3.564 -3.474 -3.349 -3.064 -2.978 -2.905
0.0152 0.01508 7.42600 9.4689130783 2.6252743252    9.465  4.122  4.3063  3.469    2  0.000  0.538     0.00     0.00     0.00     0.00     0.00 -1    -1e-30      0.00 7.092e-01 2.755e-01 2.710e-03 7.399e-04 6.720e-03 -1.000 1.527e-02 -5.535 -4.656 -3.800 -3.595 -3.509 -3.387 -3.107 -3.024 -2.953
0.0152 0.01508 7.42600 9.4693069458 2.6252747937    9.465  4.118  4.2934  3.421    2  0.000  0.538     0.00     0.00     0.00     0.00     0.00 -1    -1e-30      0.00 7.092e-01 2.755e-01 2.710e-03 7.399e-04 6.720e-03 -1.000 1.527e-02 -5.526 -4.697 -3.860 -3.660 -3.577 -3.460 -3.188 -3.107 -3.039
0.0152 0.01508 7.42600 9.4696617126 2.6252752156    9.466  4.121  4.2810  3.369    2  0.000  0.538     0.00     0.00     0.00     0.00     0.00 -1    -1e-30      0.00 7.092e-01 2.755e-01 2.710e-03 7.399e-04 6.720e-03 -1.000 1.527e-02 -5.533 -4.753 -3.934 -3.739 -3.659 -3.546 -3.282 -3.204 -3.138
0.0152 0.01508 7.42600 9.4699964523 2.6252756137    9.466  4.127  4.2687  3.314    2  0.000  0.538     0.00     0.00     0.00     0.00     0.00 -1    -1e-30      0.00 7.092e-01 2.755e-01 2.710e-03 7.399e-04 6.720e-03 -1.000 1.527e-02 -5.547 -4.816 -4.014 -3.825 -3.749 -3.640 -3.383 -3.308 -3.244
0.0152 0.01508 7.42600 9.4703159332 2.6252759936    9.466  4.133  4.2566  3.259    2  0.000  0.538     0.00     0.00     0.00     0.00     0.00 -1    -1e-30      0.00 7.092e-01 2.755e-01 2.710e-03 7.399e-04 6.720e-03 -1.000 1.527e-02 -5.563 -4.880 -4.096 -3.912 -3.839 -3.734 -3.485 -3.413 -3.350
0.0152 0.01508 7.42600 9.4706239700 2.6252763598    9.467  4.139  4.2445  3.205    2  0.000  0.538     0.00     0.00     0.00     0.00     0.00 -1    -1e-30      0.00 7.092e-01 2.755e-01 2.710e-03 7.399e-04 6.720e-03 -1.000 1.527e-02 -5.578 -4.942 -4.176 -3.997 -3.927 -3.827 -3.585 -3.516 -3.455
0.0152 0.01508 7.42600 9.4709224701 2.6252767147    9.467  4.144  4.2325  3.152    2  0.000  0.538     0.00     0.00     0.00     0.00     0.00 -1    -1e-30      0.00 7.092e-01 2.755e-01 2.710e-03 7.399e-04 6.720e-03 -1.000 1.527e-02 -5.591 -5.001 -4.254 -4.079 -4.013 -3.917 -3.682 -3.616 -3.558
0.0152 0.01508 7.42600 9.4712114334 2.6252770582    9.467  4.148  4.2206  3.100    2  0.000  0.538     0.00     0.00     0.00     0.00     0.00 -1    -1e-30      0.00 7.092e-01 2.755e-01 2.710e-03 7.399e-04 6.720e-03 -1.000 1.527e-02 -5.601 -5.056 -4.329 -4.159 -4.097 -4.005 -3.778 -3.714 -3.658
0.0152 0.01508 7.42600 9.4714889526 2.6252773881    9.468  4.152  4.2086  3.049    2  0.000  0.538     0.00     0.00     0.00     0.00     0.00 -1    -1e-30      0.00 7.092e-01 2.755e-01 2.710e-03 7.399e-04 6.720e-03 -1.000 1.527e-02 -5.609 -5.109 -4.401 -4.236 -4.177 -4.090 -3.871 -3.810 -3.756
0.0152 0.01508 7.42600 9.4717578888 2.6252777078    9.468  4.154  4.1966  2.999    2  0.000  0.538     0.00     0.00     0.00     0.00     0.00 -1    -1e-30      0.00 7.092e-01 2.755e-01 2.710e-03 7.399e-04 6.720e-03 -1.000 1.527e-02 -5.614 -5.158 -4.471 -4.311 -4.256 -4.173 -3.962 -3.904 -3.852
0.0152 0.01508 7.42600 9.4720163345 2.6252780150    9.468  4.155  4.1847  2.950    2  0.000  0.538     0.00     0.00     0.00     0.00     0.00 -1    -1e-30      0.00 7.092e-01 2.755e-01 2.710e-03 7.399e-04 6.720e-03 -1.000 1.527e-02 -5.618 -5.207 -4.538 -4.384 -4.333 -4.254 -4.051 -3.996 -3.946
0.0152 0.01508 7.42600 9.4723253250 2.6252783822    9.468  4.156  4.1698  2.889    2  0.000  0.538     0.00     0.00     0.00     0.00     0.00 -1    -1e-30      0.00 7.092e-01 2.755e-01 2.710e-03 7.399e-04 6.720e-03 -1.000 1.527e-02 -5.621 -5.263 -4.619 -4.473 -4.426 -4.353 -4.160 -4.109 -4.061
0.0152 0.01508 7.42600 9.4725627899 2.6252786644    9.469  4.157  4.1578  2.841    2  0.000  0.538     0.00     0.00     0.00     0.00     0.00 -1    -1e-30      0.00 7.092e-01 2.755e-01 2.710e-03 7.399e-04 6.720e-03 -1.000 1.527e-02 -5.621 -5.305 -4.682 -4.542 -4.499 -4.431 -4.246 -4.198 -4.152
0.0152 0.01508 7.42600 9.4727897644 2.6252789341    9.469  4.156  4.1458  2.793    2  0.000  0.538     0.00     0.00     0.00     0.00     0.00 -1    -1e-30      0.00 7.092e-01 2.755e-01 2.710e-03 7.399e-04 6.720e-03 -1.000 1.527e-02 -5.621 -5.345 -4.743 -4.609 -4.570 -4.506 -4.330 -4.285 -4.242
0.0152 0.01508 7.42600 9.4730587006 2.6252792537    9.469  4.155  4.1309  2.734    2  0.000  0.538     0.00     0.00     0.00     0.00     0.00 -1    -1e-30      0.00 7.092e-01 2.755e-01 2.710e-03 7.399e-04 6.720e-03 -1.000 1.527e-02 -5.618 -5.390 -4.818 -4.691 -4.657 -4.598 -4.433 -4.392 -4.351
0.0152 0.01508 7.42600 9.4732646942 2.6252794985    9.469  4.154  4.1188  2.688    2  0.000  0.538     0.00     0.00     0.00     0.00     0.00 -1    -1e-30      0.00 7.092e-01 2.755e-01 2.710e-03 7.399e-04 6.720e-03 -1.000 1.527e-02 -5.615 -5.425 -4.876 -4.755 -4.725 -4.671 -4.515 -4.477 -4.438
0.0152 0.01508 7.42600 9.4734601974 2.6252797307    9.469  4.153  4.1068  2.641    2  0.000  0.538     0.00     0.00     0.00     0.00     0.00 -1    -1e-30      0.00 7.092e-01 2.755e-01 2.710e-03 7.399e-04 6.720e-03 -1.000 1.527e-02 -5.611 -5.456 -4.932 -4.818 -4.791 -4.742 -4.595 -4.561 -4.524
0.0152 0.01508 7.42600 9.4736928940 2.6252800072    9.470  4.150  4.0919  2.584    2  0.000  0.538     0.00     0.00     0.00     0.00     0.00 -1    -1e-30      0.00 7.092e-01 2.755e-01 2.710e-03 7.399e-04 6.720e-03 -1.000 1.527e-02 -5.605 -5.491 -5.000 -4.893 -4.871 -4.828 -4.693 -4.663 -4.628
0.0152 0.01508 7.42600 9.4738693237 2.6252802168    9.470  4.148  4.0799  2.538    2  0.000  0.538     0.00     0.00     0.00     0.00     0.00 -1    -1e-30      0.00 7.092e-01 2.755e-01 2.710e-03 7.399e-04 6.720e-03 -1.000 1.527e-02 -5.600 -5.515 -5.053 -4.952 -4.933 -4.895 -4.770 -4.743 -4.711
0.0152 0.01508 7.42600 9.4740381241 2.6252804173    9.470  4.145  4.0679  2.493    2  0.000  0.538     0.00     0.00     0.00     0.00     0.00 -1    -1e-30      0.00 7.092e-01 2.755e-01 2.710e-03 7.399e-04 6.720e-03 -1.000 1.527e-02 -5.593 -5.535 -5.104 -5.008 -4.993 -4.960 -4.846 -4.822 -4.792
0.0152 0.01508 7.42600 9.4742364883 2.6252806530    9.470  4.142  4.0529  2.436    2  0.000  0.538     0.00     0.00     0.00     0.00     0.00 -1    -1e-30      0.00 7.092e-01 2.755e-01 2.710e-03 7.399e-04 6.720e-03 -1.000 1.527e-02 -5.584 -5.554 -5.162 -5.075 -5.065 -5.039 -4.938 -4.919 -4.892
0.0152 0.01508 7.42600 9.4743881226 2.6252808331    9.470  4.139  4.0409  2.391    2  0.000  0.538     0.00     0.00     0.00     0.00     0.00 -1    -1e-30      0.00 7.092e-01 2.755e-01 2.710e-03 7.399e-04 6.720e-03 -1.000 1.527e-02 -5.577 -5.565 -5.206 -5.127 -5.120 -5.099 -5.010 -4.995 -4.970
0.0152 0.01508 7.42600 9.4745330811 2.6252810053    9.471  4.135  4.0289  2.346    2  0.000  0.538     0.00     0.00     0.00     0.00     0.00 -1    -1e-30      0.00 7.092e-01 2.755e-01 2.710e-03 7.399e-04 6.720e-03 -1.000 1.527e-02 -5.568 -5.573 -5.249 -5.176 -5.174 -5.158 -5.081 -5.070 -5.047
0.0152 0.01508 7.42600 9.4747028351 2.6252812069    9.471  4.131  4.0139  2.291    2  0.000  0.538     0.00     0.00     0.00     0.00     0.00 -1    -1e-30      0.00 7.092e-01 2.755e-01 2.710e-03 7.399e-04 6.720e-03 -1.000 1.527e-02 -5.557 -5.576 -5.300 -5.236 -5.237 -5.228 -5.168 -5.162 -5.142
0.0152 0.01508 7.42600 9.4748325348 2.6252813610    9.471  4.127  4.0019  2.247    2  0.000  0.538     0.00     0.00     0.00     0.00     0.00 -1    -1e-30      0.00 7.092e-01 2.755e-01 2.710e-03 7.399e-04 6.720e-03 -1.000 1.527e-02 -5.548 -5.575 -5.338 -5.281 -5.286 -5.283 -5.236 -5.235 -5.217
0.0152 0.01508 7.42600 9.4749565125 2.6252815082    9.471  4.123  3.9899  2.202    2  0.000  0.538     0.00     0.00     0.00     0.00     0.00 -1    -1e-30      0.00 7.092e-01 2.755e-01 2.710e-03 7.399e-04 6.720e-03 -1.000 1.527e-02 -5.538 -5.570 -5.375 -5.325 -5.333 -5.336 -5.304 -5.307 -5.292
0.0152 0.01508 7.42600 9.4750728607 2.6252816464    9.471  4.119  3.9779  2.159    2  0.000  0.538     0.00     0.00     0.00     0.00     0.00 -1    -1e-30      0.00 7.092e-01 2.755e-01 2.710e-03 7.399e-04 6.720e-03 -1.000 1.527e-02 -5.528 -5.561 -5.409 -5.366 -5.378 -5.387 -5.370 -5.379 -5.367
0.0152 0.01508 7.42600 9.4751853943 2.6252817801    9.471  4.115  3.9659  2.115    2  0.000  0.538     0.00     0.00     0.00     0.00     0.00 -1    -1e-30      0.00 7.092e-01 2.755e-01 2.710e-03 7.399e-04 6.720e-03 -1.000 1.527e-02 -5.518 -5.549 -5.440 -5.406 -5.421 -5.436 -5.436 -5.449 -5.441
0.0152 0.01508 7.42600 9.4753189087 2.6252819386    9.471  4.110  3.9510  2.061    2  0.000  0.538     0.00     0.00     0.00     0.00     0.00 -1    -1e-30      0.00 7.092e-01 2.755e-01 2.710e-03 7.399e-04 6.720e-03 -1.000 1.527e-02 -5.505 -5.527 -5.475 -5.451 -5.471 -5.495 -5.517 -5.537 -5.534
0.0152 0.01508 7.42600 9.4754190445 2.6252820575    9.471  4.106  3.9391  2.017    2  0.000  0.538     0.00     0.00     0.00     0.00     0.00 -1    -1e-30      0.00 7.092e-01 2.755e-01 2.710e-03 7.399e-04 6.720e-03 -1.000 1.527e-02 -5.494 -5.503 -5.496 -5.483 -5.508 -5.540 -5.581 -5.607 -5.608
0.0152 0.01508 7.42600 9.4755163193 2.6252821730    9.472  4.101  3.9272  1.974    2  0.000  0.538     0.00     0.00     0.00     0.00     0.00 -1    -1e-30      0.00 7.092e-01 2.755e-01 2.710e-03 7.399e-04 6.720e-03 -1.000 1.527e-02 -5.482 -5.468 -5.508 -5.509 -5.542 -5.583 -5.644 -5.677 -5.682
0.0152 0.01508 7.42600 9.4756088257 2.6252822829    9.472  4.096  3.9152  1.931    2  0.000  0.538     0.00     0.00     0.00     0.00     0.00 -1    -1e-30      0.00 7.092e-01 2.755e-01 2.710e-03 7.399e-04 6.720e-03 -1.000 1.527e-02 -5.471 -5.422 -5.506 -5.528 -5.572 -5.624 -5.706 -5.748 -5.757
0.0152 0.01508 7.42600 9.4756975174 2.6252823882    9.472  4.092  3.9033  1.888    2  0.000  0.538     0.00     0.00     0.00     0.00     0.00 -1    -1e-30      0.00 7.092e-01 2.755e-01 2.710e-03 7.399e-04 6.720e-03 -1.000 1.527e-02 -5.459 -5.368 -5.494 -5.540 -5.598 -5.663 -5.767 -5.820 -5.832
0.0152 0.01508 7.42600 9.4757823944 2.6252824890    9.472  4.087  3.8913  1.845    2  0.000  0.538     0.00     0.00     0.00     0.00     0.00 -1    -1e-30      0.00 7.092e-01 2.755e-01 2.710e-03 7.399e-04 6.720e-03 -1.000 1.527e-02 -5.446 -5.307 -5.471 -5.545 -5.620 -5.700 -5.827 -5.892 -5.908
0.0152 0.01508 7.42600 9.4758615494 2.6252825830    9.472  4.082  3.8794  1.803    2  0.000  0.538     0.00     0.00     0.00     0.00     0.00 -1    -1e-30      0.00 7.092e-01 2.755e-01 2.710e-03 7.399e-04 6.720e-03 -1.000 1.527e-02 -5.434 -5.241 -5.435 -5.543 -5.637 -5.734 -5.885 -5.964 -5.983
0.0152 0.01508 7.42600 9.4759578705 2.6252826974    9.472  4.075  3.8644  1.749    2  0.000  0.538     0.00     0.00     0.00     0.00     0.00 -1    -1e-30      0.00 7.092e-01 2.755e-01 2.710e-03 7.399e-04 6.720e-03 -1.000 1.527e-02 -5.417 -5.152 -5.375 -5.531 -5.654 -5.775 -5.958 -6.057 -6.081
0.0152 0.01508 7.42600 9.4760293961 2.6252827823    9.472  4.069  3.8525  1.707    2  0.000  0.538     0.00     0.00     0.00     0.00     0.00 -1    -1e-30      0.00 7.092e-01 2.755e-01 2.710e-03 7.399e-04 6.720e-03 -1.000 1.527e-02 -5.404 -5.075 -5.313 -5.517 -5.665 -5.807 -6.015 -6.132 -6.159
0.0152 0.01508 7.42600 9.4760980606 2.6252828638    9.472  4.064  3.8407  1.665    2  0.000  0.538     0.00     0.00     0.00     0.00     0.00 -1    -1e-30      0.00 7.092e-01 2.755e-01 2.710e-03 7.399e-04 6.720e-03 -1.000 1.527e-02 -5.390 -4.993 -5.243 -5.499 -5.674 -5.838 -6.071 -6.208 -6.237
0.0152 0.01508 7.42600 9.4761629105 2.6252829408    9.472  4.058  3.8287  1.623    2  0.000  0.538     0.00     0.00     0.00     0.00     0.00 -1    -1e-30      0.00 7.092e-01 2.755e-01 2.710e-03 7.399e-04 6.720e-03 -1.000 1.527e-02 -5.375 -4.904 -5.164 -5.477 -5.681 -5.867 -6.126 -6.284 -6.316
0.0152 0.01508 7.42600 9.4762258530 2.6252830156    9.472  4.052  3.8168  1.582    2  0.000  0.538     0.00     0.00     0.00     0.00     0.00 -1    -1e-30      0.00 7.092e-01 2.755e-01 2.710e-03 7.399e-04 6.720e-03 -1.000 1.527e-02 -5.360 -4.807 -5.078 -5.450 -5.683 -5.892 -6.179 -6.359 -6.394
0.0152 0.01508 7.42600 9.4762849808 2.6252830858    9.472  4.046  3.8049  1.540    2  0.000  0.538     0.00     0.00     0.00     0.00     0.00 -1    -1e-30      0.00 7.092e-01 2.755e-01 2.710e-03 7.399e-04 6.720e-03 -1.000 1.527e-02 -5.345 -4.693 -4.984 -5.420 -5.684 -5.916 -6.231 -6.435 -6.473
0.0152 0.01508 7.42600 9.4763422012 2.6252831537    9.472  4.039  3.7929  1.499    2  0.000  0.538     0.00     0.00     0.00     0.00     0.00 -1    -1e-30      0.00 7.092e-01 2.755e-01 2.710e-03 7.399e-04 6.720e-03 -1.000 1.527e-02 -5.328 -4.572 -4.883 -5.384 -5.680 -5.936 -6.280 -6.509 -6.552
0.0152 0.01508 7.42600 9.4763956070 2.6252832171    9.472  4.033  3.7810  1.458    2  0.000  0.538     0.00     0.00     0.00     0.00     0.00 -1    -1e-30      0.00 7.092e-01 2.755e-01 2.710e-03 7.399e-04 6.720e-03 -1.000 1.527e-02 -5.312 -4.420 -4.772 -5.346 -5.676 -5.956 -6.330 -6.584 -6.631
0.0152 0.01508 7.42600 9.4764461517 2.6252832771    9.473  4.026  3.7692  1.418    2  0.000  0.538     0.00     0.00     0.00     0.00     0.00 -1    -1e-30      0.00 7.092e-01 2.755e-01 2.710e-03 7.399e-04 6.720e-03 -1.000 1.527e-02 -5.294 -4.243 -4.644 -5.297 -5.665 -5.974 -6.380 -6.664 -6.715
0.0152 0.01508 7.42600 9.4764957428 2.6252833360    9.473  4.018  3.7573  1.377    2  0.000  0.538     0.00     0.00     0.00     0.00     0.00 -1    -1e-30      0.00 7.092e-01 2.755e-01 2.710e-03 7.399e-04 6.720e-03 -1.000 1.527e-02 -5.276 -4.063 -4.522 -5.248 -5.649 -5.981 -6.419 -6.731 -6.787
0.0152 0.01508 7.42600 9.4765539169 2.6252834051    9.473  4.008  3.7423  1.327    2  0.000  0.538     0.00     0.00     0.00     0.00     0.00 -1    -1e-30      0.00 7.092e-01 2.755e-01 2.710e-03 7.399e-04 6.720e-03 -1.000 1.527e-02 -5.251 -3.790 -4.356 -5.177 -5.622 -5.984 -6.465 -6.814 -6.875
0.0152 0.01508 7.42600 9.4765977859 2.6252834571    9.473  4.000  3.7306  1.289    2  0.000  0.538     0.00     0.00     0.00     0.00     0.00 -1    -1e-30      0.00 7.092e-01 2.755e-01 2.710e-03 7.399e-04 6.720e-03 -1.000 1.527e-02 -5.230 -3.576 -4.224 -5.116 -5.593 -5.977 -6.494 -6.874 -6.937
0.0152 0.01508 7.42600 9.4766407013 2.6252835081    9.473  3.991  3.7187  1.250    2  0.000  0.538     0.00     0.00     0.00     0.00     0.00 -1    -1e-30      0.00 7.092e-01 2.755e-01 2.710e-03 7.399e-04 6.720e-03 -1.000 1.527e-02 -5.208 -3.340 -4.084 -5.047 -5.556 -5.964 -6.520 -6.933 -6.997
0.0152 0.01508 7.42600 9.4766807556 2.6252835557    9.473  3.982  3.7072  1.213    2  0.000  0.538     0.00     0.00     0.00     0.00     0.00 -1    -1e-30      0.00 7.092e-01 2.755e-01 2.710e-03 7.399e-04 6.720e-03 -1.000 1.527e-02 -5.185 -3.093 -3.942 -4.973 -5.514 -5.944 -6.541 -6.987 -7.053
0.0152 0.01508 7.42600 9.4767208099 2.6252836032    9.473  3.972  3.6957  1.178    2  0.000  0.538     0.00     0.00     0.00     0.00     0.00 -1    -1e-30      0.00 7.092e-01 2.755e-01 2.710e-03 7.399e-04 6.720e-03 -1.000 1.527e-02 -5.159 -2.828 -3.796 -4.893 -5.466 -5.916 -6.556 -7.034 -7.104
0.0152 0.01508 7.42600 9.4767608643 2.6252836508    9.473  3.960  3.6850  1.146    2  0.000  0.538     0.00     0.00     0.00     0.00     0.00 -1    -1e-30      0.00 7.092e-01 2.755e-01 2.710e-03 7.399e-04 6.720e-03 -1.000 1.527e-02 -5.131 -2.567 -3.653 -4.810 -5.411 -5.882 -6.563 -7.070 -7.146
0.0152 0.01508 7.42600 9.4768037796 2.6252837017    9.473  3.947  3.6745  1.118    2  0.000  0.538     0.00     0.00     0.00     0.00     0.00 -1    -1e-30      0.00 7.092e-01 2.755e-01 2.710e-03 7.399e-04 6.720e-03 -1.000 1.527e-02 -5.097 -2.383 -3.521 -4.729 -5.351 -5.835 -6.557 -7.083 -7.173
0.0152 0.01508 7.42600 9.4768514633 2.6252837583    9.473  3.930  3.6647  1.095    2  0.000  0.538     0.00     0.00     0.00     0.00     0.00 -1    -1e-30      0.00 7.092e-01 2.755e-01 2.710e-03 7.399e-04 6.720e-03 -1.000 1.527e-02 -5.056 -2.205 -3.384 -4.639 -5.279 -5.777 -6.540 -7.081 -7.187
0.0152 0.01508 7.42600 9.4769134521 2.6252838319    9.473  3.910  3.6554  1.078    2  0.000  0.538     0.00     0.00     0.00     0.00     0.00 -1    -1e-30      0.00 7.092e-01 2.755e-01 2.710e-03 7.399e-04 6.720e-03 -1.000 1.527e-02 -5.006 -1.989 -3.231 -4.532 -5.193 -5.709 -6.510 -7.070 -7.190
0.0152 0.01508 7.42600 9.4770164490 2.6252839542    9.473  3.882  3.6462  1.069    2  0.000  0.538     0.00     0.00     0.00     0.00     0.00 -1    -1e-30      0.00 7.092e-01 2.755e-01 2.710e-03 7.399e-04 6.720e-03 -1.000 1.527e-02 -4.936 -1.684 -3.044 -4.392 -5.081 -5.621 -6.462 -7.049 -7.179
0.0152 0.01508 7.42600 9.4771242142 2.6252840821    9.473  3.858  3.6385  1.062    2  0.000  0.538     0.00     0.00     0.00     0.00     0.00 -1    -1e-30      0.00 7.092e-01 2.755e-01 2.710e-03 7.399e-04 6.720e-03 -1.000 1.527e-02 -4.875 -1.426 -2.883 -4.269 -4.983 -5.545 -6.418 -7.028 -7.167
0.0152 0.01508 7.42600 9.4772071838 2.6252841806    9.473  3.844  3.6327  1.054    2  0.000  0.538     0.00     0.00     0.00     0.00     0.00 -1    -1e-30      0.00 7.092e-01 2.755e-01 2.710e-03 7.399e-04 6.720e-03 -1.000 1.527e-02 -4.839 -1.237 -2.767 -4.182 -4.915 -5.495 -6.394 -7.023 -7.167
0.0152 0.01508 7.42600 9.4772491455 2.6252842304    9.473  3.851  3.6292  1.033    2  0.000  0.538     0.00     0.00     0.00     0.00     0.00 -1    -1e-30      0.00 7.092e-01 2.755e-01 2.710e-03 7.400e-04 6.720e-03 -1.000 1.527e-02 -4.857 -1.156 -2.735 -4.169 -4.915 -5.505 -6.420 -7.059 -7.208
0.0152 0.01508 7.42600 9.4773597717 2.6252843617    9.473  3.888  3.6192  0.956    3  0.000  0.536    37.74    26.93    18.82    13.60    11.25  4    -1e-30      0.00 7.092e-01 2.755e-01 2.701e-03 7.424e-04 6.720e-03 -1.000 1.527e-02 -4.950 -0.945 -2.673 -4.163 -4.948 -5.574 -6.533 -7.203 -7.364
0.0152 0.01508 7.42600 9.4774065018 2.6252844172    9.473  3.920  3.6142  0.903    3  0.000  0.528    42.58    29.61    20.60    14.91    12.34  4    -1e-30      0.00 7.092e-01 2.755e-01 2.660e-03 7.661e-04 6.720e-03 -1.000 1.527e-02 -5.031 -0.863 -2.668 -4.189 -4.994 -5.642 -6.625 -7.309 -7.477
0.0152 0.01508 7.42600 9.4774522781 2.6252844715    9.474  3.962  3.6089  0.840    3  0.000  0.504    49.27    33.20    22.98    16.66    13.79  4    -1e-30      0.00 7.091e-01 2.755e-01 2.542e-03 8.681e-04 6.720e-03 -1.000 1.531e-02 -5.135 -0.790 -2.679 -4.232 -5.061 -5.732 -6.741 -7.440 -7.617
0.0152 0.01508 7.42600 9.4774894714 2.6252845157    9.474  4.002  3.6043  0.782    3  0.000  0.473    56.29    36.86    25.40    18.44    15.26  4    -1e-30      0.00 7.091e-01 2.755e-01 2.384e-03 1.043e-03 6.720e-03 -1.000 1.536e-02 -5.234 -0.740 -2.694 -4.274 -5.124 -5.819 -6.850 -7.562 -7.745
0.0152 0.01508 7.42600 9.4775152206 2.6252845462    9.474  4.030  3.6012  0.741    3  0.000  0.451    61.86    39.69    27.26    19.81    16.40  4    -1e-30      0.00 7.091e-01 2.755e-01 2.274e-03 1.177e-03 6.720e-03 -1.000 1.537e-02 -5.306 -0.710 -2.709 -4.308 -5.171 -5.882 -6.928 -7.649 -7.837
0.0152 0.01508 7.42600 9.4775238037 2.6252845564    9.474  4.040  3.6002  0.728    3  0.000  0.446    63.80    40.66    27.90    20.28    16.79  4    -1e-30      0.00 7.091e-01 2.755e-01 2.248e-03 1.209e-03 6.720e-03 -1.000 1.537e-02 -5.329 -0.700 -2.715 -4.319 -5.187 -5.903 -6.954 -7.678 -7.867
0.0152 0.01508 7.42600 9.4775609970 2.6252846006    9.474  4.080  3.5962  0.671    3  0.000  0.427    72.64    45.02    30.74    22.38    18.54  4    -1e-30      0.00 7.091e-01 2.756e-01 2.154e-03 1.328e-03 6.717e-03 -1.000 1.536e-02 -5.429 -0.670 -2.736 -4.362 -5.249 -5.991 -7.063 -7.798 -7.993
0.0152 0.01508 7.42600 9.4775695801 2.6252846107    9.474  4.090  3.5951  0.657    3  0.000  0.423    75.02    46.17    31.49    22.94    19.00  4    -1e-30      0.00 7.090e-01 2.756e-01 2.134e-03 1.355e-03 6.715e-03 -1.000 1.534e-02 -5.454 -0.663 -2.740 -4.372 -5.265 -6.012 -7.090 -7.828 -8.025
0.0152 0.01508 7.42600 9.4775934219 2.6252846390    9.474  4.112  3.5929  0.626    3  0.000  0.417    80.65    48.87    33.25    24.24    20.08  4    -1e-30      0.00 7.088e-01 2.758e-01 2.097e-03 1.413e-03 6.700e-03 -1.000 1.534e-02 -5.511 -0.647 -2.753 -4.397 -5.300 -6.062 -7.151 -7.895 -8.096
0.0152 0.01508 7.42600 9.4776325226 2.6252846854    9.474  4.145  3.5897  0.581    3  0.000  0.409    89.54    53.04    35.96    26.24    21.75  4    -1e-30      0.00 7.086e-01 2.760e-01 2.050e-03 1.488e-03 6.681e-03 -1.000 1.536e-02 -5.592 -0.624 -2.769 -4.431 -5.350 -6.133 -7.239 -7.991 -8.198
0.0152 0.01508 7.42600 9.4776878357 2.6252847511    9.474  4.180  3.5862  0.532    3  0.000  0.402   100.24    57.96    39.13    28.59    23.70  4    -1e-30      0.00 7.084e-01 2.763e-01 2.006e-03 1.559e-03 6.660e-03 -1.000 1.537e-02 -5.679 -0.607 -2.782 -4.459 -5.397 -6.209 -7.334 -8.096 -8.308
0.0152 0.01508 7.42600 9.4777784348 2.6252848586    9.474  4.215  3.5825  0.482    3  0.000  0.397   112.49    63.44    42.66    31.21    25.88  4    -1e-30      0.00 7.077e-01 2.769e-01 1.967e-03 1.654e-03 6.608e-03 -1.000 1.537e-02 -5.768 -0.587 -2.793 -4.486 -5.443 -6.285 -7.431 -8.203 -8.421
0.0152 0.01508 7.42600 9.4779911041 2.6252851110    9.474  4.246  3.5794  0.438    3  0.000  0.395   124.27    68.60    45.96    33.67    27.92  4    -1e-30      0.00 7.059e-01 2.787e-01 1.928e-03 1.787e-03 6.510e-03 -1.000 1.537e-02 -5.844 -0.569 -2.798 -4.506 -5.481 -6.351 -7.516 -8.295 -8.518
0.0152 0.01508 7.42600 9.4787425995 2.6252860028    9.475  4.293  3.5745  0.371    3  0.000  0.394   145.06    77.45    51.61    37.88    31.42  4    -1e-30      0.00 7.002e-01 2.844e-01 1.860e-03 2.057e-03 6.298e-03 -1.000 1.537e-02 -5.963 -0.552 -2.798 -4.519 -5.525 -6.452 -7.649 -8.438 -8.670
0.0152 0.01508 7.42600 9.4797735214 2.6252872260    9.476  4.336  3.5703  0.312    3  0.000  0.393   166.23    86.18    57.16    42.01    34.86  4    -1e-30      0.00 6.929e-01 2.917e-01 1.800e-03 2.303e-03 6.102e-03 -1.000 1.537e-02 -6.069 -0.541 -2.799 -4.533 -5.566 -6.541 -7.765 -8.565 -8.803
0.0152 0.01508 7.42600 9.4819707870 2.6252898319    9.478  4.371  3.5669  0.264    3  0.000  0.393   185.95    94.10    62.16    45.75    37.97  4    -1e-30      0.00 6.868e-01 2.979e-01 1.763e-03 2.460e-03 5.976e-03 -1.000 1.537e-02 -6.157 -0.541 -2.792 -4.530 -5.589 -6.613 -7.863 -8.670 -8.914
0.0152 0.01508 7.42600 9.4836120605 2.6252917775    9.480  4.388  3.5652  0.240    3  0.000  0.393   196.53    98.27    64.79    47.72    39.60  4    -1e-30      0.00 6.838e-01 3.009e-01 1.746e-03 2.531e-03 5.919e-03 -1.000 1.535e-02 -6.200 -0.542 -2.789 -4.528 -5.600 -6.649 -7.911 -8.721 -8.968
0.0152 0.01508 7.42600 9.5040636063 2.6253159566    9.500  4.359  3.5688  0.283    4  0.000  0.393     0.00     0.00     0.00     0.00     0.00 -1    -1e-30      0.00 6.838e-01 3.009e-01 1.746e-03 2.531e-03 5.918e-03 -1.000 1.535e-02 -6.128 -0.555 -2.814 -4.552 -5.597 -6.594 -7.829 -8.632 -8.873
0.0152 0.01508 7.42600 9.5253992081 2.6253410537    9.522  4.323  3.5730  0.338    4  0.000  0.393     0.00     0.00     0.00     0.00     0.00 -1    -1e-30      0.00 6.838e-01 3.009e-01 1.746e-03 2.531e-03 5.918e-03 -1.000 1.535e-02 -6.038 -0.574 -2.831 -4.560 -5.576 -6.521 -7.727 -8.520 -8.754
0.0152 0.01508 7.42600 9.5421924591 2.6253607169    9.538  4.289  3.5769  0.388    4  0.000  0.393     0.00     0.00     0.00     0.00     0.00 -1    -1e-30      0.00 6.838e-01 3.009e-01 1.746e-03 2.531e-03 5.918e-03 -1.000 1.535e-02 -5.953 -0.593 -2.840 -4.558 -5.550 -6.450 -7.632 -8.415 -8.643
0.0152 0.01508 7.42600 9.5583553314 2.6253795669    9.555  4.255  3.5808  0.438    4  0.000  0.393     0.00     0.00     0.00     0.00     0.00 -1    -1e-30      0.00 6.838e-01 3.008e-01 1.746e-03 2.531e-03 5.918e-03 -1.000 1.535e-02 -5.869 -0.617 -2.849 -4.556 -5.524 -6.381 -7.538 -8.312 -8.533
0.0152 0.01508 7.42600 9.5750007629 2.6253989033    9.571  4.225  3.5845  0.484    4  0.000  0.393     0.00     0.00     0.00     0.00     0.00 -1    -1e-30      0.00 6.838e-01 3.008e-01 1.746e-03 2.531e-03 5.918e-03 -1.000 1.535e-02 -5.793 -0.651 -2.854 -4.544 -5.492 -6.318 -7.454 -8.218 -8.434
0.0152 0.01508 7.42600 9.5973186493 2.6254247081    9.594  4.194  3.5888  0.533    4  0.000  0.393     0.00     0.00     0.00     0.00     0.00 -1    -1e-30      0.00 6.838e-01 3.008e-01 1.746e-03 2.531e-03 5.918e-03 -1.000 1.535e-02 -5.714 -0.693 -2.865 -4.538 -5.463 -6.253 -7.365 -8.118 -8.327
0.0152 0.01508 7.42600 9.6299257278 2.6254621625    9.627  4.173  3.5933  0.573    4  0.000  0.393     0.00     0.00     0.00     0.00     0.00 -1    -1e-30      0.00 6.838e-01 3.008e-01 1.746e-03 2.532e-03 5.918e-03 -1.000 1.536e-02 -5.663 -0.766 -2.898 -4.552 -5.456 -6.216 -7.305 -8.044 -8.246
0.0152 0.01508 7.42600 9.6696481705 2.6255073978    9.666  4.160  3.5981  0.608    4  0.000  0.393     0.00     0.00     0.00     0.00     0.00 -1    -1e-30      0.00 6.838e-01 3.008e-01 1.746e-03 2.532e-03 5.918e-03 -1.000 1.536e-02 -5.630 -0.864 -2.954 -4.587 -5.469 -6.199 -7.263 -7.987 -8.183
0.0152 0.01508 7.42600 9.6865091324 2.6255264699    9.683  4.176  3.6037  0.615    4  0.000  0.393     0.00     0.00     0.00     0.00     0.00 -1    -1e-30      0.00 6.838e-01 3.008e-01 1.746e-03 2.532e-03 5.918e-03 -1.000 1.536e-02 -5.670 -1.037 -3.085 -4.698 -5.557 -6.256 -7.294 -7.999 -8.187
0.0152 0.01508 7.42600 9.7233028412 2.6255678246    9.720  4.264  3.6610  0.757    5  0.000  0.393     0.00     0.00     0.00     0.00     0.00 -1    -1e-30      0.00 6.839e-01 3.008e-01 1.746e-03 2.532e-03 5.918e-03 -1.000 1.536e-02 -5.891 -2.824 -4.132 -5.450 -6.107 -6.614 -7.396 -7.932 -8.048
0.0152 0.01508 7.42600 9.7273807526 2.6255723859    9.724  4.298  3.7912  1.244    5  0.000  0.393     0.00     0.00     0.00     0.00     0.00 -1    -1e-30      0.00 6.839e-01 3.008e-01 1.746e-03 2.532e-03 5.918e-03 -1.000 1.536e-02 -5.975 -5.186 -5.527 -6.035 -6.331 -6.589 -6.935 -7.162 -7.207
0.0152 0.01508 7.42600 9.7293977737 2.6255746403    9.726  4.309  3.8153  1.331    5  0.000  0.393     0.00     0.00     0.00     0.00     0.00 -1    -1e-30      0.00 6.839e-01 3.008e-01 1.746e-03 2.532e-03 5.918e-03 -1.000 1.536e-02 -6.002 -5.434 -5.727 -6.096 -6.327 -6.536 -6.824 -7.003 -7.039
0.0152 0.01508 7.42600 9.7302713394 2.6255756164    9.727  4.317  3.8242  1.358    5  0.000  0.393     0.00     0.00     0.00     0.00     0.00 -1    -1e-30      0.00 6.839e-01 3.008e-01 1.746e-03 2.532e-03 5.918e-03 -1.000 1.536e-02 -6.021 -5.519 -5.802 -6.124 -6.333 -6.525 -6.793 -6.955 -6.989
0.0152 0.01508 7.42600 9.7305593491 2.6255759382    9.727  4.319  3.8293  1.376    5  0.000  0.393     0.00     0.00     0.00     0.00     0.00 -1    -1e-30      0.00 6.839e-01 3.008e-01 1.746e-03 2.532e-03 5.918e-03 -1.000 1.536e-02 -6.029 -5.564 -5.841 -6.136 -6.332 -6.515 -6.771 -6.923 -6.956
0.0152 0.01508 7.42600 9.7307748795 2.6255761790    9.728  4.321  3.8343  1.394    5  0.000  0.393     0.00     0.00     0.00     0.00     0.00 -1    -1e-30      0.00 6.839e-01 3.008e-01 1.746e-03 2.532e-03 5.918e-03 -1.000 1.536e-02 -6.033 -5.602 -5.872 -6.144 -6.328 -6.501 -6.746 -6.890 -6.922
0.0152 0.01508 7.42600 9.7309370041 2.6255763601    9.728  4.322  3.8388  1.411    5  0.000  0.393     0.00     0.00     0.00     0.00     0.00 -1    -1e-30      0.00 6.839e-01 3.008e-01 1.746e-03 2.532e-03 5.918e-03 -1.000 1.536e-02 -6.036 -5.634 -5.899 -6.149 -6.322 -6.487 -6.723 -6.859 -6.890
0.0152 0.01508 7.42600 9.7310791016 2.6255765188    9.728  4.323  3.8431  1.427    5  0.000  0.393     0.00     0.00     0.00     0.00     0.00 -1    -1e-30      0.00 6.839e-01 3.008e-01 1.746e-03 2.532e-03 5.918e-03 -1.000 1.536e-02 -6.038 -5.663 -5.923 -6.153 -6.316 -6.473 -6.699 -6.829 -6.858
0.0152 0.01508 7.42600 9.7312135696 2.6255766690    9.728  4.324  3.8474  1.443    5  0.000  0.393     0.00     0.00     0.00     0.00     0.00 -1    -1e-30      0.00 6.839e-01 3.008e-01 1.746e-03 2.532e-03 5.918e-03 -1.000 1.536e-02 -6.040 -5.691 -5.945 -6.156 -6.310 -6.459 -6.676 -6.799 -6.827
0.0152 0.01508 7.42600 9.7313470840 2.6255768181    9.728  4.325  3.8516  1.460    5  0.000  0.393     0.00     0.00     0.00     0.00     0.00 -1    -1e-30      0.00 6.839e-01 3.008e-01 1.746e-03 2.532e-03 5.918e-03 -1.000 1.536e-02 -6.042 -5.718 -5.966 -6.159 -6.303 -6.445 -6.653 -6.769 -6.796
0.0152 0.01508 7.42600 9.7314815521 2.6255769683    9.728  4.325  3.8558  1.476    5  0.000  0.393     0.00     0.00     0.00     0.00     0.00 -1    -1e-30      0.00 6.839e-01 3.008e-01 1.746e-03 2.532e-03 5.918e-03 -1.000 1.536e-02 -6.043 -5.744 -5.985 -6.162 -6.296 -6.430 -6.629 -6.739 -6.765
0.0152 0.01508 7.42600 9.7316188812 2.6255771217    9.729  4.326  3.8600  1.492    5  0.000  0.393     0.00     0.00     0.00     0.00     0.00 -1    -1e-30      0.00 6.839e-01 3.008e-01 1.746e-03 2.532e-03 5.918e-03 -1.000 1.536e-02 -6.044 -5.769 -6.004 -6.164 -6.289 -6.416 -6.606 -6.709 -6.734
0.0152 0.01508 7.42600 9.7317609787 2.6255772804    9.729  4.326  3.8643  1.509    5  0.000  0.393     0.00     0.00     0.00     0.00     0.00 -1    -1e-30      0.00 6.839e-01 3.008e-01 1.746e-03 2.532e-03 5.918e-03 -1.000 1.536e-02 -6.046 -5.793 -6.018 -6.164 -6.281 -6.401 -6.582 -6.679 -6.703
0.0152 0.01508 7.42600 9.7319097519 2.6255774465    9.729  4.327  3.8685  1.525    5  0.000  0.393     0.00     0.00     0.00     0.00     0.00 -1    -1e-30      0.00 6.839e-01 3.008e-01 1.746e-03 2.532e-03 5.918e-03 -1.000 1.536e-02 -6.047 -5.817 -6.032 -6.164 -6.273 -6.386 -6.558 -6.649 -6.672
0.0152 0.01508 7.42600 9.7321052551 2.6255776649    9.729  4.327  3.8738  1.546    5  0.000  0.393     0.00     0.00     0.00     0.00     0.00 -1    -1e-30      0.00 6.839e-01 3.008e-01 1.746e-03 2.532e-03 5.918e-03 -1.000 1.536e-02 -6.048 -5.846 -6.048 -6.163 -6.262 -6.367 -6.528 -6.612 -6.633
0.0152 0.01508 7.42600 9.7322731018 2.6255778523    9.729  4.328  3.8781  1.563    5  0.000  0.393     0.00     0.00     0.00     0.00     0.00 -1    -1e-30      0.00 6.839e-01 3.008e-01 1.746e-03 2.532e-03 5.918e-03 -1.000 1.536e-02 -6.049 -5.869 -6.059 -6.161 -6.253 -6.351 -6.503 -6.582 -6.601
0.0152 0.01508 7.42600 9.7324495316 2.6255780493    9.729  4.328  3.8824  1.580    5  0.000  0.393     0.00     0.00     0.00     0.00     0.00 -1    -1e-30      0.00 6.839e-01 3.008e-01 1.746e-03 2.532e-03 5.918e-03 -1.000 1.536e-02 -6.049 -5.890 -6.069 -6.158 -6.243 -6.335 -6.478 -6.552 -6.570
0.0152 0.01508 7.42600 9.7326393127 2.6255782612    9.729  4.328  3.8867  1.597    5  0.000  0.393     0.00     0.00     0.00     0.00     0.00 -1    -1e-30      0.00 6.839e-01 3.008e-01 1.746e-03 2.532e-03 5.918e-03 -1.000 1.536e-02 -6.050 -5.911 -6.077 -6.155 -6.234 -6.319 -6.453 -6.522 -6.539
0.0152 0.01508 7.42600 9.7328977585 2.6255785498    9.730  4.328  3.8920  1.618    5  0.000  0.393     0.00     0.00     0.00     0.00     0.00 -1    -1e-30      0.00 6.839e-01 3.008e-01 1.746e-03 2.532e-03 5.918e-03 -1.000 1.536e-02 -6.051 -5.936 -6.085 -6.150 -6.221 -6.299 -6.423 -6.486 -6.501
0.0152 0.01508 7.42600 9.7331829071 2.6255788682    9.730  4.329  3.8973  1.639    5  0.000  0.393     0.00     0.00     0.00     0.00     0.00 -1    -1e-30      0.00 6.839e-01 3.008e-01 1.746e-03 2.532e-03 5.918e-03 -1.000 1.536e-02 -6.051 -5.959 -6.089 -6.143 -6.207 -6.279 -6.392 -6.449 -6.463
0.0152 0.01508 7.42600 9.7334375381 2.6255791525    9.730  4.329  3.9016  1.656    5  0.000  0.393     0.00     0.00     0.00     0.00     0.00 -1    -1e-30      0.00 6.839e-01 3.008e-01 1.746e-03 2.532e-03 5.918e-03 -1.000 1.536e-02 -6.052 -5.976 -6.091 -6.136 -6.195 -6.262 -6.366 -6.420 -6.432
0.0152 0.01508 7.42600 9.7337226868 2.6255794708    9.731  4.329  3.9059  1.673    5  0.000  0.393     0.00     0.00     0.00     0.00     0.00 -1    -1e-30      0.00 6.839e-01 3.008e-01 1.746e-03 2.532e-03 5.918e-03 -1.000 1.536e-02 -6.052 -5.992 -6.091 -6.128 -6.182 -6.245 -6.341 -6.391 -6.401
0.0152 0.01508 7.42600 9.7340459824 2.6255798317    9.731  4.329  3.9103  1.690    5  0.000  0.393     0.00     0.00     0.00     0.00     0.00 -1    -1e-30      0.00 6.839e-01 3.008e-01 1.746e-03 2.532e-03 5.918e-03 -1.000 1.536e-02 -6.052 -6.008 -6.090 -6.119 -6.169 -6.227 -6.314 -6.361 -6.370
0.0152 0.01508 7.42600 9.7344226837 2.6255802521    9.731  4.329  3.9148  1.708    5  0.000  0.393     0.00     0.00     0.00     0.00     0.00 -1    -1e-30      0.00 6.839e-01 3.008e-01 1.746e-03 2.532e-03 5.918e-03 -1.000 1.536e-02 -6.052 -6.021 -6.086 -6.109 -6.154 -6.208 -6.287 -6.330 -6.338
0.0152 0.01508 7.42600 9.7349996567 2.6255808961    9.732  4.329  3.9206  1.732    5  0.000  0.393     0.00     0.00     0.00     0.00     0.00 -1    -1e-30      0.00 6.839e-01 3.008e-01 1.746e-03 2.532e-03 5.918e-03 -1.000 1.536e-02 -6.053 -6.039 -6.080 -6.094 -6.135 -6.184 -6.252 -6.291 -6.296
0.0152 0.01508 7.42600 9.7355966568 2.6255815623    9.733  4.329  3.9255  1.751    5  0.000  0.393     0.00     0.00     0.00     0.00     0.00 -1    -1e-30      0.00 6.839e-01 3.008e-01 1.746e-03 2.532e-03 5.918e-03 -1.000 1.536e-02 -6.053 -6.051 -6.072 -6.081 -6.118 -6.163 -6.223 -6.258 -6.262
0.0152 0.01508 7.42600 9.7366342545 2.6255827199    9.734  4.330  3.9321  1.777    5  0.000  0.393     0.00     0.00     0.00     0.00     0.00 -1    -1e-30      0.00 6.839e-01 3.008e-01 1.746e-03 2.532e-03 5.918e-03 -1.000 1.536e-02 -6.054 -6.066 -6.060 -6.061 -6.095 -6.135 -6.183 -6.215 -6.217
0.0152 0.01508 7.42600 9.7379093170 2.6255841421    9.735  4.330  3.9381  1.800    5  0.000  0.393     0.00     0.00     0.00     0.00     0.00 -1    -1e-30      0.00 6.839e-01 3.008e-01 1.746e-03 2.532e-03 5.918e-03 -1.000 1.536e-02 -6.056 -6.077 -6.046 -6.042 -6.074 -6.110 -6.148 -6.176 -6.176
0.0152 0.01508 7.42600 9.7399749756 2.6255864452    9.737  4.332  3.9453  1.828    5  0.000  0.393     0.00     0.00     0.00     0.00     0.00 -1    -1e-30      0.00 6.839e-01 3.008e-01 1.746e-03 2.532e-03 5.918e-03 -1.000 1.536e-02 -6.059 -6.090 -6.030 -6.020 -6.048 -6.080 -6.107 -6.131 -6.129
0.0152 0.01508 7.42600 9.7432689667 2.6255901155    9.740  4.334  3.9546  1.863    5  0.000  0.393     0.00     0.00     0.00     0.00     0.00 -1    -1e-30      0.00 6.839e-01 3.008e-01 1.746e-03 2.532e-03 5.918e-03 -1.000 1.536e-02 -6.066 -6.103 -6.013 -5.993 -6.017 -6.042 -6.055 -6.075 -6.069
0.0152 0.01508 7.42600 9.7470903397 2.6255943698    9.744  4.337  3.9640  1.898    5  0.000  0.393     0.00     0.00     0.00     0.00     0.00 -1    -1e-30      0.00 6.839e-01 3.008e-01 1.746e-03 2.532e-03 5.918e-03 -1.000 1.536e-02 -6.073 -6.113 -5.995 -5.965 -5.984 -6.002 -6.003 -6.018 -6.010
0.0152 0.01508 7.42600 9.7520084381 2.6255998395    9.749  4.341  3.9747  1.937    5  0.000  0.393     0.00     0.00     0.00     0.00     0.00 -1    -1e-30      0.00 6.839e-01 3.008e-01 1.746e-03 2.532e-03 5.918e-03 -1.000 1.536e-02 -6.082 -6.126 -5.968 -5.930 -5.946 -5.959 -5.944 -5.955 -5.943
0.0152 0.01508 7.42600 9.7575292587 2.6256059720    9.755  4.344  3.9848  1.974    5  0.000  0.393     0.00     0.00     0.00     0.00     0.00 -1    -1e-30      0.00 6.839e-01 3.008e-01 1.746e-03 2.532e-03 5.918e-03 -1.000 1.536e-02 -6.091 -6.138 -5.938 -5.895 -5.909 -5.918 -5.889 -5.896 -5.882
0.0152 0.01508 7.42600 9.7663488388 2.6256157521    9.763  4.349  3.9958  2.014    5  0.000  0.393     0.00     0.00     0.00     0.00     0.00 -1    -1e-30      0.00 6.839e-01 3.008e-01 1.746e-03 2.532e-03 5.918e-03 -1.000 1.536e-02 -6.102 -6.149 -5.905 -5.857 -5.869 -5.873 -5.830 -5.833 -5.816
0.0152 0.01508 7.42600 9.7777194977 2.6256283312    9.775  4.353  4.0021  2.035    5  0.000  0.393     0.00     0.00     0.00     0.00     0.00 -1    -1e-30      0.00 6.839e-01 3.008e-01 1.746e-03 2.532e-03 5.918e-03 -1.000 1.536e-02 -6.113 -6.157 -5.891 -5.840 -5.850 -5.851 -5.801 -5.801 -5.783
0.0152 0.01508 7.42600 9.7890157700 2.6256407948    9.786  4.355  3.9962  2.010    6  0.000  0.393     0.00     0.00     0.00     0.00     0.00 -1    -1e-30      0.00 6.839e-01 3.008e-01 1.746e-03 2.532e-03 5.918e-03 -1.000 1.536e-02 -6.119 -6.166 -5.919 -5.872 -5.884 -5.887 -5.844 -5.847 -5.830
0.0152 0.01508 7.42600 9.7968082428 2.6256493732    9.794  4.357  3.9897  1.983    6  0.000  0.393     0.00     0.00     0.00     0.00     0.00 -1    -1e-30      0.00 6.839e-01 3.008e-01 1.746e-03 2.532e-03 5.918e-03 -1.000 1.536e-02 -6.121 -6.169 -5.948 -5.904 -5.917 -5.924 -5.888 -5.894 -5.878
0.0152 0.01508 7.42600 9.8029584885 2.6256561327    9.800  4.357  3.9813  1.949    6  0.000  0.393     0.00     0.00     0.00     0.00     0.00 -1    -1e-30      0.00 6.839e-01 3.008e-01 1.746e-03 2.532e-03 5.918e-03 -1.000 1.536e-02 -6.122 -6.169 -5.983 -5.942 -5.957 -5.967 -5.943 -5.951 -5.937
0.0152 0.01508 7.42600 9.8082351685 2.6256619243    9.805  4.357  3.9728  1.915    6  0.000  0.393     0.00     0.00     0.00     0.00     0.00 -1    -1e-30      0.00 6.839e-01 3.008e-01 1.746e-03 2.532e-03 5.918e-03 -1.000 1.536e-02 -6.123 -6.166 -6.016 -5.979 -5.995 -6.009 -5.997 -6.009 -5.998
0.0152 0.01508 7.42600 9.8132753372 2.6256674497    9.810  4.357  3.9634  1.878    6  0.000  0.393     0.00     0.00     0.00     0.00     0.00 -1    -1e-30      0.00 6.839e-01 3.007e-01 1.746e-03 2.532e-03 5.918e-03 -1.000 1.536e-02 -6.123 -6.163 -6.046 -6.017 -6.036 -6.055 -6.056 -6.072 -6.064
0.0152 0.01508 7.42600 9.8175582886 2.6256721398    9.815  4.357  3.9542  1.842    6  0.000  0.393     0.00     0.00     0.00     0.00     0.00 -1    -1e-30      0.00 6.839e-01 3.007e-01 1.746e-03 2.532e-03 5.918e-03 -1.000 1.536e-02 -6.122 -6.160 -6.068 -6.050 -6.074 -6.100 -6.113 -6.134 -6.128
0.0152 0.01508 7.42600 9.8216609955 2.6256766281    9.819  4.356  3.9448  1.805    6  0.000  0.393     0.00     0.00     0.00     0.00     0.00 -1    -1e-30      0.00 6.839e-01 3.007e-01 1.746e-03 2.532e-03 5.918e-03 -1.000 1.536e-02 -6.121 -6.152 -6.091 -6.083 -6.112 -6.144 -6.171 -6.196 -6.194
0.0152 0.01508 7.42600 9.8255853653 2.6256809173    9.823  4.356  3.9349  1.766    6  0.000  0.393     0.00     0.00     0.00     0.00     0.00 -1    -1e-30      0.00 6.839e-01 3.007e-01 1.746e-03 2.532e-03 5.918e-03 -1.000 1.536e-02 -6.120 -6.137 -6.117 -6.117 -6.150 -6.188 -6.231 -6.262 -6.262
0.0152 0.01508 7.42600 9.8293323517 2.6256850089    9.827  4.355  3.9244  1.725    6  0.000  0.393     0.00     0.00     0.00     0.00     0.00 -1    -1e-30      0.00 6.839e-01 3.007e-01 1.746e-03 2.532e-03 5.918e-03 -1.000 1.536e-02 -6.118 -6.115 -6.138 -6.148 -6.187 -6.233 -6.294 -6.330 -6.335
0.0152 0.01508 7.42600 9.8328371048 2.6256888328    9.830  4.354  3.9134  1.682    6  0.000  0.393     0.00     0.00     0.00     0.00     0.00 -1    -1e-30      0.00 6.839e-01 3.007e-01 1.746e-03 2.532e-03 5.918e-03 -1.000 1.536e-02 -6.116 -6.082 -6.150 -6.175 -6.222 -6.277 -6.358 -6.402 -6.410
0.0152 0.01508 7.42600 9.8360681534 2.6256923553    9.833  4.353  3.9022  1.638    6  0.000  0.393     0.00     0.00     0.00     0.00     0.00 -1    -1e-30      0.00 6.839e-01 3.007e-01 1.746e-03 2.532e-03 5.918e-03 -1.000 1.536e-02 -6.113 -6.041 -6.153 -6.196 -6.254 -6.320 -6.423 -6.477 -6.489
0.0152 0.01508 7.42600 9.8396100998 2.6256962136    9.837  4.352  3.8881  1.584    6  0.000  0.393     0.00     0.00     0.00     0.00     0.00 -1    -1e-30      0.00 6.839e-01 3.007e-01 1.746e-03 2.532e-03 5.918e-03 -1.000 1.536e-02 -6.109 -5.979 -6.139 -6.213 -6.289 -6.372 -6.503 -6.570 -6.587
0.0152 0.01508 7.42600 9.8420667648 2.6256988879    9.839  4.350  3.8772  1.541    6  0.000  0.393     0.00     0.00     0.00     0.00     0.00 -1    -1e-30      0.00 6.839e-01 3.007e-01 1.746e-03 2.532e-03 5.918e-03 -1.000 1.536e-02 -6.106 -5.923 -6.115 -6.219 -6.312 -6.411 -6.565 -6.645 -6.665
0.0152 0.01508 7.42600 9.8442316055 2.6257012432    9.842  4.349  3.8664  1.500    6  0.000  0.393     0.00     0.00     0.00     0.00     0.00 -1    -1e-30      0.00 6.839e-01 3.007e-01 1.746e-03 2.532e-03 5.918e-03 -1.000 1.536e-02 -6.102 -5.863 -6.082 -6.220 -6.333 -6.449 -6.625 -6.719 -6.742
0.0152 0.01508 7.42600 9.8461408615 2.6257033194    9.843  4.347  3.8558  1.459    6  0.000  0.393     0.00     0.00     0.00     0.00     0.00 -1    -1e-30      0.00 6.839e-01 3.007e-01 1.746e-03 2.532e-03 5.918e-03 -1.000 1.536e-02 -6.098 -5.800 -6.041 -6.217 -6.352 -6.485 -6.684 -6.793 -6.820
0.0152 0.01508 7.42600 9.8478231430 2.6257051481    9.845  4.346  3.8453  1.418    6  0.000  0.393     0.00     0.00     0.00     0.00     0.00 -1    -1e-30      0.00 6.839e-01 3.007e-01 1.746e-03 2.532e-03 5.918e-03 -1.000 1.536e-02 -6.094 -5.734 -5.990 -6.210 -6.368 -6.521 -6.742 -6.868 -6.897
0.0152 0.01508 7.42600 9.8493080139 2.6257067615    9.847  4.344  3.8350  1.379    6  0.000  0.393     0.00     0.00     0.00     0.00     0.00 -1    -1e-30      0.00 6.839e-01 3.007e-01 1.746e-03 2.532e-03 5.918e-03 -1.000 1.536e-02 -6.090 -5.664 -5.934 -6.201 -6.384 -6.555 -6.799 -6.942 -6.973
0.0152 0.01508 7.42600 9.8506164551 2.6257081828    9.848  4.342  3.8249  1.341    6  0.000  0.393     0.00     0.00     0.00     0.00     0.00 -1    -1e-30      0.00 6.839e-01 3.007e-01 1.746e-03 2.532e-03 5.918e-03 -1.000 1.536e-02 -6.086 -5.590 -5.873 -6.190 -6.397 -6.587 -6.853 -7.013 -7.047
0.0152 0.01508 7.42600 9.8517665863 2.6257094318    9.849  4.341  3.8151  1.303    6  0.000  0.393     0.00     0.00     0.00     0.00     0.00 -1    -1e-30      0.00 6.839e-01 3.007e-01 1.746e-03 2.532e-03 5.918e-03 -1.000 1.536e-02 -6.082 -5.512 -5.807 -6.176 -6.407 -6.616 -6.905 -7.084 -7.120
0.0152 0.01508 7.42600 9.8527774811 2.6257105293    9.850  4.339  3.8055  1.267    6  0.000  0.393     0.00     0.00     0.00     0.00     0.00 -1    -1e-30      0.00 6.839e-01 3.007e-01 1.746e-03 2.532e-03 5.918e-03 -1.000 1.536e-02 -6.077 -5.421 -5.737 -6.161 -6.418 -6.645 -6.957 -7.153 -7.192
0.0152 0.01508 7.42600 9.8538703918 2.6257117155    9.851  4.337  3.7939  1.223    6  0.000  0.393     0.00     0.00     0.00     0.00     0.00 -1    -1e-30      0.00 6.839e-01 3.007e-01 1.746e-03 2.532e-03 5.918e-03 -1.000 1.536e-02 -6.072 -5.308 -5.646 -6.137 -6.425 -6.676 -7.016 -7.236 -7.280
0.0152 0.01508 7.42600 9.8546228409 2.6257125321    9.852  4.335  3.7849  1.188    6  0.000  0.393     0.00     0.00     0.00     0.00     0.00 -1    -1e-30      0.00 6.839e-01 3.007e-01 1.746e-03 2.532e-03 5.918e-03 -1.000 1.536e-02 -6.067 -5.201 -5.569 -6.116 -6.431 -6.700 -7.062 -7.301 -7.348
0.0152 0.01508 7.42600 9.8552827835 2.6257132481    9.853  4.333  3.7764  1.156    6  0.000  0.393     0.00     0.00     0.00     0.00     0.00 -1    -1e-30      0.00 6.839e-01 3.007e-01 1.746e-03 2.532e-03 5.918e-03 -1.000 1.536e-02 -6.062 -5.083 -5.487 -6.093 -6.434 -6.723 -7.107 -7.365 -7.415
0.0152 0.01508 7.42600 9.8558626175 2.6257138771    9.853  4.331  3.7679  1.124    6  0.000  0.393     0.00     0.00     0.00     0.00     0.00 -1    -1e-30      0.00 6.839e-01 3.007e-01 1.746e-03 2.532e-03 5.918e-03 -1.000 1.536e-02 -6.058 -4.958 -5.398 -6.063 -6.433 -6.744 -7.152 -7.431 -7.485
0.0152 0.01508 7.42600 9.8563756943 2.6257144337    9.854  4.329  3.7599  1.094    6  0.000  0.393     0.00     0.00     0.00     0.00     0.00 -1    -1e-30      0.00 6.839e-01 3.007e-01 1.746e-03 2.532e-03 5.918e-03 -1.000 1.536e-02 -6.053 -4.842 -5.320 -6.037 -6.431 -6.758 -7.187 -7.486 -7.542
0.0152 0.01508 7.42600 9.8568315506 2.6257149281    9.854  4.327  3.7519  1.064    6  0.000  0.393     0.00     0.00     0.00     0.00     0.00 -1    -1e-30      0.00 6.839e-01 3.007e-01 1.746e-03 2.532e-03 5.918e-03 -1.000 1.536e-02 -6.048 -4.721 -5.245 -6.010 -6.425 -6.767 -7.218 -7.535 -7.594
0.0152 0.01508 7.42600 9.8572425842 2.6257153738    9.855  4.325  3.7441  1.035    6  0.000  0.393     0.00     0.00     0.00     0.00     0.00 -1    -1e-30      0.00 6.839e-01 3.007e-01 1.746e-03 2.532e-03 5.918e-03 -1.000 1.536e-02 -6.042 -4.544 -5.149 -5.978 -6.420 -6.779 -7.255 -7.592 -7.654
0.0152 0.01508 7.42600 9.8576192856 2.6257157823    9.855  4.323  3.7366  1.007    6  0.000  0.393     0.00     0.00     0.00     0.00     0.00 -1    -1e-30      0.00 6.839e-01 3.007e-01 1.746e-03 2.532e-03 5.918e-03 -1.000 1.536e-02 -6.036 -4.376 -5.058 -5.944 -6.412 -6.787 -7.286 -7.644 -7.708
0.0152 0.01508 7.42600 9.8579826355 2.6257161763    9.855  4.320  3.7290  0.980    6  0.000  0.393     0.00     0.00     0.00     0.00     0.00 -1    -1e-30      0.00 6.839e-01 3.007e-01 1.746e-03 2.532e-03 5.918e-03 -1.000 1.536e-02 -6.029 -4.256 -4.983 -5.911 -6.398 -6.787 -7.308 -7.684 -7.749
0.0152 0.01508 7.42600 9.8584575653 2.6257166912    9.856  4.315  3.7193  0.946    6  0.000  0.393     0.00     0.00     0.00     0.00     0.00 -1    -1e-30      0.00 6.839e-01 3.007e-01 1.746e-03 2.532e-03 5.918e-03 -1.000 1.536e-02 -6.018 -4.072 -4.874 -5.859 -6.373 -6.781 -7.334 -7.739 -7.804
0.0152 0.01508 7.42600 9.8588943481 2.6257171647    9.856  4.309  3.7107  0.917    6  0.000  0.393     0.00     0.00     0.00     0.00     0.00 -1    -1e-30      0.00 6.839e-01 3.007e-01 1.746e-03 2.532e-03 5.918e-03 -1.000 1.536e-02 -6.002 -3.898 -4.772 -5.807 -6.344 -6.768 -7.352 -7.781 -7.847
0.0152 0.01508 7.42600 9.8595533371 2.6257178789    9.857  4.300  3.7004  0.886    6  0.000  0.393     0.00     0.00     0.00     0.00     0.00 -1    -1e-30      0.00 6.839e-01 3.007e-01 1.746e-03 2.532e-03 5.918e-03 -1.000 1.536e-02 -5.979 -3.675 -4.642 -5.735 -6.300 -6.744 -7.365 -7.824 -7.893
0.0152 0.01508 7.42600 9.8604269028 2.6257188256    9.858  4.282  3.6870  0.850    6  0.000  0.393     0.00     0.00     0.00     0.00     0.00 -1    -1e-30      0.00 6.839e-01 3.007e-01 1.746e-03 2.532e-03 5.918e-03 -1.000 1.537e-02 -5.936 -3.354 -4.459 -5.625 -6.225 -6.693 -7.366 -7.861 -7.937
0.0152 0.01508 7.42600 9.8612642288 2.6257197329    9.859  4.268  3.6732  0.809    6  0.000  0.393     0.00     0.00     0.00     0.00     0.00 -1    -1e-30      0.00 6.839e-01 3.007e-01 1.746e-03 2.532e-03 5.918e-03 -1.000 1.537e-02 -5.900 -3.077 -4.282 -5.524 -6.154 -6.642 -7.371 -7.891 -7.986
0.0152 0.01508 7.42600 9.8623113632 2.6257208672    9.860  4.270  3.6539  0.729    6  0.000  0.393     0.00     0.00     0.00     0.00     0.00 -1    -1e-30      0.00 6.839e-01 3.007e-01 1.746e-03 2.532e-03 5.918e-03 -1.000 1.537e-02 -5.906 -2.656 -4.054 -5.416 -6.093 -6.615 -7.429 -7.979 -8.106
0.0152 0.01508 7.42600 9.8713235855 2.6257306183    9.869  4.245  3.5898  0.498    6  0.000  0.393     0.00     0.00     0.00     0.00     0.00 -1    -1e-30      0.00 6.839e-01 3.007e-01 1.746e-03 2.532e-03 5.918e-03 -1.000 1.537e-02 -5.843 -0.813 -3.002 -4.681 -5.603 -6.385 -7.493 -8.241 -8.449
0.0152 0.01508 7.42600 9.8769721985 2.6257367196    9.874  4.291  3.5824  0.423    6  0.000  0.393     0.00     0.00     0.00     0.00     0.00 -1    -1e-30      0.00 6.839e-01 3.007e-01 1.746e-03 2.532e-03 5.918e-03 -1.000 1.537e-02 -5.957 -0.724 -2.962 -4.670 -5.632 -6.475 -7.624 -8.392 -8.612
0.0152 0.01508 7.42600 9.8773450851 2.6257371221    9.875  4.298  3.5815  0.413    6  0.000  0.393     0.00     0.00     0.00     0.00     0.00 -1    -1e-30      0.00 6.839e-01 3.007e-01 1.746e-03 2.532e-03 5.918e-03 -1.000 1.537e-02 -5.974 -0.714 -2.958 -4.671 -5.637 -6.489 -7.643 -8.413 -8.635
0.0152 0.01508 7.42600 9.8775215149 2.6257373125    9.875  4.303  3.5809  0.405    6  0.000  0.393     0.00     0.00     0.00     0.00     0.00 -1    -1e-30      0.00 6.839e-01 3.007e-01 1.746e-03 2.532e-03 5.918e-03 -1.000 1.537e-02 -5.987 -0.708 -2.957 -4.673 -5.643 -6.500 -7.657 -8.429 -8.651
0.0152 0.01508 7.42600 9.8794517517 2.6257393953    9.877  4.336  3.5768  0.356    7  0.000  0.393   152.97    80.48    53.59    39.29    32.60  4    -1e-30      0.00 6.839e-01 3.007e-01 1.746e-03 2.532e-03 5.918e-03 -1.000 1.537e-02 -6.069 -0.680 -2.943 -4.670 -5.665 -6.567 -7.750 -8.532 -8.761
0.0152 0.01508 7.42600 9.8802185059 2.6257402224    9.878  4.351  3.5749  0.334    7  0.000  0.393   161.03    83.77    55.68    40.85    33.90  4    -1e-30      0.00 6.839e-01 3.007e-01 1.745e-03 2.532e-03 5.918e-03 -1.000 1.537e-02 -6.106 -0.669 -2.936 -4.668 -5.674 -6.597 -7.792 -8.579 -8.810
0.0152 0.01508 7.42600 9.8808002472 2.6257408499    9.878  4.365  3.5732  0.313    7  0.000  0.393   168.97    86.97    57.71    42.36    35.16  4    -1e-30      0.00 6.839e-01 3.007e-01 1.745e-03 2.532e-03 5.918e-03 -1.000 1.537e-02 -6.142 -0.661 -2.931 -4.667 -5.684 -6.626 -7.832 -8.622 -8.857
0.0152 0.01508 7.42600 9.8816347122 2.6257417497    9.879  4.408  3.5684  0.251    7  0.000  0.392   195.21    97.35    64.27    47.25    39.23  4    -1e-30      0.00 6.839e-01 3.007e-01 1.740e-03 2.535e-03 5.918e-03 -1.000 1.537e-02 -6.249 -0.643 -2.916 -4.661 -5.711 -6.713 -7.952 -8.754 -8.996
0.0152 0.01508 7.42600 9.8827219009 2.6257429219    9.880  4.453  3.5634  0.186    7  0.000  0.387   226.98   109.51    71.92    52.97    43.99  3    -1e-30      0.00 6.839e-01 3.007e-01 1.720e-03 2.557e-03 5.918e-03 -1.000 1.537e-02 -6.362 -0.634 -2.889 -4.638 -5.727 -6.802 -8.079 -8.892 -9.142
0.0152 0.01508 7.42600 9.8840026855 2.6257443023    9.881  4.494  3.5588  0.126    7  0.000  0.383   260.84   122.06    79.77    58.84    48.88  3    -1e-30      0.00 6.839e-01 3.007e-01 1.701e-03 2.581e-03 5.917e-03 -1.000 1.537e-02 -6.466 -0.626 -2.860 -4.609 -5.735 -6.881 -8.196 -9.019 -9.277
0.0152 0.01508 7.42600 9.8855323792 2.6257459505    9.883  4.535  3.5542  0.066    7  0.000  0.380   299.22   135.86    88.36    65.28    54.24  3    -1e-30      0.00 6.839e-01 3.007e-01 1.688e-03 2.599e-03 5.916e-03 -1.000 1.536e-02 -6.568 -0.621 -2.816 -4.556 -5.728 -6.953 -8.313 -9.144 -9.410
0.0152 0.01508 7.42600 9.8870983124 2.6257476372    9.885  4.572  3.5501  0.014    7  0.000  0.378   327.86   149.43    96.77    71.60    59.50  3    -1e-30      0.00 6.839e-01 3.008e-01 1.678e-03 2.616e-03 5.910e-03 -1.000 1.532e-02 -6.659 -0.616 -2.775 -4.506 -5.719 -7.017 -8.416 -9.255 -9.528
0.0152 0.01508 7.42600 9.8887300491 2.6257493940    9.886  4.605  3.5462 -0.035    7  0.000  0.377   353.24   163.29   105.33    78.03    64.86  3    -1e-30      0.00 6.837e-01 3.009e-01 1.669e-03 2.638e-03 5.897e-03 -1.000 1.531e-02 -6.743 -0.612 -2.711 -4.426 -5.691 -7.065 -8.512 -9.359 -9.638
0.0152 0.01508 7.42600 9.8901338577 2.6257509050    9.888  4.631  3.5431 -0.074    7  0.000  0.377   374.46   175.02   112.55    83.46    69.39  3    -1e-30      0.00 6.835e-01 3.012e-01 1.666e-03 2.652e-03 5.887e-03 -1.000 1.535e-02 -6.808 -0.609 -2.658 -4.360 -5.667 -7.101 -8.588 -9.439 -9.724
0.0152 0.01508 7.42600 9.8928833008 2.6257538628    9.890  4.679  3.5377 -0.143    7  0.000  0.377   416.02   198.37   126.84    94.23    78.37  0    -1e-30      0.00 6.828e-01 3.019e-01 1.661e-03 2.673e-03 5.869e-03 -1.000 1.534e-02 -6.927 -0.605 -2.552 -4.226 -5.616 -7.159 -8.725 -9.585 -9.880
0.0152 0.01508 7.42600 9.8991909027 2.6257606413    9.897  4.725  3.5328 -0.208    7  0.000  0.377   459.36   223.18   141.96   105.64    87.89  0    -1e-30      0.00 6.799e-01 3.047e-01 1.652e-03 2.710e-03 5.839e-03 -1.000 1.535e-02 -7.042 -0.607 -2.444 -4.090 -5.565 -7.207 -8.857 -9.723 -10.028
0.0152 0.01508 7.42600 9.9070377350 2.6257690601    9.905  4.756  3.5295 -0.252    7  0.000  0.377   491.47   241.86   153.28   114.20    95.03  0    -1e-30      0.00 6.761e-01 3.086e-01 1.643e-03 2.751e-03 5.805e-03 -1.000 1.536e-02 -7.121 -0.611 -2.369 -3.994 -5.530 -7.238 -8.948 -9.818 -10.129
0.0152 0.01508 7.42600 9.9196300507 2.6257825382    9.917  4.789  3.5259 -0.299    7  0.000  0.377   527.99   263.36   166.28   124.04   103.23  0    -1e-30      0.00 6.716e-01 3.131e-01 1.633e-03 2.797e-03 5.768e-03 -1.000 1.533e-02 -7.203 -0.610 -2.254 -3.853 -5.470 -7.243 -9.043 -9.917 -10.236
0.0152 0.01508 7.42600 9.9366292953 2.6258006710    9.934  4.791  3.5261 -0.300    7  0.000  0.377   528.56   263.67   166.47   124.18   103.35  0    -1e-30      0.00 6.683e-01 3.164e-01 1.625e-03 2.830e-03 5.741e-03 -1.000 1.532e-02 -7.208 -0.617 -2.270 -3.871 -5.483 -7.253 -9.048 -9.921 -10.240
0.0152 0.01508 7.42600 9.9398021698 2.6258040475    9.937  4.788  3.5266 -0.295    7  0.000  0.377   524.61   261.33   165.05   123.10   102.45  0    -1e-30      0.00 6.678e-01 3.169e-01 1.624e-03 2.834e-03 5.737e-03 -1.000 1.533e-02 -7.201 -0.619 -2.286 -3.891 -5.494 -7.255 -9.039 -9.912 -10.229
0.0152 0.01508 7.42600 9.9404726028 2.6258047607    9.938  4.787  3.5267 -0.293    7  0.000  0.377   523.51   260.67   164.66   122.80   102.20  0    -1e-30      0.00 6.677e-01 3.170e-01 1.624e-03 2.835e-03 5.736e-03 -1.000 1.533e-02 -7.198 -0.620 -2.291 -3.896 -5.496 -7.255 -9.036 -9.909 -10.226
# Zini     MH   logAge Mini        int_IMF         Mass   logL    logTe  logg  label   McoreTP C_O  period0  period1  period2  period3  period4  pmode  Mloss  tau1m   X   Y   Xc  Xn  Xo  Cexcess  Z 	 mbolmag  Umag    Bmag    Vmag    Rmag    Imag    Jmag    Hmag    Kmag
0.0152 0.01508 7.47600 0.0900000036 1.0816895926    0.090 -2.387  3.4032  4.344    0  0.000  0.545     0.00     0.00     0.00     0.00     0.00 -1 -1.17e-15      0.00 7.092e-01 2.755e-01 2.746e-03 7.408e-04 6.719e-03 -1.000 1.527e-02 10.737 18.540 16.797 15.230 13.307 11.165 8.670 8.082 7.715
0.0152 0.01508 7.47600 0.0919576362 1.1001820058    0.092 -2.373  3.4048  4.346    0  0.000  0.545     0.00     0.00     0.00     0.00     0.00 -1  -1.2e-15      0.00 7.092e-01 2.755e-01 2.746e-03 7.408e-04 6.719e-03 -1.000 1.527e-02 10.702 18.509 16.764 15.197 13.273 11.131 8.636 8.048 7.680
0.0152 0.01508 7.47600 0.1000000015 1.1711064122    0.100 -2.315  3.4112  4.350    0  0.000  0.545     0.00     0.00     0.00     0.00     0.00 -1  -1.3e-15      0.00 7.092e-01 2.755e-01 2.746e-03 7.408e-04 6.719e-03 -1.000 1.527e-02 10.558 18.371 16.622 15.054 13.129 10.986 8.491 7.903 7.536
0.0152 0.01508 7.47600 0.1052175388 1.2132688202    0.105 -2.282  3.4149  4.353    0  0.000  0.545     0.00     0.00     0.00     0.00     0.00 -1 -1.36e-15      0.00 7.092e-01 2.755e-01 2.746e-03 7.408e-04 6.719e-03 -1.000 1.527e-02 10.475 18.294 16.542 14.972 13.046 10.903 8.408 7.820 7.453
0.0152 0.01508 7.47600 0.1200000122 1.3193155232    0.120 -2.192  3.4248  4.360    0  0.000  0.545     0.00     0.00     0.00     0.00     0.00 -1 -1.56e-15      0.00 7.092e-01 2.755e-01 2.746e-03 7.408e-04 6.719e-03 -1.000 1.527e-02 10.251 17.755 16.070 14.509 12.658 10.574 8.199 7.608 7.247
0.0152 0.01508 7.47600 0.1385738701 1.4307091027    0.138 -2.095  3.4356  4.369    0  0.000  0.545     0.00     0.00     0.00     0.00     0.00 -1  -1.8e-15      0.00 7.092e-01 2.755e-01 2.746e-03 7.408e-04 6.719e-03 -1.000 1.527e-02 10.007 17.068 15.476 13.936 12.190 10.187 7.977 7.383 7.032
0.0152 0.01508 7.47600 0.1400000006 1.4384526719    0.140 -2.088  3.4364  4.369    0  0.000  0.545     0.00     0.00     0.00     0.00     0.00 -1 -1.82e-15      0.00 7.092e-01 2.755e-01 2.746e-03 7.408e-04 6.719e-03 -1.000 1.527e-02 9.989 17.021 15.434 13.896 12.157 10.160 7.961 7.367 7.016
0.0152 0.01508 7.47600 0.1616552621 1.5447484415    0.162 -1.993  3.4471  4.380    0  0.000  0.545     0.00     0.00     0.00     0.00     0.00 -1 -2.07e-15      0.00 7.092e-01 2.755e-01 2.746e-03 7.408e-04 6.719e-03 -1.000 1.527e-02 9.754 16.394 14.881 13.367 11.722 9.800 7.745 7.149 6.809
0.0152 0.01508 7.47600 0.1958871782 1.6797368065    0.196 -1.867  3.4607  4.392    0  0.000  0.545     0.00     0.00     0.00     0.00     0.00 -1 -2.49e-15      0.00 7.092e-01 2.755e-01 2.746e-03 7.408e-04 6.719e-03 -1.000 1.527e-02 9.438 15.614 14.182 12.686 11.156 9.341 7.459 6.857 6.532
0.0152 0.01508 7.47600 0.2193056494 1.7555460230    0.219 -1.794  3.4684  4.399    0  0.000  0.545     0.00     0.00     0.00     0.00     0.00 -1 -2.75e-15      0.00 7.092e-01 2.755e-01 2.746e-03 7.408e-04 6.719e-03 -1.000 1.527e-02 9.256 15.202 13.807 12.324 10.851 9.092 7.292 6.686 6.371
0.0152 0.01508 7.47600 0.2358356267 1.8029884102    0.236 -1.748  3.4733  4.404    0  0.000  0.545     0.00     0.00     0.00     0.00     0.00 -1 -2.92e-15      0.00 7.092e-01 2.755e-01 2.746e-03 7.408e-04 6.719e-03 -1.000 1.527e-02 9.140 14.946 13.571 12.095 10.658 8.935 7.186 6.578 6.269
0.0152 0.01508 7.47600 0.2384179384 1.8100094269    0.238 -1.741  3.4741  4.405    0  0.000  0.545     0.00     0.00     0.00     0.00     0.00 -1 -2.95e-15      0.00 7.092e-01 2.755e-01 2.746e-03 7.408e-04 6.719e-03 -1.000 1.527e-02 9.123 14.909 13.536 12.061 10.629 8.912 7.171 6.563 6.255
0.0152 0.01508 7.47600 0.2500000000 1.8403257998    0.250 -1.709  3.4773  4.406    0  0.000  0.545     0.00     0.00     0.00     0.00     0.00 -1  -3.1e-15      0.00 7.092e-01 2.755e-01 2.746e-03 7.408e-04 6.719e-03 -1.000 1.527e-02 9.043 14.739 13.379 11.909 10.499 8.807 7.098 6.488 6.184
0.0152 0.01508 7.47600 0.2718985379 1.8929436718    0.272 -1.656  3.4828  4.411    0  0.000  0.545     0.00     0.00     0.00     0.00     0.00 -1 -3.36e-15      0.00 7.092e-01 2.755e-01 2.746e-03 7.408e-04 6.719e-03 -1.000 1.527e-02 8.909 14.458 13.116 11.648 10.276 8.631 6.977 6.363 6.066
0.0152 0.01508 7.47600 0.3000000119 1.9529139769    0.300 -1.592  3.4895  4.417    0  0.000  0.545     0.00     0.00     0.00     0.00     0.00 -1 -3.67e-15      0.00 7.092e-01 2.755e-01 2.746e-03 7.408e-04 6.719e-03 -1.000 1.527e-02 8.750 14.129 12.804 11.336 10.006 8.423 6.836 6.217 5.928
0.0152 0.01508 7.47600 0.3271121681 2.0042259652    0.327 -1.538  3.4950  4.423    0  0.000  0.545     0.00     0.00     0.00     0.00     0.00 -1 -3.95e-15      0.00 7.092e-01 2.755e-01 2.746e-03 7.408e-04 6.719e-03 -1.000 1.527e-02 8.616 13.876 12.562 11.103 9.805 8.257 6.714 6.090 5.808
0.0152 0.01508 7.47600 0.3500000238 2.0434175133    0.350 -1.497  3.4993  4.428    0  0.000  0.545     0.00     0.00     0.00     0.00     0.00 -1 -4.18e-15      0.00 7.092e-01 2.755e-01 2.746e-03 7.408e-04 6.719e-03 -1.000 1.527e-02 8.512 13.677 12.372 10.922 9.648 8.128 6.619 5.992 5.715
0.0152 0.01508 7.47600 0.4000000358 2.1185024810    0.400 -1.411  3.5081  4.435    0  0.000  0.545     0.00     0.00     0.00     0.00     0.00 -1 -4.73e-15      0.00 7.092e-01 2.755e-01 2.746e-03 7.408e-04 6.719e-03 -1.000 1.527e-02 8.297 13.291 11.998 10.564 9.336 7.869 6.424 5.788 5.521
0.0152 0.01508 7.47600 0.4252510965 2.1519311505    0.425 -1.370  3.5126  4.438    0  0.000  0.545     0.00     0.00     0.00     0.00     0.00 -1 -5.03e-15      0.00 7.092e-01 2.755e-01 2.746e-03 7.408e-04 6.719e-03 -1.000 1.527e-02 8.194 13.107 11.817 10.390 9.184 7.745 6.331 5.690 5.429
0.0152 0.01508 7.47600 0.4500000477 2.1822809714    0.450 -1.332  3.5167  4.442    0  0.000  0.545     0.00     0.00     0.00     0.00     0.00 -1  -5.3e-15      0.00 7.092e-01 2.755e-01 2.746e-03 7.408e-04 6.719e-03 -1.000 1.527e-02 8.100 12.944 11.655 10.233 9.046 7.633 6.248 5.602 5.345
0.0152 0.01508 7.47600 0.4597130716 2.1936050287    0.460 -1.317  3.5185  4.444    0  0.000  0.545     0.00     0.00     0.00     0.00     0.00 -1 -5.42e-15      0.00 7.092e-01 2.755e-01 2.746e-03 7.408e-04 6.719e-03 -1.000 1.527e-02 8.064 12.877 11.589 10.169 8.990 7.589 6.215 5.568 5.312
0.0152 0.01508 7.47600 0.5000000000 2.2374541529    0.500 -1.259  3.5252  4.449    0  0.000  0.545     0.00     0.00     0.00     0.00     0.00 -1 -5.91e-15      0.00 7.092e-01 2.755e-01 2.746e-03 7.408e-04 6.719e-03 -1.000 1.527e-02 7.917 12.627 11.337 9.924 8.774 7.416 6.086 5.432 5.182
0.0152 0.01508 7.47600 0.5225855708 2.2595845203    0.522 -1.226  3.5293  4.451    0  0.000  0.545     0.00     0.00     0.00     0.00     0.00 -1 -6.22e-15      0.00 7.092e-01 2.755e-01 2.746e-03 7.408e-04 6.719e-03 -1.000 1.527e-02 7.835 12.483 11.191 9.782 8.649 7.318 6.014 5.355 5.109
0.0152 0.01508 7.47600 0.5500000119 2.2836582633    0.550 -1.185  3.5340  4.451    0  0.000  0.545     0.00     0.00     0.00     0.00     0.00 -1 -6.67e-15      0.00 7.092e-01 2.755e-01 2.746e-03 7.408e-04 6.719e-03 -1.000 1.527e-02 7.731 12.316 11.019 9.615 8.501 7.199 5.922 5.259 5.017
0.0152 0.01508 7.47600 0.5767723918 2.3046463409    0.576 -1.145  3.5392  4.452    0  0.000  0.545     0.00     0.00     0.00     0.00     0.00 -1 -7.13e-15      0.00 7.092e-01 2.755e-01 2.746e-03 7.408e-04 6.719e-03 -1.000 1.527e-02 7.632 12.145 10.843 9.445 8.352 7.081 5.836 5.167 4.930
0.0152 0.01508 7.47600 0.6000000238 2.3211213258    0.600 -1.107  3.5439  4.450    0  0.000  0.545     0.00     0.00     0.00     0.00     0.00 -1 -7.64e-15      0.00 7.092e-01 2.755e-01 2.746e-03 7.408e-04 6.719e-03 -1.000 1.527e-02 7.536 11.993 10.683 9.289 8.213 6.972 5.753 5.080 4.847
0.0152 0.01508 7.47600 0.6131233573 2.3297974493    0.613 -1.087  3.5470  4.453    0  0.000  0.545     0.00     0.00     0.00     0.00     0.00 -1 -7.89e-15      0.00 7.092e-01 2.755e-01 2.746e-03 7.408e-04 6.719e-03 -1.000 1.527e-02 7.488 11.907 10.592 9.200 8.134 6.915 5.712 5.037 4.806
0.0152 0.01508 7.47600 0.6499999762 2.3520353107    0.650 -1.019  3.5569  4.449    0  0.000  0.545     0.00     0.00     0.00     0.00     0.00 -1 -8.99e-15      0.00 7.092e-01 2.755e-01 2.746e-03 7.408e-04 6.719e-03 -1.000 1.527e-02 7.317 11.624 10.289 8.901 7.869 6.718 5.568 4.883 4.663
0.0152 0.01508 7.47600 0.6838370562 2.3700326740    0.684 -0.955  3.5681  4.452    0  0.000  0.545     0.00     0.00     0.00     0.00     0.00 -1 -1.01e-14      0.00 7.092e-01 2.755e-01 2.746e-03 7.408e-04 6.719e-03 -1.000 1.527e-02 7.157 11.347 9.986 8.600 7.601 6.532 5.440 4.745 4.537
0.0152 0.01508 7.47600 0.6927435994 2.3744350493    0.693 -0.937  3.5713  4.453    0  0.000  0.545     0.00     0.00     0.00     0.00     0.00 -1 -1.04e-14      0.00 7.092e-01 2.755e-01 2.746e-03 7.408e-04 6.719e-03 -1.000 1.527e-02 7.113 11.271 9.902 8.517 7.526 6.481 5.405 4.707 4.502
0.0152 0.01508 7.47600 0.7000000477 2.3779267258    0.700 -0.920  3.5743  4.452    0  0.000  0.545     0.00     0.00     0.00     0.00     0.00 -1 -1.08e-14      0.00 7.092e-01 2.755e-01 2.746e-03 7.408e-04 6.719e-03 -1.000 1.527e-02 7.069 11.198 9.822 8.439 7.456 6.432 5.369 4.669 4.468
0.0152 0.01508 7.47600 0.7352050543 2.3937476436    0.735 -0.783  3.6198  4.519    0  0.000  0.540     0.00     0.00     0.00     0.00     0.00 -1 -1.33e-14      0.00 7.092e-01 2.755e-01 2.720e-03 7.401e-04 6.720e-03 -1.000 1.527e-02 6.729 10.397 8.942 7.646 6.771 6.033 5.139 4.433 4.298
0.0152 0.01508 7.47600 0.7500000000 2.3998889087    0.750 -0.726  3.6382  4.544    0  0.000  0.538     0.00     0.00     0.00     0.00     0.00 -1 -1.46e-14      0.00 7.092e-01 2.755e-01 2.709e-03 7.398e-04 6.720e-03 -1.000 1.527e-02 6.585 9.976 8.552 7.332 6.511 5.877 5.042 4.357 4.248
0.0152 0.01508 7.47600 0.7910590768 2.4155569122    0.791 -0.623  3.6528  4.523    0  0.000  0.538     0.00     0.00     0.00     0.00     0.00 -1 -1.84e-14      0.00 7.092e-01 2.755e-01 2.709e-03 7.398e-04 6.720e-03 -1.000 1.527e-02 6.328 9.409 8.095 6.944 6.174 5.610 4.827 4.176 4.081
0.0152 0.01508 7.47600 0.8000000119 2.4187244405    0.800 -0.598  3.6567  4.518    0  0.000  0.538     0.00     0.00     0.00     0.00     0.00 -1 -1.95e-14      0.00 7.092e-01 2.755e-01 2.709e-03 7.398e-04 6.720e-03 -1.000 1.527e-02 6.266 9.253 7.981 6.850 6.095 5.545 4.776 4.139 4.046
0.0152 0.01508 7.47600 0.8050994277 2.4204948356    0.805 -0.584  3.6590  4.516    0  0.000  0.538     0.00     0.00     0.00     0.00     0.00 -1 -2.01e-14      0.00 7.092e-01 2.755e-01 2.709e-03 7.398e-04 6.720e-03 -1.000 1.527e-02 6.231 9.161 7.914 6.794 6.048 5.508 4.748 4.118 4.026
0.0152 0.01508 7.47600 0.8350735307 2.4304004685    0.835 -0.493  3.6744  4.502    0  0.000  0.538     0.00     0.00     0.00     0.00     0.00 -1 -2.47e-14      0.00 7.092e-01 2.755e-01 2.709e-03 7.398e-04 6.720e-03 -1.000 1.527e-02 6.003 8.570 7.491 6.448 5.765 5.270 4.567 3.987 3.905
0.0152 0.01508 7.47600 0.8500000238 2.4350346840    0.850 -0.446  3.6828  4.496    0  0.000  0.538     0.00     0.00     0.00     0.00     0.00 -1 -2.75e-14      0.00 7.092e-01 2.755e-01 2.709e-03 7.398e-04 6.720e-03 -1.000 1.527e-02 5.884 8.259 7.273 6.270 5.620 5.147 4.474 3.923 3.844
0.0152 0.01508 7.47600 0.8678159118 2.4403266743    0.867 -0.388  3.6932  4.488    0  0.000  0.538     0.00     0.00     0.00     0.00     0.00 -1 -3.14e-14      0.00 7.092e-01 2.755e-01 2.709e-03 7.398e-04 6.719e-03 -1.000 1.527e-02 5.739 7.903 7.020 6.063 5.451 5.001 4.362 3.842 3.768
0.0152 0.01508 7.47600 0.8906955123 2.4467669760    0.890 -0.312  3.7068  4.478    0  0.000  0.538     0.00     0.00     0.00     0.00     0.00 -1 -3.73e-14      0.00 7.092e-01 2.755e-01 2.709e-03 7.398e-04 6.719e-03 -1.000 1.527e-02 5.550 7.441 6.701 5.800 5.236 4.813 4.220 3.741 3.673
0.0152 0.01508 7.47600 0.9000000358 2.4492786175    0.899 -0.281  3.7124  4.474    0  0.000  0.538     0.00     0.00     0.00     0.00     0.00 -1 -4.01e-14      0.00 7.092e-01 2.755e-01 2.709e-03 7.398e-04 6.719e-03 -1.000 1.527e-02 5.472 7.258 6.574 5.696 5.150 4.737 4.163 3.700 3.634
0.0152 0.01508 7.47600 0.9042412639 2.4504037813    0.904 -0.266  3.7150  4.472    0  0.000  0.538     0.00     0.00     0.00     0.00     0.00 -1 -4.14e-14      0.00 7.092e-01 2.755e-01 2.709e-03 7.398e-04 6.719e-03 -1.000 1.527e-02 5.436 7.175 6.517 5.649 5.111 4.702 4.136 3.680 3.616
0.0152 0.01508 7.47600 0.9264267087 2.4560968380    0.926 -0.193  3.7280  4.461    0  0.000  0.538     0.00     0.00     0.00     0.00     0.00 -1 -4.91e-14      0.00 7.092e-01 2.755e-01 2.709e-03 7.398e-04 6.719e-03 -1.000 1.527e-02 5.252 6.762 6.230 5.412 4.912 4.525 4.000 3.580 3.520
0.0152 0.01508 7.47600 0.9500000477 2.4618122009    0.950 -0.117  3.7415  4.451    0  0.000  0.538     0.00     0.00     0.00     0.00     0.00 -1 -5.84e-14      0.00 7.092e-01 2.755e-01 2.709e-03 7.398e-04 6.719e-03 -1.000 1.527e-02 5.063 6.352 5.941 5.177 4.714 4.350 3.867 3.480 3.427
0.0152 0.01508 7.47600 0.9513881207 2.4621385996    0.951 -0.113  3.7422  4.450    0  0.000  0.538     0.00     0.00     0.00     0.00     0.00 -1 -5.91e-14      0.00 7.092e-01 2.755e-01 2.709e-03 7.398e-04 6.719e-03 -1.000 1.527e-02 5.052 6.327 5.924 5.163 4.703 4.340 3.859 3.474 3.421
0.0152 0.01508 7.47600 0.9600629807 2.4641538878    0.960 -0.087  3.7468  4.446    0  0.000  0.538     0.00     0.00     0.00     0.00     0.00 -1 -6.28e-14      0.00 7.092e-01 2.755e-01 2.709e-03 7.398e-04 6.719e-03 -1.000 1.527e-02 4.987 6.184 5.828 5.086 4.638 4.282 3.814 3.440 3.390
0.0152 0.01508 7.47600 0.9854703546 2.4698223237    0.985 -0.034  3.7569  4.446    0  0.000  0.538     0.00     0.00     0.00     0.00     0.00 -1 -7.02e-14      0.00 7.092e-01 2.755e-01 2.709e-03 7.398e-04 6.719e-03 -1.000 1.527e-02 4.856 5.891 5.629 4.928 4.508 4.168 3.728 3.377 3.331
0.0152 0.01508 7.47600 1.0000000000 2.4729154477    1.000 -0.015  3.7611  4.450    0  0.000  0.538     0.00     0.00     0.00     0.00     0.00 -1 -7.27e-14      0.00 7.092e-01 2.755e-01 2.709e-03 7.398e-04 6.719e-03 -1.000 1.527e-02 4.808 5.782 5.555 4.871 4.462 4.128 3.699 3.358 3.314
0.0152 0.01508 7.47600 1.0327163935 2.4795152337    1.032  0.024  3.7705  4.462    0  0.000  0.538     0.00     0.00     0.00     0.00     0.00 -1 -7.39e-14      0.00 7.092e-01 2.755e-01 2.709e-03 7.397e-04 6.719e-03 -1.000 1.526e-02 4.710 5.555 5.400 4.755 4.369 4.050 3.647 3.326 3.286
0.0152 0.01508 7.47600 1.0499999523 2.4828114860    1.050  0.034  3.7740  4.473    0  0.000  0.538     0.00     0.00     0.00     0.00     0.00 -1 -7.22e-14      0.00 7.093e-01 2.755e-01 2.709e-03 7.397e-04 6.718e-03 -1.000 1.524e-02 4.685 5.486 5.354 4.724 4.346 4.033 3.639 3.325 3.287
0.0152 0.01508 7.47600 1.0562057495 2.4839648045    1.056  0.037  3.7751  4.477    0  0.000  0.538     0.00     0.00     0.00     0.00     0.00 -1 -7.15e-14      0.00 7.093e-01 2.755e-01 2.709e-03 7.397e-04 6.718e-03 -1.000 1.524e-02 4.676 5.462 5.338 4.714 4.339 4.028 3.637 3.325 3.288
0.0152 0.01508 7.47600 1.0856083632 2.4892236464    1.085  0.059  3.7789  4.482    0  0.000  0.538     0.00     0.00     0.00     0.00     0.00 -1 -7.02e-14      0.00 7.093e-01 2.754e-01 2.709e-03 7.396e-04 6.718e-03 -1.000 1.526e-02 4.624 5.362 5.263 4.655 4.289 3.984 3.602 3.299 3.264
0.0152 0.01508 7.47600 1.1000000238 2.4916801480    1.099  0.074  3.7809  4.481    0  0.000  0.538     0.00     0.00     0.00     0.00     0.00 -1 -7.06e-14      0.00 7.093e-01 2.754e-01 2.709e-03 7.396e-04 6.718e-03 -1.000 1.527e-02 4.586 5.299 5.214 4.614 4.253 3.951 3.575 3.276 3.242
0.0152 0.01508 7.47600 1.1313705444 2.4967865397    1.131  0.108  3.7849  4.475    0  0.000  0.538     0.00     0.00     0.00     0.00     0.00 -1 -7.16e-14      0.00 7.093e-01 2.754e-01 2.708e-03 7.395e-04 6.717e-03 -1.000 1.527e-02 4.501 5.172 5.107 4.525 4.173 3.877 3.510 3.219 3.186
0.0152 0.01508 7.47600 1.1499999762 2.4996678137    1.149  0.143  3.7886  4.462    0  0.000  0.538     0.00     0.00     0.00     0.00     0.00 -1 -7.56e-14      0.00 7.093e-01 2.754e-01 2.708e-03 7.395e-04 6.717e-03 -1.000 1.527e-02 4.412 5.044 4.998 4.432 4.088 3.799 3.441 3.157 3.126
0.0152 0.01508 7.47600 1.1655237675 2.5019880273    1.165  0.171  3.7914  4.451    0  0.000  0.538     0.00     0.00     0.00     0.00     0.00 -1 -7.85e-14      0.00 7.093e-01 2.754e-01 2.708e-03 7.395e-04 6.716e-03 -1.000 1.527e-02 4.344 4.948 4.915 4.360 4.023 3.738 3.387 3.108 3.078
0.0152 0.01508 7.47600 1.2000000477 2.5068948796    1.200  0.229  3.7975  4.430    0  0.000  0.538     0.00     0.00     0.00     0.00     0.00 -1  -8.5e-14      0.00 7.094e-01 2.754e-01 2.708e-03 7.394e-04 6.716e-03 -1.000 1.527e-02 4.198 4.745 4.737 4.209 3.885 3.609 3.273 3.006 2.979
0.0152 0.01508 7.47600 1.2220963240 2.5098728699    1.222  0.269  3.8016  4.414    0  0.000  0.538     0.00     0.00     0.00     0.00     0.00 -1 -8.95e-14      0.00 7.094e-01 2.753e-01 2.708e-03 7.394e-04 6.715e-03 -1.000 1.527e-02 4.097 4.608 4.615 4.104 3.790 3.521 3.194 2.935 2.909
0.0152 0.01508 7.47600 1.2500000000 2.5134610955    1.250  0.320  3.8069  4.394    0  0.000  0.538     0.00     0.00     0.00     0.00     0.00 -1 -9.57e-14      0.00 7.094e-01 2.753e-01 2.708e-03 7.393e-04 6.715e-03 -1.000 1.527e-02 3.970 4.439 4.462 3.973 3.671 3.410 3.095 2.847 2.823
0.0152 0.01508 7.47600 1.2807608843 2.5172091090    1.281  0.376  3.8133  4.375    0  0.000  0.538     0.00     0.00     0.00     0.00     0.00 -1 -1.02e-13      0.00 7.094e-01 2.753e-01 2.708e-03 7.393e-04 6.715e-03 -1.000 1.527e-02 3.830 4.255 4.292 3.829 3.540 3.289 2.989 2.753 2.732
0.0152 0.01508 7.47600 1.2999999523 2.5194498592    1.300  0.409  3.8173  4.364    0  0.000  0.538     0.00     0.00     0.00     0.00     0.00 -1 -1.06e-13      0.00 7.094e-01 2.753e-01 2.707e-03 7.393e-04 6.715e-03 -1.000 1.527e-02 3.747 4.151 4.191 3.743 3.462 3.217 2.927 2.699 2.678
0.0152 0.01508 7.47600 1.3500001431 2.5249313723    1.350  0.494  3.8281  4.339    0  0.000  0.538     0.00     0.00     0.00     0.00     0.00 -1 -1.14e-13      0.00 7.095e-01 2.753e-01 2.707e-03 7.393e-04 6.715e-03 -1.000 1.524e-02 3.534 3.886 3.933 3.523 3.262 3.036 2.770 2.564 2.545
0.0152 0.01508 7.47600 1.3940793276 2.5293906208    1.394  0.566  3.8395  4.326    0  0.000  0.538     0.00     0.00     0.00     0.00     0.00 -1 -1.18e-13      0.00 7.095e-01 2.753e-01 2.707e-03 7.392e-04 6.714e-03 -1.000 1.521e-02 3.355 3.665 3.711 3.336 3.098 2.890 2.651 2.467 2.450
0.0152 0.01508 7.47600 1.4000000954 2.5299650415    1.400  0.575  3.8406  4.324    0  0.000  0.538     0.00     0.00     0.00     0.00     0.00 -1 -1.18e-13      0.00 7.095e-01 2.753e-01 2.707e-03 7.392e-04 6.714e-03 -1.000 1.521e-02 3.333 3.640 3.685 3.314 3.078 2.873 2.636 2.454 2.437
0.0152 0.01508 7.47600 1.4500000477 2.5346015836    1.450  0.642  3.8515  4.315    0  0.000  0.538     0.00     0.00     0.00     0.00     0.00 -1 -1.14e-13      0.00 7.095e-01 2.753e-01 2.707e-03 7.392e-04 6.714e-03 -1.000 1.527e-02 3.165 3.441 3.479 3.140 2.925 2.738 2.525 2.365 2.349
0.0152 0.01508 7.47600 1.5000000000 2.5388844597    1.500  0.707  3.8636  4.314    0  0.000  0.538     0.00     0.00     0.00     0.00     0.00 -1 -1.05e-13      0.00 7.095e-01 2.752e-01 2.707e-03 7.392e-04 6.714e-03 -1.000 1.527e-02 3.002 3.252 3.278 2.973 2.782 2.616 2.430 2.291 2.277
0.0152 0.01508 7.47600 1.5499999523 2.5428511323    1.550  0.769  3.8769  4.319    0  0.000  0.538     0.00     0.00     0.00     0.00     0.00 -1 -8.85e-14      0.00 7.095e-01 2.752e-01 2.707e-03 7.391e-04 6.713e-03 -1.000 1.527e-02 2.847 3.074 3.085 2.814 2.649 2.508 2.349 2.234 2.221
0.0152 0.01508 7.47600 1.6000000238 2.5465340628    1.600  0.830  3.8902  4.325    0  0.000  0.538     0.00     0.00     0.00     0.00     0.00 -1 -6.64e-14      0.00 7.096e-01 2.752e-01 2.707e-03 7.391e-04 6.712e-03 -1.000 1.526e-02 2.695 2.905 2.899 2.662 2.523 2.405 2.273 2.181 2.170
0.0152 0.01508 7.47600 1.6500000954 2.5499614852    1.649  0.887  3.9027  4.331    0  0.000  0.538     0.00     0.00     0.00     0.00     0.00 -1  -3.7e-14      0.00 7.096e-01 2.751e-01 2.707e-03 7.390e-04 6.712e-03 -1.000 1.526e-02 2.553 2.749 2.728 2.523 2.409 2.314 2.205 2.133 2.122
0.0152 0.01508 7.47600 1.7000000477 2.5531580802    1.699  0.943  3.9147  4.336    0  0.000  0.538     0.00     0.00     0.00     0.00     0.00 -1    -1e-30      0.00 7.096e-01 2.751e-01 2.706e-03 7.390e-04 6.712e-03 -1.000 1.526e-02 2.414 2.600 2.566 2.393 2.301 2.226 2.140 2.084 2.074
0.0152 0.01508 7.47600 1.7500000000 2.5561455243    1.749  0.996  3.9260  4.341    0  0.000  0.538     0.00     0.00     0.00     0.00     0.00 -1    -1e-30      0.00 7.096e-01 2.751e-01 2.706e-03 7.389e-04 6.712e-03 -1.000 1.526e-02 2.280 2.456 2.415 2.272 2.202 2.145 2.077 2.035 2.027
0.0152 0.01508 7.47600 1.7999999523 2.5589429085    1.799  1.048  3.9368  4.344    0  0.000  0.538     0.00     0.00     0.00     0.00     0.00 -1    -1e-30      0.00 7.096e-01 2.751e-01 2.706e-03 7.389e-04 6.711e-03 -1.000 1.525e-02 2.150 2.318 2.276 2.163 2.110 2.068 2.017 1.987 1.979
0.0152 0.01508 7.47600 1.8500000238 2.5615671203    1.849  1.096  3.9468  4.348    0  0.000  0.538     0.00     0.00     0.00     0.00     0.00 -1    -1e-30      0.00 7.097e-01 2.751e-01 2.706e-03 7.389e-04 6.711e-03 -1.000 1.525e-02 2.029 2.189 2.155 2.065 2.027 1.997 1.961 1.940 1.934
0.0152 0.01508 7.47600 1.9000000954 2.5640331317    1.899  1.144  3.9564  4.350    0  0.000  0.538     0.00     0.00     0.00     0.00     0.00 -1    -1e-30      0.00 7.097e-01 2.751e-01 2.705e-03 7.388e-04 6.711e-03 -1.000 1.525e-02 1.910 2.063 2.044 1.974 1.948 1.928 1.906 1.892 1.887
0.0152 0.01508 7.47600 1.9500001669 2.5663542767    1.950  1.191  3.9657  4.352    0  0.000  0.538     0.00     0.00     0.00     0.00     0.00 -1    -1e-30      0.00 7.097e-01 2.751e-01 2.705e-03 7.388e-04 6.710e-03 -1.000 1.525e-02 1.793 1.943 1.941 1.890 1.872 1.862 1.852 1.845 1.842
0.0152 0.01508 7.47600 2.0000000000 2.5685424513    2.000  1.235  3.9745  4.354    0  0.000  0.538     0.00     0.00     0.00     0.00     0.00 -1    -1e-30      0.00 7.097e-01 2.750e-01 2.705e-03 7.387e-04 6.710e-03 -1.000 1.527e-02 1.682 1.830 1.847 1.811 1.802 1.800 1.801 1.799 1.798
0.0152 0.01508 7.47600 2.0499999523 2.5706083333    2.050  1.278  3.9828  4.354    0  0.000  0.538     0.00     0.00     0.00     0.00     0.00 -1    -1e-30      0.00 7.097e-01 2.750e-01 2.706e-03 7.387e-04 6.710e-03 -1.000 1.526e-02 1.574 1.723 1.760 1.738 1.735 1.740 1.751 1.753 1.754
0.0152 0.01508 7.47600 2.0999999046 2.5725614918    2.099  1.321  3.9908  4.354    0  0.000  0.538     0.00     0.00     0.00     0.00     0.00 -1    -1e-30      0.00 7.098e-01 2.750e-01 2.705e-03 7.387e-04 6.710e-03 -1.000 1.524e-02 1.468 1.620 1.676 1.667 1.670 1.680 1.700 1.706 1.709
0.0152 0.01508 7.47600 2.1500000954 2.5744105556    2.149  1.362  3.9986  4.355    0  0.000  0.538     0.00     0.00     0.00     0.00     0.00 -1    -1e-30      0.00 7.098e-01 2.750e-01 2.705e-03 7.387e-04 6.709e-03 -1.000 1.524e-02 1.365 1.521 1.598 1.600 1.608 1.623 1.652 1.661 1.667
0.0152 0.01508 7.47600 2.2000000477 2.5761632879    2.199  1.402  4.0060  4.354    0  0.000  0.538     0.00     0.00     0.00     0.00     0.00 -1    -1e-30      0.00 7.098e-01 2.750e-01 2.705e-03 7.386e-04 6.709e-03 -1.000 1.527e-02 1.265 1.424 1.522 1.535 1.547 1.566 1.604 1.616 1.623
0.0152 0.01508 7.47600 2.2500000000 2.5778267375    2.249  1.441  4.0134  4.355    1  0.000  0.538     0.00     0.00     0.00     0.00     0.00 -1    -1e-30      0.00 7.097e-01 2.750e-01 2.705e-03 7.386e-04 6.709e-03 -1.000 1.527e-02 1.168 1.332 1.452 1.474 1.489 1.513 1.558 1.573 1.583
0.0152 0.01508 7.47600 2.2573626041 2.5780645365    2.256  1.446  4.0144  4.355    1  0.000  0.538     0.00     0.00     0.00     0.00     0.00 -1    -1e-30      0.00 7.097e-01 2.750e-01 2.705e-03 7.386e-04 6.709e-03 -1.000 1.527e-02 1.154 1.319 1.441 1.465 1.481 1.505 1.551 1.567 1.576
0.0152 0.01508 7.47600 2.2999999523 2.5794072884    2.299  1.479  4.0203  4.354    1  0.000  0.538     0.00     0.00     0.00     0.00     0.00 -1    -1e-30      0.00 7.098e-01 2.750e-01 2.705e-03 7.386e-04 6.709e-03 -1.000 1.527e-02 1.074 1.242 1.382 1.413 1.431 1.458 1.511 1.529 1.540
0.0152 0.01508 7.47600 2.4000000954 2.5823423892    2.399  1.552  4.0332  4.351    1  0.000  0.538     0.00     0.00     0.00     0.00     0.00 -1    -1e-30      0.00 7.098e-01 2.750e-01 2.705e-03 7.386e-04 6.708e-03 -1.000 1.524e-02 0.890 1.070 1.250 1.295 1.318 1.351 1.418 1.440 1.455
0.0152 0.01508 7.47600 2.5999999046 2.5874412955    2.600  1.688  4.0570  4.345    1  0.000  0.538     0.00     0.00     0.00     0.00     0.00 -1    -1e-30      0.00 7.092e-01 2.755e-01 2.710e-03 7.399e-04 6.720e-03 -1.000 1.527e-02 0.550 0.756 1.011 1.076 1.106 1.150 1.241 1.270 1.291
0.0152 0.01508 7.47600 2.6997039318 2.5896611640    2.700  1.752  4.0678  4.340    1  0.000  0.538     0.00     0.00     0.00     0.00     0.00 -1    -1e-30      0.00 7.092e-01 2.755e-01 2.710e-03 7.399e-04 6.720e-03 -1.000 1.527e-02 0.390 0.610 0.899 0.973 1.006 1.053 1.155 1.187 1.212
0.0152 0.01508 7.47600 2.8000001907 2.5917117867    2.800  1.814  4.0782  4.336    1  0.000  0.538     0.00     0.00     0.00     0.00     0.00 -1    -1e-30      0.00 7.092e-01 2.755e-01 2.710e-03 7.399e-04 6.720e-03 -1.000 1.527e-02 0.234 0.470 0.792 0.873 0.908 0.959 1.071 1.106 1.133
0.0152 0.01508 7.47600 2.8851449490 2.5933245637    2.885  1.865  4.0865  4.331    1  0.000  0.538     0.00     0.00     0.00     0.00     0.00 -1    -1e-30      0.00 7.092e-01 2.755e-01 2.710e-03 7.399e-04 6.720e-03 -1.000 1.527e-02 0.108 0.358 0.705 0.791 0.828 0.882 1.002 1.039 1.067
0.0152 0.01508 7.47600 3.0000000000 2.5953341962    3.000  1.931  4.0974  4.326    1  0.000  0.538     0.00     0.00     0.00     0.00     0.00 -1    -1e-30      0.00 7.092e-01 2.755e-01 2.710e-03 7.399e-04 6.720e-03 -1.000 1.527e-02 -0.058 0.212 0.592 0.684 0.724 0.782 0.911 0.950 0.981
0.0152 0.01508 7.47600 3.2000000477 2.5984409005    3.199  2.041  4.1153  4.315    1  0.000  0.538     0.00     0.00     0.00     0.00     0.00 -1    -1e-30      0.00 7.092e-01 2.755e-01 2.710e-03 7.399e-04 6.720e-03 -1.000 1.527e-02 -0.332 -0.024 0.407 0.509 0.552 0.616 0.760 0.804 0.838
0.0152 0.01508 7.47600 3.3871216774 2.6009688371    3.385  2.137  4.1305  4.304    1  0.000  0.538     0.00     0.00     0.00     0.00     0.00 -1    -1e-30      0.00 7.092e-01 2.755e-01 2.710e-03 7.399e-04 6.720e-03 -1.000 1.527e-02 -0.574 -0.227 0.244 0.355 0.401 0.469 0.626 0.673 0.710
0.0152 0.01508 7.47600 3.4000000954 2.6011310876    3.398  2.144  4.1316  4.304    1  0.000  0.538     0.00     0.00     0.00     0.00     0.00 -1    -1e-30      0.00 7.092e-01 2.755e-01 2.710e-03 7.399e-04 6.720e-03 -1.000 1.527e-02 -0.590 -0.241 0.233 0.344 0.391 0.460 0.617 0.664 0.702
0.0152 0.01508 7.47600 3.6000001431 2.6034804607    3.598  2.241  4.1468  4.292    1  0.000  0.538     0.00     0.00     0.00     0.00     0.00 -1    -1e-30      0.00 7.092e-01 2.755e-01 2.710e-03 7.399e-04 6.720e-03 -1.000 1.527e-02 -0.833 -0.443 0.069 0.188 0.238 0.312 0.481 0.531 0.572
0.0152 0.01508 7.47600 3.6892828941 2.6044351755    3.687  2.283  4.1532  4.287    1  0.000  0.538     0.00     0.00     0.00     0.00     0.00 -1    -1e-30      0.00 7.092e-01 2.755e-01 2.710e-03 7.399e-04 6.720e-03 -1.000 1.527e-02 -0.936 -0.529 -0.001 0.122 0.173 0.249 0.423 0.475 0.516
0.0152 0.01508 7.47600 3.8000001907 2.6055477311    3.798  2.333  4.1610  4.281    1  0.000  0.538     0.00     0.00     0.00     0.00     0.00 -1    -1e-30      0.00 7.092e-01 2.755e-01 2.710e-03 7.399e-04 6.720e-03 -1.000 1.527e-02 -1.062 -0.631 -0.085 0.042 0.095 0.172 0.352 0.406 0.449
0.0152 0.01508 7.47600 3.9584541321 2.6070161434    3.959  2.402  4.1716  4.271    1  0.000  0.538     0.00     0.00     0.00     0.00     0.00 -1    -1e-30      0.00 7.092e-01 2.755e-01 2.710e-03 7.399e-04 6.720e-03 -1.000 1.527e-02 -1.236 -0.772 -0.202 -0.070 -0.014 0.066 0.254 0.309 0.354
0.0152 0.01508 7.47600 4.0000000000 2.6073790840    4.001  2.420  4.1743  4.269    1  0.000  0.538     0.00     0.00     0.00     0.00     0.00 -1    -1e-30      0.00 7.092e-01 2.755e-01 2.710e-03 7.399e-04 6.720e-03 -1.000 1.527e-02 -1.281 -0.808 -0.232 -0.099 -0.042 0.039 0.229 0.285 0.330
0.0152 0.01508 7.47600 4.1999998093 2.6090113217    4.198  2.504  4.1868  4.257    1  0.000  0.538     0.00     0.00     0.00     0.00     0.00 -1    -1e-30      0.00 7.092e-01 2.755e-01 2.710e-03 7.399e-04 6.720e-03 -1.000 1.527e-02 -1.490 -0.976 -0.373 -0.233 -0.174 -0.089 0.109 0.168 0.216
0.0152 0.01508 7.47600 4.2026200294 2.6090315231    4.201  2.505  4.1870  4.256    1  0.000  0.538     0.00     0.00     0.00     0.00     0.00 -1    -1e-30      0.00 7.092e-01 2.755e-01 2.710e-03 7.399e-04 6.720e-03 -1.000 1.527e-02 -1.492 -0.978 -0.375 -0.235 -0.176 -0.091 0.108 0.167 0.214
0.0152 0.01508 7.47600 4.4000000954 2.6104741055    4.397  2.584  4.1987  4.244    1  0.000  0.538     0.00     0.00     0.00     0.00     0.00 -1    -1e-30      0.00 7.092e-01 2.755e-01 2.710e-03 7.399e-04 6.720e-03 -1.000 1.527e-02 -1.690 -1.136 -0.509 -0.363 -0.301 -0.212 -0.006 0.055 0.105
0.0152 0.01508 7.47600 4.4860887527 2.6110577679    4.483  2.617  4.2035  4.238    1  0.000  0.538     0.00     0.00     0.00     0.00     0.00 -1    -1e-30      0.00 7.092e-01 2.755e-01 2.710e-03 7.399e-04 6.720e-03 -1.000 1.527e-02 -1.773 -1.203 -0.566 -0.417 -0.354 -0.264 -0.054 0.008 0.058
0.0152 0.01508 7.47600 4.5999999046 2.6117915791    4.597  2.661  4.2098  4.231    1  0.000  0.538     0.00     0.00     0.00     0.00     0.00 -1    -1e-30      0.00 7.092e-01 2.755e-01 2.710e-03 7.399e-04 6.720e-03 -1.000 1.527e-02 -1.881 -1.289 -0.640 -0.488 -0.424 -0.332 -0.118 -0.054 -0.003
0.0152 0.01508 7.47600 4.7244043350 2.6125466781    4.722  2.707  4.2163  4.223    1  0.000  0.538     0.00     0.00     0.00     0.00     0.00 -1    -1e-30      0.00 7.092e-01 2.755e-01 2.710e-03 7.399e-04 6.720e-03 -1.000 1.527e-02 -1.996 -1.382 -0.720 -0.565 -0.498 -0.404 -0.186 -0.121 -0.069
0.0152 0.01508 7.47600 4.8000001907 2.6129836005    4.798  2.734  4.2202  4.218    1  0.000  0.538     0.00     0.00     0.00     0.00     0.00 -1    -1e-30      0.00 7.092e-01 2.755e-01 2.710e-03 7.399e-04 6.720e-03 -1.000 1.527e-02 -2.066 -1.437 -0.768 -0.611 -0.543 -0.448 -0.227 -0.162 -0.108
0.0152 0.01508 7.47600 4.9661879539 2.6138905627    4.965  2.794  4.2284  4.206    1  0.000  0.538     0.00     0.00     0.00     0.00     0.00 -1    -1e-30      0.00 7.092e-01 2.755e-01 2.710e-03 7.399e-04 6.720e-03 -1.000 1.527e-02 -2.214 -1.557 -0.872 -0.710 -0.641 -0.543 -0.317 -0.250 -0.195
0.0152 0.01508 7.47600 5.0000000000 2.6140666223    4.999  2.806  4.2301  4.204    1  0.000  0.538     0.00     0.00     0.00     0.00     0.00 -1    -1e-30      0.00 7.092e-01 2.755e-01 2.710e-03 7.399e-04 6.720e-03 -1.000 1.527e-02 -2.244 -1.581 -0.893 -0.730 -0.661 -0.562 -0.335 -0.268 -0.212
0.0152 0.01508 7.47600 5.1433963776 2.6147837969    5.143  2.856  4.2368  4.193    1  0.000  0.538     0.00     0.00     0.00     0.00     0.00 -1    -1e-30      0.00 7.092e-01 2.755e-01 2.710e-03 7.399e-04 6.720e-03 -1.000 1.527e-02 -2.369 -1.682 -0.981 -0.815 -0.744 -0.643 -0.412 -0.343 -0.287
0.0152 0.01508 7.47600 5.1999998093 2.6150544000    5.200  2.875  4.2394  4.188    1  0.000  0.538     0.00     0.00     0.00     0.00     0.00 -1    -1e-30      0.00 7.092e-01 2.755e-01 2.710e-03 7.399e-04 6.720e-03 -1.000 1.527e-02 -2.418 -1.721 -1.016 -0.849 -0.777 -0.676 -0.442 -0.373 -0.316
0.0152 0.01508 7.47600 5.3999996185 2.6159585084    5.401  2.943  4.2481  4.172    1  0.000  0.538     0.00     0.00     0.00     0.00     0.00 -1    -1e-30      0.00 7.092e-01 2.755e-01 2.710e-03 7.399e-04 6.720e-03 -1.000 1.527e-02 -2.587 -1.859 -1.138 -0.967 -0.892 -0.788 -0.549 -0.478 -0.420
0.0152 0.01508 7.47600 5.4762330055 2.6162831995    5.477  2.968  4.2513  4.166    1  0.000  0.538     0.00     0.00     0.00     0.00     0.00 -1    -1e-30      0.00 7.092e-01 2.755e-01 2.710e-03 7.399e-04 6.720e-03 -1.000 1.527e-02 -2.650 -1.911 -1.184 -1.011 -0.935 -0.831 -0.590 -0.518 -0.459
0.0152 0.01508 7.47600 5.5999994278 2.6167887546    5.601  3.009  4.2564  4.155    1  0.000  0.538     0.00     0.00     0.00     0.00     0.00 -1    -1e-30      0.00 7.092e-01 2.755e-01 2.710e-03 7.399e-04 6.720e-03 -1.000 1.527e-02 -2.751 -1.994 -1.258 -1.082 -1.006 -0.899 -0.655 -0.582 -0.522
0.0152 0.01508 7.47600 5.8000001907 2.6175535027    5.801  3.073  4.2640  4.137    1  0.000  0.538     0.00     0.00     0.00     0.00     0.00 -1    -1e-30      0.00 7.092e-01 2.755e-01 2.710e-03 7.399e-04 6.720e-03 -1.000 1.527e-02 -2.911 -2.127 -1.377 -1.197 -1.119 -1.010 -0.761 -0.687 -0.625
0.0152 0.01508 7.47600 6.0000000000 2.6182599138    6.000  3.135  4.2713  4.118    1  0.000  0.538     0.00     0.00     0.00     0.00     0.00 -1    -1e-30      0.00 7.092e-01 2.755e-01 2.710e-03 7.399e-04 6.720e-03 -1.000 1.527e-02 -3.068 -2.258 -1.495 -1.312 -1.231 -1.120 -0.867 -0.791 -0.728
0.0152 0.01508 7.47600 6.0551614761 2.6184453302    6.055  3.152  4.2732  4.113    1  0.000  0.538     0.00     0.00     0.00     0.00     0.00 -1    -1e-30      0.00 7.092e-01 2.755e-01 2.710e-03 7.399e-04 6.720e-03 -1.000 1.527e-02 -3.111 -2.294 -1.528 -1.343 -1.262 -1.151 -0.896 -0.820 -0.757
0.0152 0.01508 7.47600 6.1999998093 2.6189141709    6.200  3.197  4.2780  4.098    1  0.000  0.538     0.00     0.00     0.00     0.00     0.00 -1    -1e-30      0.00 7.092e-01 2.755e-01 2.710e-03 7.399e-04 6.720e-03 -1.000 1.527e-02 -3.222 -2.388 -1.613 -1.426 -1.344 -1.231 -0.973 -0.896 -0.832
0.0152 0.01508 7.47600 6.2002782822 2.6189150481    6.200  3.197  4.2780  4.098    1  0.000  0.538     0.00     0.00     0.00     0.00     0.00 -1    -1e-30      0.00 7.092e-01 2.755e-01 2.710e-03 7.399e-04 6.720e-03 -1.000 1.527e-02 -3.222 -2.389 -1.613 -1.426 -1.344 -1.231 -0.973 -0.896 -0.832
0.0152 0.01508 7.47600 6.4000000954 2.6195216279    6.399  3.257  4.2841  4.075    1  0.000  0.538     0.00     0.00     0.00     0.00     0.00 -1    -1e-30      0.00 7.092e-01 2.755e-01 2.710e-03 7.399e-04 6.720e-03 -1.000 1.527e-02 -3.374 -2.519 -1.733 -1.542 -1.459 -1.344 -1.082 -1.004 -0.939
0.0152 0.01508 7.47600 6.5242395401 2.6198774866    6.522  3.295  4.2876  4.060    1  0.000  0.538     0.00     0.00     0.00     0.00     0.00 -1    -1e-30      0.00 7.092e-01 2.755e-01 2.710e-03 7.399e-04 6.720e-03 -1.000 1.527e-02 -3.466 -2.600 -1.807 -1.615 -1.531 -1.414 -1.150 -1.071 -1.006
0.0152 0.01508 7.47600 6.7084341049 2.6203772823    6.706  3.349  4.2923  4.036    1  0.000  0.538     0.00     0.00     0.00     0.00     0.00 -1    -1e-30      0.00 7.092e-01 2.755e-01 2.710e-03 7.399e-04 6.720e-03 -1.000 1.527e-02 -3.603 -2.721 -1.919 -1.725 -1.639 -1.522 -1.255 -1.175 -1.108
0.0152 0.01508 7.47600 6.8782167435 2.6208108124    6.874  3.399  4.2962  4.013    1  0.000  0.538     0.00     0.00     0.00     0.00     0.00 -1    -1e-30      0.00 7.092e-01 2.755e-01 2.710e-03 7.399e-04 6.720e-03 -1.000 1.527e-02 -3.728 -2.834 -2.024 -1.828 -1.742 -1.622 -1.353 -1.272 -1.205
0.0152 0.01508 7.47600 7.0000000000 2.6211069280    6.996  3.435  4.2988  3.995    1  0.000  0.538     0.00     0.00     0.00     0.00     0.00 -1    -1e-30      0.00 7.092e-01 2.755e-01 2.710e-03 7.399e-04 6.720e-03 -1.000 1.527e-02 -3.818 -2.915 -2.101 -1.903 -1.816 -1.696 -1.425 -1.344 -1.276
0.0152 0.01508 7.47600 7.0373630524 2.6211954167    7.034  3.446  4.2995  3.989    1  0.000  0.538     0.00     0.00     0.00     0.00     0.00 -1    -1e-30      0.00 7.092e-01 2.755e-01 2.710e-03 7.399e-04 6.720e-03 -1.000 1.527e-02 -3.845 -2.940 -2.124 -1.926 -1.839 -1.719 -1.447 -1.365 -1.297
0.0152 0.01508 7.47600 7.1915326118 2.6215493881    7.188  3.490  4.3021  3.965    1  0.000  0.538     0.00     0.00     0.00     0.00     0.00 -1    -1e-30      0.00 7.092e-01 2.755e-01 2.710e-03 7.399e-04 6.720e-03 -1.000 1.527e-02 -3.955 -3.043 -2.222 -2.022 -1.935 -1.814 -1.540 -1.458 -1.390
0.0152 0.01508 7.47600 7.4030151367 2.6220074774    7.401  3.552  4.3045  3.925    1  0.000  0.538     0.00     0.00     0.00     0.00     0.00 -1    -1e-30      0.00 7.092e-01 2.755e-01 2.710e-03 7.399e-04 6.720e-03 -1.000 1.527e-02 -4.110 -3.193 -2.365 -2.165 -2.076 -1.955 -1.680 -1.597 -1.528
0.0152 0.01508 7.47600 7.5785093307 2.6223653744    7.577  3.603  4.3056  3.889    1  0.000  0.538     0.00     0.00     0.00     0.00     0.00 -1    -1e-30      0.00 7.092e-01 2.755e-01 2.710e-03 7.399e-04 6.720e-03 -1.000 1.527e-02 -4.238 -3.320 -2.489 -2.287 -2.199 -2.077 -1.801 -1.718 -1.649
0.0152 0.01508 7.47600 7.7523980141 2.6227016805    7.752  3.654  4.3058  3.848    1  0.000  0.538     0.00     0.00     0.00     0.00     0.00 -1    -1e-30      0.00 7.092e-01 2.755e-01 2.710e-03 7.399e-04 6.720e-03 -1.000 1.527e-02 -4.366 -3.451 -2.618 -2.416 -2.328 -2.206 -1.929 -1.846 -1.776
0.0152 0.01508 7.47600 7.9102621078 2.6229923150    7.911  3.702  4.3047  3.805    1  0.000  0.538     0.00     0.00     0.00     0.00     0.00 -1    -1e-30      0.00 7.092e-01 2.755e-01 2.710e-03 7.399e-04 6.720e-03 -1.000 1.527e-02 -4.485 -3.578 -2.744 -2.542 -2.454 -2.333 -2.057 -1.974 -1.904
0.0152 0.01508 7.47600 8.0000000000 2.6231516585    8.001  3.729  4.3034  3.778    1  0.000  0.538     0.00     0.00     0.00     0.00     0.00 -1    -1e-30      0.00 7.092e-01 2.755e-01 2.710e-03 7.399e-04 6.720e-03 -1.000 1.527e-02 -4.553 -3.653 -2.820 -2.618 -2.531 -2.410 -2.134 -2.052 -1.982
0.0152 0.01508 7.47600 8.1552791595 2.6234178777    8.155  3.775  4.3005  3.728    1  0.000  0.538     0.00     0.00     0.00     0.00     0.00 -1    -1e-30      0.00 7.092e-01 2.755e-01 2.710e-03 7.399e-04 6.720e-03 -1.000 1.527e-02 -4.668 -3.783 -2.952 -2.752 -2.665 -2.545 -2.271 -2.189 -2.120
0.0152 0.01508 7.47600 8.3218984604 2.6236908696    8.320  3.825  4.2952  3.665    1  0.000  0.538     0.00     0.00     0.00     0.00     0.00 -1    -1e-30      0.00 7.092e-01 2.755e-01 2.710e-03 7.399e-04 6.720e-03 -1.000 1.527e-02 -4.794 -3.934 -3.109 -2.910 -2.825 -2.706 -2.435 -2.355 -2.286
0.0152 0.01508 7.47600 8.4567327499 2.6239027518    8.454  3.867  4.2886  3.604    1  0.000  0.538     0.00     0.00     0.00     0.00     0.00 -1    -1e-30      0.00 7.092e-01 2.755e-01 2.710e-03 7.399e-04 6.720e-03 -1.000 1.527e-02 -4.899 -4.068 -3.251 -3.054 -2.971 -2.855 -2.588 -2.508 -2.441
0.0152 0.01508 7.47600 8.5779170990 2.6240866624    8.575  3.906  4.2812  3.542    1  0.000  0.538     0.00     0.00     0.00     0.00     0.00 -1    -1e-30      0.00 7.092e-01 2.755e-01 2.710e-03 7.399e-04 6.720e-03 -1.000 1.527e-02 -4.994 -4.195 -3.388 -3.193 -3.112 -2.998 -2.735 -2.658 -2.592
0.0152 0.01508 7.47600 8.6869125366 2.6242470445    8.683  3.942  4.2729  3.478    1  0.000  0.538     0.00     0.00     0.00     0.00     0.00 -1    -1e-30      0.00 7.092e-01 2.755e-01 2.710e-03 7.399e-04 6.720e-03 -1.000 1.527e-02 -5.085 -4.321 -3.525 -3.333 -3.254 -3.144 -2.886 -2.810 -2.745
0.0152 0.01508 7.47600 8.7831506729 2.6243848559    8.778  3.976  4.2655  3.419    1  0.000  0.538     0.00     0.00     0.00     0.00     0.00 -1    -1e-30      0.00 7.092e-01 2.755e-01 2.710e-03 7.399e-04 6.720e-03 -1.000 1.527e-02 -5.171 -4.439 -3.651 -3.463 -3.387 -3.278 -3.025 -2.951 -2.887
0.0152 0.01508 7.47600 8.8308343887 2.6244518599    8.826  3.995  4.2637  3.396    1  0.000  0.538     0.00     0.00     0.00     0.00     0.00 -1    -1e-30      0.00 7.092e-01 2.755e-01 2.710e-03 7.399e-04 6.720e-03 -1.000 1.527e-02 -5.216 -4.494 -3.708 -3.520 -3.445 -3.337 -3.084 -3.011 -2.947
0.0152 0.01508 7.47600 8.8763008118 2.6245149777    8.871  4.020  4.2754  3.419    1  0.000  0.538     0.00     0.00     0.00     0.00     0.00 -1    -1e-30      0.00 7.092e-01 2.755e-01 2.710e-03 7.399e-04 6.720e-03 -1.000 1.527e-02 -5.281 -4.515 -3.710 -3.517 -3.439 -3.327 -3.067 -2.991 -2.925
0.0152 0.01508 7.47600 8.8895111084 2.6245331775    8.884  4.035  4.2868  3.451    1  0.000  0.538     0.00     0.00     0.00     0.00     0.00 -1    -1e-30      0.00 7.092e-01 2.755e-01 2.710e-03 7.399e-04 6.720e-03 -1.000 1.527e-02 -5.317 -4.507 -3.684 -3.487 -3.405 -3.290 -3.023 -2.944 -2.876
0.0152 0.01508 7.47600 8.8944301605 2.6245399385    8.889  4.049  4.2987  3.484    1  0.000  0.538     0.00     0.00     0.00     0.00     0.00 -1    -1e-30      0.00 7.092e-01 2.755e-01 2.710e-03 7.399e-04 6.720e-03 -1.000 1.527e-02 -5.353 -4.497 -3.656 -3.454 -3.369 -3.250 -2.976 -2.894 -2.825
0.0152 0.01508 7.47600 8.8965644836 2.6245428694    8.891  4.066  4.3095  3.511    1  0.000  0.538     0.00     0.00     0.00     0.00     0.00 -1    -1e-30      0.00 7.092e-01 2.755e-01 2.710e-03 7.399e-04 6.720e-03 -1.000 1.527e-02 -5.394 -4.498 -3.640 -3.435 -3.347 -3.224 -2.943 -2.859 -2.787
0.0152 0.01508 7.47600 8.8976564407 2.6245443683    8.892  4.082  4.3181  3.530    1  0.000  0.538     0.00     0.00     0.00     0.00     0.00 -1    -1e-30      0.00 7.092e-01 2.755e-01 2.710e-03 7.399e-04 6.720e-03 -1.000 1.527e-02 -5.434 -4.506 -3.634 -3.426 -3.336 -3.210 -2.924 -2.837 -2.764
0.0152 0.01508 7.47600 8.8979177475 2.6245447269    8.892  4.085  4.3200  3.534    1  0.000  0.538     0.00     0.00     0.00     0.00     0.00 -1    -1e-30      0.00 7.092e-01 2.755e-01 2.710e-03 7.399e-04 6.720e-03 -1.000 1.527e-02 -5.442 -4.507 -3.632 -3.423 -3.332 -3.206 -2.919 -2.832 -2.758
0.0152 0.01508 7.47600 8.8985309601 2.6245455684    8.893  4.059  4.3114  3.526    2  0.000  0.538     0.00     0.00     0.00     0.00     0.00 -1    -1e-30      0.00 7.092e-01 2.755e-01 2.710e-03 7.399e-04 6.720e-03 -1.000 1.527e-02 -5.377 -4.473 -3.612 -3.406 -3.318 -3.194 -2.912 -2.827 -2.755
0.0152 0.01508 7.47600 8.8988904953 2.6245460617    8.893  4.041  4.3022  3.507    2  0.000  0.538     0.00     0.00     0.00     0.00     0.00 -1    -1e-30      0.00 7.092e-01 2.755e-01 2.710e-03 7.399e-04 6.720e-03 -1.000 1.527e-02 -5.333 -4.462 -3.617 -3.414 -3.328 -3.207 -2.931 -2.848 -2.778
0.0152 0.01508 7.47600 8.8992643356 2.6245465746    8.893  4.031  4.2893  3.465    2  0.000  0.538     0.00     0.00     0.00     0.00     0.00 -1    -1e-30      0.00 7.092e-01 2.755e-01 2.710e-03 7.399e-04 6.720e-03 -1.000 1.527e-02 -5.308 -4.487 -3.661 -3.463 -3.380 -3.264 -2.995 -2.916 -2.848
0.0152 0.01508 7.47600 8.8995943069 2.6245470272    8.894  4.030  4.2771  3.418    2  0.000  0.538     0.00     0.00     0.00     0.00     0.00 -1    -1e-30      0.00 7.092e-01 2.755e-01 2.710e-03 7.399e-04 6.720e-03 -1.000 1.527e-02 -5.304 -4.532 -3.724 -3.530 -3.451 -3.339 -3.078 -3.001 -2.936
0.0152 0.01508 7.47600 8.8999052048 2.6245474537    8.894  4.034  4.2650  3.365    2  0.000  0.538     0.00     0.00     0.00     0.00     0.00 -1    -1e-30      0.00 7.092e-01 2.755e-01 2.710e-03 7.399e-04 6.720e-03 -1.000 1.527e-02 -5.316 -4.592 -3.801 -3.613 -3.537 -3.429 -3.175 -3.101 -3.038
0.0152 0.01508 7.47600 8.9002065659 2.6245478670    8.895  4.041  4.2529  3.309    2  0.000  0.538     0.00     0.00     0.00     0.00     0.00 -1    -1e-30      0.00 7.092e-01 2.755e-01 2.710e-03 7.399e-04 6.720e-03 -1.000 1.527e-02 -5.334 -4.658 -3.885 -3.702 -3.630 -3.526 -3.280 -3.208 -3.147
0.0152 0.01508 7.47600 8.9005002975 2.6245482699    8.895  4.049  4.2407  3.253    2  0.000  0.538     0.00     0.00     0.00     0.00     0.00 -1    -1e-30      0.00 7.092e-01 2.755e-01 2.710e-03 7.399e-04 6.720e-03 -1.000 1.527e-02 -5.352 -4.724 -3.970 -3.792 -3.723 -3.623 -3.384 -3.316 -3.257
0.0152 0.01508 7.47600 8.9007873535 2.6245486636    8.895  4.055  4.2286  3.198    2  0.000  0.538     0.00     0.00     0.00     0.00     0.00 -1    -1e-30      0.00 7.092e-01 2.755e-01 2.710e-03 7.399e-04 6.720e-03 -1.000 1.527e-02 -5.369 -4.788 -4.051 -3.878 -3.813 -3.718 -3.487 -3.421 -3.364
0.0152 0.01508 7.47600 8.9010677338 2.6245490480    8.895  4.061  4.2165  3.144    2  0.000  0.538     0.00     0.00     0.00     0.00     0.00 -1    -1e-30      0.00 7.092e-01 2.755e-01 2.710e-03 7.399e-04 6.720e-03 -1.000 1.527e-02 -5.382 -4.847 -4.130 -3.963 -3.901 -3.810 -3.586 -3.524 -3.468
0.0152 0.01508 7.47600 8.9013404846 2.6245494220    8.896  4.065  4.2044  3.092    2  0.000  0.538     0.00     0.00     0.00     0.00     0.00 -1    -1e-30      0.00 7.092e-01 2.755e-01 2.710e-03 7.399e-04 6.720e-03 -1.000 1.527e-02 -5.392 -4.903 -4.206 -4.043 -3.985 -3.899 -3.683 -3.623 -3.570
0.0152 0.01508 7.47600 8.9016036987 2.6245497829    8.896  4.068  4.1923  3.041    2  0.000  0.538     0.00     0.00     0.00     0.00     0.00 -1    -1e-30      0.00 7.092e-01 2.755e-01 2.710e-03 7.399e-04 6.720e-03 -1.000 1.527e-02 -5.399 -4.955 -4.278 -4.121 -4.067 -3.985 -3.777 -3.720 -3.669
0.0152 0.01508 7.47600 8.9018583298 2.6245501320    8.896  4.070  4.1801  2.990    2  0.000  0.538     0.00     0.00     0.00     0.00     0.00 -1    -1e-30      0.00 7.092e-01 2.755e-01 2.710e-03 7.399e-04 6.720e-03 -1.000 1.527e-02 -5.404 -5.004 -4.348 -4.196 -4.146 -4.068 -3.868 -3.815 -3.765
0.0152 0.01508 7.47600 8.9021034241 2.6245504680    8.896  4.071  4.1680  2.940    2  0.000  0.538     0.00     0.00     0.00     0.00     0.00 -1    -1e-30      0.00 7.092e-01 2.755e-01 2.710e-03 7.399e-04 6.720e-03 -1.000 1.527e-02 -5.407 -5.050 -4.415 -4.269 -4.222 -4.149 -3.958 -3.907 -3.860
0.0152 0.01508 7.47600 8.9023962021 2.6245508694    8.897  4.072  4.1528  2.879    2  0.000  0.538     0.00     0.00     0.00     0.00     0.00 -1    -1e-30      0.00 7.092e-01 2.755e-01 2.710e-03 7.399e-04 6.720e-03 -1.000 1.527e-02 -5.409 -5.105 -4.496 -4.358 -4.316 -4.249 -4.068 -4.021 -3.976
0.0152 0.01508 7.47600 8.9026193619 2.6245511753    8.897  4.071  4.1407  2.831    2  0.000  0.538     0.00     0.00     0.00     0.00     0.00 -1    -1e-30      0.00 7.092e-01 2.755e-01 2.710e-03 7.399e-04 6.720e-03 -1.000 1.527e-02 -5.408 -5.145 -4.558 -4.426 -4.388 -4.325 -4.153 -4.110 -4.067
0.0152 0.01508 7.47600 8.9028329849 2.6245514681    8.897  4.071  4.1285  2.783    2  0.000  0.538     0.00     0.00     0.00     0.00     0.00 -1    -1e-30      0.00 7.092e-01 2.755e-01 2.710e-03 7.399e-04 6.720e-03 -1.000 1.527e-02 -5.407 -5.181 -4.619 -4.493 -4.458 -4.401 -4.238 -4.197 -4.156
0.0152 0.01508 7.47600 8.9030370712 2.6245517478    8.897  4.070  4.1164  2.735    2  0.000  0.538     0.00     0.00     0.00     0.00     0.00 -1    -1e-30      0.00 7.092e-01 2.755e-01 2.710e-03 7.399e-04 6.720e-03 -1.000 1.527e-02 -5.404 -5.216 -4.678 -4.558 -4.527 -4.474 -4.320 -4.283 -4.244
0.0152 0.01508 7.47600 8.9032325745 2.6245520157    8.897  4.068  4.1043  2.688    2  0.000  0.538     0.00     0.00     0.00     0.00     0.00 -1    -1e-30      0.00 7.092e-01 2.755e-01 2.710e-03 7.399e-04 6.720e-03 -1.000 1.527e-02 -5.400 -5.248 -4.735 -4.621 -4.594 -4.546 -4.401 -4.367 -4.330
0.0152 0.01508 7.47600 8.9034185410 2.6245522706    8.898  4.066  4.0922  2.642    2  0.000  0.538     0.00     0.00     0.00     0.00     0.00 -1    -1e-30      0.00 7.092e-01 2.755e-01 2.710e-03 7.399e-04 6.720e-03 -1.000 1.527e-02 -5.396 -5.276 -4.791 -4.682 -4.659 -4.616 -4.481 -4.450 -4.416
0.0152 0.01508 7.47600 8.9035968781 2.6245525150    8.898  4.064  4.0800  2.595    2  0.000  0.538     0.00     0.00     0.00     0.00     0.00 -1    -1e-30      0.00 7.092e-01 2.755e-01 2.710e-03 7.399e-04 6.720e-03 -1.000 1.527e-02 -5.390 -5.300 -4.844 -4.742 -4.723 -4.684 -4.560 -4.532 -4.500
0.0152 0.01508 7.47600 8.9037656784 2.6245527463    8.898  4.061  4.0679  2.549    2  0.000  0.538     0.00     0.00     0.00     0.00     0.00 -1    -1e-30      0.00 7.092e-01 2.755e-01 2.710e-03 7.399e-04 6.720e-03 -1.000 1.527e-02 -5.384 -5.321 -4.896 -4.799 -4.783 -4.750 -4.636 -4.612 -4.581
0.0152 0.01508 7.47600 8.9039268494 2.6245529671    8.898  4.059  4.0558  2.504    2  0.000  0.538     0.00     0.00     0.00     0.00     0.00 -1    -1e-30      0.00 7.092e-01 2.755e-01 2.710e-03 7.399e-04 6.720e-03 -1.000 1.527e-02 -5.377 -5.337 -4.945 -4.855 -4.842 -4.813 -4.711 -4.691 -4.662
0.0152 0.01508 7.47600 8.9040803909 2.6245531775    8.898  4.056  4.0436  2.458    2  0.000  0.538     0.00     0.00     0.00     0.00     0.00 -1    -1e-30      0.00 7.092e-01 2.755e-01 2.710e-03 7.399e-04 6.720e-03 -1.000 1.527e-02 -5.369 -5.349 -4.991 -4.907 -4.899 -4.875 -4.784 -4.768 -4.742
0.0152 0.01508 7.47600 8.9042263031 2.6245533774    8.898  4.052  4.0315  2.413    2  0.000  0.538     0.00     0.00     0.00     0.00     0.00 -1    -1e-30      0.00 7.092e-01 2.755e-01 2.710e-03 7.399e-04 6.720e-03 -1.000 1.527e-02 -5.361 -5.357 -5.034 -4.958 -4.953 -4.935 -4.856 -4.844 -4.820
0.0152 0.01508 7.47600 8.9043655396 2.6245535682    8.899  4.049  4.0194  2.368    2  0.000  0.538     0.00     0.00     0.00     0.00     0.00 -1    -1e-30      0.00 7.092e-01 2.755e-01 2.710e-03 7.399e-04 6.720e-03 -1.000 1.527e-02 -5.352 -5.361 -5.075 -5.006 -5.005 -4.992 -4.927 -4.918 -4.897
0.0152 0.01508 7.47600 8.9044981003 2.6245537498    8.899  4.045  4.0072  2.323    2  0.000  0.538     0.00     0.00     0.00     0.00     0.00 -1    -1e-30      0.00 7.092e-01 2.755e-01 2.710e-03 7.399e-04 6.720e-03 -1.000 1.527e-02 -5.343 -5.362 -5.115 -5.053 -5.055 -5.048 -4.996 -4.992 -4.974
0.0152 0.01508 7.47600 8.9046239853 2.6245539223    8.899  4.041  3.9952  2.279    2  0.000  0.538     0.00     0.00     0.00     0.00     0.00 -1    -1e-30      0.00 7.092e-01 2.755e-01 2.710e-03 7.399e-04 6.720e-03 -1.000 1.527e-02 -5.333 -5.359 -5.152 -5.098 -5.103 -5.102 -5.065 -5.065 -5.049
0.0152 0.01508 7.47600 8.9047451019 2.6245540882    8.899  4.037  3.9830  2.234    2  0.000  0.538     0.00     0.00     0.00     0.00     0.00 -1    -1e-30      0.00 7.092e-01 2.755e-01 2.710e-03 7.399e-04 6.720e-03 -1.000 1.527e-02 -5.323 -5.352 -5.188 -5.140 -5.149 -5.155 -5.133 -5.138 -5.125
0.0152 0.01508 7.47600 8.9048595428 2.6245542450    8.899  4.033  3.9709  2.190    2  0.000  0.538     0.00     0.00     0.00     0.00     0.00 -1    -1e-30      0.00 7.092e-01 2.755e-01 2.710e-03 7.399e-04 6.720e-03 -1.000 1.527e-02 -5.313 -5.341 -5.220 -5.181 -5.194 -5.205 -5.199 -5.210 -5.200
0.0152 0.01508 7.47600 8.9049682617 2.6245543939    8.899  4.029  3.9589  2.146    2  0.000  0.538     0.00     0.00     0.00     0.00     0.00 -1    -1e-30      0.00 7.092e-01 2.755e-01 2.710e-03 7.399e-04 6.720e-03 -1.000 1.527e-02 -5.302 -5.325 -5.249 -5.219 -5.236 -5.254 -5.265 -5.281 -5.276
0.0152 0.01508 7.47600 8.9050731659 2.6245545376    8.899  4.024  3.9468  2.102    2  0.000  0.538     0.00     0.00     0.00     0.00     0.00 -1    -1e-30      0.00 7.092e-01 2.755e-01 2.710e-03 7.399e-04 6.720e-03 -1.000 1.527e-02 -5.291 -5.304 -5.274 -5.254 -5.275 -5.301 -5.331 -5.353 -5.351
0.0152 0.01508 7.47600 8.9051733017 2.6245546748    8.900  4.020  3.9347  2.058    2  0.000  0.538     0.00     0.00     0.00     0.00     0.00 -1    -1e-30      0.00 7.092e-01 2.755e-01 2.710e-03 7.399e-04 6.720e-03 -1.000 1.527e-02 -5.280 -5.276 -5.292 -5.284 -5.312 -5.346 -5.395 -5.424 -5.426
0.0152 0.01508 7.47600 8.9052696228 2.6245548067    8.900  4.015  3.9226  2.015    2  0.000  0.538     0.00     0.00     0.00     0.00     0.00 -1    -1e-30      0.00 7.092e-01 2.755e-01 2.710e-03 7.399e-04 6.720e-03 -1.000 1.527e-02 -5.268 -5.237 -5.299 -5.308 -5.344 -5.388 -5.459 -5.495 -5.502
0.0152 0.01508 7.47600 8.9053602219 2.6245549308    8.900  4.010  3.9106  1.971    2  0.000  0.538     0.00     0.00     0.00     0.00     0.00 -1    -1e-30      0.00 7.092e-01 2.755e-01 2.710e-03 7.399e-04 6.720e-03 -1.000 1.527e-02 -5.256 -5.187 -5.292 -5.324 -5.373 -5.429 -5.521 -5.567 -5.577
0.0152 0.01508 7.47600 8.9054479599 2.6245550510    8.900  4.005  3.8984  1.928    2  0.000  0.538     0.00     0.00     0.00     0.00     0.00 -1    -1e-30      0.00 7.092e-01 2.755e-01 2.710e-03 7.399e-04 6.720e-03 -1.000 1.527e-02 -5.243 -5.128 -5.274 -5.332 -5.397 -5.468 -5.582 -5.640 -5.654
0.0152 0.01508 7.47600 8.9055509567 2.6245551921    8.900  3.999  3.8833  1.874    2  0.000  0.538     0.00     0.00     0.00     0.00     0.00 -1    -1e-30      0.00 7.092e-01 2.755e-01 2.710e-03 7.399e-04 6.720e-03 -1.000 1.527e-02 -5.227 -5.047 -5.233 -5.333 -5.421 -5.513 -5.657 -5.731 -5.750
0.0152 0.01508 7.47600 8.9056282043 2.6245552979    8.900  3.994  3.8713  1.831    2  0.000  0.538     0.00     0.00     0.00     0.00     0.00 -1    -1e-30      0.00 7.092e-01 2.755e-01 2.710e-03 7.399e-04 6.720e-03 -1.000 1.527e-02 -5.214 -4.979 -5.190 -5.326 -5.436 -5.546 -5.715 -5.805 -5.827
0.0152 0.01508 7.47600 8.9057207108 2.6245554246    8.900  3.987  3.8562  1.777    2  0.000  0.538     0.00     0.00     0.00     0.00     0.00 -1    -1e-30      0.00 7.092e-01 2.755e-01 2.710e-03 7.399e-04 6.720e-03 -1.000 1.527e-02 -5.196 -4.885 -5.118 -5.310 -5.451 -5.587 -5.787 -5.900 -5.925
0.0152 0.01508 7.47600 8.9057912827 2.6245555212    8.900  3.981  3.8440  1.735    2  0.000  0.538     0.00     0.00     0.00     0.00     0.00 -1    -1e-30      0.00 7.092e-01 2.755e-01 2.710e-03 7.399e-04 6.720e-03 -1.000 1.527e-02 -5.182 -4.803 -5.047 -5.291 -5.460 -5.619 -5.845 -5.977 -6.005
0.0152 0.01508 7.47600 8.9058742523 2.6245556348    8.900  3.973  3.8289  1.682    2  0.000  0.538     0.00     0.00     0.00     0.00     0.00 -1    -1e-30      0.00 7.092e-01 2.755e-01 2.710e-03 7.399e-04 6.720e-03 -1.000 1.527e-02 -5.163 -4.694 -4.949 -5.264 -5.469 -5.655 -5.914 -6.072 -6.104
0.0152 0.01508 7.47600 8.9059362411 2.6245557197    8.900  3.967  3.8168  1.640    2  0.000  0.538     0.00     0.00     0.00     0.00     0.00 -1    -1e-30      0.00 7.092e-01 2.755e-01 2.710e-03 7.399e-04 6.720e-03 -1.000 1.527e-02 -5.148 -4.597 -4.862 -5.236 -5.470 -5.680 -5.967 -6.148 -6.183
0.0152 0.01508 7.47600 8.9059953690 2.6245558007    8.900  3.961  3.8048  1.598    2  0.000  0.538     0.00     0.00     0.00     0.00     0.00 -1    -1e-30      0.00 7.092e-01 2.755e-01 2.710e-03 7.399e-04 6.720e-03 -1.000 1.527e-02 -5.132 -4.483 -4.768 -5.206 -5.471 -5.704 -6.019 -6.224 -6.262
0.0152 0.01508 7.47600 8.9060525894 2.6245558791    8.900  3.954  3.7926  1.556    2  0.000  0.538     0.00     0.00     0.00     0.00     0.00 -1    -1e-30      0.00 7.092e-01 2.755e-01 2.710e-03 7.399e-04 6.720e-03 -1.000 1.527e-02 -5.115 -4.361 -4.665 -5.168 -5.466 -5.723 -6.068 -6.299 -6.342
0.0152 0.01508 7.47600 8.9061059952 2.6245559522    8.900  3.947  3.7806  1.515    2  0.000  0.538     0.00     0.00     0.00     0.00     0.00 -1    -1e-30      0.00 7.092e-01 2.755e-01 2.710e-03 7.399e-04 6.720e-03 -1.000 1.527e-02 -5.098 -4.206 -4.553 -5.129 -5.462 -5.743 -6.118 -6.375 -6.422
0.0152 0.01508 7.47600 8.9061574936 2.6245560227    8.900  3.940  3.7685  1.473    2  0.000  0.538     0.00     0.00     0.00     0.00     0.00 -1    -1e-30      0.00 7.092e-01 2.755e-01 2.710e-03 7.399e-04 6.720e-03 -1.000 1.527e-02 -5.080 -4.025 -4.423 -5.080 -5.450 -5.760 -6.169 -6.456 -6.507
0.0152 0.01508 7.47600 8.9062070847 2.6245560906    8.900  3.932  3.7563  1.432    2  0.000  0.538     0.00     0.00     0.00     0.00     0.00 -1    -1e-30      0.00 7.092e-01 2.755e-01 2.710e-03 7.399e-04 6.720e-03 -1.000 1.527e-02 -5.061 -3.841 -4.299 -5.029 -5.433 -5.767 -6.209 -6.524 -6.579
0.0152 0.01508 7.47600 8.9062528610 2.6245561533    8.901  3.924  3.7443  1.392    2  0.000  0.538     0.00     0.00     0.00     0.00     0.00 -1    -1e-30      0.00 7.092e-01 2.755e-01 2.710e-03 7.399e-04 6.720e-03 -1.000 1.527e-02 -5.041 -3.632 -4.170 -4.974 -5.411 -5.769 -6.244 -6.590 -6.649
0.0152 0.01508 7.47600 8.9062976837 2.6245562147    8.901  3.916  3.7324  1.353    2  0.000  0.538     0.00     0.00     0.00     0.00     0.00 -1    -1e-30      0.00 7.092e-01 2.755e-01 2.710e-03 7.399e-04 6.720e-03 -1.000 1.527e-02 -5.021 -3.413 -4.036 -4.912 -5.383 -5.764 -6.276 -6.653 -6.714
0.0152 0.01508 7.47600 8.9063405991 2.6245562735    8.901  3.908  3.7204  1.313    2  0.000  0.538     0.00     0.00     0.00     0.00     0.00 -1    -1e-30      0.00 7.092e-01 2.755e-01 2.710e-03 7.399e-04 6.720e-03 -1.000 1.527e-02 -4.999 -3.182 -3.897 -4.844 -5.348 -5.752 -6.303 -6.713 -6.776
0.0152 0.01508 7.47600 8.9063806534 2.6245563283    8.901  3.898  3.7086  1.276    2  0.000  0.538     0.00     0.00     0.00     0.00     0.00 -1    -1e-30      0.00 7.092e-01 2.755e-01 2.710e-03 7.399e-04 6.720e-03 -1.000 1.527e-02 -4.976 -2.934 -3.754 -4.770 -5.306 -5.733 -6.325 -6.768 -6.833
0.0152 0.01508 7.47600 8.9064207077 2.6245563832    8.901  3.888  3.6972  1.240    2  0.000  0.538     0.00     0.00     0.00     0.00     0.00 -1    -1e-30      0.00 7.092e-01 2.755e-01 2.710e-03 7.399e-04 6.720e-03 -1.000 1.527e-02 -4.950 -2.673 -3.610 -4.691 -5.258 -5.706 -6.340 -6.816 -6.885
0.0152 0.01508 7.47600 8.9064626694 2.6245564406    8.901  3.876  3.6860  1.207    2  0.000  0.538     0.00     0.00     0.00     0.00     0.00 -1    -1e-30      0.00 7.092e-01 2.755e-01 2.710e-03 7.399e-04 6.720e-03 -1.000 1.527e-02 -4.921 -2.397 -3.461 -4.605 -5.203 -5.671 -6.348 -6.855 -6.930
0.0152 0.01508 7.47600 8.9065074921 2.6245565020    8.901  3.862  3.6752  1.178    2  0.000  0.538     0.00     0.00     0.00     0.00     0.00 -1    -1e-30      0.00 7.092e-01 2.755e-01 2.710e-03 7.399e-04 6.720e-03 -1.000 1.527e-02 -4.885 -2.206 -3.323 -4.521 -5.140 -5.623 -6.342 -6.868 -6.956
0.0152 0.01508 7.47600 8.9065628052 2.6245565778    8.901  3.844  3.6648  1.155    2  0.000  0.538     0.00     0.00     0.00     0.00     0.00 -1    -1e-30      0.00 7.092e-01 2.755e-01 2.710e-03 7.399e-04 6.720e-03 -1.000 1.527e-02 -4.840 -2.015 -3.176 -4.423 -5.062 -5.560 -6.321 -6.865 -6.970
0.0152 0.01508 7.47600 8.9066371918 2.6245566796    8.901  3.822  3.6555  1.140    2  0.000  0.538     0.00     0.00     0.00     0.00     0.00 -1    -1e-30      0.00 7.092e-01 2.755e-01 2.710e-03 7.399e-04 6.720e-03 -1.000 1.527e-02 -4.784 -1.797 -3.018 -4.311 -4.970 -5.486 -6.287 -6.848 -6.967
0.0152 0.01508 7.47600 8.9067373276 2.6245568167    8.901  3.796  3.6472  1.133    2  0.000  0.538     0.00     0.00     0.00     0.00     0.00 -1    -1e-30      0.00 7.092e-01 2.755e-01 2.710e-03 7.399e-04 6.720e-03 -1.000 1.527e-02 -4.719 -1.523 -2.849 -4.185 -4.869 -5.406 -6.242 -6.827 -6.955
0.0152 0.01508 7.47600 8.9068536758 2.6245569760    8.901  3.772  3.6387  1.123    2  0.000  0.538     0.00     0.00     0.00     0.00     0.00 -1    -1e-30      0.00 7.092e-01 2.755e-01 2.710e-03 7.399e-04 6.720e-03 -1.000 1.527e-02 -4.659 -1.244 -2.678 -4.055 -4.766 -5.328 -6.200 -6.812 -6.949
0.0152 0.01508 7.47600 8.9068927765 2.6245570296    8.901  3.765  3.6358  1.117    2  0.000  0.538     0.00     0.00     0.00     0.00     0.00 -1    -1e-30      0.00 7.092e-01 2.755e-01 2.710e-03 7.399e-04 6.720e-03 -1.000 1.527e-02 -4.643 -1.154 -2.623 -4.014 -4.735 -5.306 -6.190 -6.811 -6.951
0.0152 0.01508 7.47600 8.9069700241 2.6245571353    8.901  3.782  3.6291  1.074    2  0.000  0.537     0.00     0.00     0.00     0.00     0.00 -1    -1e-30      0.00 7.092e-01 2.755e-01 2.708e-03 7.402e-04 6.720e-03 -1.000 1.527e-02 -4.686 -1.005 -2.569 -3.997 -4.742 -5.334 -6.247 -6.889 -7.037
0.0152 0.01508 7.47600 8.9070577621 2.6245572555    8.901  3.816  3.6209  1.007    3  0.000  0.535    33.01    24.15    16.93    12.24    10.12  4    -1e-30      0.00 7.092e-01 2.755e-01 2.698e-03 7.441e-04 6.720e-03 -1.000 1.527e-02 -4.770 -0.843 -2.527 -4.001 -4.778 -5.398 -6.348 -7.015 -7.173
0.0152 0.01508 7.47600 8.9071092606 2.6245573260    8.901  3.857  3.6151  0.943    3  0.000  0.523    38.18    27.09    18.90    13.69    11.32  4    -1e-30      0.00 7.092e-01 2.755e-01 2.638e-03 7.832e-04 6.720e-03 -1.000 1.529e-02 -4.871 -0.756 -2.531 -4.040 -4.841 -5.484 -6.462 -7.145 -7.312
0.0152 0.01508 7.47600 8.9071502686 2.6245573821    8.901  3.895  3.6103  0.886    3  0.000  0.501    43.58    30.08    20.89    15.15    12.53  4    -1e-30      0.00 7.091e-01 2.755e-01 2.524e-03 8.872e-04 6.720e-03 -1.000 1.534e-02 -4.968 -0.691 -2.544 -4.084 -4.905 -5.568 -6.569 -7.266 -7.439
0.0152 0.01508 7.47600 8.9071865082 2.6245574317    8.901  3.933  3.6060  0.830    3  0.000  0.470    49.49    33.25    22.99    16.70    13.82  4    -1e-30      0.00 7.091e-01 2.755e-01 2.370e-03 1.061e-03 6.720e-03 -1.000 1.537e-02 -5.063 -0.644 -2.560 -4.125 -4.966 -5.652 -6.674 -7.383 -7.563
0.0152 0.01508 7.47600 8.9072036743 2.6245574552    8.901  3.952  3.6039  0.803    3  0.000  0.455    52.60    34.90    24.07    17.50    14.48  4    -1e-30      0.00 7.091e-01 2.755e-01 2.295e-03 1.151e-03 6.720e-03 -1.000 1.537e-02 -5.109 -0.623 -2.569 -4.146 -4.996 -5.692 -6.724 -7.440 -7.623
0.0152 0.01508 7.47600 8.9072237015 2.6245574826    8.901  3.972  3.6018  0.775    3  0.000  0.445    56.18    36.76    25.30    18.40    15.23  4    -1e-30      0.00 7.091e-01 2.756e-01 2.241e-03 1.218e-03 6.720e-03 -1.000 1.536e-02 -5.160 -0.604 -2.581 -4.171 -5.031 -5.738 -6.780 -7.501 -7.687
0.0152 0.01508 7.47600 8.9072618484 2.6245575349    8.901  4.011  3.5978  0.720    3  0.000  0.426    63.72    40.60    27.82    20.27    16.78  4    -1e-30      0.00 7.091e-01 2.756e-01 2.147e-03 1.335e-03 6.720e-03 -1.000 1.531e-02 -5.258 -0.572 -2.603 -4.215 -5.094 -5.824 -6.887 -7.618 -7.811
0.0152 0.01508 7.47600 8.9072732925 2.6245575505    8.901  4.021  3.5968  0.705    3  0.000  0.422    65.82    41.66    28.51    20.78    17.20  4    -1e-30      0.00 7.091e-01 2.756e-01 2.129e-03 1.356e-03 6.720e-03 -1.000 1.532e-02 -5.283 -0.565 -2.609 -4.227 -5.110 -5.847 -6.914 -7.649 -7.843
0.0152 0.01508 7.47600 8.9073305130 2.6245576289    8.902  4.064  3.5927  0.646    3  0.000  0.410    75.34    46.35    31.57    23.04    19.08  4    -1e-30      0.00 7.090e-01 2.756e-01 2.064e-03 1.438e-03 6.719e-03 -1.000 1.536e-02 -5.389 -0.536 -2.632 -4.273 -5.176 -5.940 -7.029 -7.775 -7.976
0.0152 0.01508 7.47600 8.9074373245 2.6245577751    8.902  4.112  3.5878  0.579    3  0.000  0.399    87.96    52.38    35.48    25.95    21.49  4    -1e-30      0.00 7.086e-01 2.761e-01 2.000e-03 1.554e-03 6.675e-03 -1.000 1.537e-02 -5.510 -0.505 -2.653 -4.318 -5.246 -6.045 -7.161 -7.919 -8.128
0.0152 0.01508 7.47600 8.9076595306 2.6245580793    8.902  4.149  3.5840  0.526    3  0.000  0.396    99.20    57.61    38.85    28.45    23.57  4    -1e-30      0.00 7.069e-01 2.777e-01 1.949e-03 1.711e-03 6.568e-03 -1.000 1.537e-02 -5.603 -0.487 -2.666 -4.348 -5.296 -6.125 -7.263 -8.032 -8.246
0.0152 0.01508 7.47600 8.9082937241 2.6245589474    8.903  4.193  3.5795  0.464    3  0.000  0.394   114.36    64.46    43.25    31.73    26.29  4    -1e-30      0.00 7.022e-01 2.825e-01 1.882e-03 1.969e-03 6.368e-03 -1.000 1.537e-02 -5.714 -0.462 -2.678 -4.380 -5.352 -6.221 -7.384 -8.164 -8.386
0.0152 0.01508 7.47600 8.9090461731 2.6245599771    8.903  4.232  3.5757  0.411    3  0.000  0.393   129.13    70.95    47.40    34.82    28.87  4    -1e-30      0.00 6.961e-01 2.885e-01 1.827e-03 2.191e-03 6.192e-03 -1.000 1.537e-02 -5.809 -0.451 -2.680 -4.393 -5.389 -6.302 -7.490 -8.278 -8.507
0.0152 0.01508 7.47600 8.9098396301 2.6245610628    8.904  4.257  3.5732  0.375    3  0.000  0.393   140.23    75.73    50.45    37.09    30.75  4    -1e-30      0.00 6.917e-01 2.929e-01 1.795e-03 2.327e-03 6.084e-03 -1.000 1.537e-02 -5.874 -0.445 -2.683 -4.403 -5.415 -6.357 -7.561 -8.356 -8.588
0.0152 0.01508 7.47600 8.9108619690 2.6245624613    8.905  4.280  3.5711  0.344    3  0.000  0.393   150.36    80.02    53.17    39.13    32.44  4    -1e-30      0.00 6.880e-01 2.967e-01 1.771e-03 2.424e-03 6.006e-03 -1.000 1.536e-02 -5.929 -0.441 -2.685 -4.412 -5.437 -6.404 -7.622 -8.421 -8.658
0.0152 0.01508 7.47600 8.9129600525 2.6245653302    8.907  4.307  3.5685  0.307    3  0.000  0.393   163.79    85.61    56.72    41.78    34.65  4    -1e-30      0.00 6.836e-01 3.011e-01 1.746e-03 2.530e-03 5.920e-03 -1.000 1.532e-02 -5.997 -0.440 -2.685 -4.416 -5.460 -6.461 -7.697 -8.502 -8.743
0.0152 0.01508 7.47600 8.9262704849 2.6245834948    8.920  4.285  3.5711  0.339    4  0.000  0.393     0.00     0.00     0.00     0.00     0.00 -1    -1e-30      0.00 6.836e-01 3.011e-01 1.746e-03 2.530e-03 5.920e-03 -1.000 1.532e-02 -5.944 -0.452 -2.699 -4.427 -5.453 -6.419 -7.637 -8.436 -8.672
0.0152 0.01508 7.47600 8.9454498291 2.6246095594    8.939  4.249  3.5753  0.393    4  0.000  0.393     0.00     0.00     0.00     0.00     0.00 -1    -1e-30      0.00 6.836e-01 3.011e-01 1.746e-03 2.530e-03 5.920e-03 -1.000 1.533e-02 -5.853 -0.474 -2.710 -4.427 -5.426 -6.344 -7.535 -8.324 -8.554
0.0152 0.01508 7.47600 8.9608306885 2.6246303692    8.955  4.214  3.5792  0.445    4  0.000  0.393     0.00     0.00     0.00     0.00     0.00 -1    -1e-30      0.00 6.836e-01 3.011e-01 1.746e-03 2.531e-03 5.920e-03 -1.000 1.533e-02 -5.764 -0.493 -2.717 -4.424 -5.399 -6.271 -7.436 -8.216 -8.439
0.0152 0.01508 7.47600 8.9741630554 2.6246483411    8.968  4.180  3.5831  0.495    4  0.000  0.393     0.00     0.00     0.00     0.00     0.00 -1    -1e-30      0.00 6.836e-01 3.011e-01 1.746e-03 2.531e-03 5.920e-03 -1.000 1.533e-02 -5.680 -0.521 -2.719 -4.409 -5.362 -6.199 -7.342 -8.113 -8.329
0.0152 0.01508 7.47600 8.9878997803 2.6246667939    8.982  4.147  3.5869  0.544    4  0.000  0.393     0.00     0.00     0.00     0.00     0.00 -1    -1e-30      0.00 6.836e-01 3.011e-01 1.746e-03 2.531e-03 5.920e-03 -1.000 1.533e-02 -5.597 -0.549 -2.717 -4.390 -5.324 -6.130 -7.251 -8.011 -8.222
0.0152 0.01508 7.47600 9.0000000000 2.6246829947    8.995  4.123  3.5899  0.581    4  0.000  0.393     0.00     0.00     0.00     0.00     0.00 -1    -1e-30      0.00 6.836e-01 3.011e-01 1.746e-03 2.531e-03 5.920e-03 -1.000 1.533e-02 -5.536 -0.574 -2.718 -4.380 -5.298 -6.079 -7.183 -7.935 -8.141
0.0152 0.01508 7.47600 9.0116405487 2.6246985329    9.006  4.102  3.5925  0.612    4  0.000  0.393     0.00     0.00     0.00     0.00     0.00 -1    -1e-30      0.00 6.836e-01 3.011e-01 1.746e-03 2.531e-03 5.920e-03 -1.000 1.533e-02 -5.486 -0.603 -2.718 -4.366 -5.272 -6.036 -7.128 -7.872 -8.074
0.0152 0.01508 7.47600 9.0414485931 2.6247381119    9.036  4.073  3.5976  0.663    4  0.000  0.393     0.00     0.00     0.00     0.00     0.00 -1    -1e-30      0.00 6.836e-01 3.011e-01 1.746e-03 2.531e-03 5.920e-03 -1.000 1.533e-02 -5.414 -0.678 -2.741 -4.365 -5.247 -5.979 -7.045 -7.774 -7.969
0.0152 0.01508 7.47600 9.0777626038 2.6247859259    9.073  4.065  3.6025  0.693    4  0.000  0.393     0.00     0.00     0.00     0.00     0.00 -1    -1e-30      0.00 6.836e-01 3.010e-01 1.746e-03 2.531e-03 5.919e-03 -1.000 1.533e-02 -5.393 -0.790 -2.806 -4.409 -5.269 -5.973 -7.015 -7.729 -7.916
0.0152 0.01508 7.47600 9.0927820206 2.6248055733    9.088  4.095  3.6142  0.711    4  0.000  0.393     0.00     0.00     0.00     0.00     0.00 -1    -1e-30      0.00 6.836e-01 3.010e-01 1.746e-03 2.531e-03 5.919e-03 -1.000 1.533e-02 -5.467 -1.160 -3.064 -4.619 -5.432 -6.081 -7.069 -7.743 -7.916
0.0152 0.01508 7.47600 9.1255617142 2.6248481955    9.121  4.202  3.7574  1.177    5  0.000  0.393     0.00     0.00     0.00     0.00     0.00 -1    -1e-30      0.00 6.836e-01 3.010e-01 1.746e-03 2.531e-03 5.919e-03 -1.000 1.533e-02 -5.736 -4.500 -4.982 -5.712 -6.112 -6.444 -6.881 -7.187 -7.244
0.0152 0.01508 7.47600 9.1291952133 2.6248528983    9.124  4.227  3.8502  1.524    5  0.000  0.393     0.00     0.00     0.00     0.00     0.00 -1    -1e-30      0.00 6.836e-01 3.010e-01 1.746e-03 2.531e-03 5.919e-03 -1.000 1.533e-02 -5.797 -5.462 -5.711 -5.913 -6.061 -6.206 -6.418 -6.536 -6.564
0.0152 0.01508 7.47600 9.1309919357 2.6248552222    9.126  4.230  3.8748  1.619    5  0.000  0.393     0.00     0.00     0.00     0.00     0.00 -1    -1e-30      0.00 6.836e-01 3.010e-01 1.746e-03 2.531e-03 5.919e-03 -1.000 1.533e-02 -5.806 -5.604 -5.804 -5.919 -6.018 -6.122 -6.281 -6.365 -6.385
0.0152 0.01508 7.47600 9.1317701340 2.6248562284    9.127  4.232  3.8822  1.647    5  0.000  0.393     0.00     0.00     0.00     0.00     0.00 -1    -1e-30      0.00 6.836e-01 3.010e-01 1.746e-03 2.531e-03 5.919e-03 -1.000 1.533e-02 -5.811 -5.645 -5.826 -5.919 -6.006 -6.098 -6.242 -6.317 -6.335
0.0152 0.01508 7.47600 9.1320266724 2.6248565600    9.127  4.233  3.8849  1.657    5  0.000  0.393     0.00     0.00     0.00     0.00     0.00 -1    -1e-30      0.00 6.836e-01 3.010e-01 1.746e-03 2.531e-03 5.919e-03 -1.000 1.533e-02 -5.813 -5.659 -5.833 -5.919 -6.001 -6.090 -6.228 -6.300 -6.317
0.0152 0.01508 7.47600 9.1322193146 2.6248568091    9.127  4.234  3.8870  1.665    5  0.000  0.393     0.00     0.00     0.00     0.00     0.00 -1    -1e-30      0.00 6.836e-01 3.010e-01 1.746e-03 2.531e-03 5.919e-03 -1.000 1.533e-02 -5.814 -5.671 -5.838 -5.918 -5.997 -6.082 -6.217 -6.285 -6.302
0.0152 0.01508 7.47600 9.1323633194 2.6248569952    9.127  4.234  3.8887  1.671    5  0.000  0.393     0.00     0.00     0.00     0.00     0.00 -1    -1e-30      0.00 6.836e-01 3.010e-01 1.746e-03 2.531e-03 5.919e-03 -1.000 1.533e-02 -5.815 -5.679 -5.842 -5.918 -5.994 -6.077 -6.208 -6.275 -6.291
0.0152 0.01508 7.47600 9.1324901581 2.6248571592    9.128  4.234  3.8901  1.677    5  0.000  0.393     0.00     0.00     0.00     0.00     0.00 -1    -1e-30      0.00 6.836e-01 3.010e-01 1.746e-03 2.531e-03 5.919e-03 -1.000 1.533e-02 -5.815 -5.686 -5.846 -5.917 -5.991 -6.072 -6.200 -6.265 -6.281
0.0152 0.01508 7.47600 9.1326103210 2.6248573145    9.128  4.234  3.8915  1.682    5  0.000  0.393     0.00     0.00     0.00     0.00     0.00 -1    -1e-30      0.00 6.836e-01 3.010e-01 1.746e-03 2.531e-03 5.919e-03 -1.000 1.533e-02 -5.816 -5.693 -5.847 -5.916 -5.988 -6.067 -6.192 -6.256 -6.272
0.0152 0.01508 7.47600 9.1327285767 2.6248574674    9.128  4.235  3.8929  1.687    5  0.000  0.393     0.00     0.00     0.00     0.00     0.00 -1    -1e-30      0.00 6.836e-01 3.010e-01 1.746e-03 2.531e-03 5.919e-03 -1.000 1.533e-02 -5.817 -5.699 -5.849 -5.914 -5.984 -6.062 -6.185 -6.247 -6.262
0.0152 0.01508 7.47600 9.1328487396 2.6248576227    9.128  4.235  3.8943  1.693    5  0.000  0.393     0.00     0.00     0.00     0.00     0.00 -1    -1e-30      0.00 6.836e-01 3.010e-01 1.746e-03 2.531e-03 5.919e-03 -1.000 1.533e-02 -5.817 -5.705 -5.850 -5.913 -5.981 -6.057 -6.177 -6.238 -6.252
0.0152 0.01508 7.47600 9.1329708099 2.6248577805    9.128  4.235  3.8957  1.698    5  0.000  0.393     0.00     0.00     0.00     0.00     0.00 -1    -1e-30      0.00 6.836e-01 3.010e-01 1.746e-03 2.531e-03 5.919e-03 -1.000 1.533e-02 -5.818 -5.712 -5.852 -5.911 -5.978 -6.052 -6.169 -6.228 -6.243
0.0152 0.01508 7.47600 9.1330976486 2.6248579444    9.128  4.235  3.8971  1.704    5  0.000  0.393     0.00     0.00     0.00     0.00     0.00 -1    -1e-30      0.00 6.836e-01 3.010e-01 1.746e-03 2.531e-03 5.919e-03 -1.000 1.533e-02 -5.818 -5.718 -5.854 -5.910 -5.974 -6.047 -6.161 -6.219 -6.233
0.0152 0.01508 7.47600 9.1332302094 2.6248581157    9.128  4.235  3.8985  1.709    5  0.000  0.393     0.00     0.00     0.00     0.00     0.00 -1    -1e-30      0.00 6.836e-01 3.010e-01 1.746e-03 2.531e-03 5.919e-03 -1.000 1.533e-02 -5.818 -5.725 -5.855 -5.908 -5.971 -6.041 -6.152 -6.209 -6.223
0.0152 0.01508 7.47600 9.1334047318 2.6248583413    9.128  4.236  3.9004  1.716    5  0.000  0.393     0.00     0.00     0.00     0.00     0.00 -1    -1e-30      0.00 6.836e-01 3.010e-01 1.746e-03 2.531e-03 5.919e-03 -1.000 1.533e-02 -5.819 -5.733 -5.857 -5.906 -5.966 -6.034 -6.142 -6.197 -6.209
0.0152 0.01508 7.47600 9.1335535049 2.6248585335    9.129  4.236  3.9020  1.722    5  0.000  0.393     0.00     0.00     0.00     0.00     0.00 -1    -1e-30      0.00 6.836e-01 3.010e-01 1.746e-03 2.531e-03 5.919e-03 -1.000 1.533e-02 -5.820 -5.739 -5.858 -5.903 -5.962 -6.028 -6.133 -6.186 -6.199
0.0152 0.01508 7.47600 9.1337118149 2.6248587381    9.129  4.236  3.9036  1.729    5  0.000  0.393     0.00     0.00     0.00     0.00     0.00 -1    -1e-30      0.00 6.836e-01 3.010e-01 1.746e-03 2.531e-03 5.919e-03 -1.000 1.533e-02 -5.820 -5.745 -5.858 -5.900 -5.957 -6.022 -6.124 -6.176 -6.188
0.0152 0.01508 7.47600 9.1338806152 2.6248589562    9.129  4.236  3.9050  1.734    5  0.000  0.393     0.00     0.00     0.00     0.00     0.00 -1    -1e-30      0.00 6.836e-01 3.010e-01 1.746e-03 2.531e-03 5.919e-03 -1.000 1.533e-02 -5.820 -5.751 -5.858 -5.898 -5.953 -6.017 -6.115 -6.166 -6.178
0.0152 0.01508 7.47600 9.1341104507 2.6248592532    9.129  4.236  3.9069  1.742    5  0.000  0.393     0.00     0.00     0.00     0.00     0.00 -1    -1e-30      0.00 6.836e-01 3.010e-01 1.746e-03 2.531e-03 5.919e-03 -1.000 1.533e-02 -5.821 -5.758 -5.859 -5.895 -5.948 -6.010 -6.105 -6.154 -6.165
0.0152 0.01508 7.47600 9.1343641281 2.6248595810    9.130  4.237  3.9088  1.749    5  0.000  0.393     0.00     0.00     0.00     0.00     0.00 -1    -1e-30      0.00 6.836e-01 3.010e-01 1.746e-03 2.531e-03 5.919e-03 -1.000 1.533e-02 -5.822 -5.766 -5.860 -5.892 -5.943 -6.002 -6.094 -6.141 -6.151
0.0152 0.01508 7.47600 9.1345911026 2.6248598742    9.130  4.237  3.9105  1.756    5  0.000  0.393     0.00     0.00     0.00     0.00     0.00 -1    -1e-30      0.00 6.836e-01 3.010e-01 1.746e-03 2.531e-03 5.919e-03 -1.000 1.533e-02 -5.822 -5.773 -5.860 -5.889 -5.938 -5.996 -6.084 -6.130 -6.140
0.0152 0.01508 7.47600 9.1348447800 2.6248602020    9.130  4.237  3.9123  1.762    5  0.000  0.393     0.00     0.00     0.00     0.00     0.00 -1    -1e-30      0.00 6.836e-01 3.010e-01 1.746e-03 2.531e-03 5.919e-03 -1.000 1.533e-02 -5.823 -5.779 -5.859 -5.886 -5.933 -5.989 -6.074 -6.119 -6.128
0.0152 0.01508 7.47600 9.1351337433 2.6248605752    9.130  4.237  3.9142  1.770    5  0.000  0.393     0.00     0.00     0.00     0.00     0.00 -1    -1e-30      0.00 6.836e-01 3.010e-01 1.746e-03 2.531e-03 5.919e-03 -1.000 1.533e-02 -5.824 -5.785 -5.858 -5.882 -5.928 -5.982 -6.063 -6.106 -6.115
0.0152 0.01508 7.47600 9.1354684830 2.6248610076    9.130  4.238  3.9163  1.778    5  0.000  0.393     0.00     0.00     0.00     0.00     0.00 -1    -1e-30      0.00 6.836e-01 3.010e-01 1.746e-03 2.531e-03 5.919e-03 -1.000 1.533e-02 -5.824 -5.792 -5.857 -5.878 -5.922 -5.973 -6.051 -6.093 -6.100
0.0152 0.01508 7.47600 9.1359834671 2.6248616728    9.131  4.238  3.9193  1.790    5  0.000  0.393     0.00     0.00     0.00     0.00     0.00 -1    -1e-30      0.00 6.836e-01 3.010e-01 1.746e-03 2.531e-03 5.919e-03 -1.000 1.533e-02 -5.826 -5.803 -5.856 -5.872 -5.913 -5.962 -6.034 -6.073 -6.080
0.0152 0.01508 7.47600 9.1365146637 2.6248623588    9.131  4.239  3.9219  1.799    5  0.000  0.393     0.00     0.00     0.00     0.00     0.00 -1    -1e-30      0.00 6.836e-01 3.010e-01 1.746e-03 2.531e-03 5.919e-03 -1.000 1.533e-02 -5.827 -5.811 -5.854 -5.866 -5.905 -5.952 -6.019 -6.057 -6.063
0.0152 0.01508 7.47600 9.1374397278 2.6248635532    9.132  4.240  3.9260  1.815    5  0.000  0.393     0.00     0.00     0.00     0.00     0.00 -1    -1e-30      0.00 6.836e-01 3.010e-01 1.746e-03 2.531e-03 5.919e-03 -1.000 1.533e-02 -5.829 -5.823 -5.849 -5.856 -5.893 -5.936 -5.996 -6.031 -6.035
0.0152 0.01508 7.47600 9.1385755539 2.6248650193    9.134  4.241  3.9307  1.832    5  0.000  0.393     0.00     0.00     0.00     0.00     0.00 -1    -1e-30      0.00 6.836e-01 3.010e-01 1.746e-03 2.531e-03 5.919e-03 -1.000 1.533e-02 -5.832 -5.837 -5.845 -5.846 -5.879 -5.919 -5.971 -6.003 -6.005
0.0152 0.01508 7.47600 9.1404161453 2.6248673944    9.135  4.243  3.9372  1.857    5  0.000  0.393     0.00     0.00     0.00     0.00     0.00 -1    -1e-30      0.00 6.836e-01 3.010e-01 1.746e-03 2.531e-03 5.919e-03 -1.000 1.533e-02 -5.837 -5.853 -5.834 -5.828 -5.858 -5.894 -5.935 -5.963 -5.964
0.0152 0.01508 7.47600 9.1433515549 2.6248711798    9.138  4.246  3.9467  1.892    5  0.000  0.393     0.00     0.00     0.00     0.00     0.00 -1    -1e-30      0.00 6.836e-01 3.010e-01 1.746e-03 2.531e-03 5.919e-03 -1.000 1.533e-02 -5.844 -5.873 -5.816 -5.802 -5.828 -5.857 -5.883 -5.907 -5.904
0.0152 0.01508 7.47600 9.1467561722 2.6248755668    9.142  4.249  3.9566  1.928    5  0.000  0.393     0.00     0.00     0.00     0.00     0.00 -1    -1e-30      0.00 6.836e-01 3.010e-01 1.746e-03 2.531e-03 5.919e-03 -1.000 1.533e-02 -5.852 -5.888 -5.799 -5.774 -5.795 -5.818 -5.829 -5.847 -5.841
0.0152 0.01508 7.47600 9.1511383057 2.6248812079    9.146  4.253  3.9678  1.969    5  0.000  0.393     0.00     0.00     0.00     0.00     0.00 -1    -1e-30      0.00 6.837e-01 3.010e-01 1.746e-03 2.531e-03 5.919e-03 -1.000 1.533e-02 -5.862 -5.903 -5.774 -5.740 -5.757 -5.773 -5.768 -5.782 -5.772
0.0152 0.01508 7.47600 9.1560583115 2.6248875340    9.151  4.257  3.9782  2.008    5  0.000  0.393     0.00     0.00     0.00     0.00     0.00 -1    -1e-30      0.00 6.837e-01 3.010e-01 1.746e-03 2.531e-03 5.919e-03 -1.000 1.534e-02 -5.871 -5.916 -5.745 -5.705 -5.720 -5.731 -5.712 -5.721 -5.708
0.0152 0.01508 7.47600 9.1639175415 2.6248976231    9.159  4.261  3.9887  2.046    5  0.000  0.393     0.00     0.00     0.00     0.00     0.00 -1    -1e-30      0.00 6.837e-01 3.010e-01 1.746e-03 2.531e-03 5.919e-03 -1.000 1.534e-02 -5.883 -5.927 -5.716 -5.671 -5.683 -5.689 -5.656 -5.661 -5.646
0.0152 0.01508 7.47600 9.1740503311 2.6249106014    9.169  4.266  3.9960  2.070    5  0.000  0.393     0.00     0.00     0.00     0.00     0.00 -1    -1e-30      0.00 6.837e-01 3.010e-01 1.746e-03 2.531e-03 5.919e-03 -1.000 1.534e-02 -5.894 -5.936 -5.699 -5.650 -5.661 -5.663 -5.621 -5.624 -5.607
0.0152 0.01508 7.47600 9.1863021851 2.6249262500    9.181  4.268  3.9884  2.038    6  0.000  0.393     0.00     0.00     0.00     0.00     0.00 -1    -1e-30      0.00 6.837e-01 3.010e-01 1.746e-03 2.531e-03 5.919e-03 -1.000 1.534e-02 -5.900 -5.945 -5.734 -5.689 -5.702 -5.708 -5.676 -5.681 -5.666
0.0152 0.01508 7.47600 9.1947517395 2.6249370142    9.190  4.269  3.9811  2.008    6  0.000  0.393     0.00     0.00     0.00     0.00     0.00 -1    -1e-30      0.00 6.837e-01 3.010e-01 1.746e-03 2.531e-03 5.919e-03 -1.000 1.534e-02 -5.904 -5.950 -5.766 -5.725 -5.739 -5.749 -5.726 -5.734 -5.720
0.0152 0.01508 7.47600 9.2014207840 2.6249454940    9.197  4.270  3.9722  1.972    6  0.000  0.393     0.00     0.00     0.00     0.00     0.00 -1    -1e-30      0.00 6.837e-01 3.010e-01 1.746e-03 2.531e-03 5.919e-03 -1.000 1.534e-02 -5.905 -5.948 -5.801 -5.764 -5.780 -5.794 -5.784 -5.795 -5.784
0.0152 0.01508 7.47600 9.2071428299 2.6249527585    9.202  4.270  3.9636  1.938    6  0.000  0.393     0.00     0.00     0.00     0.00     0.00 -1    -1e-30      0.00 6.837e-01 3.010e-01 1.746e-03 2.531e-03 5.919e-03 -1.000 1.534e-02 -5.906 -5.945 -5.831 -5.800 -5.818 -5.837 -5.838 -5.854 -5.845
0.0152 0.01508 7.47600 9.2126064301 2.6249596852    9.208  4.271  3.9548  1.903    6  0.000  0.393     0.00     0.00     0.00     0.00     0.00 -1    -1e-30      0.00 6.837e-01 3.010e-01 1.746e-03 2.531e-03 5.919e-03 -1.000 1.534e-02 -5.907 -5.942 -5.856 -5.834 -5.857 -5.881 -5.895 -5.914 -5.909
0.0152 0.01508 7.47600 9.2172498703 2.6249655647    9.213  4.271  3.9464  1.869    6  0.000  0.393     0.00     0.00     0.00     0.00     0.00 -1    -1e-30      0.00 6.837e-01 3.010e-01 1.746e-03 2.531e-03 5.919e-03 -1.000 1.534e-02 -5.907 -5.936 -5.878 -5.865 -5.891 -5.921 -5.947 -5.971 -5.968
0.0152 0.01508 7.47600 9.2216968536 2.6249711890    9.217  4.271  3.9379  1.835    6  0.000  0.393     0.00     0.00     0.00     0.00     0.00 -1    -1e-30      0.00 6.837e-01 3.010e-01 1.746e-03 2.531e-03 5.919e-03 -1.000 1.534e-02 -5.907 -5.925 -5.900 -5.895 -5.925 -5.961 -6.000 -6.028 -6.028
0.0152 0.01508 7.47600 9.2259511948 2.6249765639    9.221  4.270  3.9290  1.800    6  0.000  0.393     0.00     0.00     0.00     0.00     0.00 -1    -1e-30      0.00 6.837e-01 3.010e-01 1.746e-03 2.531e-03 5.919e-03 -1.000 1.534e-02 -5.906 -5.909 -5.921 -5.924 -5.959 -6.000 -6.055 -6.088 -6.091
0.0152 0.01508 7.47600 9.2300128937 2.6249816900    9.225  4.270  3.9196  1.763    6  0.000  0.393     0.00     0.00     0.00     0.00     0.00 -1    -1e-30      0.00 6.837e-01 3.010e-01 1.746e-03 2.531e-03 5.919e-03 -1.000 1.534e-02 -5.905 -5.885 -5.935 -5.950 -5.991 -6.040 -6.111 -6.150 -6.157
0.0152 0.01508 7.47600 9.2338113785 2.6249864793    9.229  4.269  3.9097  1.725    6  0.000  0.393     0.00     0.00     0.00     0.00     0.00 -1    -1e-30      0.00 6.837e-01 3.010e-01 1.746e-03 2.531e-03 5.919e-03 -1.000 1.534e-02 -5.903 -5.853 -5.941 -5.972 -6.022 -6.080 -6.170 -6.216 -6.226
0.0152 0.01508 7.47600 9.2373132706 2.6249908906    9.233  4.268  3.8995  1.685    6  0.000  0.393     0.00     0.00     0.00     0.00     0.00 -1    -1e-30      0.00 6.837e-01 3.010e-01 1.746e-03 2.531e-03 5.919e-03 -1.000 1.534e-02 -5.901 -5.814 -5.940 -5.989 -6.051 -6.120 -6.229 -6.285 -6.298
0.0152 0.01508 7.47600 9.2411518097 2.6249957215    9.237  4.267  3.8866  1.635    6  0.000  0.393     0.00     0.00     0.00     0.00     0.00 -1    -1e-30      0.00 6.837e-01 3.010e-01 1.746e-03 2.531e-03 5.919e-03 -1.000 1.534e-02 -5.898 -5.755 -5.923 -6.003 -6.082 -6.168 -6.303 -6.372 -6.389
0.0152 0.01508 7.47600 9.2438144684 2.6249990699    9.239  4.266  3.8766  1.596    6  0.000  0.393     0.00     0.00     0.00     0.00     0.00 -1    -1e-30      0.00 6.837e-01 3.010e-01 1.746e-03 2.531e-03 5.919e-03 -1.000 1.534e-02 -5.895 -5.704 -5.899 -6.008 -6.103 -6.204 -6.359 -6.440 -6.460
0.0152 0.01508 7.47600 9.2461605072 2.6250020183    9.241  4.265  3.8667  1.558    6  0.000  0.393     0.00     0.00     0.00     0.00     0.00 -1    -1e-30      0.00 6.837e-01 3.010e-01 1.746e-03 2.531e-03 5.919e-03 -1.000 1.534e-02 -5.892 -5.650 -5.869 -6.009 -6.122 -6.238 -6.415 -6.509 -6.532
0.0152 0.01508 7.47600 9.2482290268 2.6250046164    9.244  4.263  3.8569  1.520    6  0.000  0.393     0.00     0.00     0.00     0.00     0.00 -1    -1e-30      0.00 6.837e-01 3.010e-01 1.746e-03 2.531e-03 5.919e-03 -1.000 1.534e-02 -5.889 -5.593 -5.833 -6.007 -6.140 -6.272 -6.469 -6.577 -6.603
0.0152 0.01508 7.47600 9.2500524521 2.6250069056    9.245  4.262  3.8472  1.483    6  0.000  0.393     0.00     0.00     0.00     0.00     0.00 -1    -1e-30      0.00 6.837e-01 3.010e-01 1.746e-03 2.531e-03 5.919e-03 -1.000 1.534e-02 -5.885 -5.533 -5.787 -6.000 -6.155 -6.305 -6.523 -6.646 -6.674
0.0152 0.01508 7.47600 9.2516603470 2.6250089234    9.247  4.260  3.8378  1.447    6  0.000  0.393     0.00     0.00     0.00     0.00     0.00 -1    -1e-30      0.00 6.837e-01 3.010e-01 1.746e-03 2.531e-03 5.919e-03 -1.000 1.534e-02 -5.881 -5.471 -5.736 -5.993 -6.169 -6.336 -6.575 -6.713 -6.744
0.0152 0.01508 7.47600 9.2530784607 2.6250107023    9.248  4.259  3.8287  1.412    6  0.000  0.393     0.00     0.00     0.00     0.00     0.00 -1    -1e-30      0.00 6.837e-01 3.010e-01 1.746e-03 2.531e-03 5.919e-03 -1.000 1.534e-02 -5.877 -5.407 -5.682 -5.984 -6.182 -6.366 -6.624 -6.779 -6.812
0.0152 0.01508 7.47600 9.2543249130 2.6250122654    9.250  4.257  3.8198  1.378    6  0.000  0.393     0.00     0.00     0.00     0.00     0.00 -1    -1e-30      0.00 6.837e-01 3.010e-01 1.746e-03 2.531e-03 5.919e-03 -1.000 1.534e-02 -5.873 -5.339 -5.625 -5.972 -6.192 -6.393 -6.671 -6.842 -6.877
0.0152 0.01508 7.47600 9.2554206848 2.6250136391    9.251  4.256  3.8112  1.345    6  0.000  0.393     0.00     0.00     0.00     0.00     0.00 -1    -1e-30      0.00 6.837e-01 3.010e-01 1.746e-03 2.531e-03 5.919e-03 -1.000 1.534e-02 -5.869 -5.267 -5.566 -5.959 -6.201 -6.418 -6.717 -6.904 -6.941
0.0152 0.01508 7.47600 9.2566051483 2.6250151236    9.252  4.254  3.8009  1.306    6  0.000  0.393     0.00     0.00     0.00     0.00     0.00 -1    -1e-30      0.00 6.837e-01 3.010e-01 1.746e-03 2.531e-03 5.919e-03 -1.000 1.534e-02 -5.865 -5.172 -5.488 -5.940 -6.210 -6.448 -6.770 -6.978 -7.018
0.0152 0.01508 7.47600 9.2574195862 2.6250161441    9.253  4.252  3.7930  1.276    6  0.000  0.393     0.00     0.00     0.00     0.00     0.00 -1    -1e-30      0.00 6.837e-01 3.010e-01 1.746e-03 2.531e-03 5.919e-03 -1.000 1.534e-02 -5.861 -5.092 -5.425 -5.923 -6.214 -6.468 -6.810 -7.034 -7.077
0.0152 0.01508 7.47600 9.2581357956 2.6250170413    9.254  4.251  3.7856  1.248    6  0.000  0.393     0.00     0.00     0.00     0.00     0.00 -1    -1e-30      0.00 6.837e-01 3.010e-01 1.746e-03 2.531e-03 5.919e-03 -1.000 1.534e-02 -5.857 -5.004 -5.363 -5.906 -6.219 -6.487 -6.848 -7.087 -7.133
0.0152 0.01508 7.47600 9.2587633133 2.6250178273    9.254  4.249  3.7784  1.221    6  0.000  0.393     0.00     0.00     0.00     0.00     0.00 -1    -1e-30      0.00 6.837e-01 3.010e-01 1.746e-03 2.531e-03 5.919e-03 -1.000 1.534e-02 -5.853 -4.907 -5.296 -5.887 -6.222 -6.507 -6.885 -7.140 -7.189
0.0152 0.01508 7.47600 9.2593193054 2.6250185236    9.255  4.248  3.7716  1.195    6  0.000  0.393     0.00     0.00     0.00     0.00     0.00 -1    -1e-30      0.00 6.837e-01 3.010e-01 1.746e-03 2.531e-03 5.919e-03 -1.000 1.534e-02 -5.849 -4.807 -5.224 -5.864 -6.222 -6.524 -6.922 -7.194 -7.246
0.0152 0.01508 7.47600 9.2598133087 2.6250191422    9.255  4.246  3.7649  1.170    6  0.000  0.393     0.00     0.00     0.00     0.00     0.00 -1    -1e-30      0.00 6.837e-01 3.010e-01 1.746e-03 2.531e-03 5.919e-03 -1.000 1.534e-02 -5.845 -4.710 -5.158 -5.842 -6.221 -6.537 -6.954 -7.242 -7.296
0.0152 0.01508 7.47600 9.2602586746 2.6250196998    9.256  4.244  3.7585  1.146    6  0.000  0.393     0.00     0.00     0.00     0.00     0.00 -1    -1e-30      0.00 6.837e-01 3.010e-01 1.746e-03 2.531e-03 5.919e-03 -1.000 1.534e-02 -5.841 -4.618 -5.096 -5.821 -6.218 -6.548 -6.981 -7.284 -7.341
0.0152 0.01508 7.47600 9.2606668472 2.6250202108    9.256  4.243  3.7523  1.123    6  0.000  0.393     0.00     0.00     0.00     0.00     0.00 -1    -1e-30      0.00 6.837e-01 3.010e-01 1.746e-03 2.531e-03 5.919e-03 -1.000 1.534e-02 -5.837 -4.523 -5.038 -5.799 -6.213 -6.555 -7.005 -7.322 -7.381
0.0152 0.01508 7.47600 9.2610597610 2.6250207026    9.256  4.241  3.7458  1.099    6  0.000  0.393     0.00     0.00     0.00     0.00     0.00 -1    -1e-30      0.00 6.837e-01 3.010e-01 1.746e-03 2.531e-03 5.919e-03 -1.000 1.534e-02 -5.832 -4.389 -4.964 -5.773 -6.208 -6.564 -7.033 -7.367 -7.428
0.0152 0.01508 7.47600 9.2615747452 2.6250213472    9.257  4.238  3.7372  1.067    6  0.000  0.393     0.00     0.00     0.00     0.00     0.00 -1    -1e-30      0.00 6.837e-01 3.010e-01 1.746e-03 2.531e-03 5.919e-03 -1.000 1.534e-02 -5.825 -4.193 -4.857 -5.734 -6.199 -6.573 -7.070 -7.427 -7.491
0.0152 0.01508 7.47600 9.2620487213 2.6250219404    9.257  4.234  3.7288  1.038    6  0.000  0.393     0.00     0.00     0.00     0.00     0.00 -1    -1e-30      0.00 6.837e-01 3.010e-01 1.746e-03 2.531e-03 5.919e-03 -1.000 1.534e-02 -5.816 -4.052 -4.771 -5.696 -6.183 -6.572 -7.094 -7.472 -7.537
0.0152 0.01508 7.47600 9.2627620697 2.6250228330    9.258  4.228  3.7166  0.995    6  0.000  0.393     0.00     0.00     0.00     0.00     0.00 -1    -1e-30      0.00 6.837e-01 3.010e-01 1.746e-03 2.531e-03 5.919e-03 -1.000 1.534e-02 -5.800 -3.805 -4.629 -5.630 -6.151 -6.564 -7.128 -7.541 -7.606
0.0152 0.01508 7.47600 9.2637081146 2.6250240166    9.259  4.216  3.7009  0.944    6  0.000  0.393     0.00     0.00     0.00     0.00     0.00 -1    -1e-30      0.00 6.837e-01 3.010e-01 1.746e-03 2.531e-03 5.919e-03 -1.000 1.534e-02 -5.770 -3.475 -4.438 -5.528 -6.092 -6.535 -7.154 -7.612 -7.681
0.0152 0.01508 7.47600 9.2646160126 2.6250251521    9.260  4.203  3.6878  0.905    6  0.000  0.393     0.00     0.00     0.00     0.00     0.00 -1    -1e-30      0.00 6.837e-01 3.010e-01 1.746e-03 2.531e-03 5.919e-03 -1.000 1.534e-02 -5.736 -3.171 -4.268 -5.429 -6.028 -6.495 -7.164 -7.657 -7.733
0.0152 0.01508 7.47600 9.2657499313 2.6250265700    9.261  4.189  3.6706  0.850    6  0.000  0.393     0.00     0.00     0.00     0.00     0.00 -1    -1e-30      0.00 6.837e-01 3.010e-01 1.746e-03 2.531e-03 5.919e-03 -1.000 1.534e-02 -5.704 -2.849 -4.063 -5.316 -5.950 -6.441 -7.181 -7.706 -7.804
0.0152 0.01508 7.47600 9.2755136490 2.6250387626    9.271  4.156  3.5951  0.582    6  0.000  0.393     0.00     0.00     0.00     0.00     0.00 -1    -1e-30      0.00 6.837e-01 3.010e-01 1.746e-03 2.531e-03 5.919e-03 -1.000 1.534e-02 -5.620 -0.768 -2.887 -4.534 -5.430 -6.178 -7.258 -7.992 -8.191
0.0152 0.01508 7.47600 9.2816314697 2.6250463872    9.277  4.206  3.5861  0.496    6  0.000  0.393     0.00     0.00     0.00     0.00     0.00 -1    -1e-30      0.00 6.837e-01 3.010e-01 1.746e-03 2.531e-03 5.919e-03 -1.000 1.534e-02 -5.745 -0.643 -2.837 -4.522 -5.462 -6.274 -7.401 -8.161 -8.375
0.0152 0.01508 7.47600 9.2820367813 2.6250468920    9.278  4.212  3.5852  0.486    6  0.000  0.393     0.00     0.00     0.00     0.00     0.00 -1    -1e-30      0.00 6.837e-01 3.010e-01 1.746e-03 2.531e-03 5.919e-03 -1.000 1.534e-02 -5.760 -0.633 -2.834 -4.522 -5.467 -6.287 -7.419 -8.181 -8.396
0.0152 0.01508 7.47600 9.2822322845 2.6250471354    9.278  4.218  3.5844  0.477    7  0.000  0.393   112.76    63.62    42.76    31.31    25.96  4    -1e-30      0.00 6.837e-01 3.010e-01 1.746e-03 2.531e-03 5.919e-03 -1.000 1.534e-02 -5.775 -0.626 -2.832 -4.524 -5.473 -6.299 -7.436 -8.200 -8.416
0.0152 0.01508 7.47600 9.2843809128 2.6250498101    9.280  4.241  3.5815  0.443    7  0.000  0.393   122.00    67.69    45.36    33.25    27.57  4    -1e-30      0.00 6.837e-01 3.010e-01 1.746e-03 2.531e-03 5.919e-03 -1.000 1.534e-02 -5.832 -0.598 -2.826 -4.531 -5.496 -6.347 -7.499 -8.271 -8.492
0.0152 0.01508 7.47600 9.2852354050 2.6250508734    9.281  4.269  3.5782  0.402    7  0.000  0.393   134.14    72.93    48.71    35.74    29.64  4    -1e-30      0.00 6.837e-01 3.010e-01 1.746e-03 2.531e-03 5.919e-03 -1.000 1.534e-02 -5.902 -0.575 -2.819 -4.535 -5.519 -6.404 -7.578 -8.358 -8.584
0.0152 0.01508 7.47600 9.2858829498 2.6250516790    9.281  4.298  3.5749  0.359    7  0.000  0.393   148.01    78.80    52.45    38.53    31.95  4    -1e-30      0.00 6.837e-01 3.010e-01 1.745e-03 2.532e-03 5.919e-03 -1.000 1.534e-02 -5.976 -0.560 -2.813 -4.538 -5.543 -6.466 -7.661 -8.449 -8.680
0.0152 0.01508 7.47600 9.2868118286 2.6250528345    9.282  4.341  3.5702  0.297    7  0.000  0.391   170.54    88.08    58.33    42.92    35.61  4    -1e-30      0.00 6.837e-01 3.010e-01 1.738e-03 2.536e-03 5.919e-03 -1.000 1.534e-02 -6.083 -0.540 -2.805 -4.543 -5.577 -6.555 -7.780 -8.579 -8.818
0.0152 0.01508 7.47600 9.2880220413 2.6250543395    9.284  4.385  3.5653  0.234    7  0.000  0.387   197.19    98.73    65.05    47.95    39.79  3    -1e-30      0.00 6.837e-01 3.010e-01 1.719e-03 2.559e-03 5.919e-03 -1.000 1.534e-02 -6.192 -0.531 -2.782 -4.523 -5.594 -6.641 -7.903 -8.713 -8.960
0.0152 0.01508 7.47600 9.2894477844 2.6250561119    9.285  4.427  3.5608  0.174    7  0.000  0.383   226.23   110.00    72.12    53.24    44.19  3    -1e-30      0.00 6.837e-01 3.010e-01 1.701e-03 2.581e-03 5.919e-03 -1.000 1.534e-02 -6.296 -0.524 -2.759 -4.504 -5.611 -6.724 -8.020 -8.840 -9.094
0.0152 0.01508 7.47600 9.2911510468 2.6250582285    9.287  4.469  3.5561  0.114    7  0.000  0.380   260.12   122.75    80.09    59.22    49.17  3    -1e-30      0.00 6.837e-01 3.010e-01 1.688e-03 2.598e-03 5.917e-03 -1.000 1.537e-02 -6.402 -0.518 -2.719 -4.456 -5.607 -6.799 -8.139 -8.968 -9.231
0.0152 0.01508 7.47600 9.2928943634 2.6250603940    9.288  4.507  3.5519  0.059    7  0.000  0.378   295.18   135.58    88.07    65.21    54.16  3    -1e-30      0.00 6.837e-01 3.010e-01 1.678e-03 2.614e-03 5.912e-03 -1.000 1.531e-02 -6.497 -0.513 -2.678 -4.407 -5.600 -6.866 -8.247 -9.085 -9.354
0.0152 0.01508 7.47600 9.2947101593 2.6250626485    9.290  4.543  3.5477  0.006    7  0.000  0.377   326.61   149.10    96.43    71.51    59.40  3    -1e-30      0.00 6.835e-01 3.012e-01 1.670e-03 2.638e-03 5.897e-03 -1.000 1.529e-02 -6.587 -0.509 -2.622 -4.337 -5.579 -6.922 -8.350 -9.195 -9.472
0.0152 0.01508 7.47600 9.2962722778 2.6250645872    9.292  4.577  3.5437 -0.044    7  0.000  0.377   352.52   163.31   105.19    78.11    64.90  3    -1e-30      0.00 6.831e-01 3.016e-01 1.665e-03 2.657e-03 5.882e-03 -1.000 1.536e-02 -6.673 -0.505 -2.556 -4.255 -5.550 -6.971 -8.450 -9.301 -9.585
0.0152 0.01508 7.47600 9.2993326187 2.6250683832    9.295  4.623  3.5386 -0.111    7  0.000  0.377   389.90   184.17   117.99    87.76    72.94  3    -1e-30      0.00 6.819e-01 3.027e-01 1.659e-03 2.681e-03 5.863e-03 -1.000 1.536e-02 -6.788 -0.503 -2.462 -4.137 -5.508 -7.031 -8.582 -9.442 -9.734
0.0152 0.01508 7.47600 9.3063535690 2.6250770810    9.302  4.667  3.5340 -0.172    7  0.000  0.377   428.27   205.97   131.30    97.82    81.32  0    -1e-30      0.00 6.775e-01 3.072e-01 1.648e-03 2.730e-03 5.823e-03 -1.000 1.534e-02 -6.897 -0.506 -2.363 -4.011 -5.462 -7.078 -8.708 -9.573 -9.875
0.0152 0.01508 7.47600 9.3150854111 2.6250878773    9.311  4.704  3.5301 -0.225    7  0.000  0.377   463.94   226.59   143.82   107.30    89.22  0    -1e-30      0.00 6.729e-01 3.118e-01 1.638e-03 2.777e-03 5.784e-03 -1.000 1.530e-02 -6.991 -0.509 -2.277 -3.901 -5.422 -7.118 -8.815 -9.686 -9.995
0.0152 0.01508 7.47600 9.3290967941 2.6251051528    9.325  4.742  3.5259 -0.279    7  0.000  0.377   503.52   249.80   157.87   117.94    98.10  0    -1e-30      0.00 6.702e-01 3.145e-01 1.631e-03 2.806e-03 5.761e-03 -1.000 1.529e-02 -7.085 -0.508 -2.147 -3.740 -5.353 -7.124 -8.924 -9.799 -10.117
0.0152 0.01508 7.47600 9.3480052948 2.6251283719    9.344  4.726  3.5281 -0.253    7  0.000  0.377   484.72   238.69   151.16   112.85    93.85  0    -1e-30      0.00 6.689e-01 3.158e-01 1.629e-03 2.818e-03 5.751e-03 -1.000 1.529e-02 -7.046 -0.517 -2.225 -3.836 -5.400 -7.132 -8.877 -9.750 -10.063
0.0152 0.01508 7.47600 9.3515329361 2.6251326917    9.347  4.702  3.5310 -0.217    7  0.000  0.377   458.73   223.50   141.97   105.88    88.04  0    -1e-30      0.00 6.687e-01 3.160e-01 1.628e-03 2.820e-03 5.749e-03 -1.000 1.529e-02 -6.984 -0.521 -2.313 -3.944 -5.448 -7.125 -8.805 -9.675 -9.982
0.0152 0.01508 7.47600 9.3522787094 2.6251336045    9.348  4.694  3.5320 -0.205    7  0.000  0.377   450.67   218.83   139.13   103.73    86.25  0    -1e-30      0.00 6.687e-01 3.160e-01 1.628e-03 2.820e-03 5.749e-03 -1.000 1.529e-02 -6.964 -0.522 -2.335 -3.972 -5.460 -7.117 -8.782 -9.650 -9.956
# Zini     MH   logAge Mini        int_IMF         Mass   logL    logTe  logg  label   McoreTP C_O  period0  period1  period2  period3  period4  pmode  Mloss  tau1m   X   Y   Xc  Xn  Xo  Cexcess  Z 	 mbolmag  Umag    Bmag    Vmag    Rmag    Imag    Jmag    Hmag    Kmag
0.0152 0.01508 7.52600 0.0900000036 1.0816895926    0.090 -2.420  3.4035  4.379    0  0.000  0.545     0.00     0.00     0.00     0.00     0.00 -1 -1.04e-15      0.00 7.092e-01 2.755e-01 2.746e-03 7.408e-04 6.719e-03 -1.000 1.527e-02 10.821 18.679 16.904 15.328 13.397 11.250 8.753 8.164 7.799
0.0152 0.01508 7.52600 0.0946419537 1.1247230770    0.095 -2.387  3.4074  4.382    0  0.000  0.545     0.00     0.00     0.00     0.00     0.00 -1 -1.09e-15      0.00 7.092e-01 2.755e-01 2.746e-03 7.408e-04 6.719e-03 -1.000 1.527e-02 10.737 18.601 16.823 15.245 13.314 11.166 8.669 8.080 7.715
0.0152 0.01508 7.52600 0.1000000015 1.1711064122    0.100 -2.348  3.4117  4.385    0  0.000  0.545     0.00     0.00     0.00     0.00     0.00 -1 -1.16e-15      0.00 7.092e-01 2.755e-01 2.746e-03 7.408e-04 6.719e-03 -1.000 1.527e-02 10.641 18.509 16.728 15.150 13.218 11.070 8.573 7.984 7.619
0.0152 0.01508 7.52600 0.1092377082 1.2439436008    0.109 -2.289  3.4183  4.391    0  0.000  0.545     0.00     0.00     0.00     0.00     0.00 -1 -1.26e-15      0.00 7.092e-01 2.755e-01 2.746e-03 7.408e-04 6.719e-03 -1.000 1.527e-02 10.493 18.295 16.526 14.949 13.033 10.898 8.429 7.839 7.475
0.0152 0.01508 7.52600 0.1200000122 1.3193155232    0.120 -2.224  3.4256  4.396    0  0.000  0.545     0.00     0.00     0.00     0.00     0.00 -1 -1.39e-15      0.00 7.092e-01 2.755e-01 2.746e-03 7.408e-04 6.719e-03 -1.000 1.527e-02 10.331 17.846 16.141 14.572 12.724 10.642 8.280 7.688 7.330
0.0152 0.01508 7.52600 0.1400000006 1.4384526719    0.140 -2.119  3.4375  4.405    0  0.000  0.545     0.00     0.00     0.00     0.00     0.00 -1 -1.62e-15      0.00 7.092e-01 2.755e-01 2.746e-03 7.408e-04 6.719e-03 -1.000 1.527e-02 10.068 17.103 15.499 13.956 12.220 10.226 8.041 7.446 7.098
0.0152 0.01508 7.52600 0.1599999964 1.5372931554    0.160 -2.031  3.4474  4.414    0  0.000  0.545     0.00     0.00     0.00     0.00     0.00 -1 -1.84e-15      0.00 7.092e-01 2.755e-01 2.746e-03 7.408e-04 6.719e-03 -1.000 1.527e-02 9.847 16.514 14.981 13.461 11.813 9.889 7.839 7.241 6.903
0.0152 0.01508 7.52600 0.1934734732 1.6712560703    0.193 -1.906  3.4609  4.426    0  0.000  0.545     0.00     0.00     0.00     0.00     0.00 -1  -2.2e-15      0.00 7.092e-01 2.755e-01 2.746e-03 7.408e-04 6.719e-03 -1.000 1.527e-02 9.534 15.735 14.286 12.783 11.250 9.435 7.555 6.952 6.629
0.0152 0.01508 7.52600 0.2136394829 1.7382014979    0.214 -1.842  3.4677  4.432    0  0.000  0.545     0.00     0.00     0.00     0.00     0.00 -1 -2.41e-15      0.00 7.092e-01 2.755e-01 2.746e-03 7.408e-04 6.719e-03 -1.000 1.527e-02 9.375 15.370 13.955 12.463 10.982 9.216 7.410 6.804 6.489
0.0152 0.01508 7.52600 0.2355663329 1.8022504782    0.236 -1.779  3.4742  4.438    0  0.000  0.545     0.00     0.00     0.00     0.00     0.00 -1 -2.63e-15      0.00 7.092e-01 2.755e-01 2.746e-03 7.408e-04 6.719e-03 -1.000 1.527e-02 9.217 15.021 13.634 12.152 10.719 9.003 7.265 6.657 6.349
0.0152 0.01508 7.52600 0.2497504652 1.8396920019    0.250 -1.742  3.4782  4.442    0  0.000  0.545     0.00     0.00     0.00     0.00     0.00 -1 -2.76e-15      0.00 7.092e-01 2.755e-01 2.746e-03 7.408e-04 6.719e-03 -1.000 1.527e-02 9.124 14.815 13.445 11.968 10.563 8.878 7.181 6.571 6.268
0.0152 0.01508 7.52600 0.2523075044 1.8461479749    0.252 -1.735  3.4789  4.443    0  0.000  0.545     0.00     0.00     0.00     0.00     0.00 -1 -2.78e-15      0.00 7.092e-01 2.755e-01 2.746e-03 7.408e-04 6.719e-03 -1.000 1.527e-02 9.109 14.781 13.413 11.937 10.537 8.857 7.167 6.556 6.254
0.0152 0.01508 7.52600 0.2626537979 1.8714272096    0.263 -1.709  3.4815  4.444    0  0.000  0.545     0.00     0.00     0.00     0.00     0.00 -1  -2.9e-15      0.00 7.092e-01 2.755e-01 2.746e-03 7.408e-04 6.719e-03 -1.000 1.527e-02 9.042 14.645 13.286 11.812 10.429 8.772 7.107 6.495 6.196
0.0152 0.01508 7.52600 0.2906690240 1.9338403668    0.291 -1.643  3.4882  4.449    0  0.000  0.545     0.00     0.00     0.00     0.00     0.00 -1  -3.2e-15      0.00 7.092e-01 2.755e-01 2.746e-03 7.408e-04 6.719e-03 -1.000 1.527e-02 8.878 14.306 12.966 11.492 10.153 8.558 6.961 6.343 6.052
0.0152 0.01508 7.52600 0.3000000119 1.9529139769    0.300 -1.623  3.4904  4.451    0  0.000  0.545     0.00     0.00     0.00     0.00     0.00 -1 -3.29e-15      0.00 7.092e-01 2.755e-01 2.746e-03 7.408e-04 6.719e-03 -1.000 1.527e-02 8.827 14.200 12.866 11.392 10.067 8.492 6.915 6.296 6.008
0.0152 0.01508 7.52600 0.3129289746 1.9781038229    0.313 -1.597  3.4930  4.454    0  0.000  0.545     0.00     0.00     0.00     0.00     0.00 -1 -3.41e-15      0.00 7.092e-01 2.755e-01 2.746e-03 7.408e-04 6.719e-03 -1.000 1.527e-02 8.762 14.078 12.750 11.281 9.971 8.412 6.856 6.235 5.950
0.0152 0.01508 7.52600 0.3500000238 2.0434175133    0.350 -1.526  3.5000  4.461    0  0.000  0.545     0.00     0.00     0.00     0.00     0.00 -1 -3.77e-15      0.00 7.092e-01 2.755e-01 2.746e-03 7.408e-04 6.719e-03 -1.000 1.527e-02 8.586 13.746 12.434 10.979 9.709 8.195 6.695 6.068 5.792
0.0152 0.01508 7.52600 0.3802185655 2.0903371239    0.380 -1.473  3.5055  4.465    0  0.000  0.545     0.00     0.00     0.00     0.00     0.00 -1 -4.06e-15      0.00 7.092e-01 2.755e-01 2.746e-03 7.408e-04 6.719e-03 -1.000 1.527e-02 8.453 13.506 12.201 10.757 9.516 8.035 6.574 5.942 5.672
0.0152 0.01508 7.52600 0.4000000358 2.1185024810    0.400 -1.441  3.5088  4.468    0  0.000  0.545     0.00     0.00     0.00     0.00     0.00 -1 -4.25e-15      0.00 7.092e-01 2.755e-01 2.746e-03 7.408e-04 6.719e-03 -1.000 1.527e-02 8.373 13.361 12.061 10.623 9.398 7.938 6.502 5.866 5.600
0.0152 0.01508 7.52600 0.4500000477 2.1822809714    0.450 -1.360  3.5175  4.472    0  0.000  0.545     0.00     0.00     0.00     0.00     0.00 -1 -4.81e-15      0.00 7.092e-01 2.755e-01 2.746e-03 7.408e-04 6.719e-03 -1.000 1.527e-02 8.169 13.004 11.711 10.285 9.101 7.696 6.318 5.674 5.417
0.0152 0.01508 7.52600 0.4881085753 2.2250027415    0.488 -1.302  3.5242  4.477    0  0.000  0.545     0.00     0.00     0.00     0.00     0.00 -1 -5.25e-15      0.00 7.092e-01 2.755e-01 2.746e-03 7.408e-04 6.719e-03 -1.000 1.527e-02 8.024 12.752 11.458 10.040 8.885 7.524 6.190 5.539 5.288
0.0152 0.01508 7.52600 0.5000000000 2.2374541529    0.500 -1.284  3.5261  4.478    0  0.000  0.545     0.00     0.00     0.00     0.00     0.00 -1  -5.4e-15      0.00 7.092e-01 2.755e-01 2.746e-03 7.408e-04 6.719e-03 -1.000 1.527e-02 7.981 12.679 11.385 9.969 8.823 7.473 6.152 5.499 5.249
0.0152 0.01508 7.52600 0.5063698292 2.2439256685    0.506 -1.275  3.5273  4.479    0  0.000  0.545     0.00     0.00     0.00     0.00     0.00 -1 -5.46e-15      0.00 7.092e-01 2.755e-01 2.746e-03 7.408e-04 6.719e-03 -1.000 1.527e-02 7.958 12.639 11.344 9.929 8.788 7.446 6.132 5.478 5.230
0.0152 0.01508 7.52600 0.5376766920 2.2731858360    0.537 -1.226  3.5330  4.478    0  0.000  0.545     0.00     0.00     0.00     0.00     0.00 -1 -5.94e-15      0.00 7.092e-01 2.755e-01 2.746e-03 7.408e-04 6.719e-03 -1.000 1.527e-02 7.835 12.433 11.135 9.727 8.609 7.303 6.023 5.364 5.120
0.0152 0.01508 7.52600 0.5500000119 2.2836582633    0.550 -1.207  3.5352  4.478    0  0.000  0.545     0.00     0.00     0.00     0.00     0.00 -1 -6.14e-15      0.00 7.092e-01 2.755e-01 2.746e-03 7.408e-04 6.719e-03 -1.000 1.527e-02 7.787 12.356 11.056 9.650 8.541 7.248 5.981 5.319 5.078
0.0152 0.01508 7.52600 0.5567362309 2.2891578968    0.556 -1.197  3.5365  4.479    0  0.000  0.545     0.00     0.00     0.00     0.00     0.00 -1 -6.23e-15      0.00 7.092e-01 2.755e-01 2.746e-03 7.408e-04 6.719e-03 -1.000 1.527e-02 7.763 12.313 11.012 9.607 8.504 7.219 5.960 5.297 5.057
0.0152 0.01508 7.52600 0.6000000238 2.3211213258    0.600 -1.123  3.5459  4.474    0  0.000  0.545     0.00     0.00     0.00     0.00     0.00 -1 -7.16e-15      0.00 7.092e-01 2.755e-01 2.746e-03 7.408e-04 6.719e-03 -1.000 1.527e-02 7.577 12.009 10.696 9.300 8.230 7.006 5.799 5.127 4.895
0.0152 0.01508 7.52600 0.6499999762 2.3520353107    0.650 -1.029  3.5601  4.472    0  0.000  0.545     0.00     0.00     0.00     0.00     0.00 -1 -8.54e-15      0.00 7.092e-01 2.755e-01 2.746e-03 7.408e-04 6.719e-03 -1.000 1.527e-02 7.343 11.611 10.271 8.881 7.859 6.733 5.603 4.918 4.700
0.0152 0.01508 7.52600 0.6609247327 2.3580778545    0.661 -1.008  3.5639  4.474    0  0.000  0.545     0.00     0.00     0.00     0.00     0.00 -1 -8.85e-15      0.00 7.092e-01 2.755e-01 2.746e-03 7.408e-04 6.719e-03 -1.000 1.527e-02 7.291 11.520 10.171 8.782 7.771 6.673 5.562 4.874 4.660
0.0152 0.01508 7.52600 0.6695328951 2.3626796758    0.670 -0.990  3.5671  4.474    0  0.000  0.545     0.00     0.00     0.00     0.00     0.00 -1 -9.14e-15      0.00 7.092e-01 2.755e-01 2.746e-03 7.408e-04 6.719e-03 -1.000 1.527e-02 7.244 11.440 10.083 8.695 7.692 6.619 5.524 4.834 4.623
0.0152 0.01508 7.52600 0.6961140037 2.3760672411    0.696 -0.924  3.5788  4.472    0  0.000  0.545     0.00     0.00     0.00     0.00     0.00 -1 -1.04e-14      0.00 7.092e-01 2.755e-01 2.746e-03 7.408e-04 6.719e-03 -1.000 1.527e-02 7.081 11.161 9.778 8.396 7.424 6.434 5.393 4.692 4.496
0.0152 0.01508 7.52600 0.7000000477 2.3779267258    0.700 -0.913  3.5808  4.472    0  0.000  0.545     0.00     0.00     0.00     0.00     0.00 -1 -1.07e-14      0.00 7.092e-01 2.755e-01 2.746e-03 7.408e-04 6.719e-03 -1.000 1.527e-02 7.054 11.115 9.727 8.346 7.379 6.404 5.371 4.668 4.475
0.0152 0.01508 7.52600 0.7398928404 2.3957240858    0.740 -0.751  3.6326  4.541    0  0.000  0.539     0.00     0.00     0.00     0.00     0.00 -1 -1.39e-14      0.00 7.092e-01 2.755e-01 2.716e-03 7.400e-04 6.720e-03 -1.000 1.527e-02 6.648 10.135 8.692 7.447 6.608 5.942 5.090 4.399 4.282
0.0152 0.01508 7.52600 0.7500000000 2.3998889087    0.750 -0.710  3.6449  4.555    0  0.000  0.538     0.00     0.00     0.00     0.00     0.00 -1 -1.49e-14      0.00 7.092e-01 2.755e-01 2.709e-03 7.398e-04 6.720e-03 -1.000 1.527e-02 6.545 9.802 8.422 7.232 6.432 5.832 5.021 4.350 4.248
0.0152 0.01508 7.52600 0.7536348104 2.4013553215    0.754 -0.700  3.6463  4.553    0  0.000  0.538     0.00     0.00     0.00     0.00     0.00 -1 -1.53e-14      0.00 7.092e-01 2.755e-01 2.709e-03 7.398e-04 6.720e-03 -1.000 1.527e-02 6.521 9.751 8.380 7.197 6.401 5.807 5.001 4.333 4.233
0.0152 0.01508 7.52600 0.7820331454 2.4122746430    0.782 -0.617  3.6592  4.537    0  0.000  0.538     0.00     0.00     0.00     0.00     0.00 -1 -1.84e-14      0.00 7.092e-01 2.755e-01 2.709e-03 7.398e-04 6.720e-03 -1.000 1.527e-02 6.313 9.240 7.994 6.875 6.129 5.589 4.830 4.201 4.110
0.0152 0.01508 7.52600 0.8000000119 2.4187244405    0.800 -0.560  3.6688  4.528    0  0.000  0.538     0.00     0.00     0.00     0.00     0.00 -1  -2.1e-14      0.00 7.092e-01 2.755e-01 2.709e-03 7.398e-04 6.720e-03 -1.000 1.527e-02 6.169 8.873 7.728 6.656 5.949 5.439 4.715 4.116 4.031
0.0152 0.01508 7.52600 0.8184762001 2.4250186059    0.818 -0.498  3.6796  4.519    0  0.000  0.538     0.00     0.00     0.00     0.00     0.00 -1 -2.42e-14      0.00 7.092e-01 2.755e-01 2.709e-03 7.398e-04 6.719e-03 -1.000 1.527e-02 6.016 8.462 7.442 6.423 5.760 5.279 4.595 4.035 3.954
0.0152 0.01508 7.52600 0.8428400755 2.4328352964    0.842 -0.416  3.6946  4.509    0  0.000  0.538     0.00     0.00     0.00     0.00     0.00 -1 -2.91e-14      0.00 7.092e-01 2.755e-01 2.709e-03 7.398e-04 6.719e-03 -1.000 1.527e-02 5.809 7.947 7.076 6.125 5.518 5.070 4.437 3.921 3.848
0.0152 0.01508 7.52600 0.8500000238 2.4350346840    0.850 -0.391  3.6990  4.507    0  0.000  0.538     0.00     0.00     0.00     0.00     0.00 -1 -3.08e-14      0.00 7.092e-01 2.755e-01 2.709e-03 7.398e-04 6.719e-03 -1.000 1.527e-02 5.749 7.794 6.971 6.039 5.448 5.010 4.392 3.889 3.819
0.0152 0.01508 7.52600 0.8641019464 2.4392441782    0.864 -0.344  3.7078  4.501    0  0.000  0.538     0.00     0.00     0.00     0.00     0.00 -1 -3.43e-14      0.00 7.092e-01 2.755e-01 2.709e-03 7.398e-04 6.719e-03 -1.000 1.527e-02 5.629 7.505 6.772 5.875 5.313 4.892 4.302 3.827 3.759
0.0152 0.01508 7.52600 0.8883397579 2.4461214627    0.888 -0.264  3.7224  4.492    0  0.000  0.538     0.00     0.00     0.00     0.00     0.00 -1 -4.11e-14      0.00 7.092e-01 2.755e-01 2.709e-03 7.398e-04 6.719e-03 -1.000 1.527e-02 5.430 7.039 6.451 5.612 5.095 4.699 4.157 3.722 3.661
0.0152 0.01508 7.52600 0.9000000358 2.4492786175    0.899 -0.227  3.7293  4.488    0  0.000  0.538     0.00     0.00     0.00     0.00     0.00 -1 -4.47e-14      0.00 7.092e-01 2.755e-01 2.709e-03 7.398e-04 6.719e-03 -1.000 1.527e-02 5.337 6.830 6.307 5.493 4.996 4.610 4.090 3.673 3.614
0.0152 0.01508 7.52600 0.9065892100 2.4510214689    0.906 -0.206  3.7331  4.486    0  0.000  0.538     0.00     0.00     0.00     0.00     0.00 -1 -4.69e-14      0.00 7.092e-01 2.755e-01 2.709e-03 7.398e-04 6.719e-03 -1.000 1.527e-02 5.285 6.716 6.227 5.428 4.941 4.562 4.053 3.646 3.589
0.0152 0.01508 7.52600 0.9151104093 2.4532326020    0.915 -0.185  3.7371  4.484    0  0.000  0.538     0.00     0.00     0.00     0.00     0.00 -1 -4.92e-14      0.00 7.092e-01 2.755e-01 2.709e-03 7.398e-04 6.719e-03 -1.000 1.527e-02 5.232 6.596 6.142 5.360 4.884 4.512 4.016 3.619 3.564
0.0152 0.01508 7.52600 0.9500000477 2.4618122009    0.950 -0.122  3.7500  4.490    0  0.000  0.538     0.00     0.00     0.00     0.00     0.00 -1 -5.56e-14      0.00 7.092e-01 2.755e-01 2.709e-03 7.398e-04 6.719e-03 -1.000 1.527e-02 5.076 6.220 5.894 5.165 4.726 4.375 3.917 3.550 3.501
0.0152 0.01508 7.52600 0.9774332047 2.4680658471    0.977 -0.087  3.7583  4.500    0  0.000  0.538     0.00     0.00     0.00     0.00     0.00 -1 -5.92e-14      0.00 7.092e-01 2.755e-01 2.709e-03 7.397e-04 6.719e-03 -1.000 1.527e-02 4.986 6.005 5.753 5.056 4.638 4.300 3.864 3.516 3.471
0.0152 0.01508 7.52600 1.0000000000 2.4729154477    1.000 -0.066  3.7631  4.509    0  0.000  0.538     0.00     0.00     0.00     0.00     0.00 -1 -6.07e-14      0.00 7.092e-01 2.755e-01 2.709e-03 7.397e-04 6.718e-03 -1.000 1.527e-02 4.936 5.886 5.672 4.995 4.590 4.259 3.836 3.499 3.456
0.0152 0.01508 7.52600 1.0102330446 2.4750325950    1.010 -0.060  3.7649  4.514    0  0.000  0.538     0.00     0.00     0.00     0.00     0.00 -1 -6.01e-14      0.00 7.093e-01 2.755e-01 2.709e-03 7.397e-04 6.718e-03 -1.000 1.526e-02 4.919 5.844 5.644 4.975 4.574 4.246 3.828 3.495 3.452
0.0152 0.01508 7.52600 1.0416626930 2.4812371407    1.041 -0.033  3.7694  4.518    0  0.000  0.538     0.00     0.00     0.00     0.00     0.00 -1 -5.97e-14      0.00 7.093e-01 2.754e-01 2.709e-03 7.396e-04 6.718e-03 -1.000 1.527e-02 4.851 5.714 5.549 4.899 4.509 4.188 3.782 3.459 3.419
0.0152 0.01508 7.52600 1.0499999523 2.4828114860    1.050 -0.020  3.7709  4.515    0  0.000  0.538     0.00     0.00     0.00     0.00     0.00 -1 -6.07e-14      0.00 7.093e-01 2.754e-01 2.709e-03 7.396e-04 6.718e-03 -1.000 1.527e-02 4.820 5.662 5.508 4.865 4.479 4.160 3.758 3.438 3.399
0.0152 0.01508 7.52600 1.0888315439 2.4897803006    1.088  0.033  3.7770  4.501    0  0.000  0.538     0.00     0.00     0.00     0.00     0.00 -1 -6.41e-14      0.00 7.093e-01 2.754e-01 2.708e-03 7.395e-04 6.717e-03 -1.000 1.527e-02 4.687 5.449 5.338 4.721 4.351 4.042 3.656 3.349 3.312
0.0152 0.01508 7.52600 1.1000000238 2.4916801480    1.099  0.054  3.7793  4.494    0  0.000  0.538     0.00     0.00     0.00     0.00     0.00 -1 -6.63e-14      0.00 7.093e-01 2.754e-01 2.708e-03 7.395e-04 6.717e-03 -1.000 1.527e-02 4.635 5.368 5.273 4.666 4.301 3.996 3.616 3.313 3.278
0.0152 0.01508 7.52600 1.1483130455 2.4994113328    1.148  0.145  3.7890  4.460    0  0.000  0.538     0.00     0.00     0.00     0.00     0.00 -1 -7.61e-14      0.00 7.094e-01 2.754e-01 2.708e-03 7.394e-04 6.716e-03 -1.000 1.526e-02 4.407 5.035 4.991 4.426 4.084 3.794 3.438 3.154 3.123
0.0152 0.01508 7.52600 1.1499999762 2.4996678137    1.149  0.148  3.7893  4.459    0  0.000  0.538     0.00     0.00     0.00     0.00     0.00 -1 -7.65e-14      0.00 7.094e-01 2.754e-01 2.708e-03 7.394e-04 6.716e-03 -1.000 1.526e-02 4.399 5.024 4.982 4.418 4.076 3.788 3.432 3.149 3.118
0.0152 0.01508 7.52600 1.2000000477 2.5068948796    1.200  0.236  3.7988  4.428    0  0.000  0.538     0.00     0.00     0.00     0.00     0.00 -1 -8.64e-14      0.00 7.094e-01 2.753e-01 2.707e-03 7.392e-04 6.714e-03 -1.000 1.527e-02 4.179 4.714 4.712 4.189 3.868 3.595 3.261 2.997 2.970
0.0152 0.01508 7.52600 1.2500000000 2.5134610955    1.250  0.329  3.8088  4.392    0  0.000  0.538     0.00     0.00     0.00     0.00     0.00 -1 -9.79e-14      0.00 7.095e-01 2.753e-01 2.707e-03 7.392e-04 6.714e-03 -1.000 1.527e-02 3.947 4.402 4.430 3.949 3.650 3.392 3.081 2.837 2.814
0.0152 0.01508 7.52600 1.2999999523 2.5194498592    1.300  0.418  3.8196  4.365    0  0.000  0.538     0.00     0.00     0.00     0.00     0.00 -1 -1.08e-13      0.00 7.095e-01 2.753e-01 2.707e-03 7.392e-04 6.714e-03 -1.000 1.527e-02 3.725 4.117 4.161 3.720 3.443 3.203 2.917 2.694 2.674
0.0152 0.01508 7.52600 1.3446831703 2.5243707149    1.345  0.494  3.8300  4.345    0  0.000  0.538     0.00     0.00     0.00     0.00     0.00 -1 -1.15e-13      0.00 7.095e-01 2.752e-01 2.707e-03 7.391e-04 6.713e-03 -1.000 1.523e-02 3.536 3.879 3.928 3.524 3.267 3.043 2.782 2.579 2.561
0.0152 0.01508 7.52600 1.3500001431 2.5249313723    1.350  0.502  3.8310  4.343    0  0.000  0.538     0.00     0.00     0.00     0.00     0.00 -1 -1.16e-13      0.00 7.095e-01 2.752e-01 2.707e-03 7.391e-04 6.713e-03 -1.000 1.523e-02 3.516 3.855 3.904 3.503 3.248 3.026 2.767 2.566 2.548
0.0152 0.01508 7.52600 1.4000000954 2.5299650415    1.400  0.575  3.8406  4.324    0  0.000  0.538     0.00     0.00     0.00     0.00     0.00 -1 -1.18e-13      0.00 7.096e-01 2.752e-01 2.707e-03 7.391e-04 6.713e-03 -1.000 1.521e-02 3.333 3.640 3.685 3.314 3.078 2.872 2.635 2.454 2.437
0.0152 0.01508 7.52600 1.4500000477 2.5346015836    1.450  0.642  3.8515  4.315    0  0.000  0.538     0.00     0.00     0.00     0.00     0.00 -1 -1.14e-13      0.00 7.095e-01 2.752e-01 2.707e-03 7.391e-04 6.713e-03 -1.000 1.527e-02 3.164 3.440 3.478 3.140 2.925 2.738 2.525 2.364 2.349
0.0152 0.01508 7.52600 1.5000000000 2.5388844597    1.500  0.707  3.8636  4.313    0  0.000  0.538     0.00     0.00     0.00     0.00     0.00 -1 -1.05e-13      0.00 7.096e-01 2.751e-01 2.706e-03 7.390e-04 6.712e-03 -1.000 1.526e-02 3.002 3.251 3.277 2.972 2.781 2.616 2.429 2.291 2.277
0.0152 0.01508 7.52600 1.5499999523 2.5428511323    1.550  0.770  3.8769  4.318    0  0.000  0.538     0.00     0.00     0.00     0.00     0.00 -1 -8.86e-14      0.00 7.096e-01 2.751e-01 2.706e-03 7.390e-04 6.712e-03 -1.000 1.526e-02 2.846 3.073 3.084 2.813 2.648 2.507 2.348 2.233 2.221
0.0152 0.01508 7.52600 1.6000000238 2.5465340628    1.600  0.830  3.8902  4.325    0  0.000  0.538     0.00     0.00     0.00     0.00     0.00 -1 -6.65e-14      0.00 7.096e-01 2.751e-01 2.706e-03 7.389e-04 6.711e-03 -1.000 1.526e-02 2.695 2.904 2.898 2.661 2.522 2.405 2.272 2.181 2.169
0.0152 0.01508 7.52600 1.6500000954 2.5499614852    1.649  0.887  3.9027  4.331    0  0.000  0.538     0.00     0.00     0.00     0.00     0.00 -1 -3.71e-14      0.00 7.097e-01 2.751e-01 2.706e-03 7.388e-04 6.711e-03 -1.000 1.526e-02 2.552 2.748 2.727 2.522 2.408 2.312 2.204 2.132 2.121
0.0152 0.01508 7.52600 1.7000000477 2.5531580802    1.699  0.943  3.9147  4.336    0  0.000  0.538     0.00     0.00     0.00     0.00     0.00 -1    -1e-30      0.00 7.097e-01 2.751e-01 2.706e-03 7.388e-04 6.710e-03 -1.000 1.525e-02 2.413 2.598 2.565 2.391 2.300 2.225 2.138 2.082 2.073
0.0152 0.01508 7.52600 1.7500000000 2.5561455243    1.749  0.996  3.9260  4.340    0  0.000  0.538     0.00     0.00     0.00     0.00     0.00 -1    -1e-30      0.00 7.097e-01 2.751e-01 2.705e-03 7.388e-04 6.710e-03 -1.000 1.526e-02 2.279 2.455 2.413 2.271 2.201 2.144 2.076 2.034 2.026
0.0152 0.01508 7.52600 1.7999999523 2.5589429085    1.799  1.048  3.9368  4.344    0  0.000  0.538     0.00     0.00     0.00     0.00     0.00 -1    -1e-30      0.00 7.097e-01 2.750e-01 2.705e-03 7.387e-04 6.710e-03 -1.000 1.525e-02 2.149 2.317 2.275 2.161 2.109 2.067 2.016 1.986 1.978
0.0152 0.01508 7.52600 1.8500000238 2.5615671203    1.849  1.097  3.9468  4.347    0  0.000  0.538     0.00     0.00     0.00     0.00     0.00 -1    -1e-30      0.00 7.097e-01 2.750e-01 2.705e-03 7.387e-04 6.709e-03 -1.000 1.525e-02 2.028 2.187 2.154 2.064 2.026 1.996 1.960 1.938 1.932
0.0152 0.01508 7.52600 1.9000000954 2.5640331317    1.899  1.145  3.9563  4.349    0  0.000  0.538     0.00     0.00     0.00     0.00     0.00 -1    -1e-30      0.00 7.098e-01 2.750e-01 2.705e-03 7.386e-04 6.709e-03 -1.000 1.524e-02 1.908 2.062 2.042 1.973 1.946 1.927 1.904 1.890 1.886
0.0152 0.01508 7.52600 1.9500001669 2.5663542767    1.950  1.191  3.9656  4.351    0  0.000  0.538     0.00     0.00     0.00     0.00     0.00 -1    -1e-30      0.00 7.098e-01 2.750e-01 2.705e-03 7.386e-04 6.709e-03 -1.000 1.524e-02 1.792 1.941 1.939 1.888 1.871 1.861 1.851 1.843 1.840
0.0152 0.01508 7.52600 2.0000000000 2.5685424513    2.000  1.236  3.9744  4.353    0  0.000  0.538     0.00     0.00     0.00     0.00     0.00 -1    -1e-30      0.00 7.098e-01 2.749e-01 2.705e-03 7.386e-04 6.708e-03 -1.000 1.527e-02 1.680 1.829 1.845 1.810 1.800 1.798 1.799 1.796 1.796
0.0152 0.01508 7.52600 2.0499999523 2.5706083333    2.050  1.279  3.9827  4.353    0  0.000  0.538     0.00     0.00     0.00     0.00     0.00 -1    -1e-30      0.00 7.098e-01 2.749e-01 2.705e-03 7.385e-04 6.708e-03 -1.000 1.525e-02 1.572 1.722 1.758 1.736 1.733 1.737 1.748 1.750 1.751
0.0152 0.01508 7.52600 2.0999999046 2.5725614918    2.099  1.321  3.9906  4.353    0  0.000  0.538     0.00     0.00     0.00     0.00     0.00 -1    -1e-30      0.00 7.098e-01 2.749e-01 2.704e-03 7.385e-04 6.708e-03 -1.000 1.523e-02 1.467 1.618 1.674 1.665 1.668 1.678 1.698 1.703 1.707
0.0152 0.01508 7.52600 2.1500000954 2.5744105556    2.149  1.362  3.9984  4.353    1  0.000  0.538     0.00     0.00     0.00     0.00     0.00 -1    -1e-30      0.00 7.099e-01 2.749e-01 2.705e-03 7.385e-04 6.708e-03 -1.000 1.524e-02 1.364 1.519 1.595 1.598 1.605 1.620 1.649 1.659 1.664
0.0152 0.01508 7.52600 2.2000000477 2.5761632879    2.199  1.403  4.0058  4.353    1  0.000  0.538     0.00     0.00     0.00     0.00     0.00 -1    -1e-30      0.00 7.098e-01 2.749e-01 2.705e-03 7.384e-04 6.708e-03 -1.000 1.527e-02 1.263 1.422 1.520 1.532 1.544 1.563 1.600 1.612 1.620
0.0152 0.01508 7.52600 2.2500000000 2.5778267375    2.249  1.441  4.0131  4.353    1  0.000  0.538     0.00     0.00     0.00     0.00     0.00 -1    -1e-30      0.00 7.098e-01 2.749e-01 2.704e-03 7.384e-04 6.707e-03 -1.000 1.527e-02 1.167 1.330 1.449 1.471 1.486 1.509 1.554 1.569 1.579
0.0152 0.01508 7.52600 2.2999999523 2.5794072884    2.299  1.479  4.0199  4.352    1  0.000  0.538     0.00     0.00     0.00     0.00     0.00 -1    -1e-30      0.00 7.098e-01 2.749e-01 2.704e-03 7.384e-04 6.707e-03 -1.000 1.526e-02 1.072 1.240 1.379 1.409 1.427 1.454 1.507 1.524 1.536
0.0152 0.01508 7.52600 2.4000000954 2.5823423892    2.399  1.553  4.0328  4.349    1  0.000  0.538     0.00     0.00     0.00     0.00     0.00 -1    -1e-30      0.00 7.099e-01 2.749e-01 2.704e-03 7.384e-04 6.707e-03 -1.000 1.523e-02 0.889 1.068 1.247 1.291 1.314 1.347 1.413 1.435 1.450
0.0152 0.01508 7.52600 2.5888783932 2.5871814615    2.589  1.682  4.0551  4.342    1  0.000  0.538     0.00     0.00     0.00     0.00     0.00 -1    -1e-30      0.00 7.092e-01 2.755e-01 2.709e-03 7.398e-04 6.719e-03 -1.000 1.527e-02 0.566 0.769 1.018 1.082 1.112 1.155 1.244 1.273 1.294
0.0152 0.01508 7.52600 2.5999999046 2.5874412955    2.600  1.689  4.0564  4.341    1  0.000  0.538     0.00     0.00     0.00     0.00     0.00 -1    -1e-30      0.00 7.092e-01 2.755e-01 2.710e-03 7.399e-04 6.720e-03 -1.000 1.527e-02 0.547 0.752 1.006 1.071 1.100 1.144 1.235 1.263 1.285
0.0152 0.01508 7.52600 2.8000001907 2.5917117867    2.800  1.816  4.0776  4.332    1  0.000  0.538     0.00     0.00     0.00     0.00     0.00 -1    -1e-30      0.00 7.092e-01 2.755e-01 2.710e-03 7.399e-04 6.720e-03 -1.000 1.527e-02 0.230 0.465 0.785 0.866 0.901 0.952 1.063 1.098 1.124
0.0152 0.01508 7.52600 3.0000000000 2.5953341962    3.000  1.933  4.0968  4.321    1  0.000  0.538     0.00     0.00     0.00     0.00     0.00 -1    -1e-30      0.00 7.092e-01 2.755e-01 2.710e-03 7.399e-04 6.720e-03 -1.000 1.527e-02 -0.063 0.205 0.584 0.676 0.715 0.772 0.901 0.940 0.971
0.0152 0.01508 7.52600 3.2000000477 2.5984409005    3.199  2.043  4.1144  4.309    1  0.000  0.538     0.00     0.00     0.00     0.00     0.00 -1    -1e-30      0.00 7.092e-01 2.755e-01 2.710e-03 7.399e-04 6.720e-03 -1.000 1.527e-02 -0.338 -0.033 0.396 0.498 0.541 0.604 0.748 0.792 0.826
0.0152 0.01508 7.52600 3.2428803444 2.5990498717    3.242  2.066  4.1179  4.307    1  0.000  0.538     0.00     0.00     0.00     0.00     0.00 -1    -1e-30      0.00 7.092e-01 2.755e-01 2.710e-03 7.399e-04 6.720e-03 -1.000 1.527e-02 -0.395 -0.081 0.358 0.462 0.505 0.570 0.717 0.761 0.796
0.0152 0.01508 7.52600 3.4000000954 2.6011310876    3.398  2.147  4.1307  4.297    1  0.000  0.538     0.00     0.00     0.00     0.00     0.00 -1    -1e-30      0.00 7.092e-01 2.755e-01 2.710e-03 7.399e-04 6.720e-03 -1.000 1.527e-02 -0.597 -0.251 0.221 0.332 0.378 0.447 0.604 0.650 0.688
0.0152 0.01508 7.52600 3.5284249783 2.6026748388    3.526  2.210  4.1405  4.289    1  0.000  0.538     0.00     0.00     0.00     0.00     0.00 -1    -1e-30      0.00 7.092e-01 2.755e-01 2.710e-03 7.399e-04 6.720e-03 -1.000 1.527e-02 -0.756 -0.384 0.113 0.230 0.278 0.349 0.514 0.563 0.602
0.0152 0.01508 7.52600 3.6000001431 2.6034804607    3.598  2.245  4.1459  4.285    1  0.000  0.538     0.00     0.00     0.00     0.00     0.00 -1    -1e-30      0.00 7.092e-01 2.755e-01 2.710e-03 7.399e-04 6.720e-03 -1.000 1.527e-02 -0.842 -0.456 0.055 0.174 0.224 0.297 0.466 0.516 0.556
0.0152 0.01508 7.52600 3.8000001907 2.6055477311    3.798  2.337  4.1601  4.273    1  0.000  0.538     0.00     0.00     0.00     0.00     0.00 -1    -1e-30      0.00 7.092e-01 2.755e-01 2.710e-03 7.399e-04 6.720e-03 -1.000 1.527e-02 -1.073 -0.645 -0.101 0.025 0.078 0.156 0.335 0.388 0.431
0.0152 0.01508 7.52600 4.0000000000 2.6073790840    4.001  2.425  4.1733  4.260    1  0.000  0.538     0.00     0.00     0.00     0.00     0.00 -1    -1e-30      0.00 7.092e-01 2.755e-01 2.710e-03 7.399e-04 6.720e-03 -1.000 1.527e-02 -1.293 -0.825 -0.250 -0.117 -0.061 0.020 0.209 0.265 0.310
0.0152 0.01508 7.52600 4.0573763847 2.6078662919    4.057  2.450  4.1770  4.256    1  0.000  0.538     0.00     0.00     0.00     0.00     0.00 -1    -1e-30      0.00 7.092e-01 2.755e-01 2.710e-03 7.399e-04 6.720e-03 -1.000 1.527e-02 -1.355 -0.875 -0.292 -0.157 -0.100 -0.018 0.173 0.230 0.276
0.0152 0.01508 7.52600 4.1999998093 2.6090113217    4.198  2.510  4.1858  4.246    1  0.000  0.538     0.00     0.00     0.00     0.00     0.00 -1    -1e-30      0.00 7.092e-01 2.755e-01 2.710e-03 7.399e-04 6.720e-03 -1.000 1.527e-02 -1.505 -0.995 -0.394 -0.254 -0.196 -0.111 0.087 0.145 0.193
0.0152 0.01508 7.52600 4.2677617073 2.6095245985    4.265  2.538  4.1899  4.242    1  0.000  0.538     0.00     0.00     0.00     0.00     0.00 -1    -1e-30      0.00 7.092e-01 2.755e-01 2.710e-03 7.399e-04 6.720e-03 -1.000 1.527e-02 -1.574 -1.051 -0.442 -0.300 -0.240 -0.154 0.047 0.106 0.154
0.0152 0.01508 7.52600 4.4000000954 2.6104741055    4.397  2.591  4.1976  4.233    1  0.000  0.538     0.00     0.00     0.00     0.00     0.00 -1    -1e-30      0.00 7.092e-01 2.755e-01 2.710e-03 7.399e-04 6.720e-03 -1.000 1.527e-02 -1.707 -1.158 -0.533 -0.387 -0.325 -0.237 -0.031 0.030 0.079
0.0152 0.01508 7.52600 4.5085263252 2.6112056849    4.506  2.633  4.2036  4.225    1  0.000  0.538     0.00     0.00     0.00     0.00     0.00 -1    -1e-30      0.00 7.092e-01 2.755e-01 2.710e-03 7.399e-04 6.720e-03 -1.000 1.527e-02 -1.813 -1.243 -0.606 -0.457 -0.394 -0.303 -0.094 -0.032 0.019
0.0152 0.01508 7.52600 4.5999999046 2.6117915791    4.597  2.668  4.2086  4.219    1  0.000  0.538     0.00     0.00     0.00     0.00     0.00 -1    -1e-30      0.00 7.092e-01 2.755e-01 2.710e-03 7.399e-04 6.720e-03 -1.000 1.527e-02 -1.901 -1.314 -0.667 -0.515 -0.451 -0.359 -0.146 -0.083 -0.031
0.0152 0.01508 7.52600 4.7154183388 2.6124936692    4.713  2.712  4.2146  4.210    1  0.000  0.538     0.00     0.00     0.00     0.00     0.00 -1    -1e-30      0.00 7.092e-01 2.755e-01 2.710e-03 7.399e-04 6.720e-03 -1.000 1.527e-02 -2.009 -1.401 -0.743 -0.588 -0.522 -0.428 -0.211 -0.147 -0.095
0.0152 0.01508 7.52600 4.8000001907 2.6129836005    4.798  2.743  4.2189  4.203    1  0.000  0.538     0.00     0.00     0.00     0.00     0.00 -1    -1e-30      0.00 7.092e-01 2.755e-01 2.710e-03 7.399e-04 6.720e-03 -1.000 1.527e-02 -2.088 -1.465 -0.798 -0.641 -0.575 -0.480 -0.260 -0.195 -0.141
0.0152 0.01508 7.52600 4.9262676239 2.6136791153    4.925  2.790  4.2250  4.193    1  0.000  0.538     0.00     0.00     0.00     0.00     0.00 -1    -1e-30      0.00 7.092e-01 2.755e-01 2.710e-03 7.399e-04 6.720e-03 -1.000 1.527e-02 -2.204 -1.559 -0.880 -0.720 -0.652 -0.555 -0.331 -0.265 -0.210
0.0152 0.01508 7.52600 5.0000000000 2.6140666223    4.999  2.816  4.2285  4.187    1  0.000  0.538     0.00     0.00     0.00     0.00     0.00 -1    -1e-30      0.00 7.092e-01 2.755e-01 2.710e-03 7.399e-04 6.720e-03 -1.000 1.527e-02 -2.271 -1.614 -0.928 -0.766 -0.697 -0.599 -0.373 -0.306 -0.251
0.0152 0.01508 7.52600 5.1999998093 2.6150544000    5.200  2.887  4.2377  4.169    1  0.000  0.538     0.00     0.00     0.00     0.00     0.00 -1    -1e-30      0.00 7.092e-01 2.755e-01 2.710e-03 7.399e-04 6.720e-03 -1.000 1.527e-02 -2.448 -1.759 -1.057 -0.890 -0.818 -0.717 -0.485 -0.416 -0.360
0.0152 0.01508 7.52600 5.2135577202 2.6151182138    5.214  2.892  4.2382  4.168    1  0.000  0.538     0.00     0.00     0.00     0.00     0.00 -1    -1e-30      0.00 7.092e-01 2.755e-01 2.710e-03 7.399e-04 6.720e-03 -1.000 1.527e-02 -2.460 -1.769 -1.065 -0.898 -0.826 -0.725 -0.493 -0.424 -0.367
0.0152 0.01508 7.52600 5.3999996185 2.6159585084    5.401  2.956  4.2462  4.151    1  0.000  0.538     0.00     0.00     0.00     0.00     0.00 -1    -1e-30      0.00 7.092e-01 2.755e-01 2.710e-03 7.399e-04 6.720e-03 -1.000 1.527e-02 -2.621 -1.902 -1.184 -1.012 -0.939 -0.835 -0.597 -0.527 -0.469
0.0152 0.01508 7.52600 5.5221557617 2.6164738244    5.523  2.998  4.2511  4.139    1  0.000  0.538     0.00     0.00     0.00     0.00     0.00 -1    -1e-30      0.00 7.092e-01 2.755e-01 2.710e-03 7.399e-04 6.720e-03 -1.000 1.527e-02 -2.724 -1.987 -1.260 -1.086 -1.011 -0.906 -0.665 -0.594 -0.535
0.0152 0.01508 7.52600 5.5999994278 2.6167887546    5.601  3.024  4.2541  4.131    1  0.000  0.538     0.00     0.00     0.00     0.00     0.00 -1    -1e-30      0.00 7.092e-01 2.755e-01 2.710e-03 7.399e-04 6.720e-03 -1.000 1.527e-02 -2.789 -2.042 -1.308 -1.133 -1.057 -0.951 -0.709 -0.636 -0.577
0.0152 0.01508 7.52600 5.6196656227 2.6168667317    5.620  3.030  4.2549  4.129    1  0.000  0.538     0.00     0.00     0.00     0.00     0.00 -1    -1e-30      0.00 7.092e-01 2.755e-01 2.710e-03 7.399e-04 6.720e-03 -1.000 1.527e-02 -2.805 -2.055 -1.321 -1.145 -1.069 -0.963 -0.720 -0.647 -0.587
0.0152 0.01508 7.52600 5.8000001907 2.6175535027    5.801  3.089  4.2615  4.110    1  0.000  0.538     0.00     0.00     0.00     0.00     0.00 -1    -1e-30      0.00 7.092e-01 2.755e-01 2.710e-03 7.399e-04 6.720e-03 -1.000 1.527e-02 -2.953 -2.180 -1.434 -1.254 -1.177 -1.069 -0.821 -0.748 -0.687
0.0152 0.01508 7.52600 6.0000000000 2.6182599138    6.000  3.154  4.2683  4.087    1  0.000  0.538     0.00     0.00     0.00     0.00     0.00 -1    -1e-30      0.00 7.092e-01 2.755e-01 2.710e-03 7.399e-04 6.720e-03 -1.000 1.527e-02 -3.115 -2.318 -1.559 -1.376 -1.297 -1.187 -0.935 -0.860 -0.797
0.0152 0.01508 7.52600 6.0311336517 2.6183650440    6.031  3.164  4.2693  4.084    1  0.000  0.538     0.00     0.00     0.00     0.00     0.00 -1    -1e-30      0.00 7.092e-01 2.755e-01 2.710e-03 7.399e-04 6.720e-03 -1.000 1.527e-02 -3.140 -2.340 -1.579 -1.395 -1.316 -1.205 -0.952 -0.877 -0.815
0.0152 0.01508 7.52600 6.1999998093 2.6189141709    6.200  3.218  4.2743  4.061    1  0.000  0.538     0.00     0.00     0.00     0.00     0.00 -1    -1e-30      0.00 7.092e-01 2.755e-01 2.710e-03 7.399e-04 6.720e-03 -1.000 1.527e-02 -3.276 -2.459 -1.688 -1.502 -1.421 -1.309 -1.053 -0.977 -0.914
0.0152 0.01508 7.52600 6.2884697914 2.6191883605    6.288  3.246  4.2768  4.049    1  0.000  0.538     0.00     0.00     0.00     0.00     0.00 -1    -1e-30      0.00 7.092e-01 2.755e-01 2.710e-03 7.399e-04 6.720e-03 -1.000 1.527e-02 -3.346 -2.520 -1.745 -1.558 -1.476 -1.363 -1.106 -1.029 -0.965
0.0152 0.01508 7.52600 6.4000000954 2.6195216279    6.399  3.282  4.2797  4.033    1  0.000  0.538     0.00     0.00     0.00     0.00     0.00 -1    -1e-30      0.00 7.092e-01 2.755e-01 2.710e-03 7.399e-04 6.720e-03 -1.000 1.527e-02 -3.434 -2.599 -1.819 -1.630 -1.547 -1.433 -1.174 -1.097 -1.032
0.0152 0.01508 7.52600 6.5215358734 2.6198699083    6.520  3.319  4.2827  4.015    1  0.000  0.538     0.00     0.00     0.00     0.00     0.00 -1    -1e-30      0.00 7.092e-01 2.755e-01 2.710e-03 7.399e-04 6.720e-03 -1.000 1.527e-02 -3.529 -2.684 -1.898 -1.707 -1.624 -1.509 -1.248 -1.170 -1.105
0.0152 0.01508 7.52600 6.6706194878 2.6202772628    6.668  3.366  4.2859  3.992    1  0.000  0.538     0.00     0.00     0.00     0.00     0.00 -1    -1e-30      0.00 7.092e-01 2.755e-01 2.710e-03 7.399e-04 6.720e-03 -1.000 1.527e-02 -3.644 -2.789 -1.997 -1.804 -1.721 -1.605 -1.342 -1.263 -1.197
0.0152 0.01508 7.52600 6.8093519211 2.6206379663    6.806  3.409  4.2884  3.968    1  0.000  0.538     0.00     0.00     0.00     0.00     0.00 -1    -1e-30      0.00 7.092e-01 2.755e-01 2.710e-03 7.399e-04 6.720e-03 -1.000 1.527e-02 -3.751 -2.889 -2.092 -1.898 -1.814 -1.697 -1.432 -1.353 -1.287
0.0152 0.01508 7.52600 6.9994239807 2.6211055552    6.995  3.469  4.2907  3.929    1  0.000  0.538     0.00     0.00     0.00     0.00     0.00 -1    -1e-30      0.00 7.092e-01 2.755e-01 2.710e-03 7.399e-04 6.720e-03 -1.000 1.527e-02 -3.902 -3.035 -2.231 -2.036 -1.951 -1.834 -1.567 -1.487 -1.421
0.0152 0.01508 7.52600 7.0000000000 2.6211069280    6.996  3.469  4.2907  3.929    1  0.000  0.538     0.00     0.00     0.00     0.00     0.00 -1    -1e-30      0.00 7.092e-01 2.755e-01 2.710e-03 7.399e-04 6.720e-03 -1.000 1.527e-02 -3.902 -3.035 -2.231 -2.036 -1.951 -1.834 -1.568 -1.488 -1.421
0.0152 0.01508 7.52600 7.1652889252 2.6214903692    7.162  3.520  4.2918  3.893    1  0.000  0.538     0.00     0.00     0.00     0.00     0.00 -1    -1e-30      0.00 7.092e-01 2.755e-01 2.710e-03 7.399e-04 6.720e-03 -1.000 1.527e-02 -4.030 -3.162 -2.354 -2.158 -2.073 -1.956 -1.688 -1.608 -1.541
0.0152 0.01508 7.52600 7.3296675682 2.6218520420    7.327  3.571  4.2921  3.852    1  0.000  0.538     0.00     0.00     0.00     0.00     0.00 -1    -1e-30      0.00 7.092e-01 2.755e-01 2.710e-03 7.399e-04 6.720e-03 -1.000 1.527e-02 -4.157 -3.292 -2.482 -2.285 -2.201 -2.083 -1.815 -1.735 -1.668
0.0152 0.01508 7.52600 7.4788985252 2.6221646021    7.477  3.618  4.2909  3.809    1  0.000  0.538     0.00     0.00     0.00     0.00     0.00 -1    -1e-30      0.00 7.092e-01 2.755e-01 2.710e-03 7.399e-04 6.720e-03 -1.000 1.527e-02 -4.275 -3.418 -2.608 -2.411 -2.327 -2.210 -1.942 -1.863 -1.796
0.0152 0.01508 7.52600 7.6036357880 2.6224150640    7.603  3.658  4.2889  3.768    1  0.000  0.538     0.00     0.00     0.00     0.00     0.00 -1    -1e-30      0.00 7.092e-01 2.755e-01 2.710e-03 7.399e-04 6.720e-03 -1.000 1.527e-02 -4.376 -3.529 -2.721 -2.525 -2.441 -2.325 -2.058 -1.979 -1.912
0.0152 0.01508 7.52600 7.7536153793 2.6227039738    7.753  3.707  4.2850  3.712    1  0.000  0.538     0.00     0.00     0.00     0.00     0.00 -1    -1e-30      0.00 7.092e-01 2.755e-01 2.710e-03 7.399e-04 6.720e-03 -1.000 1.527e-02 -4.498 -3.670 -2.865 -2.671 -2.588 -2.473 -2.209 -2.130 -2.064
0.0152 0.01508 7.52600 7.8861322403 2.6229487566    7.887  3.751  4.2796  3.654    1  0.000  0.538     0.00     0.00     0.00     0.00     0.00 -1    -1e-30      0.00 7.092e-01 2.755e-01 2.710e-03 7.399e-04 6.720e-03 -1.000 1.527e-02 -4.609 -3.805 -3.007 -2.814 -2.733 -2.619 -2.358 -2.281 -2.216
0.0152 0.01508 7.52600 7.9941549301 2.6231414049    7.995  3.789  4.2735  3.598    1  0.000  0.538     0.00     0.00     0.00     0.00     0.00 -1    -1e-30      0.00 7.092e-01 2.755e-01 2.710e-03 7.399e-04 6.720e-03 -1.000 1.527e-02 -4.702 -3.925 -3.134 -2.943 -2.864 -2.753 -2.495 -2.419 -2.355
0.0152 0.01508 7.52600 8.0000000000 2.6231516585    8.001  3.791  4.2731  3.595    1  0.000  0.538     0.00     0.00     0.00     0.00     0.00 -1    -1e-30      0.00 7.092e-01 2.755e-01 2.710e-03 7.399e-04 6.720e-03 -1.000 1.527e-02 -4.707 -3.931 -3.141 -2.950 -2.871 -2.760 -2.503 -2.427 -2.363
0.0152 0.01508 7.52600 8.0845098495 2.6232980053    8.085  3.819  4.2678  3.550    1  0.000  0.538     0.00     0.00     0.00     0.00     0.00 -1    -1e-30      0.00 7.092e-01 2.755e-01 2.710e-03 7.399e-04 6.720e-03 -1.000 1.527e-02 -4.777 -4.025 -3.242 -3.053 -2.975 -2.866 -2.612 -2.537 -2.474
0.0152 0.01508 7.52600 8.1872167587 2.6234711953    8.187  3.855  4.2596  3.487    1  0.000  0.538     0.00     0.00     0.00     0.00     0.00 -1    -1e-30      0.00 7.092e-01 2.755e-01 2.710e-03 7.399e-04 6.720e-03 -1.000 1.527e-02 -4.867 -4.149 -3.378 -3.192 -3.116 -3.010 -2.761 -2.688 -2.626
0.0152 0.01508 7.52600 8.2779026031 2.6236200134    8.277  3.889  4.2524  3.428    1  0.000  0.538     0.00     0.00     0.00     0.00     0.00 -1    -1e-30      0.00 7.092e-01 2.755e-01 2.710e-03 7.399e-04 6.720e-03 -1.000 1.527e-02 -4.953 -4.267 -3.504 -3.321 -3.248 -3.144 -2.899 -2.828 -2.766
0.0152 0.01508 7.52600 8.3228359222 2.6236923700    8.321  3.907  4.2505  3.405    1  0.000  0.538     0.00     0.00     0.00     0.00     0.00 -1    -1e-30      0.00 7.092e-01 2.755e-01 2.710e-03 7.399e-04 6.720e-03 -1.000 1.527e-02 -4.999 -4.322 -3.560 -3.378 -3.306 -3.203 -2.958 -2.888 -2.827
0.0152 0.01508 7.52600 8.3660612106 2.6237611333    8.364  3.933  4.2608  3.423    1  0.000  0.538     0.00     0.00     0.00     0.00     0.00 -1    -1e-30      0.00 7.092e-01 2.755e-01 2.710e-03 7.399e-04 6.720e-03 -1.000 1.527e-02 -5.062 -4.347 -3.568 -3.381 -3.306 -3.200 -2.949 -2.876 -2.813
0.0152 0.01508 7.52600 8.3786201477 2.6237809593    8.377  3.947  4.2728  3.457    1  0.000  0.538     0.00     0.00     0.00     0.00     0.00 -1    -1e-30      0.00 7.092e-01 2.755e-01 2.710e-03 7.399e-04 6.720e-03 -1.000 1.527e-02 -5.099 -4.338 -3.540 -3.348 -3.270 -3.159 -2.901 -2.826 -2.761
0.0152 0.01508 7.52600 8.3832960129 2.6237883234    8.381  3.963  4.2852  3.491    1  0.000  0.538     0.00     0.00     0.00     0.00     0.00 -1    -1e-30      0.00 7.092e-01 2.755e-01 2.710e-03 7.399e-04 6.720e-03 -1.000 1.527e-02 -5.136 -4.327 -3.511 -3.314 -3.232 -3.117 -2.852 -2.773 -2.706
0.0152 0.01508 7.52600 8.3853254318 2.6237915166    8.384  3.980  4.2962  3.519    1  0.000  0.538     0.00     0.00     0.00     0.00     0.00 -1    -1e-30      0.00 7.092e-01 2.755e-01 2.710e-03 7.399e-04 6.720e-03 -1.000 1.527e-02 -5.179 -4.328 -3.494 -3.293 -3.209 -3.090 -2.818 -2.737 -2.668
0.0152 0.01508 7.52600 8.3863630295 2.6237931485    8.384  3.996  4.3050  3.537    1  0.000  0.538     0.00     0.00     0.00     0.00     0.00 -1    -1e-30      0.00 7.092e-01 2.755e-01 2.710e-03 7.399e-04 6.720e-03 -1.000 1.527e-02 -5.220 -4.337 -3.488 -3.284 -3.198 -3.076 -2.798 -2.715 -2.645
0.0152 0.01508 7.52600 8.3866119385 2.6237935399    8.385  3.999  4.3068  3.542    1  0.000  0.538     0.00     0.00     0.00     0.00     0.00 -1    -1e-30      0.00 7.092e-01 2.755e-01 2.710e-03 7.399e-04 6.720e-03 -1.000 1.527e-02 -5.227 -4.338 -3.486 -3.282 -3.195 -3.073 -2.793 -2.710 -2.639
0.0152 0.01508 7.52600 8.3872165680 2.6237944906    8.385  3.971  4.2976  3.533    2  0.000  0.538     0.00     0.00     0.00     0.00     0.00 -1    -1e-30      0.00 7.092e-01 2.755e-01 2.710e-03 7.399e-04 6.720e-03 -1.000 1.527e-02 -5.158 -4.301 -3.465 -3.264 -3.179 -3.060 -2.786 -2.705 -2.636
0.0152 0.01508 7.52600 8.3875703812 2.6237950468    8.386  3.953  4.2872  3.510    2  0.000  0.538     0.00     0.00     0.00     0.00     0.00 -1    -1e-30      0.00 7.092e-01 2.755e-01 2.710e-03 7.399e-04 6.720e-03 -1.000 1.527e-02 -5.112 -4.294 -3.475 -3.277 -3.195 -3.079 -2.812 -2.733 -2.666
0.0152 0.01508 7.52600 8.3879394531 2.6237956270    8.386  3.944  4.2738  3.465    2  0.000  0.538     0.00     0.00     0.00     0.00     0.00 -1    -1e-30      0.00 7.092e-01 2.755e-01 2.710e-03 7.399e-04 6.720e-03 -1.000 1.527e-02 -5.089 -4.323 -3.525 -3.332 -3.254 -3.143 -2.884 -2.808 -2.743
0.0152 0.01508 7.52600 8.3882646561 2.6237961382    8.386  3.945  4.2611  3.413    2  0.000  0.538     0.00     0.00     0.00     0.00     0.00 -1    -1e-30      0.00 7.092e-01 2.755e-01 2.710e-03 7.399e-04 6.720e-03 -1.000 1.527e-02 -5.093 -4.377 -3.597 -3.411 -3.336 -3.229 -2.978 -2.905 -2.842
0.0152 0.01508 7.52600 8.3885717392 2.6237966208    8.387  3.951  4.2487  3.357    2  0.000  0.538     0.00     0.00     0.00     0.00     0.00 -1    -1e-30      0.00 7.092e-01 2.755e-01 2.710e-03 7.399e-04 6.720e-03 -1.000 1.527e-02 -5.108 -4.443 -3.681 -3.499 -3.428 -3.325 -3.082 -3.012 -2.951
0.0152 0.01508 7.52600 8.3888692856 2.6237970884    8.387  3.960  4.2365  3.300    2  0.000  0.538     0.00     0.00     0.00     0.00     0.00 -1    -1e-30      0.00 7.092e-01 2.755e-01 2.710e-03 7.399e-04 6.720e-03 -1.000 1.527e-02 -5.129 -4.511 -3.768 -3.591 -3.524 -3.425 -3.189 -3.122 -3.063
0.0152 0.01508 7.52600 8.3891582489 2.6237975425    8.387  3.967  4.2244  3.244    2  0.000  0.538     0.00     0.00     0.00     0.00     0.00 -1    -1e-30      0.00 7.092e-01 2.755e-01 2.710e-03 7.399e-04 6.720e-03 -1.000 1.527e-02 -5.148 -4.577 -3.853 -3.682 -3.617 -3.523 -3.295 -3.231 -3.174
0.0152 0.01508 7.52600 8.3894414902 2.6237979876    8.388  3.974  4.2123  3.189    2  0.000  0.538     0.00     0.00     0.00     0.00     0.00 -1    -1e-30      0.00 7.092e-01 2.755e-01 2.710e-03 7.399e-04 6.720e-03 -1.000 1.527e-02 -5.164 -4.640 -3.934 -3.769 -3.708 -3.618 -3.398 -3.336 -3.281
0.0152 0.01508 7.52600 8.3897180557 2.6237984221    8.388  3.979  4.2003  3.136    2  0.000  0.538     0.00     0.00     0.00     0.00     0.00 -1    -1e-30      0.00 7.092e-01 2.755e-01 2.710e-03 7.399e-04 6.720e-03 -1.000 1.527e-02 -5.177 -4.698 -4.012 -3.852 -3.794 -3.709 -3.496 -3.438 -3.385
0.0152 0.01508 7.52600 8.3899869919 2.6237988446    8.388  3.983  4.1882  3.084    2  0.000  0.538     0.00     0.00     0.00     0.00     0.00 -1    -1e-30      0.00 7.092e-01 2.755e-01 2.710e-03 7.399e-04 6.720e-03 -1.000 1.527e-02 -5.186 -4.752 -4.087 -3.931 -3.878 -3.797 -3.592 -3.536 -3.485
0.0152 0.01508 7.52600 8.3902463913 2.6237992521    8.388  3.985  4.1762  3.033    2  0.000  0.538     0.00     0.00     0.00     0.00     0.00 -1    -1e-30      0.00 7.092e-01 2.755e-01 2.710e-03 7.399e-04 6.720e-03 -1.000 1.527e-02 -5.193 -4.802 -4.158 -4.008 -3.958 -3.881 -3.685 -3.632 -3.583
0.0152 0.01508 7.52600 8.3904972076 2.6237996461    8.389  3.987  4.1641  2.983    2  0.000  0.538     0.00     0.00     0.00     0.00     0.00 -1    -1e-30      0.00 7.092e-01 2.755e-01 2.710e-03 7.399e-04 6.720e-03 -1.000 1.527e-02 -5.197 -4.849 -4.226 -4.082 -4.035 -3.963 -3.775 -3.725 -3.678
0.0152 0.01508 7.52600 8.3907394409 2.6238000266    8.389  3.988  4.1522  2.934    2  0.000  0.538     0.00     0.00     0.00     0.00     0.00 -1    -1e-30      0.00 7.092e-01 2.755e-01 2.710e-03 7.399e-04 6.720e-03 -1.000 1.527e-02 -5.200 -4.894 -4.292 -4.153 -4.110 -4.043 -3.863 -3.816 -3.771
0.0152 0.01508 7.52600 8.3910274506 2.6238004790    8.389  3.988  4.1372  2.874    2  0.000  0.538     0.00     0.00     0.00     0.00     0.00 -1    -1e-30      0.00 7.092e-01 2.755e-01 2.710e-03 7.399e-04 6.720e-03 -1.000 1.527e-02 -5.201 -4.944 -4.370 -4.239 -4.201 -4.139 -3.970 -3.927 -3.885
0.0152 0.01508 7.52600 8.3912477493 2.6238008249    8.389  3.988  4.1252  2.826    2  0.000  0.538     0.00     0.00     0.00     0.00     0.00 -1    -1e-30      0.00 7.092e-01 2.755e-01 2.710e-03 7.399e-04 6.720e-03 -1.000 1.527e-02 -5.200 -4.981 -4.430 -4.305 -4.271 -4.214 -4.054 -4.014 -3.974
0.0152 0.01508 7.52600 8.3914585114 2.6238011559    8.390  3.987  4.1132  2.779    2  0.000  0.538     0.00     0.00     0.00     0.00     0.00 -1    -1e-30      0.00 7.092e-01 2.755e-01 2.710e-03 7.399e-04 6.720e-03 -1.000 1.527e-02 -5.198 -5.015 -4.489 -4.370 -4.340 -4.287 -4.136 -4.099 -4.061
0.0152 0.01508 7.52600 8.3916597366 2.6238014719    8.390  3.986  4.1012  2.733    2  0.000  0.538     0.00     0.00     0.00     0.00     0.00 -1    -1e-30      0.00 7.092e-01 2.755e-01 2.710e-03 7.399e-04 6.720e-03 -1.000 1.527e-02 -5.194 -5.046 -4.546 -4.433 -4.406 -4.358 -4.217 -4.183 -4.147
0.0152 0.01508 7.52600 8.3918523788 2.6238017744    8.390  3.984  4.0892  2.687    2  0.000  0.538     0.00     0.00     0.00     0.00     0.00 -1    -1e-30      0.00 7.092e-01 2.755e-01 2.710e-03 7.399e-04 6.720e-03 -1.000 1.527e-02 -5.190 -5.073 -4.600 -4.493 -4.470 -4.427 -4.295 -4.265 -4.231
0.0152 0.01508 7.52600 8.3920364380 2.6238020634    8.390  3.982  4.0773  2.641    2  0.000  0.538     0.00     0.00     0.00     0.00     0.00 -1    -1e-30      0.00 7.092e-01 2.755e-01 2.710e-03 7.399e-04 6.720e-03 -1.000 1.527e-02 -5.185 -5.096 -4.653 -4.552 -4.532 -4.494 -4.372 -4.345 -4.313
0.0152 0.01508 7.52600 8.3922109604 2.6238023374    8.390  3.979  4.0653  2.596    2  0.000  0.538     0.00     0.00     0.00     0.00     0.00 -1    -1e-30      0.00 7.092e-01 2.755e-01 2.710e-03 7.399e-04 6.720e-03 -1.000 1.527e-02 -5.178 -5.116 -4.704 -4.608 -4.592 -4.558 -4.448 -4.424 -4.394
0.0152 0.01508 7.52600 8.3923778534 2.6238025995    8.391  3.976  4.0533  2.551    2  0.000  0.538     0.00     0.00     0.00     0.00     0.00 -1    -1e-30      0.00 7.092e-01 2.755e-01 2.710e-03 7.399e-04 6.720e-03 -1.000 1.527e-02 -5.171 -5.131 -4.752 -4.662 -4.649 -4.621 -4.521 -4.501 -4.473
0.0152 0.01508 7.52600 8.3925371170 2.6238028495    8.391  3.973  4.0413  2.506    2  0.000  0.538     0.00     0.00     0.00     0.00     0.00 -1    -1e-30      0.00 7.092e-01 2.755e-01 2.710e-03 7.399e-04 6.720e-03 -1.000 1.527e-02 -5.163 -5.142 -4.798 -4.714 -4.705 -4.681 -4.593 -4.577 -4.551
0.0152 0.01508 7.52600 8.3926887512 2.6238030875    8.391  3.970  4.0293  2.461    2  0.000  0.538     0.00     0.00     0.00     0.00     0.00 -1    -1e-30      0.00 7.092e-01 2.755e-01 2.710e-03 7.399e-04 6.720e-03 -1.000 1.527e-02 -5.155 -5.149 -4.840 -4.763 -4.757 -4.739 -4.664 -4.651 -4.628
0.0152 0.01508 7.52600 8.3928327560 2.6238033136    8.391  3.966  4.0174  2.417    2  0.000  0.538     0.00     0.00     0.00     0.00     0.00 -1    -1e-30      0.00 7.092e-01 2.755e-01 2.710e-03 7.399e-04 6.720e-03 -1.000 1.527e-02 -5.146 -5.152 -4.880 -4.810 -4.808 -4.795 -4.733 -4.725 -4.704
0.0152 0.01508 7.52600 8.3929700851 2.6238035292    8.391  3.962  4.0054  2.373    2  0.000  0.538     0.00     0.00     0.00     0.00     0.00 -1    -1e-30      0.00 7.092e-01 2.755e-01 2.710e-03 7.399e-04 6.720e-03 -1.000 1.527e-02 -5.136 -5.151 -4.918 -4.856 -4.856 -4.850 -4.801 -4.797 -4.779
0.0152 0.01508 7.52600 8.3931007385 2.6238037343    8.391  3.958  3.9935  2.329    2  0.000  0.538     0.00     0.00     0.00     0.00     0.00 -1    -1e-30      0.00 7.092e-01 2.755e-01 2.710e-03 7.399e-04 6.720e-03 -1.000 1.527e-02 -5.126 -5.147 -4.954 -4.899 -4.903 -4.902 -4.868 -4.869 -4.853
0.0152 0.01508 7.52600 8.3932247162 2.6238039289    8.391  3.954  3.9816  2.286    2  0.000  0.538     0.00     0.00     0.00     0.00     0.00 -1    -1e-30      0.00 7.092e-01 2.755e-01 2.710e-03 7.399e-04 6.720e-03 -1.000 1.527e-02 -5.116 -5.140 -4.988 -4.940 -4.948 -4.953 -4.934 -4.940 -4.928
0.0152 0.01508 7.52600 8.3933439255 2.6238041160    8.391  3.950  3.9696  2.242    2  0.000  0.538     0.00     0.00     0.00     0.00     0.00 -1    -1e-30      0.00 7.092e-01 2.755e-01 2.710e-03 7.399e-04 6.720e-03 -1.000 1.527e-02 -5.105 -5.128 -5.019 -4.980 -4.991 -5.003 -5.000 -5.010 -5.002
0.0152 0.01508 7.52600 8.3934564590 2.6238042926    8.391  3.945  3.9578  2.200    2  0.000  0.538     0.00     0.00     0.00     0.00     0.00 -1    -1e-30      0.00 7.092e-01 2.755e-01 2.710e-03 7.399e-04 6.720e-03 -1.000 1.527e-02 -5.094 -5.111 -5.045 -5.016 -5.032 -5.050 -5.064 -5.080 -5.075
0.0152 0.01508 7.52600 8.3935642242 2.6238044617    8.392  3.941  3.9459  2.157    2  0.000  0.538     0.00     0.00     0.00     0.00     0.00 -1    -1e-30      0.00 7.092e-01 2.755e-01 2.710e-03 7.399e-04 6.720e-03 -1.000 1.527e-02 -5.082 -5.090 -5.067 -5.048 -5.070 -5.096 -5.128 -5.150 -5.149
0.0152 0.01508 7.52600 8.3936672211 2.6238046234    8.392  3.936  3.9340  2.114    2  0.000  0.538     0.00     0.00     0.00     0.00     0.00 -1    -1e-30      0.00 7.092e-01 2.755e-01 2.710e-03 7.399e-04 6.720e-03 -1.000 1.527e-02 -5.070 -5.060 -5.083 -5.077 -5.105 -5.140 -5.191 -5.220 -5.223
0.0152 0.01508 7.52600 8.3937664032 2.6238047790    8.392  3.931  3.9222  2.071    2  0.000  0.538     0.00     0.00     0.00     0.00     0.00 -1    -1e-30      0.00 7.092e-01 2.755e-01 2.710e-03 7.399e-04 6.720e-03 -1.000 1.527e-02 -5.058 -5.020 -5.088 -5.099 -5.137 -5.181 -5.253 -5.289 -5.296
0.0152 0.01508 7.52600 8.3938608170 2.6238049272    8.392  3.926  3.9102  2.029    2  0.000  0.538     0.00     0.00     0.00     0.00     0.00 -1    -1e-30      0.00 7.092e-01 2.755e-01 2.710e-03 7.399e-04 6.720e-03 -1.000 1.527e-02 -5.045 -4.970 -5.081 -5.114 -5.164 -5.221 -5.314 -5.360 -5.371
0.0152 0.01508 7.52600 8.3939504623 2.6238050679    8.392  3.921  3.8983  1.986    2  0.000  0.538     0.00     0.00     0.00     0.00     0.00 -1    -1e-30      0.00 7.092e-01 2.755e-01 2.710e-03 7.399e-04 6.720e-03 -1.000 1.527e-02 -5.033 -4.911 -5.061 -5.122 -5.188 -5.258 -5.374 -5.431 -5.445
0.0152 0.01508 7.52600 8.3940362930 2.6238052026    8.392  3.916  3.8863  1.943    2  0.000  0.538     0.00     0.00     0.00     0.00     0.00 -1    -1e-30      0.00 7.092e-01 2.755e-01 2.710e-03 7.399e-04 6.720e-03 -1.000 1.527e-02 -5.019 -4.848 -5.029 -5.122 -5.207 -5.294 -5.433 -5.503 -5.521
0.0152 0.01508 7.52600 8.3941383362 2.6238053627    8.392  3.909  3.8713  1.890    2  0.000  0.538     0.00     0.00     0.00     0.00     0.00 -1    -1e-30      0.00 7.092e-01 2.755e-01 2.710e-03 7.399e-04 6.720e-03 -1.000 1.527e-02 -5.003 -4.764 -4.975 -5.113 -5.225 -5.335 -5.505 -5.595 -5.617
0.0152 0.01508 7.52600 8.3942146301 2.6238054824    8.392  3.903  3.8594  1.848    2  0.000  0.538     0.00     0.00     0.00     0.00     0.00 -1    -1e-30      0.00 7.092e-01 2.755e-01 2.710e-03 7.399e-04 6.720e-03 -1.000 1.527e-02 -4.989 -4.692 -4.921 -5.101 -5.237 -5.368 -5.562 -5.669 -5.694
0.0152 0.01508 7.52600 8.3943061829 2.6238056261    8.392  3.896  3.8444  1.795    2  0.000  0.538     0.00     0.00     0.00     0.00     0.00 -1    -1e-30      0.00 7.092e-01 2.755e-01 2.710e-03 7.399e-04 6.720e-03 -1.000 1.527e-02 -4.971 -4.593 -4.833 -5.079 -5.249 -5.407 -5.632 -5.764 -5.793
0.0152 0.01508 7.52600 8.3943758011 2.6238057353    8.392  3.890  3.8324  1.753    2  0.000  0.538     0.00     0.00     0.00     0.00     0.00 -1    -1e-30      0.00 7.092e-01 2.755e-01 2.710e-03 7.399e-04 6.720e-03 -1.000 1.527e-02 -4.956 -4.509 -4.756 -5.058 -5.256 -5.436 -5.688 -5.841 -5.872
0.0152 0.01508 7.52600 8.3944568634 2.6238058625    8.392  3.883  3.8175  1.701    2  0.000  0.538     0.00     0.00     0.00     0.00     0.00 -1    -1e-30      0.00 7.092e-01 2.755e-01 2.710e-03 7.399e-04 6.720e-03 -1.000 1.527e-02 -4.937 -4.393 -4.651 -5.024 -5.258 -5.467 -5.753 -5.934 -5.969
0.0152 0.01508 7.52600 8.3945188522 2.6238059598    8.393  3.876  3.8055  1.659    2  0.000  0.538     0.00     0.00     0.00     0.00     0.00 -1    -1e-30      0.00 7.092e-01 2.755e-01 2.710e-03 7.399e-04 6.720e-03 -1.000 1.527e-02 -4.921 -4.282 -4.559 -4.994 -5.259 -5.491 -5.805 -6.010 -6.047
0.0152 0.01508 7.52600 8.3945770264 2.6238060511    8.393  3.870  3.7936  1.618    2  0.000  0.538     0.00     0.00     0.00     0.00     0.00 -1    -1e-30      0.00 7.092e-01 2.755e-01 2.710e-03 7.399e-04 6.720e-03 -1.000 1.527e-02 -4.905 -4.166 -4.461 -4.958 -5.254 -5.510 -5.853 -6.083 -6.124
0.0152 0.01508 7.52600 8.3946332932 2.6238061394    8.393  3.863  3.7815  1.577    2  0.000  0.538     0.00     0.00     0.00     0.00     0.00 -1    -1e-30      0.00 7.092e-01 2.755e-01 2.710e-03 7.399e-04 6.720e-03 -1.000 1.527e-02 -4.888 -4.017 -4.350 -4.920 -5.249 -5.529 -5.902 -6.158 -6.205
0.0152 0.01508 7.52600 8.3946857452 2.6238062217    8.393  3.856  3.7697  1.536    2  0.000  0.538     0.00     0.00     0.00     0.00     0.00 -1    -1e-30      0.00 7.092e-01 2.755e-01 2.710e-03 7.399e-04 6.720e-03 -1.000 1.527e-02 -4.871 -3.841 -4.225 -4.873 -5.239 -5.547 -5.953 -6.238 -6.288
0.0152 0.01508 7.52600 8.3947362900 2.6238063010    8.393  3.849  3.7577  1.496    2  0.000  0.538     0.00     0.00     0.00     0.00     0.00 -1    -1e-30      0.00 7.092e-01 2.755e-01 2.710e-03 7.399e-04 6.720e-03 -1.000 1.527e-02 -4.852 -3.660 -4.103 -4.824 -5.224 -5.555 -5.993 -6.307 -6.361
0.0152 0.01508 7.52600 8.3947849274 2.6238063773    8.393  3.841  3.7458  1.456    2  0.000  0.538     0.00     0.00     0.00     0.00     0.00 -1    -1e-30      0.00 7.092e-01 2.755e-01 2.710e-03 7.399e-04 6.720e-03 -1.000 1.527e-02 -4.833 -3.463 -3.979 -4.770 -5.202 -5.557 -6.028 -6.371 -6.429
0.0152 0.01508 7.52600 8.3948307037 2.6238064491    8.393  3.833  3.7339  1.416    2  0.000  0.538     0.00     0.00     0.00     0.00     0.00 -1    -1e-30      0.00 7.092e-01 2.755e-01 2.710e-03 7.399e-04 6.720e-03 -1.000 1.527e-02 -4.813 -3.249 -3.848 -4.710 -5.175 -5.553 -6.061 -6.434 -6.496
0.0152 0.01508 7.52600 8.3948745728 2.6238065179    8.393  3.825  3.7223  1.378    2  0.000  0.538     0.00     0.00     0.00     0.00     0.00 -1    -1e-30      0.00 7.092e-01 2.755e-01 2.710e-03 7.399e-04 6.720e-03 -1.000 1.527e-02 -4.793 -3.031 -3.716 -4.646 -5.142 -5.542 -6.087 -6.493 -6.555
0.0152 0.01508 7.52600 8.3949165344 2.6238065838    8.393  3.816  3.7109  1.341    2  0.000  0.538     0.00     0.00     0.00     0.00     0.00 -1    -1e-30      0.00 7.092e-01 2.755e-01 2.710e-03 7.399e-04 6.720e-03 -1.000 1.527e-02 -4.771 -2.796 -3.580 -4.576 -5.104 -5.526 -6.109 -6.547 -6.612
0.0152 0.01508 7.52600 8.3949565887 2.6238066466    8.393  3.807  3.7003  1.308    2  0.000  0.538     0.00     0.00     0.00     0.00     0.00 -1    -1e-30      0.00 7.092e-01 2.755e-01 2.710e-03 7.399e-04 6.720e-03 -1.000 1.527e-02 -4.747 -2.560 -3.448 -4.504 -5.061 -5.503 -6.125 -6.593 -6.661
0.0152 0.01508 7.52600 8.3949966431 2.6238067094    8.393  3.797  3.6903  1.278    2  0.000  0.538     0.00     0.00     0.00     0.00     0.00 -1    -1e-30      0.00 7.092e-01 2.755e-01 2.710e-03 7.399e-04 6.720e-03 -1.000 1.527e-02 -4.722 -2.322 -3.318 -4.430 -5.014 -5.474 -6.134 -6.629 -6.702
0.0152 0.01508 7.52600 8.3950366974 2.6238067723    8.393  3.785  3.6809  1.252    2  0.000  0.538     0.00     0.00     0.00     0.00     0.00 -1    -1e-30      0.00 7.092e-01 2.755e-01 2.710e-03 7.399e-04 6.720e-03 -1.000 1.527e-02 -4.693 -2.122 -3.195 -4.356 -4.962 -5.437 -6.133 -6.651 -6.731
0.0152 0.01508 7.52600 8.3950824738 2.6238068441    8.393  3.772  3.6723  1.231    2  0.000  0.538     0.00     0.00     0.00     0.00     0.00 -1    -1e-30      0.00 7.092e-01 2.755e-01 2.710e-03 7.399e-04 6.720e-03 -1.000 1.527e-02 -4.660 -1.964 -3.078 -4.282 -4.905 -5.392 -6.122 -6.655 -6.747
0.0152 0.01508 7.52600 8.3951358795 2.6238069279    8.393  3.756  3.6643  1.215    2  0.000  0.538     0.00     0.00     0.00     0.00     0.00 -1    -1e-30      0.00 7.092e-01 2.755e-01 2.710e-03 7.399e-04 6.720e-03 -1.000 1.527e-02 -4.621 -1.814 -2.959 -4.201 -4.840 -5.338 -6.101 -6.647 -6.752
0.0152 0.01508 7.52600 8.3952102661 2.6238070446    8.393  3.736  3.6568  1.205    2  0.000  0.538     0.00     0.00     0.00     0.00     0.00 -1    -1e-30      0.00 7.092e-01 2.755e-01 2.710e-03 7.399e-04 6.720e-03 -1.000 1.527e-02 -4.570 -1.645 -2.829 -4.107 -4.761 -5.273 -6.067 -6.627 -6.744
0.0152 0.01508 7.52600 8.3953075409 2.6238071972    8.393  3.711  3.6492  1.199    2  0.000  0.538     0.00     0.00     0.00     0.00     0.00 -1    -1e-30      0.00 7.092e-01 2.755e-01 2.710e-03 7.399e-04 6.720e-03 -1.000 1.527e-02 -4.508 -1.393 -2.672 -3.990 -4.666 -5.198 -6.024 -6.605 -6.731
0.0152 0.01508 7.52600 8.3954229355 2.6238073782    8.393  3.690  3.6411  1.188    2  0.000  0.538     0.00     0.00     0.00     0.00     0.00 -1    -1e-30      0.00 7.092e-01 2.755e-01 2.710e-03 7.399e-04 6.720e-03 -1.000 1.527e-02 -4.456 -1.132 -2.514 -3.872 -4.574 -5.129 -5.990 -6.596 -6.730
0.0152 0.01508 7.52600 8.3954610825 2.6238074380    8.393  3.686  3.6383  1.181    2  0.000  0.538     0.00     0.00     0.00     0.00     0.00 -1    -1e-30      0.00 7.092e-01 2.755e-01 2.710e-03 7.399e-04 6.720e-03 -1.000 1.527e-02 -4.446 -1.049 -2.467 -3.838 -4.550 -5.113 -5.986 -6.601 -6.738
0.0152 0.01508 7.52600 8.3955421448 2.6238075652    8.394  3.701  3.6317  1.139    3  0.000  0.537    24.13    18.73    13.27     9.58     7.91  4    -1e-30      0.00 7.092e-01 2.755e-01 2.709e-03 7.401e-04 6.720e-03 -1.000 1.527e-02 -4.484 -0.902 -2.411 -3.818 -4.553 -5.136 -6.038 -6.674 -6.818
0.0152 0.01508 7.52600 8.3956327438 2.6238077073    8.394  3.741  3.6234  1.067    3  0.000  0.536    28.44    21.35    15.04    10.88     8.99  4    -1e-30      0.00 7.092e-01 2.755e-01 2.700e-03 7.429e-04 6.720e-03 -1.000 1.527e-02 -4.582 -0.752 -2.383 -3.837 -4.603 -5.215 -6.154 -6.815 -6.969
0.0152 0.01508 7.52600 8.3956871033 2.6238077926    8.394  3.781  3.6177  1.004    3  0.000  0.526    32.78    23.91    16.75    12.14    10.03  4    -1e-30      0.00 7.092e-01 2.755e-01 2.653e-03 7.687e-04 6.720e-03 -1.000 1.528e-02 -4.682 -0.675 -2.392 -3.880 -4.668 -5.301 -6.266 -6.943 -7.105
0.0152 0.01508 7.52600 8.3957290649 2.6238078584    8.394  3.818  3.6131  0.948    3  0.000  0.504    37.23    26.46    18.46    13.39    11.07  4    -1e-30      0.00 7.091e-01 2.755e-01 2.541e-03 8.657e-04 6.720e-03 -1.000 1.535e-02 -4.776 -0.615 -2.407 -3.924 -4.732 -5.383 -6.370 -7.060 -7.229
0.0152 0.01508 7.52600 8.3957662582 2.6238079167    8.394  3.855  3.6090  0.895    3  0.000  0.475    42.04    29.14    20.24    14.70    12.16  4    -1e-30      0.00 7.091e-01 2.755e-01 2.393e-03 1.034e-03 6.720e-03 -1.000 1.537e-02 -4.867 -0.565 -2.424 -3.968 -4.794 -5.464 -6.471 -7.173 -7.348
0.0152 0.01508 7.52600 8.3957843781 2.6238079451    8.394  3.872  3.6070  0.870    3  0.000  0.461    44.52    30.50    21.14    15.37    12.71  4    -1e-30      0.00 7.091e-01 2.755e-01 2.323e-03 1.118e-03 6.720e-03 -1.000 1.537e-02 -4.911 -0.545 -2.432 -3.987 -4.822 -5.502 -6.518 -7.226 -7.404
0.0152 0.01508 7.52600 8.3958063126 2.6238079795    8.394  3.893  3.6049  0.841    3  0.000  0.449    47.51    32.12    22.21    16.16    13.36  4    -1e-30      0.00 7.091e-01 2.756e-01 2.265e-03 1.189e-03 6.720e-03 -1.000 1.535e-02 -4.962 -0.526 -2.444 -4.011 -4.856 -5.547 -6.574 -7.287 -7.468
0.0152 0.01508 7.52600 8.3958492279 2.6238080469    8.394  3.931  3.6010  0.787    3  0.000  0.430    53.73    35.43    24.39    17.77    14.70  4    -1e-30      0.00 7.091e-01 2.756e-01 2.167e-03 1.310e-03 6.720e-03 -1.000 1.529e-02 -5.058 -0.491 -2.468 -4.059 -4.921 -5.633 -6.679 -7.403 -7.590
0.0152 0.01508 7.52600 8.3958616257 2.6238080663    8.394  3.940  3.6000  0.774    3  0.000  0.426    55.34    36.27    24.94    18.18    15.04  4    -1e-30      0.00 7.091e-01 2.756e-01 2.150e-03 1.331e-03 6.720e-03 -1.000 1.532e-02 -5.081 -0.483 -2.474 -4.070 -4.937 -5.653 -6.704 -7.431 -7.619
0.0152 0.01508 7.52600 8.3959197998 2.6238081575    8.394  3.979  3.5963  0.721    3  0.000  0.414    62.46    39.93    27.34    19.96    16.51  4    -1e-30      0.00 7.090e-01 2.756e-01 2.086e-03 1.411e-03 6.719e-03 -1.000 1.535e-02 -5.176 -0.457 -2.495 -4.112 -4.997 -5.737 -6.808 -7.545 -7.739
0.0152 0.01508 7.52600 8.3960304260 2.6238083311    8.394  4.022  3.5919  0.660    3  0.000  0.403    71.68    44.56    30.36    22.20    18.37  4    -1e-30      0.00 7.088e-01 2.759e-01 2.024e-03 1.507e-03 6.697e-03 -1.000 1.537e-02 -5.284 -0.426 -2.518 -4.158 -5.064 -5.832 -6.925 -7.674 -7.876
0.0152 0.01508 7.52600 8.3962593079 2.6238086900    8.394  4.059  3.5882  0.608    3  0.000  0.397    80.69    48.96    33.22    24.32    20.13  4    -1e-30      0.00 7.077e-01 2.770e-01 1.968e-03 1.646e-03 6.616e-03 -1.000 1.537e-02 -5.377 -0.402 -2.534 -4.193 -5.118 -5.913 -7.026 -7.785 -7.993
0.0152 0.01508 7.52600 8.3969125748 2.6238097145    8.395  4.103  3.5837  0.545    3  0.000  0.394    92.99    54.81    37.00    27.14    22.47  4    -1e-30      0.00 7.034e-01 2.812e-01 1.896e-03 1.914e-03 6.412e-03 -1.000 1.539e-02 -5.488 -0.381 -2.550 -4.228 -5.177 -6.009 -7.148 -7.919 -8.133
0.0152 0.01508 7.52600 8.3976898193 2.6238109331    8.396  4.143  3.5797  0.489    3  0.000  0.393   105.58    60.64    40.75    29.93    24.79  4    -1e-30      0.00 6.974e-01 2.873e-01 1.836e-03 2.155e-03 6.221e-03 -1.000 1.536e-02 -5.589 -0.363 -2.566 -4.261 -5.231 -6.096 -7.257 -8.038 -8.260
0.0152 0.01508 7.52600 8.3985071182 2.6238122142    8.397  4.177  3.5765  0.443    3  0.000  0.393   117.42    65.99    44.18    32.49    26.91  4    -1e-30      0.00 6.916e-01 2.931e-01 1.794e-03 2.330e-03 6.082e-03 -1.000 1.535e-02 -5.673 -0.356 -2.570 -4.275 -5.265 -6.169 -7.351 -8.139 -8.366
0.0152 0.01508 7.52600 8.3995609283 2.6238138657    8.398  4.203  3.5741  0.408    3  0.000  0.393   127.10    70.28    46.92    34.53    28.61  4    -1e-30      0.00 6.874e-01 2.973e-01 1.769e-03 2.436e-03 5.997e-03 -1.000 1.535e-02 -5.737 -0.351 -2.575 -4.287 -5.292 -6.223 -7.421 -8.215 -8.445
0.0152 0.01508 7.52600 8.4017248154 2.6238172552    8.400  4.228  3.5717  0.373    3  0.000  0.393   137.57    74.85    49.82    36.71    30.42  4    -1e-30      0.00 6.835e-01 3.012e-01 1.747e-03 2.526e-03 5.924e-03 -1.000 1.529e-02 -5.800 -0.347 -2.580 -4.299 -5.319 -6.278 -7.491 -8.290 -8.525
0.0152 0.01508 7.52600 8.4140396118 2.6238365073    8.412  4.207  3.5743  0.405    4  0.000  0.393     0.00     0.00     0.00     0.00     0.00 -1    -1e-30      0.00 6.835e-01 3.012e-01 1.747e-03 2.526e-03 5.924e-03 -1.000 1.530e-02 -5.748 -0.362 -2.588 -4.301 -5.305 -6.235 -7.432 -8.225 -8.455
0.0152 0.01508 7.52600 8.4317855835 2.6238641364    8.430  4.171  3.5784  0.458    4  0.000  0.393     0.00     0.00     0.00     0.00     0.00 -1    -1e-30      0.00 6.835e-01 3.012e-01 1.747e-03 2.526e-03 5.924e-03 -1.000 1.530e-02 -5.657 -0.384 -2.598 -4.300 -5.279 -6.160 -7.330 -8.114 -8.337
0.0152 0.01508 7.52600 8.4460182190 2.6238861991    8.444  4.135  3.5823  0.511    4  0.000  0.393     0.00     0.00     0.00     0.00     0.00 -1    -1e-30      0.00 6.835e-01 3.012e-01 1.747e-03 2.526e-03 5.924e-03 -1.000 1.530e-02 -5.567 -0.408 -2.597 -4.284 -5.240 -6.083 -7.230 -8.003 -8.220
0.0152 0.01508 7.52600 8.4583549500 2.6239052538    8.456  4.100  3.5862  0.562    4  0.000  0.393     0.00     0.00     0.00     0.00     0.00 -1    -1e-30      0.00 6.836e-01 3.012e-01 1.747e-03 2.526e-03 5.924e-03 -1.000 1.530e-02 -5.479 -0.432 -2.590 -4.261 -5.197 -6.009 -7.134 -7.897 -8.108
0.0152 0.01508 7.52600 8.4710664749 2.6239248206    8.469  4.065  3.5902  0.614    4  0.000  0.393     0.00     0.00     0.00     0.00     0.00 -1    -1e-30      0.00 6.836e-01 3.011e-01 1.747e-03 2.526e-03 5.924e-03 -1.000 1.530e-02 -5.391 -0.459 -2.585 -4.239 -5.155 -5.934 -7.037 -7.789 -7.994
0.0152 0.01508 7.52600 8.4838199615 2.6239443842    8.481  4.035  3.5938  0.659    4  0.000  0.393     0.00     0.00     0.00     0.00     0.00 -1    -1e-30      0.00 6.836e-01 3.011e-01 1.747e-03 2.526e-03 5.923e-03 -1.000 1.530e-02 -5.317 -0.497 -2.580 -4.216 -5.114 -5.870 -6.954 -7.697 -7.896
0.0152 0.01508 7.52600 8.5031518936 2.6239739104    8.500  4.002  3.5984  0.711    4  0.000  0.393     0.00     0.00     0.00     0.00     0.00 -1    -1e-30      0.00 6.836e-01 3.011e-01 1.747e-03 2.527e-03 5.923e-03 -1.000 1.530e-02 -5.235 -0.553 -2.587 -4.199 -5.076 -5.803 -6.863 -7.593 -7.785
0.0152 0.01508 7.52600 8.5338134766 2.6240204254    8.531  3.977  3.6041  0.760    4  0.000  0.393     0.00     0.00     0.00     0.00     0.00 -1    -1e-30      0.00 6.836e-01 3.011e-01 1.747e-03 2.527e-03 5.923e-03 -1.000 1.530e-02 -5.173 -0.658 -2.626 -4.211 -5.062 -5.758 -6.790 -7.502 -7.686
0.0152 0.01508 7.52600 8.5499134064 2.6240446962    8.547  3.973  3.6068  0.776    4  0.000  0.393     0.00     0.00     0.00     0.00     0.00 -1    -1e-30      0.00 6.836e-01 3.011e-01 1.747e-03 2.527e-03 5.923e-03 -1.000 1.530e-02 -5.162 -0.722 -2.660 -4.232 -5.072 -5.754 -6.773 -7.477 -7.657
0.0152 0.01508 7.52600 8.5676708221 2.6240713440    8.564  4.009  3.6327  0.845    4  0.000  0.393     0.00     0.00     0.00     0.00     0.00 -1    -1e-30      0.00 6.836e-01 3.011e-01 1.746e-03 2.527e-03 5.923e-03 -1.000 1.530e-02 -5.252 -1.516 -3.142 -4.591 -5.331 -5.912 -6.816 -7.434 -7.583
0.0152 0.01508 7.52600 8.5803356171 2.6240902720    8.577  4.059  3.6811  0.988    5  0.000  0.393     0.00     0.00     0.00     0.00     0.00 -1    -1e-30      0.00 6.836e-01 3.011e-01 1.746e-03 2.527e-03 5.923e-03 -1.000 1.530e-02 -5.378 -2.705 -3.847 -5.040 -5.653 -6.129 -6.825 -7.336 -7.417
0.0152 0.01508 7.52600 8.5833034515 2.6240946983    8.580  4.081  3.6981  1.035    5  0.000  0.393     0.00     0.00     0.00     0.00     0.00 -1    -1e-30      0.00 6.836e-01 3.011e-01 1.746e-03 2.527e-03 5.923e-03 -1.000 1.531e-02 -5.431 -3.092 -4.073 -5.175 -5.746 -6.194 -6.825 -7.293 -7.362
0.0152 0.01508 7.52600 8.5845794678 2.6240966003    8.581  4.089  3.7166  1.101    5  0.000  0.393     0.00     0.00     0.00     0.00     0.00 -1    -1e-30      0.00 6.836e-01 3.011e-01 1.746e-03 2.527e-03 5.923e-03 -1.000 1.531e-02 -5.452 -3.492 -4.290 -5.281 -5.800 -6.212 -6.776 -7.192 -7.257
0.0152 0.01508 7.52600 8.5848884583 2.6240970608    8.581  4.090  3.7213  1.118    5  0.000  0.393     0.00     0.00     0.00     0.00     0.00 -1    -1e-30      0.00 6.836e-01 3.011e-01 1.746e-03 2.527e-03 5.923e-03 -1.000 1.531e-02 -5.455 -3.586 -4.342 -5.305 -5.811 -6.214 -6.761 -7.164 -7.228
0.0152 0.01508 7.52600 8.5850973129 2.6240973720    8.582  4.091  3.7242  1.129    5  0.000  0.393     0.00     0.00     0.00     0.00     0.00 -1    -1e-30      0.00 6.836e-01 3.011e-01 1.746e-03 2.527e-03 5.923e-03 -1.000 1.531e-02 -5.458 -3.644 -4.375 -5.319 -5.817 -6.214 -6.752 -7.146 -7.210
0.0152 0.01508 7.52600 8.5852546692 2.6240976064    8.582  4.092  3.7264  1.137    5  0.000  0.393     0.00     0.00     0.00     0.00     0.00 -1    -1e-30      0.00 6.836e-01 3.011e-01 1.746e-03 2.527e-03 5.923e-03 -1.000 1.531e-02 -5.460 -3.686 -4.399 -5.330 -5.821 -6.214 -6.744 -7.132 -7.196
0.0152 0.01508 7.52600 8.5853939056 2.6240978139    8.582  4.092  3.7282  1.144    5  0.000  0.393     0.00     0.00     0.00     0.00     0.00 -1    -1e-30      0.00 6.836e-01 3.011e-01 1.746e-03 2.527e-03 5.923e-03 -1.000 1.531e-02 -5.461 -3.720 -4.419 -5.338 -5.824 -6.214 -6.739 -7.122 -7.185
0.0152 0.01508 7.52600 8.5855264664 2.6240980114    8.582  4.093  3.7299  1.150    5  0.000  0.393     0.00     0.00     0.00     0.00     0.00 -1    -1e-30      0.00 6.836e-01 3.011e-01 1.746e-03 2.527e-03 5.923e-03 -1.000 1.531e-02 -5.462 -3.753 -4.437 -5.346 -5.828 -6.214 -6.733 -7.111 -7.175
0.0152 0.01508 7.52600 8.5856599808 2.6240982103    8.582  4.094  3.7316  1.156    5  0.000  0.393     0.00     0.00     0.00     0.00     0.00 -1    -1e-30      0.00 6.836e-01 3.011e-01 1.746e-03 2.527e-03 5.923e-03 -1.000 1.531e-02 -5.464 -3.781 -4.455 -5.354 -5.831 -6.215 -6.728 -7.102 -7.166
0.0152 0.01508 7.52600 8.5857954025 2.6240984121    8.582  4.094  3.7332  1.162    5  0.000  0.393     0.00     0.00     0.00     0.00     0.00 -1    -1e-30      0.00 6.836e-01 3.011e-01 1.746e-03 2.527e-03 5.923e-03 -1.000 1.531e-02 -5.466 -3.809 -4.472 -5.362 -5.835 -6.215 -6.724 -7.093 -7.157
0.0152 0.01508 7.52600 8.5859375000 2.6240986238    8.583  4.095  3.7349  1.168    5  0.000  0.393     0.00     0.00     0.00     0.00     0.00 -1    -1e-30      0.00 6.836e-01 3.011e-01 1.746e-03 2.527e-03 5.923e-03 -1.000 1.531e-02 -5.468 -3.837 -4.489 -5.370 -5.838 -6.215 -6.719 -7.084 -7.148
0.0152 0.01508 7.52600 8.5861263275 2.6240989051    8.583  4.096  3.7370  1.176    5  0.000  0.393     0.00     0.00     0.00     0.00     0.00 -1    -1e-30      0.00 6.836e-01 3.011e-01 1.746e-03 2.527e-03 5.923e-03 -1.000 1.531e-02 -5.471 -3.872 -4.511 -5.380 -5.842 -6.216 -6.713 -7.073 -7.136
0.0152 0.01508 7.52600 8.5862894058 2.6240991480    8.583  4.097  3.7389  1.182    5  0.000  0.393     0.00     0.00     0.00     0.00     0.00 -1    -1e-30      0.00 6.836e-01 3.011e-01 1.746e-03 2.527e-03 5.923e-03 -1.000 1.531e-02 -5.473 -3.903 -4.530 -5.388 -5.846 -6.216 -6.708 -7.064 -7.126
0.0152 0.01508 7.52600 8.5864648819 2.6240994094    8.583  4.098  3.7406  1.188    5  0.000  0.393     0.00     0.00     0.00     0.00     0.00 -1    -1e-30      0.00 6.836e-01 3.011e-01 1.746e-03 2.527e-03 5.923e-03 -1.000 1.531e-02 -5.475 -3.937 -4.550 -5.397 -5.850 -6.216 -6.703 -7.053 -7.116
0.0152 0.01508 7.52600 8.5866546631 2.6240996921    8.583  4.099  3.7426  1.195    5  0.000  0.393     0.00     0.00     0.00     0.00     0.00 -1    -1e-30      0.00 6.836e-01 3.011e-01 1.746e-03 2.527e-03 5.923e-03 -1.000 1.531e-02 -5.478 -3.985 -4.576 -5.406 -5.852 -6.214 -6.695 -7.040 -7.101
0.0152 0.01508 7.52600 8.5868644714 2.6241000046    8.583  4.100  3.7446  1.202    5  0.000  0.393     0.00     0.00     0.00     0.00     0.00 -1    -1e-30      0.00 6.836e-01 3.011e-01 1.746e-03 2.527e-03 5.923e-03 -1.000 1.531e-02 -5.481 -4.032 -4.602 -5.416 -5.855 -6.213 -6.687 -7.027 -7.087
0.0152 0.01508 7.52600 8.5870971680 2.6241003512    8.584  4.102  3.7467  1.209    5  0.000  0.393     0.00     0.00     0.00     0.00     0.00 -1    -1e-30      0.00 6.836e-01 3.011e-01 1.746e-03 2.527e-03 5.923e-03 -1.000 1.531e-02 -5.484 -4.082 -4.630 -5.427 -5.858 -6.211 -6.678 -7.013 -7.072
0.0152 0.01508 7.52600 8.5873603821 2.6241007432    8.584  4.103  3.7490  1.217    5  0.000  0.393     0.00     0.00     0.00     0.00     0.00 -1    -1e-30      0.00 6.836e-01 3.011e-01 1.746e-03 2.527e-03 5.923e-03 -1.000 1.531e-02 -5.487 -4.134 -4.659 -5.438 -5.861 -6.210 -6.670 -6.998 -7.057
0.0152 0.01508 7.52600 8.5876646042 2.6241011962    8.584  4.104  3.7515  1.225    5  0.000  0.393     0.00     0.00     0.00     0.00     0.00 -1    -1e-30      0.00 6.836e-01 3.011e-01 1.746e-03 2.527e-03 5.923e-03 -1.000 1.531e-02 -5.491 -4.179 -4.686 -5.450 -5.866 -6.209 -6.662 -6.984 -7.042
0.0152 0.01508 7.52600 8.5880241394 2.6241017315    8.585  4.106  3.7543  1.235    5  0.000  0.393     0.00     0.00     0.00     0.00     0.00 -1    -1e-30      0.00 6.836e-01 3.011e-01 1.746e-03 2.527e-03 5.923e-03 -1.000 1.531e-02 -5.496 -4.224 -4.715 -5.462 -5.871 -6.209 -6.654 -6.970 -7.027
0.0152 0.01508 7.52600 8.5884656906 2.6241023889    8.585  4.109  3.7575  1.245    5  0.000  0.393     0.00     0.00     0.00     0.00     0.00 -1    -1e-30      0.00 6.836e-01 3.011e-01 1.746e-03 2.527e-03 5.923e-03 -1.000 1.531e-02 -5.502 -4.275 -4.748 -5.477 -5.877 -6.209 -6.646 -6.953 -7.010
0.0152 0.01508 7.52600 8.5890293121 2.6241032280    8.586  4.112  3.7614  1.258    5  0.000  0.393     0.00     0.00     0.00     0.00     0.00 -1    -1e-30      0.00 6.836e-01 3.011e-01 1.746e-03 2.527e-03 5.923e-03 -1.000 1.531e-02 -5.509 -4.338 -4.790 -5.494 -5.884 -6.208 -6.635 -6.933 -6.989
0.0152 0.01508 7.52600 8.5900306702 2.6241047183    8.587  4.117  3.7712  1.291    5  0.000  0.393     0.00     0.00     0.00     0.00     0.00 -1    -1e-30      0.00 6.836e-01 3.011e-01 1.746e-03 2.527e-03 5.923e-03 -1.000 1.531e-02 -5.523 -4.485 -4.893 -5.535 -5.895 -6.198 -6.598 -6.874 -6.925
0.0152 0.01508 7.52600 8.5916223526 2.6241070865    8.588  4.127  3.8007  1.400    5  0.000  0.393     0.00     0.00     0.00     0.00     0.00 -1    -1e-30      0.00 6.836e-01 3.011e-01 1.746e-03 2.527e-03 5.923e-03 -1.000 1.531e-02 -5.547 -4.857 -5.165 -5.620 -5.892 -6.131 -6.456 -6.666 -6.706
0.0152 0.01508 7.52600 8.5940780640 2.6241107381    8.591  4.140  3.8559  1.608    5  0.000  0.393     0.00     0.00     0.00     0.00     0.00 -1    -1e-30      0.00 6.836e-01 3.011e-01 1.746e-03 2.527e-03 5.923e-03 -1.000 1.531e-02 -5.579 -5.274 -5.513 -5.696 -5.833 -5.968 -6.168 -6.279 -6.305
0.0152 0.01508 7.52600 8.5965518951 2.6241144143    8.593  4.143  3.8848  1.720    5  0.000  0.393     0.00     0.00     0.00     0.00     0.00 -1    -1e-30      0.00 6.836e-01 3.011e-01 1.746e-03 2.527e-03 5.923e-03 -1.000 1.531e-02 -5.589 -5.429 -5.606 -5.694 -5.778 -5.866 -6.006 -6.078 -6.095
0.0152 0.01508 7.52600 8.5993127823 2.6241185142    8.596  4.147  3.9019  1.785    5  0.000  0.393     0.00     0.00     0.00     0.00     0.00 -1    -1e-30      0.00 6.836e-01 3.011e-01 1.746e-03 2.527e-03 5.923e-03 -1.000 1.531e-02 -5.598 -5.512 -5.635 -5.682 -5.741 -5.808 -5.913 -5.967 -5.980
0.0152 0.01508 7.52600 8.6022157669 2.6241228218    8.599  4.152  3.9157  1.836    5  0.000  0.393     0.00     0.00     0.00     0.00     0.00 -1    -1e-30      0.00 6.836e-01 3.011e-01 1.746e-03 2.527e-03 5.923e-03 -1.000 1.531e-02 -5.609 -5.570 -5.643 -5.664 -5.708 -5.760 -5.840 -5.882 -5.890
0.0152 0.01508 7.52600 8.6058559418 2.6241282186    8.602  4.157  3.9306  1.890    5  0.000  0.393     0.00     0.00     0.00     0.00     0.00 -1    -1e-30      0.00 6.836e-01 3.011e-01 1.746e-03 2.528e-03 5.923e-03 -1.000 1.531e-02 -5.621 -5.623 -5.637 -5.637 -5.669 -5.708 -5.761 -5.793 -5.796
0.0152 0.01508 7.52600 8.6102361679 2.6241347057    8.607  4.162  3.9459  1.947    5  0.000  0.393     0.00     0.00     0.00     0.00     0.00 -1    -1e-30      0.00 6.836e-01 3.011e-01 1.746e-03 2.528e-03 5.923e-03 -1.000 1.531e-02 -5.635 -5.659 -5.614 -5.597 -5.621 -5.650 -5.679 -5.702 -5.700
0.0152 0.01508 7.52600 8.6151895523 2.6241420324    8.612  4.167  3.9601  1.999    5  0.000  0.393     0.00     0.00     0.00     0.00     0.00 -1    -1e-30      0.00 6.836e-01 3.011e-01 1.746e-03 2.528e-03 5.922e-03 -1.000 1.531e-02 -5.648 -5.684 -5.587 -5.557 -5.575 -5.595 -5.602 -5.619 -5.611
0.0152 0.01508 7.52600 8.6206665039 2.6241501223    8.617  4.171  3.9709  2.038    5  0.000  0.393     0.00     0.00     0.00     0.00     0.00 -1    -1e-30      0.00 6.836e-01 3.011e-01 1.746e-03 2.528e-03 5.922e-03 -1.000 1.531e-02 -5.659 -5.698 -5.561 -5.524 -5.539 -5.553 -5.545 -5.557 -5.546
0.0152 0.01508 7.52600 8.6320409775 2.6241668855    8.628  4.178  3.9826  2.078    5  0.000  0.393     0.00     0.00     0.00     0.00     0.00 -1    -1e-30      0.00 6.836e-01 3.011e-01 1.746e-03 2.528e-03 5.922e-03 -1.000 1.531e-02 -5.675 -5.716 -5.534 -5.491 -5.503 -5.512 -5.487 -5.494 -5.481
0.0152 0.01508 7.52600 8.6365022659 2.6241734466    8.633  4.179  3.9801  2.067    5  0.000  0.393     0.00     0.00     0.00     0.00     0.00 -1    -1e-30      0.00 6.836e-01 3.011e-01 1.746e-03 2.528e-03 5.922e-03 -1.000 1.531e-02 -5.678 -5.719 -5.546 -5.504 -5.517 -5.527 -5.506 -5.514 -5.501
0.0152 0.01508 7.52600 8.6453628540 2.6241864543    8.642  4.181  3.9734  2.039    6  0.000  0.393     0.00     0.00     0.00     0.00     0.00 -1    -1e-30      0.00 6.836e-01 3.011e-01 1.746e-03 2.528e-03 5.922e-03 -1.000 1.531e-02 -5.683 -5.723 -5.575 -5.538 -5.552 -5.565 -5.554 -5.564 -5.553
0.0152 0.01508 7.52600 8.6520748138 2.6241962874    8.648  4.182  3.9671  2.013    6  0.000  0.393     0.00     0.00     0.00     0.00     0.00 -1    -1e-30      0.00 6.836e-01 3.011e-01 1.746e-03 2.528e-03 5.922e-03 -1.000 1.531e-02 -5.686 -5.725 -5.601 -5.567 -5.583 -5.600 -5.597 -5.610 -5.601
0.0152 0.01508 7.52600 8.6621313095 2.6242109875    8.658  4.184  3.9546  1.962    6  0.000  0.393     0.00     0.00     0.00     0.00     0.00 -1    -1e-30      0.00 6.836e-01 3.011e-01 1.746e-03 2.528e-03 5.922e-03 -1.000 1.531e-02 -5.690 -5.722 -5.644 -5.620 -5.640 -5.664 -5.679 -5.698 -5.693
0.0152 0.01508 7.52600 8.6703338623 2.6242229486    8.666  4.185  3.9428  1.914    6  0.000  0.393     0.00     0.00     0.00     0.00     0.00 -1    -1e-30      0.00 6.836e-01 3.011e-01 1.746e-03 2.528e-03 5.922e-03 -1.000 1.531e-02 -5.692 -5.714 -5.678 -5.665 -5.691 -5.723 -5.755 -5.781 -5.779
0.0152 0.01508 7.52600 8.6760034561 2.6242312008    8.672  4.185  3.9335  1.877    6  0.000  0.393     0.00     0.00     0.00     0.00     0.00 -1    -1e-30      0.00 6.836e-01 3.011e-01 1.746e-03 2.528e-03 5.922e-03 -1.000 1.531e-02 -5.693 -5.701 -5.701 -5.698 -5.729 -5.767 -5.815 -5.845 -5.847
0.0152 0.01508 7.52600 8.6796283722 2.6242364705    8.676  4.185  3.9268  1.850    6  0.000  0.393     0.00     0.00     0.00     0.00     0.00 -1    -1e-30      0.00 6.836e-01 3.011e-01 1.746e-03 2.528e-03 5.922e-03 -1.000 1.531e-02 -5.693 -5.687 -5.714 -5.719 -5.754 -5.797 -5.856 -5.890 -5.895
0.0152 0.01508 7.52600 8.6833362579 2.6242418555    8.679  4.185  3.9193  1.820    6  0.000  0.393     0.00     0.00     0.00     0.00     0.00 -1    -1e-30      0.00 6.836e-01 3.011e-01 1.746e-03 2.528e-03 5.922e-03 -1.000 1.531e-02 -5.693 -5.668 -5.724 -5.739 -5.780 -5.829 -5.902 -5.941 -5.948
0.0152 0.01508 7.52600 8.6862382889 2.6242460665    8.682  4.185  3.9129  1.795    6  0.000  0.393     0.00     0.00     0.00     0.00     0.00 -1    -1e-30      0.00 6.836e-01 3.011e-01 1.746e-03 2.528e-03 5.922e-03 -1.000 1.531e-02 -5.692 -5.647 -5.728 -5.754 -5.801 -5.856 -5.940 -5.985 -5.994
0.0152 0.01508 7.52600 8.6881694794 2.6242488670    8.684  4.185  3.9082  1.777    6  0.000  0.393     0.00     0.00     0.00     0.00     0.00 -1    -1e-30      0.00 6.836e-01 3.011e-01 1.746e-03 2.528e-03 5.922e-03 -1.000 1.531e-02 -5.692 -5.631 -5.729 -5.763 -5.815 -5.875 -5.968 -6.016 -6.027
0.0152 0.01508 7.52600 8.6903457642 2.6242520212    8.686  4.184  3.9025  1.754    6  0.000  0.393     0.00     0.00     0.00     0.00     0.00 -1    -1e-30      0.00 6.836e-01 3.011e-01 1.746e-03 2.528e-03 5.922e-03 -1.000 1.531e-02 -5.691 -5.609 -5.728 -5.773 -5.832 -5.898 -6.002 -6.055 -6.067
0.0152 0.01508 7.52600 8.6920452118 2.6242544830    8.688  4.184  3.8975  1.735    6  0.000  0.393     0.00     0.00     0.00     0.00     0.00 -1    -1e-30      0.00 6.836e-01 3.011e-01 1.746e-03 2.528e-03 5.922e-03 -1.000 1.531e-02 -5.690 -5.589 -5.725 -5.780 -5.845 -5.917 -6.030 -6.088 -6.102
0.0152 0.01508 7.52600 8.6935749054 2.6242566980    8.689  4.183  3.8929  1.717    6  0.000  0.393     0.00     0.00     0.00     0.00     0.00 -1    -1e-30      0.00 6.836e-01 3.011e-01 1.746e-03 2.528e-03 5.922e-03 -1.000 1.531e-02 -5.689 -5.568 -5.720 -5.786 -5.857 -5.934 -6.057 -6.120 -6.135
0.0152 0.01508 7.52600 8.6949081421 2.6242586277    8.691  4.183  3.8883  1.699    6  0.000  0.393     0.00     0.00     0.00     0.00     0.00 -1    -1e-30      0.00 6.836e-01 3.011e-01 1.746e-03 2.528e-03 5.922e-03 -1.000 1.531e-02 -5.687 -5.547 -5.713 -5.790 -5.868 -5.951 -6.083 -6.151 -6.167
0.0152 0.01508 7.52600 8.6960668564 2.6242603043    8.692  4.182  3.8841  1.683    6  0.000  0.393     0.00     0.00     0.00     0.00     0.00 -1    -1e-30      0.00 6.836e-01 3.011e-01 1.746e-03 2.528e-03 5.922e-03 -1.000 1.531e-02 -5.686 -5.527 -5.704 -5.793 -5.877 -5.966 -6.107 -6.179 -6.197
0.0152 0.01508 7.52600 8.6971158981 2.6242618218    8.693  4.184  3.8807  1.668    6  0.000  0.393     0.00     0.00     0.00     0.00     0.00 -1    -1e-30      0.00 6.836e-01 3.011e-01 1.746e-03 2.528e-03 5.922e-03 -1.000 1.531e-02 -5.691 -5.516 -5.702 -5.800 -5.890 -5.984 -6.132 -6.208 -6.227
0.0152 0.01508 7.52600 8.6973819733 2.6242622066    8.693  4.188  3.8812  1.666    6  0.000  0.393     0.00     0.00     0.00     0.00     0.00 -1    -1e-30      0.00 6.836e-01 3.011e-01 1.746e-03 2.528e-03 5.922e-03 -1.000 1.531e-02 -5.700 -5.527 -5.712 -5.809 -5.897 -5.991 -6.138 -6.213 -6.232
0.0152 0.01508 7.52600 8.6974763870 2.6242623432    8.693  4.189  3.8822  1.669    6  0.000  0.393     0.00     0.00     0.00     0.00     0.00 -1    -1e-30      0.00 6.836e-01 3.011e-01 1.746e-03 2.528e-03 5.922e-03 -1.000 1.531e-02 -5.703 -5.535 -5.717 -5.811 -5.898 -5.990 -6.134 -6.209 -6.227
0.0152 0.01508 7.52600 8.6975641251 2.6242624700    8.693  4.190  3.8836  1.674    6  0.000  0.393     0.00     0.00     0.00     0.00     0.00 -1    -1e-30      0.00 6.836e-01 3.011e-01 1.746e-03 2.528e-03 5.922e-03 -1.000 1.531e-02 -5.705 -5.543 -5.721 -5.812 -5.896 -5.987 -6.128 -6.201 -6.219
0.0152 0.01508 7.52600 8.6976385117 2.6242625776    8.693  4.190  3.8849  1.679    6  0.000  0.393     0.00     0.00     0.00     0.00     0.00 -1    -1e-30      0.00 6.836e-01 3.011e-01 1.746e-03 2.528e-03 5.922e-03 -1.000 1.531e-02 -5.705 -5.550 -5.725 -5.811 -5.894 -5.982 -6.121 -6.193 -6.210
0.0152 0.01508 7.52600 8.6977090836 2.6242626797    8.693  4.190  3.8862  1.684    6  0.000  0.393     0.00     0.00     0.00     0.00     0.00 -1    -1e-30      0.00 6.836e-01 3.011e-01 1.746e-03 2.528e-03 5.922e-03 -1.000 1.531e-02 -5.706 -5.556 -5.727 -5.810 -5.891 -5.978 -6.114 -6.184 -6.201
0.0152 0.01508 7.52600 8.6977796555 2.6242627817    8.694  4.190  3.8874  1.689    6  0.000  0.393     0.00     0.00     0.00     0.00     0.00 -1    -1e-30      0.00 6.836e-01 3.011e-01 1.746e-03 2.528e-03 5.922e-03 -1.000 1.531e-02 -5.705 -5.562 -5.729 -5.809 -5.888 -5.972 -6.106 -6.174 -6.191
0.0152 0.01508 7.52600 8.6978540421 2.6242628893    8.694  4.190  3.8887  1.694    6  0.000  0.393     0.00     0.00     0.00     0.00     0.00 -1    -1e-30      0.00 6.836e-01 3.011e-01 1.746e-03 2.528e-03 5.922e-03 -1.000 1.531e-02 -5.704 -5.567 -5.731 -5.807 -5.884 -5.967 -6.098 -6.165 -6.181
0.0152 0.01508 7.52600 8.6979360580 2.6242630079    8.694  4.189  3.8899  1.699    6  0.000  0.393     0.00     0.00     0.00     0.00     0.00 -1    -1e-30      0.00 6.836e-01 3.011e-01 1.746e-03 2.528e-03 5.922e-03 -1.000 1.531e-02 -5.703 -5.571 -5.732 -5.805 -5.880 -5.961 -6.090 -6.155 -6.171
0.0152 0.01508 7.52600 8.6980333328 2.6242631485    8.694  4.189  3.8910  1.705    6  0.000  0.393     0.00     0.00     0.00     0.00     0.00 -1    -1e-30      0.00 6.836e-01 3.011e-01 1.746e-03 2.528e-03 5.922e-03 -1.000 1.531e-02 -5.702 -5.574 -5.731 -5.802 -5.875 -5.955 -6.081 -6.145 -6.161
0.0152 0.01508 7.52600 8.6982002258 2.6242633899    8.694  4.187  3.8922  1.711    6  0.000  0.393     0.00     0.00     0.00     0.00     0.00 -1    -1e-30      0.00 6.836e-01 3.011e-01 1.746e-03 2.528e-03 5.922e-03 -1.000 1.531e-02 -5.699 -5.576 -5.729 -5.797 -5.869 -5.947 -6.071 -6.134 -6.150
0.0152 0.01508 7.52600 8.6988763809 2.6242643674    8.695  4.185  3.8913  1.709    6  0.000  0.393     0.00     0.00     0.00     0.00     0.00 -1    -1e-30      0.00 6.836e-01 3.011e-01 1.746e-03 2.528e-03 5.922e-03 -1.000 1.531e-02 -5.693 -5.567 -5.723 -5.793 -5.866 -5.945 -6.071 -6.135 -6.151
0.0152 0.01508 7.52600 8.7006340027 2.6242669078    8.696  4.185  3.8850  1.684    6  0.000  0.393     0.00     0.00     0.00     0.00     0.00 -1    -1e-30      0.00 6.836e-01 3.011e-01 1.746e-03 2.528e-03 5.922e-03 -1.000 1.531e-02 -5.692 -5.537 -5.711 -5.798 -5.881 -5.969 -6.108 -6.179 -6.197
0.0152 0.01508 7.52600 8.7041130066 2.6242719326    8.700  4.184  3.8728  1.637    6  0.000  0.393     0.00     0.00     0.00     0.00     0.00 -1    -1e-30      0.00 6.836e-01 3.011e-01 1.746e-03 2.528e-03 5.922e-03 -1.000 1.531e-02 -5.689 -5.476 -5.681 -5.803 -5.906 -6.013 -6.177 -6.263 -6.284
0.0152 0.01508 7.52600 8.7073888779 2.6242766597    8.703  4.182  3.8596  1.586    6  0.000  0.393     0.00     0.00     0.00     0.00     0.00 -1    -1e-30      0.00 6.836e-01 3.011e-01 1.746e-03 2.528e-03 5.922e-03 -1.000 1.531e-02 -5.685 -5.402 -5.636 -5.803 -5.931 -6.059 -6.251 -6.356 -6.381
0.0152 0.01508 7.52600 8.7102003098 2.6242807135    8.706  4.180  3.8463  1.535    6  0.000  0.393     0.00     0.00     0.00     0.00     0.00 -1    -1e-30      0.00 6.836e-01 3.011e-01 1.746e-03 2.528e-03 5.922e-03 -1.000 1.531e-02 -5.680 -5.321 -5.574 -5.794 -5.953 -6.105 -6.325 -6.450 -6.479
0.0152 0.01508 7.52600 8.7124176025 2.6242839084    8.708  4.178  3.8341  1.488    6  0.000  0.393     0.00     0.00     0.00     0.00     0.00 -1    -1e-30      0.00 6.836e-01 3.011e-01 1.746e-03 2.528e-03 5.922e-03 -1.000 1.531e-02 -5.675 -5.239 -5.507 -5.784 -5.971 -6.146 -6.392 -6.538 -6.569
0.0152 0.01508 7.52600 8.7139711380 2.6242861458    8.710  4.177  3.8245  1.451    6  0.000  0.393     0.00     0.00     0.00     0.00     0.00 -1    -1e-30      0.00 6.836e-01 3.011e-01 1.746e-03 2.528e-03 5.922e-03 -1.000 1.531e-02 -5.671 -5.171 -5.447 -5.773 -5.983 -6.176 -6.444 -6.607 -6.640
0.0152 0.01508 7.52600 8.7157163620 2.6242886581    8.711  4.174  3.8123  1.405    6  0.000  0.393     0.00     0.00     0.00     0.00     0.00 -1    -1e-30      0.00 6.836e-01 3.011e-01 1.746e-03 2.528e-03 5.922e-03 -1.000 1.531e-02 -5.666 -5.076 -5.366 -5.755 -5.996 -6.211 -6.507 -6.693 -6.730
0.0152 0.01508 7.52600 8.7172279358 2.6242908332    8.713  4.172  3.8002  1.359    6  0.000  0.393     0.00     0.00     0.00     0.00     0.00 -1    -1e-30      0.00 6.836e-01 3.011e-01 1.746e-03 2.528e-03 5.922e-03 -1.000 1.531e-02 -5.660 -4.964 -5.276 -5.733 -6.006 -6.246 -6.571 -6.781 -6.821
0.0152 0.01508 7.52600 8.7183961868 2.6242925137    8.714  4.170  3.7897  1.319    6  0.000  0.393     0.00     0.00     0.00     0.00     0.00 -1    -1e-30      0.00 6.836e-01 3.011e-01 1.746e-03 2.529e-03 5.922e-03 -1.000 1.531e-02 -5.655 -4.855 -5.192 -5.710 -6.011 -6.272 -6.623 -6.855 -6.900
0.0152 0.01508 7.52600 8.7194509506 2.6242940305    8.715  4.168  3.7788  1.278    6  0.000  0.393     0.00     0.00     0.00     0.00     0.00 -1    -1e-30      0.00 6.836e-01 3.011e-01 1.746e-03 2.529e-03 5.922e-03 -1.000 1.531e-02 -5.649 -4.713 -5.094 -5.683 -6.018 -6.301 -6.679 -6.934 -6.983
0.0152 0.01508 7.52600 8.7203645706 2.6242953439    8.716  4.165  3.7681  1.237    6  0.000  0.393     0.00     0.00     0.00     0.00     0.00 -1    -1e-30      0.00 6.836e-01 3.011e-01 1.746e-03 2.529e-03 5.922e-03 -1.000 1.531e-02 -5.643 -4.557 -4.984 -5.647 -6.017 -6.327 -6.736 -7.018 -7.070
0.0152 0.01508 7.52600 8.7211637497 2.6242964926    8.717  4.163  3.7576  1.198    6  0.000  0.393     0.00     0.00     0.00     0.00     0.00 -1    -1e-30      0.00 6.836e-01 3.011e-01 1.746e-03 2.529e-03 5.922e-03 -1.000 1.531e-02 -5.637 -4.406 -4.884 -5.613 -6.013 -6.344 -6.781 -7.087 -7.144
0.0152 0.01508 7.52600 8.7218608856 2.6242974944    8.717  4.160  3.7473  1.160    6  0.000  0.393     0.00     0.00     0.00     0.00     0.00 -1    -1e-30      0.00 6.836e-01 3.011e-01 1.746e-03 2.529e-03 5.922e-03 -1.000 1.531e-02 -5.630 -4.231 -4.781 -5.576 -6.005 -6.357 -6.822 -7.154 -7.214
0.0152 0.01508 7.52600 8.7226152420 2.6242985782    8.718  4.156  3.7347  1.113    6  0.000  0.393     0.00     0.00     0.00     0.00     0.00 -1    -1e-30      0.00 6.836e-01 3.011e-01 1.746e-03 2.529e-03 5.922e-03 -1.000 1.531e-02 -5.621 -3.969 -4.635 -5.522 -5.992 -6.370 -6.874 -7.239 -7.302
0.0152 0.01508 7.52600 8.7231416702 2.6242993345    8.719  4.153  3.7254  1.079    6  0.000  0.393     0.00     0.00     0.00     0.00     0.00 -1    -1e-30      0.00 6.836e-01 3.011e-01 1.746e-03 2.529e-03 5.922e-03 -1.000 1.531e-02 -5.613 -3.802 -4.537 -5.479 -5.975 -6.370 -6.903 -7.293 -7.357
0.0152 0.01508 7.52600 8.7236146927 2.6243000139    8.719  4.149  3.7171  1.050    6  0.000  0.393     0.00     0.00     0.00     0.00     0.00 -1    -1e-30      0.00 6.836e-01 3.011e-01 1.746e-03 2.529e-03 5.922e-03 -1.000 1.531e-02 -5.602 -3.634 -4.441 -5.434 -5.953 -6.364 -6.926 -7.339 -7.404
0.0152 0.01508 7.52600 8.7240610123 2.6243006549    8.720  4.145  3.7091  1.022    6  0.000  0.393     0.00     0.00     0.00     0.00     0.00 -1    -1e-30      0.00 6.836e-01 3.011e-01 1.746e-03 2.529e-03 5.922e-03 -1.000 1.531e-02 -5.592 -3.465 -4.347 -5.388 -5.930 -6.357 -6.947 -7.383 -7.449
0.0152 0.01508 7.52600 8.7245121002 2.6243013026    8.720  4.139  3.7022  1.000    6  0.000  0.393     0.00     0.00     0.00     0.00     0.00 -1    -1e-30      0.00 6.836e-01 3.011e-01 1.746e-03 2.529e-03 5.922e-03 -1.000 1.531e-02 -5.578 -3.308 -4.258 -5.341 -5.903 -6.343 -6.958 -7.414 -7.482
0.0152 0.01508 7.52600 8.7249965668 2.6243019982    8.721  4.133  3.6948  0.977    6  0.000  0.393     0.00     0.00     0.00     0.00     0.00 -1    -1e-30      0.00 6.836e-01 3.011e-01 1.746e-03 2.529e-03 5.922e-03 -1.000 1.531e-02 -5.562 -3.143 -4.166 -5.290 -5.871 -6.324 -6.967 -7.443 -7.514
0.0152 0.01508 7.52600 8.7256240845 2.6243028991    8.721  4.123  3.6857  0.951    6  0.000  0.393     0.00     0.00     0.00     0.00     0.00 -1    -1e-30      0.00 6.836e-01 3.011e-01 1.746e-03 2.529e-03 5.922e-03 -1.000 1.531e-02 -5.537 -2.923 -4.045 -5.218 -5.822 -6.293 -6.971 -7.471 -7.548
0.0152 0.01508 7.52600 8.7264375687 2.6243040667    8.722  4.111  3.6752  0.920    6  0.000  0.393     0.00     0.00     0.00     0.00     0.00 -1    -1e-30      0.00 6.836e-01 3.011e-01 1.746e-03 2.529e-03 5.922e-03 -1.000 1.531e-02 -5.508 -2.740 -3.918 -5.142 -5.767 -6.251 -6.972 -7.491 -7.581
0.0152 0.01508 7.52600 8.7271862030 2.6243051410    8.723  4.105  3.6674  0.895    6  0.000  0.393     0.00     0.00     0.00     0.00     0.00 -1    -1e-30      0.00 6.836e-01 3.011e-01 1.746e-03 2.529e-03 5.922e-03 -1.000 1.531e-02 -5.493 -2.601 -3.823 -5.088 -5.728 -6.223 -6.977 -7.508 -7.611
0.0152 0.01508 7.52600 8.7288427353 2.6243075175    8.724  4.097  3.6507  0.836    6  0.000  0.393     0.00     0.00     0.00     0.00     0.00 -1    -1e-30      0.00 6.836e-01 3.011e-01 1.746e-03 2.529e-03 5.922e-03 -1.000 1.531e-02 -5.473 -2.203 -3.600 -4.962 -5.644 -6.174 -6.999 -7.563 -7.691
0.0152 0.01508 7.52600 8.7395935059 2.6243229151    8.735  4.097  3.5943  0.612    6  0.000  0.393     0.00     0.00     0.00     0.00     0.00 -1    -1e-30      0.00 6.836e-01 3.011e-01 1.746e-03 2.529e-03 5.922e-03 -1.000 1.531e-02 -5.472 -0.627 -2.734 -4.377 -5.275 -6.028 -7.111 -7.849 -8.048
0.0152 0.01508 7.52600 8.7423505783 2.6243268569    8.738  4.123  3.5895  0.566    6  0.000  0.393     0.00     0.00     0.00     0.00     0.00 -1    -1e-30      0.00 6.836e-01 3.011e-01 1.746e-03 2.529e-03 5.922e-03 -1.000 1.531e-02 -5.539 -0.557 -2.710 -4.375 -5.296 -6.080 -7.187 -7.939 -8.146
0.0152 0.01508 7.52600 8.7426776886 2.6243273243    8.738  4.130  3.5886  0.556    6  0.000  0.393     0.00     0.00     0.00     0.00     0.00 -1    -1e-30      0.00 6.836e-01 3.011e-01 1.746e-03 2.529e-03 5.922e-03 -1.000 1.531e-02 -5.555 -0.548 -2.707 -4.376 -5.301 -6.093 -7.205 -7.960 -8.168
0.0152 0.01508 7.52600 8.7427606583 2.6243274429    8.738  4.134  3.5881  0.550    6  0.000  0.393     0.00     0.00     0.00     0.00     0.00 -1    -1e-30      0.00 6.836e-01 3.011e-01 1.746e-03 2.529e-03 5.922e-03 -1.000 1.531e-02 -5.565 -0.544 -2.707 -4.378 -5.305 -6.101 -7.216 -7.972 -8.181
0.0152 0.01508 7.52600 8.7436027527 2.6243286461    8.739  4.144  3.5868  0.534    7  0.000  0.393    96.74    56.50    38.12    27.93    23.14  4    -1e-30      0.00 6.836e-01 3.011e-01 1.746e-03 2.529e-03 5.921e-03 -1.000 1.531e-02 -5.591 -0.534 -2.707 -4.382 -5.317 -6.123 -7.245 -8.005 -8.216
0.0152 0.01508 7.52600 8.7441310883 2.6243294009    8.740  4.155  3.5855  0.518    7  0.000  0.393   100.28    58.13    39.17    28.71    23.79  4    -1e-30      0.00 6.836e-01 3.011e-01 1.746e-03 2.529e-03 5.921e-03 -1.000 1.531e-02 -5.618 -0.524 -2.706 -4.387 -5.328 -6.145 -7.275 -8.038 -8.251
0.0152 0.01508 7.52600 8.7444372177 2.6243298382    8.740  4.162  3.5847  0.508    7  0.000  0.393   102.74    59.26    39.90    29.25    24.23  4    -1e-30      0.00 6.836e-01 3.011e-01 1.746e-03 2.529e-03 5.921e-03 -1.000 1.531e-02 -5.636 -0.518 -2.707 -4.392 -5.337 -6.161 -7.295 -8.060 -8.275
0.0152 0.01508 7.52600 8.7449131012 2.6243305179    8.740  4.172  3.5836  0.494    7  0.000  0.393   106.01    60.75    40.86    29.96    24.82  4    -1e-30      0.00 6.836e-01 3.011e-01 1.746e-03 2.529e-03 5.921e-03 -1.000 1.531e-02 -5.660 -0.511 -2.708 -4.397 -5.348 -6.181 -7.321 -8.089 -8.305
0.0152 0.01508 7.52600 8.7455291748 2.6243313977    8.741  4.187  3.5819  0.472    7  0.000  0.393   111.56    63.26    42.46    31.16    25.82  4    -1e-30      0.00 6.836e-01 3.011e-01 1.745e-03 2.530e-03 5.921e-03 -1.000 1.531e-02 -5.698 -0.497 -2.708 -4.405 -5.366 -6.214 -7.364 -8.136 -8.355
0.0152 0.01508 7.52600 8.7461261749 2.6243322502    8.741  4.209  3.5793  0.440    7  0.000  0.392   120.04    67.03    44.88    32.96    27.32  4    -1e-30      0.00 6.836e-01 3.011e-01 1.742e-03 2.533e-03 5.921e-03 -1.000 1.531e-02 -5.753 -0.478 -2.706 -4.413 -5.389 -6.260 -7.425 -8.204 -8.427
0.0152 0.01508 7.52600 8.7468986511 2.6243333530    8.742  4.245  3.5753  0.388    7  0.000  0.392   135.23    73.67    49.12    36.12    29.94  4    -1e-30      0.00 6.836e-01 3.011e-01 1.740e-03 2.535e-03 5.921e-03 -1.000 1.531e-02 -5.844 -0.460 -2.700 -4.418 -5.418 -6.335 -7.526 -8.315 -8.544
0.0152 0.01508 7.52600 8.7477817535 2.6243346134    8.743  4.284  3.5712  0.333    7  0.000  0.390   153.27    81.34    53.99    39.77    32.97  4    -1e-30      0.00 6.836e-01 3.011e-01 1.734e-03 2.541e-03 5.921e-03 -1.000 1.533e-02 -5.939 -0.443 -2.694 -4.424 -5.450 -6.415 -7.633 -8.431 -8.668
0.0152 0.01508 7.52600 8.7486686707 2.6243358790    8.744  4.316  3.5677  0.286    7  0.000  0.388   170.46    88.49    58.51    43.15    35.78  4    -1e-30      0.00 6.836e-01 3.011e-01 1.724e-03 2.552e-03 5.921e-03 -1.000 1.533e-02 -6.021 -0.434 -2.682 -4.416 -5.467 -6.480 -7.724 -8.530 -8.772
0.0152 0.01508 7.52600 8.7494926453 2.6243370545    8.745  4.344  3.5646  0.246    7  0.000  0.386   186.64    95.08    62.67    46.26    38.37  3    -1e-30      0.00 6.835e-01 3.011e-01 1.713e-03 2.566e-03 5.919e-03 -1.000 1.533e-02 -6.090 -0.429 -2.667 -4.403 -5.478 -6.535 -7.802 -8.614 -8.861
0.0152 0.01508 7.52600 8.7502441406 2.6243381264    8.746  4.367  3.5621  0.214    7  0.000  0.384   201.18   100.90    66.32    49.01    40.65  3    -1e-30      0.00 6.834e-01 3.013e-01 1.705e-03 2.580e-03 5.915e-03 -1.000 1.534e-02 -6.147 -0.425 -2.655 -4.393 -5.487 -6.580 -7.866 -8.684 -8.935
0.0152 0.01508 7.52600 8.7513628006 2.6243397216    8.747  4.396  3.5590  0.171    7  0.000  0.382   221.55   108.90    71.34    52.77    43.78  3    -1e-30      0.00 6.821e-01 3.026e-01 1.693e-03 2.604e-03 5.904e-03 -1.000 1.535e-02 -6.221 -0.422 -2.636 -4.374 -5.495 -6.637 -7.949 -8.774 -9.030
0.0152 0.01508 7.52600 8.7545919418 2.6243443238    8.750  4.461  3.5520  0.079    7  0.000  0.379   273.92   128.82    83.76    62.11    51.55  3    -1e-30      0.00 6.792e-01 3.055e-01 1.671e-03 2.653e-03 5.878e-03 -1.000 1.531e-02 -6.383 -0.417 -2.573 -4.297 -5.488 -6.753 -8.133 -8.971 -9.240
0.0152 0.01508 7.52600 8.7596931458 2.6243515860    8.755  4.551  3.5417 -0.052    7  0.000  0.378   351.50   163.13   104.95    78.09    64.86  3    -1e-30      0.00 6.780e-01 3.066e-01 1.655e-03 2.705e-03 5.842e-03 -1.000 1.537e-02 -6.608 -0.409 -2.421 -4.106 -5.427 -6.887 -8.391 -9.247 -9.533
0.0152 0.01508 7.52600 8.7664680481 2.6243612159    8.762  4.596  3.5370 -0.115    7  0.000  0.378   386.93   182.98   117.11    87.29    72.51  3    -1e-30      0.00 6.736e-01 3.110e-01 1.643e-03 2.759e-03 5.798e-03 -1.000 1.535e-02 -6.720 -0.412 -2.328 -3.989 -5.386 -6.941 -8.519 -9.382 -9.677
0.0152 0.01508 7.52600 8.7675542831 2.6243627583    8.763  4.596  3.5370 -0.116    7  0.000  0.378   387.19   183.12   117.20    87.35    72.57  3    -1e-30      0.00 6.728e-01 3.118e-01 1.641e-03 2.768e-03 5.791e-03 -1.000 1.535e-02 -6.721 -0.413 -2.331 -3.992 -5.388 -6.942 -8.520 -9.383 -9.678
0.0152 0.01508 7.52600 8.7683305740 2.6243638603    8.764  4.595  3.5373 -0.113    7  0.000  0.378   385.52   182.18   116.62    86.92    72.20  3    -1e-30      0.00 6.723e-01 3.124e-01 1.640e-03 2.774e-03 5.785e-03 -1.000 1.534e-02 -6.717 -0.414 -2.337 -4.000 -5.392 -6.941 -8.515 -9.377 -9.672
0.0152 0.01508 7.52600 8.7688989639 2.6243646670    8.764  4.592  3.5376 -0.109    7  0.000  0.378   383.34   180.94   115.86    86.34    71.73  3    -1e-30      0.00 6.719e-01 3.128e-01 1.639e-03 2.778e-03 5.782e-03 -1.000 1.534e-02 -6.710 -0.415 -2.345 -4.010 -5.396 -6.939 -8.507 -9.369 -9.664
0.0152 0.01508 7.52600 8.7700567245 2.6243663099    8.765  4.597  3.5371 -0.116    7  0.000  0.378   387.06   183.04   117.15    87.32    72.54  3    -1e-30      0.00 6.713e-01 3.134e-01 1.637e-03 2.784e-03 5.777e-03 -1.000 1.534e-02 -6.722 -0.415 -2.335 -3.997 -5.392 -6.944 -8.520 -9.383 -9.678
0.0152 0.01508 7.52600 8.7713680267 2.6243681701    8.767  4.607  3.5360 -0.130    7  0.000  0.378   395.48   187.81   120.06    89.52    74.37  2    -1e-30      0.00 6.708e-01 3.139e-01 1.636e-03 2.790e-03 5.772e-03 -1.000 1.533e-02 -6.747 -0.415 -2.311 -3.966 -5.380 -6.954 -8.549 -9.413 -9.710
0.0152 0.01508 7.52600 8.7763748169 2.6243752667    8.771  4.630  3.5336 -0.162    7  0.000  0.378   415.54   199.25   127.04    94.80    78.77  2    -1e-30      0.00 6.687e-01 3.160e-01 1.631e-03 2.812e-03 5.755e-03 -1.000 1.531e-02 -6.804 -0.416 -2.257 -3.897 -5.354 -6.978 -8.615 -9.483 -9.784
0.0152 0.01508 7.52600 8.7773847580 2.6243766970    8.773  4.635  3.5330 -0.169    7  0.000  0.378   420.00   201.82   128.60    95.98    79.76  0    -1e-30      0.00 6.682e-01 3.165e-01 1.630e-03 2.816e-03 5.751e-03 -1.000 1.530e-02 -6.817 -0.416 -2.246 -3.883 -5.349 -6.984 -8.630 -9.498 -9.800
0.0152 0.01508 7.52600 8.7814569473 2.6243824605    8.777  4.645  3.5319 -0.184    7  0.000  0.378   429.56   207.31   131.94    98.52    81.87  0    -1e-30      0.00 6.673e-01 3.174e-01 1.628e-03 2.826e-03 5.743e-03 -1.000 1.529e-02 -6.843 -0.417 -2.221 -3.852 -5.337 -6.995 -8.660 -9.529 -9.834
0.0152 0.01508 7.52600 8.7834081650 2.6243852200    8.779  4.653  3.5310 -0.196    7  0.000  0.378   437.20   211.73   134.63   100.55    83.57  0    -1e-30      0.00 6.671e-01 3.176e-01 1.627e-03 2.828e-03 5.741e-03 -1.000 1.529e-02 -6.863 -0.417 -2.200 -3.825 -5.327 -7.003 -8.683 -9.554 -9.861
0.0152 0.01508 7.52600 8.7953319550 2.6244020522    8.790  4.676  3.5286 -0.228    7  0.000  0.378   458.91   224.34   142.28   106.35    88.40  0    -1e-30      0.00 6.660e-01 3.187e-01 1.625e-03 2.839e-03 5.732e-03 -1.000 1.529e-02 -6.920 -0.418 -2.136 -3.745 -5.296 -7.017 -8.749 -9.622 -9.934
0.0152 0.01508 7.52600 8.8188695908 2.6244351255    8.815  4.614  3.5362 -0.134    7  0.000  0.378   398.54   189.51   121.11    90.30    75.02  3    -1e-30      0.00 6.664e-01 3.183e-01 1.626e-03 2.836e-03 5.735e-03 -1.000 1.529e-02 -6.765 -0.433 -2.337 -3.996 -5.406 -6.976 -8.567 -9.431 -9.727
# Zini     MH   logAge Mini        int_IMF         Mass   logL    logTe  logg  label   McoreTP C_O  period0  period1  period2  period3  period4  pmode  Mloss  tau1m   X   Y   Xc  Xn  Xo  Cexcess  Z 	 mbolmag  Umag    Bmag    Vmag    Rmag    Imag    Jmag    Hmag    Kmag
0.0152 0.01508 7.57600 0.0900000036 1.0816895926    0.090 -2.454  3.4038  4.414    0  0.000  0.545     0.00     0.00     0.00     0.00     0.00 -1 -9.25e-16      0.00 7.092e-01 2.755e-01 2.746e-03 7.408e-04 6.719e-03 -1.000 1.527e-02 10.906 18.820 17.013 15.427 13.488 11.336 8.837 8.248 7.884
0.0152 0.01508 7.57600 0.0971435010 1.1467921409    0.097 -2.402  3.4098  4.419    0  0.000  0.545     0.00     0.00     0.00     0.00     0.00 -1 -9.98e-16      0.00 7.092e-01 2.755e-01 2.746e-03 7.408e-04 6.719e-03 -1.000 1.527e-02 10.776 18.698 16.886 15.299 13.359 11.206 8.707 8.117 7.754
0.0152 0.01508 7.57600 0.1000000015 1.1711064122    0.100 -2.382  3.4122  4.421    0  0.000  0.545     0.00     0.00     0.00     0.00     0.00 -1 -1.03e-15      0.00 7.092e-01 2.755e-01 2.746e-03 7.408e-04 6.719e-03 -1.000 1.527e-02 10.725 18.651 16.837 15.249 13.309 11.156 8.656 8.066 7.704
0.0152 0.01508 7.57600 0.1128283069 1.2701251570    0.113 -2.300  3.4215  4.428    0  0.000  0.545     0.00     0.00     0.00     0.00     0.00 -1 -1.16e-15      0.00 7.092e-01 2.755e-01 2.746e-03 7.408e-04 6.719e-03 -1.000 1.527e-02 10.519 18.271 16.494 14.911 13.012 10.891 8.458 7.867 7.507
0.0152 0.01508 7.57600 0.1200000122 1.3193155232    0.120 -2.257  3.4265  4.432    0  0.000  0.545     0.00     0.00     0.00     0.00     0.00 -1 -1.24e-15      0.00 7.092e-01 2.755e-01 2.746e-03 7.408e-04 6.719e-03 -1.000 1.527e-02 10.413 17.940 16.214 14.638 12.792 10.712 8.363 7.770 7.414
0.0152 0.01508 7.57600 0.1400000006 1.4384526719    0.140 -2.151  3.4385  4.441    0  0.000  0.545     0.00     0.00     0.00     0.00     0.00 -1 -1.44e-15      0.00 7.092e-01 2.755e-01 2.746e-03 7.408e-04 6.719e-03 -1.000 1.527e-02 10.148 17.187 15.565 14.016 12.285 10.294 8.122 7.526 7.181
0.0152 0.01508 7.57600 0.1599999964 1.5372931554    0.160 -2.062  3.4484  4.450    0  0.000  0.545     0.00     0.00     0.00     0.00     0.00 -1 -1.64e-15      0.00 7.092e-01 2.755e-01 2.746e-03 7.408e-04 6.719e-03 -1.000 1.527e-02 9.925 16.593 15.045 13.519 11.875 9.956 7.919 7.320 6.984
0.0152 0.01508 7.57600 0.1859755963 1.6440088622    0.186 -1.963  3.4592  4.459    0  0.000  0.545     0.00     0.00     0.00     0.00     0.00 -1 -1.89e-15      0.00 7.092e-01 2.755e-01 2.746e-03 7.408e-04 6.719e-03 -1.000 1.527e-02 9.678 15.968 14.490 12.977 11.426 9.595 7.695 7.092 6.767
0.0152 0.01508 7.57600 0.2039752305 1.7071934526    0.204 -1.903  3.4657  4.465    0  0.000  0.545     0.00     0.00     0.00     0.00     0.00 -1 -2.06e-15      0.00 7.092e-01 2.755e-01 2.746e-03 7.408e-04 6.719e-03 -1.000 1.527e-02 9.527 15.613 14.169 12.667 11.167 9.385 7.558 6.953 6.635
0.0152 0.01508 7.57600 0.2342263162 1.7985621240    0.234 -1.813  3.4749  4.472    0  0.000  0.545     0.00     0.00     0.00     0.00     0.00 -1 -2.34e-15      0.00 7.092e-01 2.755e-01 2.746e-03 7.408e-04 6.719e-03 -1.000 1.527e-02 9.303 15.113 13.714 12.226 10.795 9.083 7.353 6.744 6.438
0.0152 0.01508 7.57600 0.2594170272 1.8636598982    0.259 -1.748  3.4816  4.479    0  0.000  0.545     0.00     0.00     0.00     0.00     0.00 -1 -2.56e-15      0.00 7.092e-01 2.755e-01 2.746e-03 7.408e-04 6.719e-03 -1.000 1.527e-02 9.140 14.758 13.386 11.905 10.522 8.866 7.206 6.594 6.295
0.0152 0.01508 7.57600 0.2697255611 1.8879726014    0.270 -1.724  3.4842  4.481    0  0.000  0.545     0.00     0.00     0.00     0.00     0.00 -1 -2.64e-15      0.00 7.092e-01 2.755e-01 2.746e-03 7.408e-04 6.719e-03 -1.000 1.527e-02 9.080 14.632 13.267 11.786 10.419 8.787 7.152 6.538 6.242
0.0152 0.01508 7.57600 0.2807860970 1.9127505756    0.281 -1.697  3.4867  4.482    0  0.000  0.545     0.00     0.00     0.00     0.00     0.00 -1 -2.76e-15      0.00 7.092e-01 2.755e-01 2.746e-03 7.408e-04 6.719e-03 -1.000 1.527e-02 9.013 14.495 13.138 11.657 10.308 8.701 7.092 6.476 6.183
0.0152 0.01508 7.57600 0.3000000119 1.9529139769    0.300 -1.654  3.4912  4.486    0  0.000  0.545     0.00     0.00     0.00     0.00     0.00 -1 -2.94e-15      0.00 7.092e-01 2.755e-01 2.746e-03 7.408e-04 6.719e-03 -1.000 1.527e-02 8.906 14.275 12.931 11.453 10.132 8.563 6.996 6.378 6.090
0.0152 0.01508 7.57600 0.3402346075 2.0271156576    0.340 -1.575  3.4989  4.492    0  0.000  0.545     0.00     0.00     0.00     0.00     0.00 -1  -3.3e-15      0.00 7.092e-01 2.755e-01 2.746e-03 7.408e-04 6.719e-03 -1.000 1.527e-02 8.706 13.901 12.576 11.114 9.838 8.319 6.814 6.189 5.911
0.0152 0.01508 7.57600 0.3500000238 2.0434175133    0.350 -1.557  3.5007  4.494    0  0.000  0.545     0.00     0.00     0.00     0.00     0.00 -1 -3.37e-15      0.00 7.092e-01 2.755e-01 2.746e-03 7.408e-04 6.719e-03 -1.000 1.527e-02 8.663 13.819 12.499 11.040 9.773 8.266 6.774 6.148 5.872
0.0152 0.01508 7.57600 0.3595486581 2.0587956006    0.360 -1.540  3.5025  4.496    0  0.000  0.545     0.00     0.00     0.00     0.00     0.00 -1 -3.46e-15      0.00 7.092e-01 2.755e-01 2.746e-03 7.408e-04 6.719e-03 -1.000 1.527e-02 8.620 13.740 12.422 10.967 9.710 8.213 6.735 6.107 5.833
0.0152 0.01508 7.57600 0.4000000358 2.1185024810    0.400 -1.469  3.5095  4.499    0  0.000  0.545     0.00     0.00     0.00     0.00     0.00 -1 -3.84e-15      0.00 7.092e-01 2.755e-01 2.746e-03 7.408e-04 6.719e-03 -1.000 1.527e-02 8.443 13.424 12.118 10.676 9.455 8.002 6.574 5.940 5.674
0.0152 0.01508 7.57600 0.4408477247 2.1713159785    0.441 -1.401  3.5168  4.502    0  0.000  0.545     0.00     0.00     0.00     0.00     0.00 -1 -4.27e-15      0.00 7.092e-01 2.755e-01 2.746e-03 7.408e-04 6.719e-03 -1.000 1.527e-02 8.272 13.124 11.825 10.393 9.206 7.799 6.420 5.778 5.520
0.0152 0.01508 7.57600 0.4500000477 2.1822809714    0.450 -1.387  3.5183  4.503    0  0.000  0.545     0.00     0.00     0.00     0.00     0.00 -1 -4.36e-15      0.00 7.092e-01 2.755e-01 2.746e-03 7.408e-04 6.719e-03 -1.000 1.527e-02 8.237 13.063 11.765 10.335 9.155 7.758 6.389 5.746 5.489
0.0152 0.01508 7.57600 0.4623892903 2.1966705848    0.462 -1.367  3.5207  4.504    0  0.000  0.545     0.00     0.00     0.00     0.00     0.00 -1  -4.5e-15      0.00 7.092e-01 2.755e-01 2.746e-03 7.408e-04 6.719e-03 -1.000 1.527e-02 8.186 12.972 11.675 10.248 9.079 7.697 6.344 5.698 5.444
0.0152 0.01508 7.57600 0.5000000000 2.2374541529    0.500 -1.308  3.5271  4.506    0  0.000  0.545     0.00     0.00     0.00     0.00     0.00 -1 -4.94e-15      0.00 7.092e-01 2.755e-01 2.746e-03 7.408e-04 6.719e-03 -1.000 1.527e-02 8.040 12.726 11.428 10.008 8.867 7.527 6.214 5.562 5.314
0.0152 0.01508 7.57600 0.5209926367 2.2580958782    0.521 -1.275  3.5311  4.507    0  0.000  0.545     0.00     0.00     0.00     0.00     0.00 -1 -5.22e-15      0.00 7.092e-01 2.755e-01 2.746e-03 7.408e-04 6.719e-03 -1.000 1.527e-02 7.958 12.584 11.284 9.869 8.744 7.430 6.142 5.486 5.241
0.0152 0.01508 7.57600 0.5500000119 2.2836582633    0.550 -1.226  3.5367  4.503    0  0.000  0.545     0.00     0.00     0.00     0.00     0.00 -1 -5.71e-15      0.00 7.092e-01 2.755e-01 2.746e-03 7.408e-04 6.719e-03 -1.000 1.527e-02 7.835 12.384 11.080 9.673 8.570 7.289 6.033 5.372 5.131
0.0152 0.01508 7.57600 0.5793985128 2.3065852864    0.579 -1.175  3.5433  4.501    0  0.000  0.545     0.00     0.00     0.00     0.00     0.00 -1 -6.26e-15      0.00 7.092e-01 2.755e-01 2.746e-03 7.408e-04 6.719e-03 -1.000 1.527e-02 7.708 12.170 10.860 9.460 8.381 7.142 5.923 5.256 5.021
0.0152 0.01508 7.57600 0.6000000238 2.3211213258    0.600 -1.133  3.5485  4.495    0  0.000  0.545     0.00     0.00     0.00     0.00     0.00 -1 -6.82e-15      0.00 7.092e-01 2.755e-01 2.746e-03 7.408e-04 6.719e-03 -1.000 1.527e-02 7.603 11.999 10.682 9.286 8.226 7.022 5.831 5.159 4.929
0.0152 0.01508 7.57600 0.6305981278 2.3407082203    0.631 -1.076  3.5577  4.496    0  0.000  0.545     0.00     0.00     0.00     0.00     0.00 -1 -7.58e-15      0.00 7.092e-01 2.755e-01 2.746e-03 7.408e-04 6.719e-03 -1.000 1.527e-02 7.459 11.751 10.417 9.025 7.994 6.854 5.713 5.033 4.812
0.0152 0.01508 7.57600 0.6470910311 2.3503867500    0.647 -1.042  3.5631  4.495    0  0.000  0.545     0.00     0.00     0.00     0.00     0.00 -1 -8.03e-15      0.00 7.092e-01 2.755e-01 2.746e-03 7.408e-04 6.719e-03 -1.000 1.527e-02 7.375 11.608 10.263 8.872 7.858 6.757 5.644 4.960 4.744
0.0152 0.01508 7.57600 0.6499999762 2.3520353107    0.650 -1.035  3.5643  4.495    0  0.000  0.545     0.00     0.00     0.00     0.00     0.00 -1 -8.16e-15      0.00 7.092e-01 2.755e-01 2.746e-03 7.408e-04 6.719e-03 -1.000 1.527e-02 7.357 11.578 10.230 8.839 7.828 6.736 5.629 4.943 4.729
0.0152 0.01508 7.57600 0.6709010005 2.3633985525    0.671 -0.981  3.5737  4.493    0  0.000  0.545     0.00     0.00     0.00     0.00     0.00 -1 -9.11e-15      0.00 7.092e-01 2.755e-01 2.746e-03 7.408e-04 6.718e-03 -1.000 1.527e-02 7.222 11.348 9.979 8.592 7.607 6.583 5.521 4.827 4.624
0.0152 0.01508 7.57600 0.7000000477 2.3779267258    0.700 -0.897  3.5896  4.490    0  0.000  0.545     0.00     0.00     0.00     0.00     0.00 -1 -1.08e-14      0.00 7.092e-01 2.755e-01 2.746e-03 7.408e-04 6.718e-03 -1.000 1.527e-02 7.012 10.984 9.580 8.210 7.263 6.349 5.353 4.645 4.465
0.0152 0.01508 7.57600 0.7078483701 2.3816106786    0.708 -0.864  3.6002  4.505    0  0.000  0.544     0.00     0.00     0.00     0.00     0.00 -1 -1.14e-14      0.00 7.092e-01 2.755e-01 2.740e-03 7.406e-04 6.718e-03 -1.000 1.527e-02 6.930 10.802 9.378 8.027 7.104 6.255 5.296 4.582 4.419
0.0152 0.01508 7.57600 0.7310270667 2.3919615507    0.731 -0.764  3.6307  4.541    0  0.000  0.540     0.00     0.00     0.00     0.00     0.00 -1 -1.36e-14      0.00 7.092e-01 2.755e-01 2.723e-03 7.402e-04 6.719e-03 -1.000 1.527e-02 6.680 10.199 8.749 7.496 6.651 5.975 5.117 4.424 4.305
0.0152 0.01508 7.57600 0.7471793890 2.3987396600    0.747 -0.694  3.6507  4.561    0  0.000  0.538     0.00     0.00     0.00     0.00     0.00 -1 -1.54e-14      0.00 7.092e-01 2.755e-01 2.711e-03 7.399e-04 6.719e-03 -1.000 1.527e-02 6.506 9.641 8.306 7.143 6.362 5.789 4.998 4.343 4.246
0.0152 0.01508 7.57600 0.7500000000 2.3998889087    0.750 -0.682  3.6541  4.564    0  0.000  0.538     0.00     0.00     0.00     0.00     0.00 -1 -1.57e-14      0.00 7.092e-01 2.755e-01 2.709e-03 7.398e-04 6.720e-03 -1.000 1.527e-02 6.475 9.529 8.229 7.082 6.315 5.755 4.977 4.333 4.238
0.0152 0.01508 7.57600 0.7662233114 2.4063105468    0.766 -0.628  3.6629  4.555    0  0.000  0.538     0.00     0.00     0.00     0.00     0.00 -1 -1.78e-14      0.00 7.092e-01 2.755e-01 2.709e-03 7.398e-04 6.719e-03 -1.000 1.527e-02 6.341 9.183 7.976 6.874 6.142 5.614 4.869 4.252 4.163
0.0152 0.01508 7.57600 0.7898830771 2.4151341468    0.790 -0.547  3.6771  4.543    0  0.000  0.538     0.00     0.00     0.00     0.00     0.00 -1 -2.14e-14      0.00 7.092e-01 2.755e-01 2.709e-03 7.398e-04 6.719e-03 -1.000 1.527e-02 6.137 8.647 7.595 6.563 5.889 5.402 4.709 4.140 4.058
0.0152 0.01508 7.57600 0.8000000119 2.4187244405    0.800 -0.511  3.6835  4.538    0  0.000  0.538     0.00     0.00     0.00     0.00     0.00 -1 -2.32e-14      0.00 7.092e-01 2.755e-01 2.709e-03 7.398e-04 6.719e-03 -1.000 1.527e-02 6.049 8.418 7.434 6.432 5.783 5.311 4.640 4.092 4.013
0.0152 0.01508 7.57600 0.8204308152 2.4256654294    0.820 -0.441  3.6965  4.531    0  0.000  0.538     0.00     0.00     0.00     0.00     0.00 -1 -2.72e-14      0.00 7.092e-01 2.755e-01 2.709e-03 7.398e-04 6.719e-03 -1.000 1.527e-02 5.873 7.975 7.123 6.179 5.577 5.134 4.507 3.997 3.925
0.0152 0.01508 7.57600 0.8456292152 2.4336971554    0.845 -0.357  3.7123  4.524    0  0.000  0.538     0.00     0.00     0.00     0.00     0.00 -1 -3.28e-14      0.00 7.092e-01 2.755e-01 2.709e-03 7.398e-04 6.719e-03 -1.000 1.527e-02 5.664 7.460 6.769 5.889 5.341 4.927 4.353 3.891 3.825
0.0152 0.01508 7.57600 0.8500000238 2.4350346840    0.850 -0.343  3.7150  4.523    0  0.000  0.538     0.00     0.00     0.00     0.00     0.00 -1 -3.38e-14      0.00 7.092e-01 2.755e-01 2.709e-03 7.398e-04 6.719e-03 -1.000 1.527e-02 5.629 7.376 6.711 5.842 5.302 4.894 4.328 3.873 3.808
0.0152 0.01508 7.57600 0.8548689485 2.4365061388    0.854 -0.328  3.7179  4.521    0  0.000  0.538     0.00     0.00     0.00     0.00     0.00 -1  -3.5e-14      0.00 7.092e-01 2.755e-01 2.709e-03 7.398e-04 6.719e-03 -1.000 1.527e-02 5.590 7.282 6.647 5.790 5.259 4.856 4.300 3.852 3.789
0.0152 0.01508 7.57600 0.8655470610 2.4396666503    0.865 -0.300  3.7232  4.520    0  0.000  0.538     0.00     0.00     0.00     0.00     0.00 -1 -3.72e-14      0.00 7.092e-01 2.755e-01 2.709e-03 7.398e-04 6.719e-03 -1.000 1.527e-02 5.520 7.121 6.537 5.700 5.184 4.790 4.250 3.817 3.756
0.0152 0.01508 7.57600 0.9000000358 2.4492786175    0.899 -0.237  3.7362  4.525    0  0.000  0.538     0.00     0.00     0.00     0.00     0.00 -1 -4.22e-14      0.00 7.092e-01 2.755e-01 2.709e-03 7.397e-04 6.719e-03 -1.000 1.527e-02 5.361 6.747 6.280 5.493 5.014 4.641 4.142 3.743 3.687
0.0152 0.01508 7.57600 0.9162945747 2.4535361359    0.916 -0.209  3.7422  4.529    0  0.000  0.538     0.00     0.00     0.00     0.00     0.00 -1 -4.45e-14      0.00 7.092e-01 2.755e-01 2.709e-03 7.397e-04 6.718e-03 -1.000 1.527e-02 5.292 6.577 6.167 5.404 4.941 4.578 4.097 3.713 3.660
0.0152 0.01508 7.57600 0.9418313503 2.4598689352    0.941 -0.180  3.7489  4.539    0  0.000  0.538     0.00     0.00     0.00     0.00     0.00 -1 -4.65e-14      0.00 7.092e-01 2.755e-01 2.709e-03 7.397e-04 6.718e-03 -1.000 1.527e-02 5.219 6.389 6.048 5.312 4.869 4.516 4.055 3.686 3.636
0.0152 0.01508 7.57600 0.9500000477 2.4618122009    0.950 -0.172  3.7508  4.543    0  0.000  0.538     0.00     0.00     0.00     0.00     0.00 -1  -4.7e-14      0.00 7.092e-01 2.755e-01 2.709e-03 7.397e-04 6.718e-03 -1.000 1.527e-02 5.199 6.337 6.014 5.287 4.849 4.499 4.043 3.679 3.630
0.0152 0.01508 7.57600 1.0000000000 2.4729154477    1.000 -0.116  3.7598  4.545    0  0.000  0.538     0.00     0.00     0.00     0.00     0.00 -1 -5.18e-14      0.00 7.093e-01 2.754e-01 2.709e-03 7.396e-04 6.718e-03 -1.000 1.527e-02 5.061 6.061 5.819 5.127 4.712 4.376 3.945 3.600 3.556
0.0152 0.01508 7.57600 1.0447891951 2.4818309123    1.044 -0.048  3.7679  4.528    0  0.000  0.538     0.00     0.00     0.00     0.00     0.00 -1 -5.64e-14      0.00 7.093e-01 2.754e-01 2.708e-03 7.395e-04 6.717e-03 -1.000 1.527e-02 4.889 5.772 5.596 4.939 4.545 4.222 3.812 3.486 3.445
0.0152 0.01508 7.57600 1.0499999523 2.4828114860    1.050 -0.038  3.7691  4.525    0  0.000  0.538     0.00     0.00     0.00     0.00     0.00 -1 -5.73e-14      0.00 7.093e-01 2.754e-01 2.708e-03 7.395e-04 6.717e-03 -1.000 1.527e-02 4.864 5.731 5.564 4.912 4.521 4.200 3.793 3.469 3.429
0.0152 0.01508 7.57600 1.1000000238 2.4916801480    1.099  0.057  3.7796  4.493    0  0.000  0.538     0.00     0.00     0.00     0.00     0.00 -1 -6.67e-14      0.00 7.094e-01 2.754e-01 2.708e-03 7.394e-04 6.716e-03 -1.000 1.527e-02 4.628 5.356 5.263 4.658 4.294 3.990 3.610 3.308 3.273
0.0152 0.01508 7.57600 1.1310645342 2.4967382995    1.130  0.116  3.7859  4.471    0  0.000  0.538     0.00     0.00     0.00     0.00     0.00 -1  -7.3e-14      0.00 7.094e-01 2.753e-01 2.708e-03 7.393e-04 6.715e-03 -1.000 1.527e-02 4.479 5.139 5.080 4.502 4.152 3.858 3.494 3.205 3.172
0.0152 0.01508 7.57600 1.1499999762 2.4996678137    1.149  0.152  3.7899  4.458    0  0.000  0.538     0.00     0.00     0.00     0.00     0.00 -1 -7.71e-14      0.00 7.095e-01 2.753e-01 2.707e-03 7.392e-04 6.714e-03 -1.000 1.525e-02 4.391 5.009 4.970 4.409 4.069 3.781 3.426 3.145 3.114
0.0152 0.01508 7.57600 1.2000000477 2.5068948796    1.200  0.244  3.8002  4.426    0  0.000  0.538     0.00     0.00     0.00     0.00     0.00 -1  -8.8e-14      0.00 7.095e-01 2.752e-01 2.707e-03 7.391e-04 6.713e-03 -1.000 1.527e-02 4.159 4.682 4.685 4.168 3.851 3.579 3.249 2.988 2.961
0.0152 0.01508 7.57600 1.2500000000 2.5134610955    1.250  0.337  3.8106  4.393    0  0.000  0.538     0.00     0.00     0.00     0.00     0.00 -1 -9.95e-14      0.00 7.095e-01 2.752e-01 2.707e-03 7.390e-04 6.713e-03 -1.000 1.527e-02 3.929 4.370 4.404 3.930 3.635 3.380 3.073 2.832 2.810
0.0152 0.01508 7.57600 1.2877949476 2.5180372884    1.288  0.405  3.8193  4.372    0  0.000  0.538     0.00     0.00     0.00     0.00     0.00 -1 -1.08e-13      0.00 7.095e-01 2.752e-01 2.707e-03 7.390e-04 6.713e-03 -1.000 1.527e-02 3.757 4.150 4.194 3.752 3.475 3.234 2.947 2.724 2.703
0.0152 0.01508 7.57600 1.2999999523 2.5194498592    1.300  0.425  3.8215  4.365    0  0.000  0.538     0.00     0.00     0.00     0.00     0.00 -1  -1.1e-13      0.00 7.096e-01 2.752e-01 2.707e-03 7.390e-04 6.712e-03 -1.000 1.527e-02 3.709 4.091 4.136 3.702 3.429 3.191 2.910 2.691 2.671
0.0152 0.01508 7.57600 1.3500001431 2.5249313723    1.350  0.502  3.8310  4.343    0  0.000  0.538     0.00     0.00     0.00     0.00     0.00 -1 -1.16e-13      0.00 7.096e-01 2.752e-01 2.706e-03 7.390e-04 6.712e-03 -1.000 1.522e-02 3.515 3.854 3.903 3.502 3.247 3.025 2.766 2.566 2.548
0.0152 0.01508 7.57600 1.4000000954 2.5299650415    1.400  0.575  3.8407  4.324    0  0.000  0.538     0.00     0.00     0.00     0.00     0.00 -1 -1.18e-13      0.00 7.096e-01 2.752e-01 2.706e-03 7.390e-04 6.712e-03 -1.000 1.521e-02 3.332 3.639 3.684 3.313 3.077 2.872 2.635 2.453 2.436
0.0152 0.01508 7.57600 1.4500000477 2.5346015836    1.450  0.643  3.8515  4.315    0  0.000  0.538     0.00     0.00     0.00     0.00     0.00 -1 -1.14e-13      0.00 7.096e-01 2.751e-01 2.706e-03 7.389e-04 6.711e-03 -1.000 1.526e-02 3.163 3.440 3.478 3.139 2.924 2.737 2.524 2.363 2.348
0.0152 0.01508 7.57600 1.5000000000 2.5388844597    1.500  0.708  3.8636  4.313    0  0.000  0.538     0.00     0.00     0.00     0.00     0.00 -1 -1.05e-13      0.00 7.097e-01 2.751e-01 2.706e-03 7.389e-04 6.711e-03 -1.000 1.526e-02 3.001 3.250 3.276 2.971 2.780 2.615 2.428 2.290 2.276
0.0152 0.01508 7.57600 1.5499999523 2.5428511323    1.550  0.770  3.8769  4.318    0  0.000  0.538     0.00     0.00     0.00     0.00     0.00 -1 -8.87e-14      0.00 7.097e-01 2.751e-01 2.706e-03 7.388e-04 6.710e-03 -1.000 1.526e-02 2.845 3.073 3.083 2.812 2.647 2.506 2.347 2.232 2.220
0.0152 0.01508 7.57600 1.6000000238 2.5465340628    1.600  0.831  3.8902  4.324    0  0.000  0.538     0.00     0.00     0.00     0.00     0.00 -1 -6.66e-14      0.00 7.097e-01 2.750e-01 2.706e-03 7.387e-04 6.709e-03 -1.000 1.526e-02 2.694 2.903 2.897 2.660 2.521 2.403 2.271 2.179 2.168
0.0152 0.01508 7.57600 1.6500000954 2.5499614852    1.649  0.888  3.9027  4.330    0  0.000  0.538     0.00     0.00     0.00     0.00     0.00 -1 -3.71e-14      0.00 7.098e-01 2.750e-01 2.705e-03 7.387e-04 6.709e-03 -1.000 1.525e-02 2.551 2.747 2.726 2.521 2.407 2.311 2.203 2.130 2.120
0.0152 0.01508 7.57600 1.7000000477 2.5531580802    1.699  0.943  3.9146  4.335    0  0.000  0.538     0.00     0.00     0.00     0.00     0.00 -1    -1e-30      0.00 7.098e-01 2.750e-01 2.705e-03 7.386e-04 6.709e-03 -1.000 1.525e-02 2.411 2.597 2.563 2.390 2.299 2.224 2.137 2.081 2.072
0.0152 0.01508 7.57600 1.7500000000 2.5561455243    1.749  0.997  3.9260  4.340    0  0.000  0.538     0.00     0.00     0.00     0.00     0.00 -1    -1e-30      0.00 7.098e-01 2.750e-01 2.705e-03 7.386e-04 6.709e-03 -1.000 1.526e-02 2.277 2.454 2.412 2.270 2.200 2.142 2.075 2.033 2.024
0.0152 0.01508 7.57600 1.7999999523 2.5589429085    1.799  1.049  3.9367  4.343    0  0.000  0.538     0.00     0.00     0.00     0.00     0.00 -1    -1e-30      0.00 7.098e-01 2.749e-01 2.705e-03 7.385e-04 6.708e-03 -1.000 1.524e-02 2.148 2.316 2.274 2.160 2.108 2.065 2.015 1.984 1.976
0.0152 0.01508 7.57600 1.8500000238 2.5615671203    1.849  1.098  3.9467  4.346    0  0.000  0.538     0.00     0.00     0.00     0.00     0.00 -1    -1e-30      0.00 7.098e-01 2.749e-01 2.704e-03 7.385e-04 6.708e-03 -1.000 1.524e-02 2.026 2.186 2.152 2.062 2.024 1.994 1.958 1.937 1.930
0.0152 0.01508 7.57600 1.9000000954 2.5640331317    1.899  1.145  3.9563  4.348    0  0.000  0.538     0.00     0.00     0.00     0.00     0.00 -1    -1e-30      0.00 7.098e-01 2.749e-01 2.704e-03 7.385e-04 6.707e-03 -1.000 1.524e-02 1.907 2.060 2.041 1.971 1.944 1.925 1.902 1.888 1.884
0.0152 0.01508 7.57600 1.9500001669 2.5663542767    1.950  1.192  3.9655  4.350    0  0.000  0.538     0.00     0.00     0.00     0.00     0.00 -1    -1e-30      0.00 7.099e-01 2.749e-01 2.704e-03 7.384e-04 6.707e-03 -1.000 1.523e-02 1.791 1.940 1.938 1.886 1.869 1.859 1.848 1.841 1.838
0.0152 0.01508 7.57600 2.0000000000 2.5685424513    2.000  1.236  3.9743  4.352    1  0.000  0.538     0.00     0.00     0.00     0.00     0.00 -1    -1e-30      0.00 7.099e-01 2.749e-01 2.704e-03 7.384e-04 6.707e-03 -1.000 1.527e-02 1.679 1.827 1.843 1.808 1.798 1.796 1.797 1.794 1.793
0.0152 0.01508 7.57600 2.0499999523 2.5706083333    2.050  1.280  3.9826  4.352    1  0.000  0.538     0.00     0.00     0.00     0.00     0.00 -1    -1e-30      0.00 7.099e-01 2.748e-01 2.704e-03 7.383e-04 6.706e-03 -1.000 1.525e-02 1.571 1.720 1.755 1.734 1.731 1.735 1.746 1.748 1.749
0.0152 0.01508 7.57600 2.0999999046 2.5725614918    2.099  1.322  3.9905  4.352    1  0.000  0.538     0.00     0.00     0.00     0.00     0.00 -1    -1e-30      0.00 7.099e-01 2.748e-01 2.704e-03 7.383e-04 6.706e-03 -1.000 1.522e-02 1.465 1.616 1.671 1.662 1.665 1.675 1.695 1.700 1.704
0.0152 0.01508 7.57600 2.1500000954 2.5744105556    2.149  1.363  3.9982  4.352    1  0.000  0.538     0.00     0.00     0.00     0.00     0.00 -1    -1e-30      0.00 7.100e-01 2.748e-01 2.704e-03 7.383e-04 6.706e-03 -1.000 1.523e-02 1.362 1.517 1.593 1.595 1.603 1.618 1.646 1.655 1.661
0.0152 0.01508 7.57600 2.2000000477 2.5761632879    2.199  1.403  4.0055  4.351    1  0.000  0.538     0.00     0.00     0.00     0.00     0.00 -1    -1e-30      0.00 7.099e-01 2.748e-01 2.704e-03 7.382e-04 6.706e-03 -1.000 1.527e-02 1.262 1.420 1.517 1.529 1.541 1.560 1.597 1.609 1.616
0.0152 0.01508 7.57600 2.2500000000 2.5778267375    2.249  1.442  4.0127  4.351    1  0.000  0.538     0.00     0.00     0.00     0.00     0.00 -1    -1e-30      0.00 7.099e-01 2.748e-01 2.704e-03 7.382e-04 6.705e-03 -1.000 1.527e-02 1.165 1.327 1.445 1.467 1.482 1.505 1.550 1.565 1.574
0.0152 0.01508 7.57600 2.2999999523 2.5794072884    2.299  1.480  4.0195  4.349    1  0.000  0.538     0.00     0.00     0.00     0.00     0.00 -1    -1e-30      0.00 7.099e-01 2.748e-01 2.703e-03 7.382e-04 6.705e-03 -1.000 1.526e-02 1.070 1.237 1.375 1.405 1.423 1.450 1.502 1.519 1.530
0.0152 0.01508 7.57600 2.4000000954 2.5823423892    2.399  1.553  4.0324  4.346    1  0.000  0.538     0.00     0.00     0.00     0.00     0.00 -1    -1e-30      0.00 7.100e-01 2.748e-01 2.703e-03 7.382e-04 6.705e-03 -1.000 1.523e-02 0.887 1.065 1.243 1.287 1.309 1.342 1.408 1.430 1.445
0.0152 0.01508 7.57600 2.4840180874 2.5845994638    2.483  1.612  4.0425  4.343    1  0.000  0.538     0.00     0.00     0.00     0.00     0.00 -1    -1e-30      0.00 7.097e-01 2.751e-01 2.706e-03 7.388e-04 6.711e-03 -1.000 1.524e-02 0.740 0.928 1.138 1.191 1.217 1.255 1.331 1.356 1.374
0.0152 0.01508 7.57600 2.5999999046 2.5874412955    2.600  1.691  4.0558  4.338    1  0.000  0.538     0.00     0.00     0.00     0.00     0.00 -1    -1e-30      0.00 7.092e-01 2.755e-01 2.710e-03 7.399e-04 6.720e-03 -1.000 1.527e-02 0.544 0.748 0.999 1.064 1.094 1.137 1.227 1.256 1.277
0.0152 0.01508 7.57600 2.8000001907 2.5917117867    2.800  1.818  4.0769  4.327    1  0.000  0.538     0.00     0.00     0.00     0.00     0.00 -1    -1e-30      0.00 7.092e-01 2.755e-01 2.710e-03 7.399e-04 6.720e-03 -1.000 1.527e-02 0.226 0.459 0.778 0.858 0.892 0.943 1.054 1.088 1.115
0.0152 0.01508 7.57600 3.0000000000 2.5953341962    3.000  1.936  4.0960  4.316    1  0.000  0.538     0.00     0.00     0.00     0.00     0.00 -1    -1e-30      0.00 7.092e-01 2.755e-01 2.710e-03 7.399e-04 6.720e-03 -1.000 1.527e-02 -0.069 0.197 0.574 0.666 0.705 0.762 0.890 0.929 0.960
0.0152 0.01508 7.57600 3.2000000477 2.5984409005    3.199  2.046  4.1135  4.303    1  0.000  0.538     0.00     0.00     0.00     0.00     0.00 -1    -1e-30      0.00 7.092e-01 2.755e-01 2.710e-03 7.399e-04 6.720e-03 -1.000 1.527e-02 -0.345 -0.042 0.385 0.486 0.529 0.592 0.735 0.778 0.813
0.0152 0.01508 7.57600 3.4000000954 2.6011310876    3.398  2.150  4.1298  4.290    1  0.000  0.538     0.00     0.00     0.00     0.00     0.00 -1    -1e-30      0.00 7.092e-01 2.755e-01 2.710e-03 7.399e-04 6.720e-03 -1.000 1.527e-02 -0.606 -0.262 0.207 0.318 0.364 0.432 0.588 0.635 0.672
0.0152 0.01508 7.57600 3.6000001431 2.6034804607    3.598  2.249  4.1449  4.277    1  0.000  0.538     0.00     0.00     0.00     0.00     0.00 -1    -1e-30      0.00 7.092e-01 2.755e-01 2.710e-03 7.399e-04 6.720e-03 -1.000 1.527e-02 -0.852 -0.469 0.040 0.158 0.208 0.280 0.448 0.498 0.539
0.0152 0.01508 7.57600 3.6651217937 2.6041820930    3.663  2.280  4.1496  4.273    1  0.000  0.538     0.00     0.00     0.00     0.00     0.00 -1    -1e-30      0.00 7.092e-01 2.755e-01 2.710e-03 7.399e-04 6.720e-03 -1.000 1.527e-02 -0.929 -0.533 -0.013 0.108 0.159 0.233 0.404 0.455 0.496
0.0152 0.01508 7.57600 3.8000001907 2.6055477311    3.798  2.342  4.1591  4.264    1  0.000  0.538     0.00     0.00     0.00     0.00     0.00 -1    -1e-30      0.00 7.092e-01 2.755e-01 2.710e-03 7.399e-04 6.720e-03 -1.000 1.527e-02 -1.086 -0.661 -0.119 0.007 0.060 0.137 0.315 0.368 0.411
0.0152 0.01508 7.57600 3.8792426586 2.6062993244    3.878  2.378  4.1644  4.258    1  0.000  0.538     0.00     0.00     0.00     0.00     0.00 -1    -1e-30      0.00 7.092e-01 2.755e-01 2.710e-03 7.399e-04 6.720e-03 -1.000 1.527e-02 -1.175 -0.734 -0.180 -0.051 0.003 0.081 0.264 0.318 0.362
0.0152 0.01508 7.57600 4.0000000000 2.6073790840    4.001  2.431  4.1722  4.250    1  0.000  0.538     0.00     0.00     0.00     0.00     0.00 -1    -1e-30      0.00 7.092e-01 2.755e-01 2.710e-03 7.399e-04 6.720e-03 -1.000 1.527e-02 -1.308 -0.843 -0.271 -0.138 -0.083 -0.002 0.186 0.242 0.287
0.0152 0.01508 7.57600 4.1087226868 2.6082890540    4.108  2.478  4.1791  4.242    1  0.000  0.538     0.00     0.00     0.00     0.00     0.00 -1    -1e-30      0.00 7.092e-01 2.755e-01 2.710e-03 7.399e-04 6.720e-03 -1.000 1.527e-02 -1.425 -0.939 -0.351 -0.215 -0.158 -0.075 0.118 0.175 0.222
0.0152 0.01508 7.57600 4.1999998093 2.6090113217    4.198  2.517  4.1847  4.235    1  0.000  0.538     0.00     0.00     0.00     0.00     0.00 -1    -1e-30      0.00 7.092e-01 2.755e-01 2.710e-03 7.399e-04 6.720e-03 -1.000 1.527e-02 -1.522 -1.017 -0.418 -0.278 -0.220 -0.135 0.062 0.120 0.167
0.0152 0.01508 7.57600 4.2917261124 2.6097016664    4.289  2.555  4.1901  4.228    1  0.000  0.538     0.00     0.00     0.00     0.00     0.00 -1    -1e-30      0.00 7.092e-01 2.755e-01 2.710e-03 7.399e-04 6.720e-03 -1.000 1.527e-02 -1.616 -1.093 -0.483 -0.341 -0.281 -0.195 0.006 0.065 0.113
0.0152 0.01508 7.57600 4.4000000954 2.6104741055    4.397  2.599  4.1963  4.220    1  0.000  0.538     0.00     0.00     0.00     0.00     0.00 -1    -1e-30      0.00 7.092e-01 2.755e-01 2.710e-03 7.399e-04 6.720e-03 -1.000 1.527e-02 -1.727 -1.183 -0.560 -0.414 -0.353 -0.265 -0.060 0.001 0.050
0.0152 0.01508 7.57600 4.4999103546 2.6111490858    4.497  2.638  4.2018  4.212    1  0.000  0.538     0.00     0.00     0.00     0.00     0.00 -1    -1e-30      0.00 7.092e-01 2.755e-01 2.710e-03 7.399e-04 6.720e-03 -1.000 1.527e-02 -1.825 -1.263 -0.629 -0.480 -0.417 -0.328 -0.119 -0.057 -0.007
0.0152 0.01508 7.57600 4.5999999046 2.6117915791    4.597  2.677  4.2072  4.204    1  0.000  0.538     0.00     0.00     0.00     0.00     0.00 -1    -1e-30      0.00 7.092e-01 2.755e-01 2.710e-03 7.399e-04 6.720e-03 -1.000 1.527e-02 -1.924 -1.343 -0.698 -0.546 -0.483 -0.391 -0.179 -0.116 -0.065
0.0152 0.01508 7.57600 4.6805233955 2.6122856008    4.678  2.708  4.2113  4.197    1  0.000  0.538     0.00     0.00     0.00     0.00     0.00 -1    -1e-30      0.00 7.092e-01 2.755e-01 2.710e-03 7.399e-04 6.720e-03 -1.000 1.527e-02 -2.001 -1.406 -0.753 -0.599 -0.534 -0.442 -0.227 -0.163 -0.111
0.0152 0.01508 7.57600 4.8000001907 2.6129836005    4.798  2.754  4.2173  4.186    1  0.000  0.538     0.00     0.00     0.00     0.00     0.00 -1    -1e-30      0.00 7.092e-01 2.755e-01 2.710e-03 7.399e-04 6.720e-03 -1.000 1.527e-02 -2.115 -1.499 -0.835 -0.678 -0.612 -0.517 -0.299 -0.234 -0.181
0.0152 0.01508 7.57600 4.9901609421 2.6140156732    4.989  2.825  4.2263  4.168    1  0.000  0.538     0.00     0.00     0.00     0.00     0.00 -1    -1e-30      0.00 7.092e-01 2.755e-01 2.710e-03 7.399e-04 6.720e-03 -1.000 1.527e-02 -2.293 -1.645 -0.963 -0.802 -0.733 -0.636 -0.411 -0.345 -0.290
0.0152 0.01508 7.57600 5.0000000000 2.6140666223    4.999  2.829  4.2267  4.167    1  0.000  0.538     0.00     0.00     0.00     0.00     0.00 -1    -1e-30      0.00 7.092e-01 2.755e-01 2.710e-03 7.399e-04 6.720e-03 -1.000 1.527e-02 -2.302 -1.653 -0.970 -0.808 -0.740 -0.642 -0.417 -0.351 -0.296
0.0152 0.01508 7.57600 5.1999998093 2.6150544000    5.200  2.901  4.2356  4.147    1  0.000  0.538     0.00     0.00     0.00     0.00     0.00 -1    -1e-30      0.00 7.092e-01 2.755e-01 2.710e-03 7.399e-04 6.720e-03 -1.000 1.527e-02 -2.483 -1.803 -1.104 -0.937 -0.866 -0.766 -0.535 -0.467 -0.411
0.0152 0.01508 7.57600 5.2567176819 2.6153188390    5.257  2.921  4.2380  4.141    1  0.000  0.538     0.00     0.00     0.00     0.00     0.00 -1    -1e-30      0.00 7.092e-01 2.755e-01 2.710e-03 7.399e-04 6.720e-03 -1.000 1.527e-02 -2.533 -1.845 -1.141 -0.973 -0.902 -0.801 -0.568 -0.500 -0.443
0.0152 0.01508 7.57600 5.3999996185 2.6159585084    5.401  2.972  4.2438  4.126    1  0.000  0.538     0.00     0.00     0.00     0.00     0.00 -1    -1e-30      0.00 7.092e-01 2.755e-01 2.710e-03 7.399e-04 6.720e-03 -1.000 1.527e-02 -2.660 -1.951 -1.236 -1.066 -0.992 -0.890 -0.654 -0.584 -0.526
0.0152 0.01508 7.57600 5.5138382912 2.6164395694    5.515  3.011  4.2482  4.113    1  0.000  0.538     0.00     0.00     0.00     0.00     0.00 -1    -1e-30      0.00 7.092e-01 2.755e-01 2.710e-03 7.399e-04 6.720e-03 -1.000 1.527e-02 -2.758 -2.034 -1.311 -1.138 -1.064 -0.960 -0.721 -0.650 -0.591
0.0152 0.01508 7.57600 5.5999994278 2.6167887546    5.601  3.041  4.2514  4.103    1  0.000  0.538     0.00     0.00     0.00     0.00     0.00 -1    -1e-30      0.00 7.092e-01 2.755e-01 2.710e-03 7.399e-04 6.720e-03 -1.000 1.527e-02 -2.832 -2.097 -1.368 -1.193 -1.118 -1.013 -0.772 -0.700 -0.641
0.0152 0.01508 7.57600 5.8000001907 2.6175535027    5.801  3.109  4.2581  4.077    1  0.000  0.538     0.00     0.00     0.00     0.00     0.00 -1    -1e-30      0.00 7.092e-01 2.755e-01 2.710e-03 7.399e-04 6.720e-03 -1.000 1.527e-02 -3.003 -2.245 -1.503 -1.325 -1.248 -1.141 -0.896 -0.823 -0.762
0.0152 0.01508 7.57600 5.9436469078 2.6180663992    5.944  3.158  4.2626  4.056    1  0.000  0.538     0.00     0.00     0.00     0.00     0.00 -1    -1e-30      0.00 7.092e-01 2.755e-01 2.710e-03 7.399e-04 6.720e-03 -1.000 1.527e-02 -3.125 -2.352 -1.602 -1.421 -1.343 -1.234 -0.986 -0.912 -0.851
0.0152 0.01508 7.57600 6.0000000000 2.6182599138    6.000  3.177  4.2642  4.048    1  0.000  0.538     0.00     0.00     0.00     0.00     0.00 -1    -1e-30      0.00 7.092e-01 2.755e-01 2.710e-03 7.399e-04 6.720e-03 -1.000 1.527e-02 -3.173 -2.394 -1.641 -1.459 -1.381 -1.272 -1.023 -0.949 -0.887
0.0152 0.01508 7.57600 6.1360731125 2.6187103781    6.136  3.223  4.2678  4.026    1  0.000  0.538     0.00     0.00     0.00     0.00     0.00 -1    -1e-30      0.00 7.092e-01 2.755e-01 2.710e-03 7.399e-04 6.720e-03 -1.000 1.527e-02 -3.287 -2.496 -1.736 -1.552 -1.473 -1.363 -1.111 -1.036 -0.974
0.0152 0.01508 7.57600 6.1999998093 2.6189141709    6.200  3.244  4.2693  4.016    1  0.000  0.538     0.00     0.00     0.00     0.00     0.00 -1    -1e-30      0.00 7.092e-01 2.755e-01 2.710e-03 7.399e-04 6.720e-03 -1.000 1.527e-02 -3.340 -2.545 -1.782 -1.597 -1.517 -1.407 -1.154 -1.079 -1.016
0.0152 0.01508 7.57600 6.2890295982 2.6191900673    6.288  3.273  4.2714  4.001    1  0.000  0.538     0.00     0.00     0.00     0.00     0.00 -1    -1e-30      0.00 7.092e-01 2.755e-01 2.710e-03 7.399e-04 6.720e-03 -1.000 1.527e-02 -3.414 -2.611 -1.844 -1.658 -1.578 -1.467 -1.213 -1.137 -1.074
0.0152 0.01508 7.57600 6.4000000954 2.6195216279    6.399  3.310  4.2737  3.981    1  0.000  0.538     0.00     0.00     0.00     0.00     0.00 -1    -1e-30      0.00 7.092e-01 2.755e-01 2.710e-03 7.399e-04 6.720e-03 -1.000 1.527e-02 -3.505 -2.697 -1.925 -1.737 -1.657 -1.545 -1.289 -1.213 -1.150
0.0152 0.01508 7.57600 6.4561753273 2.6196844814    6.455  3.328  4.2747  3.970    1  0.000  0.538     0.00     0.00     0.00     0.00     0.00 -1    -1e-30      0.00 7.092e-01 2.755e-01 2.710e-03 7.399e-04 6.720e-03 -1.000 1.527e-02 -3.551 -2.739 -1.965 -1.777 -1.696 -1.584 -1.328 -1.251 -1.188
0.0152 0.01508 7.57600 6.6363482475 2.6201854824    6.634  3.388  4.2770  3.932    1  0.000  0.538     0.00     0.00     0.00     0.00     0.00 -1    -1e-30      0.00 7.092e-01 2.755e-01 2.710e-03 7.399e-04 6.720e-03 -1.000 1.527e-02 -3.701 -2.884 -2.103 -1.914 -1.833 -1.720 -1.462 -1.385 -1.321
0.0152 0.01508 7.57600 6.7856721878 2.6205775988    6.782  3.438  4.2781  3.896    1  0.000  0.538     0.00     0.00     0.00     0.00     0.00 -1    -1e-30      0.00 7.092e-01 2.755e-01 2.710e-03 7.399e-04 6.720e-03 -1.000 1.527e-02 -3.825 -3.007 -2.223 -2.033 -1.952 -1.839 -1.580 -1.503 -1.438
0.0152 0.01508 7.57600 6.9334635735 2.6209466275    6.929  3.488  4.2783  3.856    1  0.000  0.538     0.00     0.00     0.00     0.00     0.00 -1    -1e-30      0.00 7.092e-01 2.755e-01 2.710e-03 7.399e-04 6.720e-03 -1.000 1.527e-02 -3.949 -3.134 -2.348 -2.157 -2.076 -1.963 -1.703 -1.626 -1.562
0.0152 0.01508 7.57600 7.0000000000 2.6211069280    6.996  3.511  4.2778  3.835    1  0.000  0.538     0.00     0.00     0.00     0.00     0.00 -1    -1e-30      0.00 7.092e-01 2.755e-01 2.710e-03 7.399e-04 6.720e-03 -1.000 1.527e-02 -4.007 -3.195 -2.408 -2.218 -2.137 -2.024 -1.765 -1.688 -1.623
0.0152 0.01508 7.57600 7.0710573196 2.6212742951    7.067  3.534  4.2772  3.814    1  0.000  0.538     0.00     0.00     0.00     0.00     0.00 -1    -1e-30      0.00 7.092e-01 2.755e-01 2.710e-03 7.399e-04 6.720e-03 -1.000 1.527e-02 -4.066 -3.258 -2.472 -2.281 -2.200 -2.087 -1.829 -1.752 -1.687
0.0152 0.01508 7.57600 7.1889729500 2.6215436535    7.186  3.574  4.2751  3.772    1  0.000  0.538     0.00     0.00     0.00     0.00     0.00 -1    -1e-30      0.00 7.092e-01 2.755e-01 2.710e-03 7.399e-04 6.720e-03 -1.000 1.527e-02 -4.166 -3.369 -2.584 -2.394 -2.314 -2.202 -1.944 -1.868 -1.804
0.0152 0.01508 7.57600 7.3307518959 2.6218543660    7.328  3.623  4.2713  3.717    1  0.000  0.538     0.00     0.00     0.00     0.00     0.00 -1    -1e-30      0.00 7.092e-01 2.755e-01 2.710e-03 7.399e-04 6.720e-03 -1.000 1.527e-02 -4.288 -3.509 -2.728 -2.539 -2.460 -2.350 -2.094 -2.019 -1.955
0.0152 0.01508 7.57600 7.4560227394 2.6221176225    7.454  3.667  4.2659  3.659    1  0.000  0.538     0.00     0.00     0.00     0.00     0.00 -1    -1e-30      0.00 7.092e-01 2.755e-01 2.710e-03 7.399e-04 6.720e-03 -1.000 1.527e-02 -4.398 -3.643 -2.869 -2.682 -2.604 -2.495 -2.243 -2.169 -2.106
0.0152 0.01508 7.57600 7.5581388474 2.6223248112    7.557  3.704  4.2598  3.603    1  0.000  0.538     0.00     0.00     0.00     0.00     0.00 -1    -1e-30      0.00 7.092e-01 2.755e-01 2.710e-03 7.399e-04 6.720e-03 -1.000 1.527e-02 -4.490 -3.762 -2.996 -2.811 -2.735 -2.628 -2.380 -2.307 -2.245
0.0152 0.01508 7.57600 7.6558547020 2.6225171323    7.655  3.740  4.2527  3.545    1  0.000  0.538     0.00     0.00     0.00     0.00     0.00 -1    -1e-30      0.00 7.092e-01 2.755e-01 2.710e-03 7.399e-04 6.720e-03 -1.000 1.527e-02 -4.580 -3.882 -3.126 -2.943 -2.870 -2.765 -2.521 -2.450 -2.389
0.0152 0.01508 7.57600 7.7398552895 2.6226780034    7.740  3.773  4.2452  3.487    1  0.000  0.538     0.00     0.00     0.00     0.00     0.00 -1    -1e-30      0.00 7.092e-01 2.755e-01 2.710e-03 7.399e-04 6.720e-03 -1.000 1.527e-02 -4.661 -3.995 -3.249 -3.069 -2.998 -2.896 -2.656 -2.586 -2.526
0.0152 0.01508 7.57600 7.8226227760 2.6228326331    7.823  3.807  4.2384  3.430    1  0.000  0.538     0.00     0.00     0.00     0.00     0.00 -1    -1e-30      0.00 7.092e-01 2.755e-01 2.710e-03 7.399e-04 6.720e-03 -1.000 1.527e-02 -4.749 -4.112 -3.374 -3.197 -3.128 -3.029 -2.793 -2.724 -2.666
0.0152 0.01508 7.57600 7.8522891998 2.6228871454    7.853  3.821  4.2371  3.413    1  0.000  0.538     0.00     0.00     0.00     0.00     0.00 -1    -1e-30      0.00 7.092e-01 2.755e-01 2.710e-03 7.399e-04 6.720e-03 -1.000 1.527e-02 -4.782 -4.152 -3.415 -3.239 -3.170 -3.071 -2.836 -2.768 -2.710
0.0152 0.01508 7.57600 7.8796863556 2.6229370688    7.880  3.838  4.2435  3.422    1  0.000  0.538     0.00     0.00     0.00     0.00     0.00 -1    -1e-30      0.00 7.092e-01 2.755e-01 2.710e-03 7.399e-04 6.720e-03 -1.000 1.527e-02 -4.826 -4.172 -3.424 -3.245 -3.175 -3.074 -2.834 -2.765 -2.705
0.0152 0.01508 7.57600 7.8983068466 2.6229707721    7.899  3.855  4.2540  3.449    1  0.000  0.538     0.00     0.00     0.00     0.00     0.00 -1    -1e-30      0.00 7.092e-01 2.755e-01 2.710e-03 7.399e-04 6.720e-03 -1.000 1.527e-02 -4.868 -4.174 -3.409 -3.225 -3.152 -3.047 -2.801 -2.730 -2.668
0.0152 0.01508 7.57600 7.9044656754 2.6229818794    7.905  3.868  4.2645  3.478    1  0.000  0.538     0.00     0.00     0.00     0.00     0.00 -1    -1e-30      0.00 7.092e-01 2.755e-01 2.710e-03 7.399e-04 6.720e-03 -1.000 1.527e-02 -4.899 -4.165 -3.384 -3.196 -3.119 -3.011 -2.759 -2.685 -2.622
0.0152 0.01508 7.57600 7.9073309898 2.6229870402    7.908  3.881  4.2749  3.506    1  0.000  0.538     0.00     0.00     0.00     0.00     0.00 -1    -1e-30      0.00 7.092e-01 2.755e-01 2.710e-03 7.399e-04 6.720e-03 -1.000 1.527e-02 -4.934 -4.159 -3.362 -3.169 -3.090 -2.979 -2.720 -2.643 -2.579
0.0152 0.01508 7.57600 7.9087486267 2.6229895919    7.909  3.896  4.2841  3.528    1  0.000  0.538     0.00     0.00     0.00     0.00     0.00 -1    -1e-30      0.00 7.092e-01 2.755e-01 2.710e-03 7.399e-04 6.720e-03 -1.000 1.527e-02 -4.970 -4.162 -3.349 -3.153 -3.072 -2.957 -2.692 -2.614 -2.548
0.0152 0.01508 7.57600 7.9096703529 2.6229912505    7.910  3.912  4.2927  3.547    1  0.000  0.538     0.00     0.00     0.00     0.00     0.00 -1    -1e-30      0.00 7.092e-01 2.755e-01 2.710e-03 7.399e-04 6.720e-03 -1.000 1.527e-02 -5.011 -4.170 -3.344 -3.144 -3.060 -2.943 -2.673 -2.593 -2.525
0.0152 0.01508 7.57600 7.9097805023 2.6229914486    7.911  3.914  4.2935  3.549    1  0.000  0.538     0.00     0.00     0.00     0.00     0.00 -1    -1e-30      0.00 7.092e-01 2.755e-01 2.710e-03 7.399e-04 6.720e-03 -1.000 1.527e-02 -5.014 -4.171 -3.343 -3.143 -3.059 -2.941 -2.671 -2.590 -2.522
0.0152 0.01508 7.57600 7.9101700783 2.6229921495    7.911  3.893  4.2868  3.542    2  0.000  0.538     0.00     0.00     0.00     0.00     0.00 -1    -1e-30      0.00 7.092e-01 2.755e-01 2.710e-03 7.399e-04 6.720e-03 -1.000 1.527e-02 -4.963 -4.143 -3.327 -3.130 -3.047 -2.932 -2.666 -2.587 -2.520
0.0152 0.01508 7.57600 7.9104752541 2.6229926984    7.911  3.876  4.2792  3.529    2  0.000  0.538     0.00     0.00     0.00     0.00     0.00 -1    -1e-30      0.00 7.092e-01 2.755e-01 2.710e-03 7.399e-04 6.720e-03 -1.000 1.527e-02 -4.921 -4.129 -3.325 -3.131 -3.051 -2.938 -2.676 -2.599 -2.533
0.0152 0.01508 7.57600 7.9107322693 2.6229931607    7.911  3.864  4.2699  3.504    2  0.000  0.538     0.00     0.00     0.00     0.00     0.00 -1    -1e-30      0.00 7.092e-01 2.755e-01 2.710e-03 7.399e-04 6.720e-03 -1.000 1.527e-02 -4.889 -4.133 -3.344 -3.153 -3.075 -2.965 -2.710 -2.635 -2.571
0.0152 0.01508 7.57600 7.9110274315 2.6229936916    7.912  3.857  4.2578  3.462    2  0.000  0.538     0.00     0.00     0.00     0.00     0.00 -1    -1e-30      0.00 7.092e-01 2.755e-01 2.710e-03 7.399e-04 6.720e-03 -1.000 1.527e-02 -4.873 -4.164 -3.393 -3.208 -3.134 -3.028 -2.779 -2.707 -2.645
0.0152 0.01508 7.57600 7.9113059044 2.6229941924    7.912  3.861  4.2458  3.410    2  0.000  0.538     0.00     0.00     0.00     0.00     0.00 -1    -1e-30      0.00 7.092e-01 2.755e-01 2.710e-03 7.399e-04 6.720e-03 -1.000 1.527e-02 -4.882 -4.221 -3.469 -3.289 -3.218 -3.116 -2.875 -2.805 -2.745
0.0152 0.01508 7.57600 7.9115786552 2.6229946828    7.912  3.868  4.2338  3.355    2  0.000  0.538     0.00     0.00     0.00     0.00     0.00 -1    -1e-30      0.00 7.092e-01 2.755e-01 2.710e-03 7.399e-04 6.720e-03 -1.000 1.527e-02 -4.901 -4.287 -3.553 -3.378 -3.310 -3.213 -2.979 -2.912 -2.854
0.0152 0.01508 7.57600 7.9118490219 2.6229951690    7.913  3.877  4.2219  3.299    2  0.000  0.538     0.00     0.00     0.00     0.00     0.00 -1    -1e-30      0.00 7.092e-01 2.755e-01 2.710e-03 7.399e-04 6.720e-03 -1.000 1.527e-02 -4.922 -4.355 -3.639 -3.469 -3.405 -3.312 -3.086 -3.022 -2.966
0.0152 0.01508 7.57600 7.9121165276 2.6229956499    7.913  3.885  4.2099  3.243    2  0.000  0.538     0.00     0.00     0.00     0.00     0.00 -1    -1e-30      0.00 7.092e-01 2.755e-01 2.710e-03 7.399e-04 6.720e-03 -1.000 1.527e-02 -4.942 -4.421 -3.724 -3.559 -3.499 -3.410 -3.191 -3.130 -3.076
0.0152 0.01508 7.57600 7.9123806953 2.6229961248    7.913  3.891  4.1979  3.189    2  0.000  0.538     0.00     0.00     0.00     0.00     0.00 -1    -1e-30      0.00 7.092e-01 2.755e-01 2.710e-03 7.399e-04 6.720e-03 -1.000 1.527e-02 -4.958 -4.483 -3.805 -3.646 -3.589 -3.504 -3.294 -3.235 -3.183
0.0152 0.01508 7.57600 7.9126400948 2.6229965911    7.913  3.896  4.1859  3.136    2  0.000  0.538     0.00     0.00     0.00     0.00     0.00 -1    -1e-30      0.00 7.092e-01 2.755e-01 2.710e-03 7.399e-04 6.720e-03 -1.000 1.527e-02 -4.971 -4.540 -3.883 -3.729 -3.675 -3.595 -3.392 -3.336 -3.286
0.0152 0.01508 7.57600 7.9128923416 2.6229970446    7.914  3.900  4.1739  3.084    2  0.000  0.538     0.00     0.00     0.00     0.00     0.00 -1    -1e-30      0.00 7.092e-01 2.755e-01 2.710e-03 7.399e-04 6.720e-03 -1.000 1.527e-02 -4.980 -4.593 -3.956 -3.807 -3.758 -3.681 -3.487 -3.434 -3.386
0.0152 0.01508 7.57600 7.9131383896 2.6229974868    7.914  3.903  4.1619  3.033    2  0.000  0.538     0.00     0.00     0.00     0.00     0.00 -1    -1e-30      0.00 7.092e-01 2.755e-01 2.710e-03 7.399e-04 6.720e-03 -1.000 1.527e-02 -4.986 -4.641 -4.027 -3.884 -3.837 -3.765 -3.579 -3.530 -3.483
0.0152 0.01508 7.57600 7.9133753777 2.6229979127    7.914  3.904  4.1499  2.984    2  0.000  0.538     0.00     0.00     0.00     0.00     0.00 -1    -1e-30      0.00 7.092e-01 2.755e-01 2.710e-03 7.399e-04 6.720e-03 -1.000 1.527e-02 -4.991 -4.687 -4.095 -3.957 -3.914 -3.847 -3.669 -3.622 -3.578
0.0152 0.01508 7.57600 7.9136614799 2.6229984269    7.914  3.905  4.1348  2.922    2  0.000  0.538     0.00     0.00     0.00     0.00     0.00 -1    -1e-30      0.00 7.092e-01 2.755e-01 2.710e-03 7.399e-04 6.720e-03 -1.000 1.527e-02 -4.993 -4.739 -4.175 -4.045 -4.007 -3.945 -3.778 -3.735 -3.694
0.0152 0.01508 7.57600 7.9138798714 2.6229988194    7.915  3.905  4.1228  2.874    2  0.000  0.538     0.00     0.00     0.00     0.00     0.00 -1    -1e-30      0.00 7.092e-01 2.755e-01 2.710e-03 7.399e-04 6.720e-03 -1.000 1.527e-02 -4.993 -4.777 -4.237 -4.112 -4.078 -4.021 -3.863 -3.823 -3.784
0.0152 0.01508 7.57600 7.9140887260 2.6229991946    7.915  3.905  4.1108  2.827    2  0.000  0.538     0.00     0.00     0.00     0.00     0.00 -1    -1e-30      0.00 7.092e-01 2.755e-01 2.710e-03 7.399e-04 6.720e-03 -1.000 1.527e-02 -4.992 -4.812 -4.296 -4.178 -4.147 -4.095 -3.946 -3.910 -3.872
0.0152 0.01508 7.57600 7.9142899513 2.6229995562    7.915  3.904  4.0987  2.780    2  0.000  0.538     0.00     0.00     0.00     0.00     0.00 -1    -1e-30      0.00 7.092e-01 2.755e-01 2.710e-03 7.399e-04 6.720e-03 -1.000 1.527e-02 -4.989 -4.843 -4.354 -4.241 -4.215 -4.167 -4.028 -3.995 -3.959
0.0152 0.01508 7.57600 7.9144821167 2.6229999015    7.915  3.902  4.0867  2.733    2  0.000  0.538     0.00     0.00     0.00     0.00     0.00 -1    -1e-30      0.00 7.092e-01 2.755e-01 2.710e-03 7.399e-04 6.720e-03 -1.000 1.527e-02 -4.985 -4.870 -4.409 -4.302 -4.279 -4.237 -4.108 -4.077 -4.044
0.0152 0.01508 7.57600 7.9146656990 2.6230002313    7.915  3.900  4.0746  2.687    2  0.000  0.538     0.00     0.00     0.00     0.00     0.00 -1    -1e-30      0.00 7.092e-01 2.755e-01 2.710e-03 7.399e-04 6.720e-03 -1.000 1.527e-02 -4.980 -4.893 -4.462 -4.361 -4.342 -4.304 -4.185 -4.158 -4.127
0.0152 0.01508 7.57600 7.9148411751 2.6230005465    7.916  3.897  4.0626  2.641    2  0.000  0.538     0.00     0.00     0.00     0.00     0.00 -1    -1e-30      0.00 7.092e-01 2.755e-01 2.710e-03 7.399e-04 6.720e-03 -1.000 1.527e-02 -4.974 -4.912 -4.513 -4.418 -4.402 -4.369 -4.261 -4.238 -4.209
0.0152 0.01508 7.57600 7.9150080681 2.6230008463    7.916  3.895  4.0505  2.596    2  0.000  0.538     0.00     0.00     0.00     0.00     0.00 -1    -1e-30      0.00 7.092e-01 2.755e-01 2.710e-03 7.399e-04 6.720e-03 -1.000 1.527e-02 -4.967 -4.926 -4.561 -4.472 -4.459 -4.431 -4.335 -4.316 -4.288
0.0152 0.01508 7.57600 7.9151668549 2.6230011316    7.916  3.891  4.0384  2.551    2  0.000  0.538     0.00     0.00     0.00     0.00     0.00 -1    -1e-30      0.00 7.092e-01 2.755e-01 2.710e-03 7.399e-04 6.720e-03 -1.000 1.527e-02 -4.958 -4.936 -4.607 -4.524 -4.514 -4.491 -4.407 -4.391 -4.366
0.0152 0.01508 7.57600 7.9153180122 2.6230014031    7.916  3.888  4.0264  2.506    2  0.000  0.538     0.00     0.00     0.00     0.00     0.00 -1    -1e-30      0.00 7.092e-01 2.755e-01 2.710e-03 7.399e-04 6.720e-03 -1.000 1.527e-02 -4.949 -4.942 -4.651 -4.574 -4.567 -4.549 -4.478 -4.466 -4.443
0.0152 0.01508 7.57600 7.9154624939 2.6230016626    7.916  3.884  4.0142  2.462    2  0.000  0.538     0.00     0.00     0.00     0.00     0.00 -1    -1e-30      0.00 7.092e-01 2.755e-01 2.710e-03 7.399e-04 6.720e-03 -1.000 1.527e-02 -4.940 -4.944 -4.690 -4.621 -4.617 -4.605 -4.547 -4.540 -4.519
0.0152 0.01508 7.57600 7.9155988693 2.6230019075    7.916  3.880  4.0022  2.417    2  0.000  0.538     0.00     0.00     0.00     0.00     0.00 -1    -1e-30      0.00 7.092e-01 2.755e-01 2.710e-03 7.399e-04 6.720e-03 -1.000 1.527e-02 -4.930 -4.943 -4.728 -4.665 -4.666 -4.659 -4.615 -4.612 -4.595
0.0152 0.01508 7.57600 7.9157290459 2.6230021413    7.916  3.876  3.9901  2.373    2  0.000  0.538     0.00     0.00     0.00     0.00     0.00 -1    -1e-30      0.00 7.092e-01 2.755e-01 2.710e-03 7.399e-04 6.720e-03 -1.000 1.527e-02 -4.919 -4.937 -4.763 -4.708 -4.712 -4.712 -4.682 -4.684 -4.670
0.0152 0.01508 7.57600 7.9158539772 2.6230023657    7.917  3.871  3.9780  2.329    2  0.000  0.538     0.00     0.00     0.00     0.00     0.00 -1    -1e-30      0.00 7.092e-01 2.755e-01 2.710e-03 7.399e-04 6.720e-03 -1.000 1.527e-02 -4.908 -4.928 -4.795 -4.749 -4.757 -4.763 -4.749 -4.756 -4.745
0.0152 0.01508 7.57600 7.9159727097 2.6230025789    7.917  3.867  3.9659  2.286    2  0.000  0.538     0.00     0.00     0.00     0.00     0.00 -1    -1e-30      0.00 7.092e-01 2.755e-01 2.710e-03 7.399e-04 6.720e-03 -1.000 1.527e-02 -4.896 -4.914 -4.824 -4.787 -4.799 -4.812 -4.816 -4.828 -4.820
0.0152 0.01508 7.57600 7.9160857201 2.6230027819    7.917  3.862  3.9538  2.242    2  0.000  0.538     0.00     0.00     0.00     0.00     0.00 -1    -1e-30      0.00 7.092e-01 2.755e-01 2.710e-03 7.399e-04 6.720e-03 -1.000 1.527e-02 -4.884 -4.895 -4.849 -4.822 -4.840 -4.860 -4.881 -4.898 -4.895
0.0152 0.01508 7.57600 7.9161934853 2.6230029754    7.917  3.857  3.9417  2.199    2  0.000  0.538     0.00     0.00     0.00     0.00     0.00 -1    -1e-30      0.00 7.092e-01 2.755e-01 2.710e-03 7.399e-04 6.720e-03 -1.000 1.527e-02 -4.872 -4.870 -4.868 -4.854 -4.877 -4.906 -4.945 -4.969 -4.970
0.0152 0.01508 7.57600 7.9162974358 2.6230031621    7.917  3.852  3.9296  2.155    2  0.000  0.538     0.00     0.00     0.00     0.00     0.00 -1    -1e-30      0.00 7.092e-01 2.755e-01 2.710e-03 7.399e-04 6.720e-03 -1.000 1.527e-02 -4.859 -4.835 -4.880 -4.881 -4.912 -4.949 -5.009 -5.040 -5.045
0.0152 0.01508 7.57600 7.9163951874 2.6230033376    7.917  3.846  3.9175  2.112    2  0.000  0.538     0.00     0.00     0.00     0.00     0.00 -1    -1e-30      0.00 7.092e-01 2.755e-01 2.710e-03 7.399e-04 6.720e-03 -1.000 1.527e-02 -4.846 -4.788 -4.877 -4.899 -4.941 -4.990 -5.071 -5.111 -5.119
0.0152 0.01508 7.57600 7.9164891243 2.6230035063    7.917  3.841  3.9054  2.069    2  0.000  0.538     0.00     0.00     0.00     0.00     0.00 -1    -1e-30      0.00 7.092e-01 2.755e-01 2.710e-03 7.399e-04 6.720e-03 -1.000 1.527e-02 -4.833 -4.733 -4.863 -4.910 -4.967 -5.029 -5.132 -5.182 -5.195
0.0152 0.01508 7.57600 7.9165778160 2.6230036655    7.917  3.836  3.8933  2.026    2  0.000  0.538     0.00     0.00     0.00     0.00     0.00 -1    -1e-30      0.00 7.092e-01 2.755e-01 2.710e-03 7.399e-04 6.720e-03 -1.000 1.527e-02 -4.819 -4.672 -4.838 -4.914 -4.988 -5.066 -5.191 -5.254 -5.270
0.0152 0.01508 7.57600 7.9166622162 2.6230038170    7.917  3.830  3.8812  1.983    2  0.000  0.538     0.00     0.00     0.00     0.00     0.00 -1    -1e-30      0.00 7.092e-01 2.755e-01 2.710e-03 7.399e-04 6.720e-03 -1.000 1.527e-02 -4.805 -4.606 -4.801 -4.911 -5.005 -5.100 -5.250 -5.327 -5.346
0.0152 0.01508 7.57600 7.9167428017 2.6230039617    7.917  3.824  3.8690  1.940    2  0.000  0.538     0.00     0.00     0.00     0.00     0.00 -1    -1e-30      0.00 7.092e-01 2.755e-01 2.710e-03 7.399e-04 6.720e-03 -1.000 1.527e-02 -4.790 -4.537 -4.752 -4.901 -5.018 -5.133 -5.308 -5.402 -5.424
0.0152 0.01508 7.57600 7.9168376923 2.6230041321    7.918  3.817  3.8539  1.887    2  0.000  0.538     0.00     0.00     0.00     0.00     0.00 -1    -1e-30      0.00 7.092e-01 2.755e-01 2.710e-03 7.399e-04 6.720e-03 -1.000 1.527e-02 -4.772 -4.444 -4.675 -4.883 -5.032 -5.173 -5.379 -5.496 -5.522
0.0152 0.01508 7.57600 7.9169096947 2.6230042614    7.918  3.811  3.8417  1.844    2  0.000  0.538     0.00     0.00     0.00     0.00     0.00 -1    -1e-30      0.00 7.092e-01 2.755e-01 2.710e-03 7.399e-04 6.720e-03 -1.000 1.527e-02 -4.757 -4.363 -4.601 -4.863 -5.041 -5.205 -5.436 -5.574 -5.602
0.0152 0.01508 7.57600 7.9169778824 2.6230043838    7.918  3.805  3.8296  1.802    2  0.000  0.538     0.00     0.00     0.00     0.00     0.00 -1    -1e-30      0.00 7.092e-01 2.755e-01 2.710e-03 7.399e-04 6.720e-03 -1.000 1.527e-02 -4.742 -4.278 -4.522 -4.841 -5.047 -5.233 -5.491 -5.650 -5.681
0.0152 0.01508 7.57600 7.9170427322 2.6230045002    7.918  3.799  3.8176  1.760    2  0.000  0.538     0.00     0.00     0.00     0.00     0.00 -1    -1e-30      0.00 7.092e-01 2.755e-01 2.710e-03 7.399e-04 6.720e-03 -1.000 1.527e-02 -4.726 -4.186 -4.438 -4.812 -5.047 -5.257 -5.542 -5.725 -5.758
0.0152 0.01508 7.57600 7.9171047211 2.6230046115    7.918  3.792  3.8055  1.718    2  0.000  0.538     0.00     0.00     0.00     0.00     0.00 -1    -1e-30      0.00 7.092e-01 2.755e-01 2.710e-03 7.399e-04 6.720e-03 -1.000 1.527e-02 -4.710 -4.075 -4.345 -4.782 -5.048 -5.280 -5.594 -5.801 -5.838
0.0152 0.01508 7.57600 7.9171628952 2.6230047159    7.918  3.786  3.7934  1.677    2  0.000  0.538     0.00     0.00     0.00     0.00     0.00 -1    -1e-30      0.00 7.092e-01 2.755e-01 2.710e-03 7.399e-04 6.720e-03 -1.000 1.527e-02 -4.694 -3.958 -4.247 -4.746 -5.042 -5.299 -5.643 -5.874 -5.916
0.0152 0.01508 7.57600 7.9172196388 2.6230048178    7.918  3.779  3.7812  1.635    2  0.000  0.538     0.00     0.00     0.00     0.00     0.00 -1    -1e-30      0.00 7.092e-01 2.755e-01 2.710e-03 7.399e-04 6.720e-03 -1.000 1.527e-02 -4.677 -3.809 -4.135 -4.706 -5.037 -5.318 -5.693 -5.950 -5.997
0.0152 0.01508 7.57600 7.9172849655 2.6230049351    7.918  3.770  3.7662  1.583    2  0.000  0.538     0.00     0.00     0.00     0.00     0.00 -1    -1e-30      0.00 7.092e-01 2.755e-01 2.710e-03 7.399e-04 6.720e-03 -1.000 1.527e-02 -4.655 -3.590 -3.980 -4.647 -5.023 -5.338 -5.753 -6.048 -6.099
0.0152 0.01508 7.57600 7.9173350334 2.6230050250    7.918  3.762  3.7541  1.543    2  0.000  0.538     0.00     0.00     0.00     0.00     0.00 -1    -1e-30      0.00 7.092e-01 2.755e-01 2.710e-03 7.399e-04 6.720e-03 -1.000 1.527e-02 -4.636 -3.405 -3.858 -4.597 -5.006 -5.344 -5.792 -6.116 -6.171
0.0152 0.01508 7.57600 7.9173827171 2.6230051106    7.918  3.755  3.7419  1.502    2  0.000  0.538     0.00     0.00     0.00     0.00     0.00 -1    -1e-30      0.00 7.092e-01 2.755e-01 2.710e-03 7.399e-04 6.720e-03 -1.000 1.527e-02 -4.617 -3.198 -3.730 -4.541 -4.983 -5.345 -5.828 -6.182 -6.241
0.0152 0.01508 7.57600 7.9174284935 2.6230051927    7.918  3.747  3.7299  1.462    2  0.000  0.538     0.00     0.00     0.00     0.00     0.00 -1    -1e-30      0.00 7.092e-01 2.755e-01 2.710e-03 7.399e-04 6.720e-03 -1.000 1.527e-02 -4.596 -2.987 -3.599 -4.478 -4.953 -5.339 -5.859 -6.245 -6.306
0.0152 0.01508 7.57600 7.9174718857 2.6230052706    7.918  3.738  3.7181  1.423    2  0.000  0.538     0.00     0.00     0.00     0.00     0.00 -1    -1e-30      0.00 7.092e-01 2.755e-01 2.710e-03 7.399e-04 6.720e-03 -1.000 1.527e-02 -4.575 -2.756 -3.462 -4.411 -4.918 -5.326 -5.885 -6.304 -6.367
0.0152 0.01508 7.57600 7.9175152779 2.6230053485    7.918  3.729  3.7063  1.385    2  0.000  0.538     0.00     0.00     0.00     0.00     0.00 -1    -1e-30      0.00 7.092e-01 2.755e-01 2.710e-03 7.399e-04 6.720e-03 -1.000 1.527e-02 -4.552 -2.507 -3.321 -4.336 -4.875 -5.305 -5.906 -6.358 -6.424
0.0152 0.01508 7.57600 7.9175601006 2.6230054290    7.918  3.718  3.6946  1.349    2  0.000  0.538     0.00     0.00     0.00     0.00     0.00 -1    -1e-30      0.00 7.092e-01 2.755e-01 2.710e-03 7.399e-04 6.720e-03 -1.000 1.527e-02 -4.525 -2.240 -3.173 -4.254 -4.825 -5.276 -5.920 -6.405 -6.475
0.0152 0.01508 7.57600 7.9176096916 2.6230055180    7.918  3.704  3.6831  1.317    2  0.000  0.538     0.00     0.00     0.00     0.00     0.00 -1    -1e-30      0.00 7.092e-01 2.755e-01 2.710e-03 7.399e-04 6.720e-03 -1.000 1.527e-02 -4.491 -1.973 -3.021 -4.164 -4.763 -5.235 -5.923 -6.438 -6.516
0.0152 0.01508 7.57600 7.9176707268 2.6230056275    7.918  3.686  3.6722  1.291    2  0.000  0.538     0.00     0.00     0.00     0.00     0.00 -1    -1e-30      0.00 7.092e-01 2.755e-01 2.710e-03 7.399e-04 6.720e-03 -1.000 1.527e-02 -4.446 -1.773 -2.871 -4.068 -4.690 -5.176 -5.907 -6.441 -6.534
0.0152 0.01508 7.57600 7.9177670479 2.6230058004    7.919  3.660  3.6615  1.274    2  0.000  0.538     0.00     0.00     0.00     0.00     0.00 -1    -1e-30      0.00 7.092e-01 2.755e-01 2.710e-03 7.399e-04 6.720e-03 -1.000 1.527e-02 -4.381 -1.561 -2.698 -3.946 -4.588 -5.092 -5.866 -6.418 -6.527
0.0152 0.01508 7.57600 7.9178752899 2.6230059947    7.919  3.632  3.6528  1.268    2  0.000  0.538     0.00     0.00     0.00     0.00     0.00 -1    -1e-30      0.00 7.092e-01 2.755e-01 2.710e-03 7.399e-04 6.720e-03 -1.000 1.527e-02 -4.311 -1.314 -2.528 -3.819 -4.483 -5.005 -5.815 -6.389 -6.509
0.0152 0.01508 7.57600 7.9179935455 2.6230062070    7.919  3.611  3.6441  1.254    2  0.000  0.538     0.00     0.00     0.00     0.00     0.00 -1    -1e-30      0.00 7.092e-01 2.755e-01 2.710e-03 7.399e-04 6.720e-03 -1.000 1.527e-02 -4.257 -1.040 -2.363 -3.698 -4.389 -4.934 -5.782 -6.381 -6.510
0.0152 0.01508 7.57600 7.9180364609 2.6230062840    7.919  3.608  3.6409  1.245    2  0.000  0.538     0.00     0.00     0.00     0.00     0.00 -1    -1e-30      0.00 7.092e-01 2.755e-01 2.710e-03 7.399e-04 6.720e-03 -1.000 1.527e-02 -4.249 -0.948 -2.313 -3.664 -4.365 -4.920 -5.781 -6.390 -6.523
0.0152 0.01508 7.57600 7.9181146622 2.6230064243    7.919  3.621  3.6345  1.206    3  0.000  0.538    20.54    16.36    11.64     8.41     6.94  4    -1e-30      0.00 7.092e-01 2.755e-01 2.710e-03 7.400e-04 6.720e-03 -1.000 1.527e-02 -4.282 -0.806 -2.256 -3.642 -4.366 -4.940 -5.828 -6.457 -6.597
0.0152 0.01508 7.57600 7.9181995392 2.6230065767    7.919  3.662  3.6266  1.133    3  0.000  0.536    24.19    18.65    13.20     9.55     7.88  4    -1e-30      0.00 7.092e-01 2.755e-01 2.703e-03 7.416e-04 6.720e-03 -1.000 1.527e-02 -4.384 -0.672 -2.240 -3.671 -4.424 -5.024 -5.948 -6.601 -6.750
0.0152 0.01508 7.57600 7.9182586670 2.6230066828    7.919  3.704  3.6205  1.066    3  0.000  0.529    28.13    21.05    14.81    10.74     8.86  4    -1e-30      0.00 7.092e-01 2.755e-01 2.666e-03 7.567e-04 6.720e-03 -1.000 1.528e-02 -4.490 -0.588 -2.251 -3.718 -4.495 -5.116 -6.068 -6.738 -6.896
0.0152 0.01508 7.57600 7.9183053970 2.6230067667    7.919  3.745  3.6156  1.006    3  0.000  0.504    32.27    23.50    16.46    11.95     9.87  4    -1e-30      0.00 7.091e-01 2.755e-01 2.543e-03 8.627e-04 6.720e-03 -1.000 1.536e-02 -4.593 -0.534 -2.272 -3.769 -4.565 -5.207 -6.181 -6.866 -7.030
0.0152 0.01508 7.57600 7.9183468819 2.6230068411    7.919  3.784  3.6111  0.949    3  0.000  0.473    36.66    26.03    18.14    13.19    10.90  4    -1e-30      0.00 7.091e-01 2.755e-01 2.386e-03 1.042e-03 6.720e-03 -1.000 1.536e-02 -4.690 -0.481 -2.292 -3.817 -4.633 -5.292 -6.288 -6.985 -7.156
0.0152 0.01508 7.57600 7.9183564186 2.6230068582    7.919  3.793  3.6101  0.936    3  0.000  0.466    37.79    26.66    18.57    13.50    11.16  4    -1e-30      0.00 7.091e-01 2.755e-01 2.350e-03 1.086e-03 6.720e-03 -1.000 1.536e-02 -4.713 -0.468 -2.297 -3.828 -4.649 -5.313 -6.313 -7.014 -7.186
0.0152 0.01508 7.57600 7.9183893204 2.6230069173    7.919  3.821  3.6072  0.896    3  0.000  0.449    41.33    28.65    19.89    14.48    11.96  4    -1e-30      0.00 7.091e-01 2.756e-01 2.266e-03 1.189e-03 6.720e-03 -1.000 1.532e-02 -4.784 -0.441 -2.313 -3.862 -4.696 -5.375 -6.390 -7.098 -7.275
0.0152 0.01508 7.57600 7.9184250832 2.6230069814    7.919  3.851  3.6041  0.854    3  0.000  0.433    45.42    30.90    21.38    15.58    12.88  4    -1e-30      0.00 7.091e-01 2.756e-01 2.186e-03 1.287e-03 6.720e-03 -1.000 1.528e-02 -4.858 -0.415 -2.332 -3.899 -4.746 -5.441 -6.471 -7.188 -7.369
0.0152 0.01508 7.57600 7.9184365273 2.6230070020    7.919  3.859  3.6033  0.842    3  0.000  0.430    46.63    31.56    21.81    15.90    13.14  4    -1e-30      0.00 7.090e-01 2.756e-01 2.170e-03 1.308e-03 6.720e-03 -1.000 1.532e-02 -4.879 -0.407 -2.337 -3.909 -4.760 -5.459 -6.493 -7.213 -7.395
0.0152 0.01508 7.57600 7.9184927940 2.6230071030    7.919  3.893  3.6000  0.795    3  0.000  0.418    51.85    34.36    23.65    17.27    14.27  4    -1e-30      0.00 7.090e-01 2.756e-01 2.108e-03 1.384e-03 6.720e-03 -1.000 1.535e-02 -4.963 -0.379 -2.359 -3.951 -4.818 -5.534 -6.585 -7.313 -7.501
0.0152 0.01508 7.57600 7.9185991287 2.6230072938    7.919  3.931  3.5961  0.742    3  0.000  0.406    58.51    37.86    25.95    18.97    15.68  4    -1e-30      0.00 7.089e-01 2.757e-01 2.047e-03 1.462e-03 6.715e-03 -1.000 1.537e-02 -5.058 -0.352 -2.380 -3.993 -4.878 -5.619 -6.689 -7.428 -7.622
0.0152 0.01508 7.57600 7.9188199043 2.6230076899    7.920  3.968  3.5924  0.691    3  0.000  0.398    65.67    41.52    28.34    20.75    17.16  4    -1e-30      0.00 7.083e-01 2.763e-01 1.988e-03 1.584e-03 6.658e-03 -1.000 1.537e-02 -5.149 -0.326 -2.398 -4.031 -4.934 -5.699 -6.788 -7.537 -7.737
0.0152 0.01508 7.57600 7.9194517136 2.6230088235    7.920  4.013  3.5879  0.627    3  0.000  0.394    75.74    46.55    31.62    23.18    19.18  4    -1e-30      0.00 7.046e-01 2.800e-01 1.910e-03 1.858e-03 6.456e-03 -1.000 1.541e-02 -5.262 -0.297 -2.418 -4.073 -4.999 -5.797 -6.911 -7.672 -7.879
0.0152 0.01508 7.57600 7.9202003479 2.6230101665    7.921  4.055  3.5838  0.569    3  0.000  0.393    86.46    51.76    34.98    25.69    21.26  4    -1e-30      0.00 6.986e-01 2.860e-01 1.846e-03 2.115e-03 6.253e-03 -1.000 1.535e-02 -5.368 -0.281 -2.437 -4.110 -5.057 -5.889 -7.026 -7.798 -8.012
0.0152 0.01508 7.57600 7.9209890366 2.6230115809    7.922  4.096  3.5799  0.513    3  0.000  0.393    98.16    57.30    38.55    28.35    23.47  4    -1e-30      0.00 6.916e-01 2.930e-01 1.795e-03 2.326e-03 6.085e-03 -1.000 1.535e-02 -5.470 -0.267 -2.457 -4.148 -5.115 -5.978 -7.137 -7.919 -8.139
0.0152 0.01508 7.57600 7.9220061302 2.6230134045    7.923  4.125  3.5772  0.472    3  0.000  0.393   107.46    61.61    41.32    30.42    25.18  4    -1e-30      0.00 6.869e-01 2.978e-01 1.766e-03 2.446e-03 5.990e-03 -1.000 1.534e-02 -5.543 -0.263 -2.464 -4.163 -5.146 -6.041 -7.218 -8.006 -8.231
0.0152 0.01508 7.57600 7.9240937233 2.6230171458    7.925  4.150  3.5750  0.439    3  0.000  0.393   115.90    65.46    43.78    32.26    26.71  4    -1e-30      0.00 6.834e-01 3.013e-01 1.747e-03 2.523e-03 5.927e-03 -1.000 1.528e-02 -5.605 -0.260 -2.471 -4.175 -5.173 -6.094 -7.286 -8.079 -8.307
0.0152 0.01508 7.57600 7.9324541092 2.6230321063    7.933  4.134  3.5769  0.463    4  0.000  0.393     0.00     0.00     0.00     0.00     0.00 -1    -1e-30      0.00 6.834e-01 3.013e-01 1.747e-03 2.523e-03 5.927e-03 -1.000 1.528e-02 -5.565 -0.271 -2.476 -4.177 -5.163 -6.061 -7.241 -8.029 -8.254
0.0152 0.01508 7.57600 7.9468197823 2.6230577284    7.948  4.101  3.5805  0.511    4  0.000  0.393     0.00     0.00     0.00     0.00     0.00 -1    -1e-30      0.00 6.835e-01 3.013e-01 1.747e-03 2.523e-03 5.927e-03 -1.000 1.528e-02 -5.483 -0.291 -2.482 -4.172 -5.136 -5.994 -7.150 -7.929 -8.149
0.0152 0.01508 7.57600 7.9574337006 2.6230765907    7.958  4.072  3.5837  0.554    4  0.000  0.393     0.00     0.00     0.00     0.00     0.00 -1    -1e-30      0.00 6.835e-01 3.013e-01 1.747e-03 2.523e-03 5.927e-03 -1.000 1.527e-02 -5.410 -0.310 -2.475 -4.151 -5.099 -5.931 -7.069 -7.840 -8.054
0.0152 0.01508 7.57600 7.9668002129 2.6230931882    7.968  4.042  3.5869  0.596    4  0.000  0.393     0.00     0.00     0.00     0.00     0.00 -1    -1e-30      0.00 6.835e-01 3.012e-01 1.747e-03 2.523e-03 5.927e-03 -1.000 1.527e-02 -5.336 -0.328 -2.467 -4.130 -5.061 -5.868 -6.988 -7.751 -7.960
0.0152 0.01508 7.57600 7.9771342278 2.6231114481    7.978  4.008  3.5906  0.647    4  0.000  0.393     0.00     0.00     0.00     0.00     0.00 -1    -1e-30      0.00 6.835e-01 3.012e-01 1.747e-03 2.522e-03 5.927e-03 -1.000 1.527e-02 -5.249 -0.352 -2.458 -4.105 -5.017 -5.793 -6.893 -7.646 -7.849
0.0152 0.01508 7.57600 7.9862089157 2.6231274380    7.987  3.978  3.5939  0.690    4  0.000  0.393     0.00     0.00     0.00     0.00     0.00 -1    -1e-30      0.00 6.835e-01 3.012e-01 1.748e-03 2.522e-03 5.927e-03 -1.000 1.527e-02 -5.175 -0.383 -2.449 -4.077 -4.974 -5.729 -6.812 -7.555 -7.753
0.0152 0.01508 7.57600 7.9988164902 2.6231495837    8.000  3.944  3.5980  0.741    4  0.000  0.393     0.00     0.00     0.00     0.00     0.00 -1    -1e-30      0.00 6.835e-01 3.012e-01 1.748e-03 2.522e-03 5.927e-03 -1.000 1.527e-02 -5.090 -0.424 -2.443 -4.050 -4.927 -5.656 -6.717 -7.449 -7.641
0.0152 0.01508 7.57600 8.0000000000 2.6231516585    8.001  3.941  3.5984  0.745    4  0.000  0.393     0.00     0.00     0.00     0.00     0.00 -1    -1e-30      0.00 6.835e-01 3.012e-01 1.748e-03 2.522e-03 5.927e-03 -1.000 1.527e-02 -5.083 -0.428 -2.443 -4.049 -4.924 -5.651 -6.710 -7.441 -7.632
0.0152 0.01508 7.57600 8.0136327744 2.6231755067    8.015  3.914  3.6021  0.788    4  0.000  0.393     0.00     0.00     0.00     0.00     0.00 -1    -1e-30      0.00 6.835e-01 3.012e-01 1.748e-03 2.522e-03 5.927e-03 -1.000 1.527e-02 -5.015 -0.475 -2.443 -4.029 -4.888 -5.593 -6.634 -7.355 -7.540
0.0152 0.01508 7.57600 8.0419988632 2.6232248306    8.043  3.886  3.6082  0.842    4  0.000  0.393     0.00     0.00     0.00     0.00     0.00 -1    -1e-30      0.00 6.835e-01 3.012e-01 1.748e-03 2.522e-03 5.927e-03 -1.000 1.527e-02 -4.945 -0.585 -2.478 -4.034 -4.865 -5.540 -6.551 -7.253 -7.430
0.0152 0.01508 7.57600 8.0568952560 2.6232505730    8.058  3.881  3.6111  0.860    4  0.000  0.393     0.00     0.00     0.00     0.00     0.00 -1    -1e-30      0.00 6.835e-01 3.012e-01 1.748e-03 2.523e-03 5.927e-03 -1.000 1.527e-02 -4.932 -0.655 -2.513 -4.055 -4.875 -5.535 -6.533 -7.226 -7.399
0.0152 0.01508 7.57600 8.0731172562 2.6232784820    8.074  3.898  3.6185  0.873    5  0.000  0.393     0.00     0.00     0.00     0.00     0.00 -1    -1e-30      0.00 6.835e-01 3.012e-01 1.747e-03 2.523e-03 5.927e-03 -1.000 1.528e-02 -4.976 -0.893 -2.670 -4.179 -4.969 -5.599 -6.564 -7.231 -7.395
0.0152 0.01508 7.57600 8.0846891403 2.6232983120    8.085  3.948  3.6352  0.890    5  0.000  0.393     0.00     0.00     0.00     0.00     0.00 -1    -1e-30      0.00 6.835e-01 3.012e-01 1.747e-03 2.523e-03 5.927e-03 -1.000 1.528e-02 -5.100 -1.461 -3.032 -4.461 -5.191 -5.765 -6.656 -7.270 -7.415
0.0152 0.01508 7.57600 8.0874004364 2.6233029488    8.088  3.981  3.6515  0.923    5  0.000  0.393     0.00     0.00     0.00     0.00     0.00 -1    -1e-30      0.00 6.835e-01 3.012e-01 1.747e-03 2.523e-03 5.927e-03 -1.000 1.528e-02 -5.181 -1.986 -3.335 -4.678 -5.355 -5.881 -6.702 -7.266 -7.393
0.0152 0.01508 7.57600 8.0885658264 2.6233049407    8.089  3.992  3.6840  1.041    5  0.000  0.393     0.00     0.00     0.00     0.00     0.00 -1    -1e-30      0.00 6.835e-01 3.012e-01 1.747e-03 2.523e-03 5.927e-03 -1.000 1.528e-02 -5.211 -2.592 -3.710 -4.885 -5.492 -5.964 -6.649 -7.155 -7.233
0.0152 0.01508 7.57600 8.0888481140 2.6233054231    8.089  3.994  3.6922  1.073    5  0.000  0.393     0.00     0.00     0.00     0.00     0.00 -1    -1e-30      0.00 6.835e-01 3.012e-01 1.747e-03 2.523e-03 5.927e-03 -1.000 1.528e-02 -5.216 -2.771 -3.802 -4.931 -5.517 -5.974 -6.627 -7.112 -7.184
0.0152 0.01508 7.57600 8.0890388489 2.6233057490    8.089  3.995  3.6974  1.092    5  0.000  0.393     0.00     0.00     0.00     0.00     0.00 -1    -1e-30      0.00 6.835e-01 3.012e-01 1.747e-03 2.523e-03 5.927e-03 -1.000 1.528e-02 -5.218 -2.887 -3.861 -4.959 -5.530 -5.979 -6.612 -7.084 -7.153
0.0152 0.01508 7.57600 8.0891828537 2.6233059950    8.090  3.996  3.7011  1.106    5  0.000  0.393     0.00     0.00     0.00     0.00     0.00 -1    -1e-30      0.00 6.835e-01 3.012e-01 1.747e-03 2.523e-03 5.927e-03 -1.000 1.528e-02 -5.220 -2.970 -3.903 -4.979 -5.540 -5.982 -6.601 -7.062 -7.130
0.0152 0.01508 7.57600 8.0893096924 2.6233062118    8.090  3.997  3.7041  1.118    5  0.000  0.393     0.00     0.00     0.00     0.00     0.00 -1    -1e-30      0.00 6.835e-01 3.012e-01 1.747e-03 2.523e-03 5.927e-03 -1.000 1.528e-02 -5.222 -3.034 -3.936 -4.995 -5.547 -5.983 -6.591 -7.044 -7.111
0.0152 0.01508 7.57600 8.0894308090 2.6233064187    8.090  3.997  3.7070  1.129    5  0.000  0.393     0.00     0.00     0.00     0.00     0.00 -1    -1e-30      0.00 6.835e-01 3.012e-01 1.747e-03 2.523e-03 5.927e-03 -1.000 1.528e-02 -5.223 -3.095 -3.968 -5.010 -5.554 -5.985 -6.582 -7.027 -7.093
0.0152 0.01508 7.57600 8.0895528793 2.6233066273    8.090  3.998  3.7098  1.139    5  0.000  0.393     0.00     0.00     0.00     0.00     0.00 -1    -1e-30      0.00 6.835e-01 3.012e-01 1.747e-03 2.523e-03 5.927e-03 -1.000 1.528e-02 -5.226 -3.155 -4.000 -5.025 -5.562 -5.987 -6.575 -7.012 -7.077
0.0152 0.01508 7.57600 8.0896768570 2.6233068391    8.090  3.999  3.7126  1.149    5  0.000  0.393     0.00     0.00     0.00     0.00     0.00 -1    -1e-30      0.00 6.835e-01 3.012e-01 1.747e-03 2.523e-03 5.927e-03 -1.000 1.528e-02 -5.228 -3.212 -4.032 -5.040 -5.569 -5.989 -6.567 -6.996 -7.060
0.0152 0.01508 7.57600 8.0898065567 2.6233070606    8.090  4.000  3.7153  1.159    5  0.000  0.393     0.00     0.00     0.00     0.00     0.00 -1    -1e-30      0.00 6.835e-01 3.012e-01 1.747e-03 2.523e-03 5.927e-03 -1.000 1.528e-02 -5.231 -3.269 -4.064 -5.055 -5.576 -5.991 -6.559 -6.980 -7.044
0.0152 0.01508 7.57600 8.0899791718 2.6233073555    8.090  4.002  3.7188  1.171    5  0.000  0.393     0.00     0.00     0.00     0.00     0.00 -1    -1e-30      0.00 6.835e-01 3.012e-01 1.747e-03 2.523e-03 5.927e-03 -1.000 1.528e-02 -5.235 -3.339 -4.102 -5.073 -5.585 -5.993 -6.549 -6.960 -7.024
0.0152 0.01508 7.57600 8.0901279449 2.6233076096    8.091  4.003  3.7217  1.182    5  0.000  0.393     0.00     0.00     0.00     0.00     0.00 -1    -1e-30      0.00 6.835e-01 3.012e-01 1.747e-03 2.523e-03 5.927e-03 -1.000 1.528e-02 -5.238 -3.397 -4.135 -5.088 -5.592 -5.994 -6.540 -6.943 -7.007
0.0152 0.01508 7.57600 8.0902881622 2.6233078833    8.091  4.004  3.7244  1.191    5  0.000  0.393     0.00     0.00     0.00     0.00     0.00 -1    -1e-30      0.00 6.835e-01 3.012e-01 1.747e-03 2.523e-03 5.927e-03 -1.000 1.528e-02 -5.241 -3.451 -4.166 -5.103 -5.598 -5.995 -6.532 -6.927 -6.991
0.0152 0.01508 7.57600 8.0904626846 2.6233081814    8.091  4.006  3.7274  1.202    5  0.000  0.393     0.00     0.00     0.00     0.00     0.00 -1    -1e-30      0.00 6.835e-01 3.012e-01 1.747e-03 2.523e-03 5.927e-03 -1.000 1.528e-02 -5.244 -3.509 -4.200 -5.118 -5.605 -5.996 -6.523 -6.910 -6.973
0.0152 0.01508 7.57600 8.0906534195 2.6233085072    8.091  4.007  3.7303  1.212    5  0.000  0.393     0.00     0.00     0.00     0.00     0.00 -1    -1e-30      0.00 6.835e-01 3.012e-01 1.747e-03 2.523e-03 5.927e-03 -1.000 1.528e-02 -5.248 -3.565 -4.232 -5.133 -5.612 -5.997 -6.515 -6.893 -6.957
0.0152 0.01508 7.57600 8.0908670425 2.6233088720    8.091  4.009  3.7335  1.223    5  0.000  0.393     0.00     0.00     0.00     0.00     0.00 -1    -1e-30      0.00 6.835e-01 3.012e-01 1.747e-03 2.523e-03 5.927e-03 -1.000 1.528e-02 -5.252 -3.617 -4.265 -5.148 -5.619 -5.998 -6.507 -6.877 -6.940
0.0152 0.01508 7.57600 8.0911073685 2.6233092824    8.092  4.010  3.7367  1.234    5  0.000  0.393     0.00     0.00     0.00     0.00     0.00 -1    -1e-30      0.00 6.835e-01 3.012e-01 1.747e-03 2.523e-03 5.927e-03 -1.000 1.528e-02 -5.256 -3.672 -4.299 -5.164 -5.626 -6.000 -6.498 -6.860 -6.923
0.0152 0.01508 7.57600 8.0913848877 2.6233097563    8.092  4.013  3.7401  1.246    5  0.000  0.393     0.00     0.00     0.00     0.00     0.00 -1    -1e-30      0.00 6.835e-01 3.012e-01 1.747e-03 2.523e-03 5.927e-03 -1.000 1.528e-02 -5.261 -3.730 -4.335 -5.180 -5.634 -6.001 -6.490 -6.843 -6.905
0.0152 0.01508 7.57600 8.0917139053 2.6233103181    8.092  4.015  3.7438  1.258    5  0.000  0.393     0.00     0.00     0.00     0.00     0.00 -1    -1e-30      0.00 6.835e-01 3.012e-01 1.747e-03 2.523e-03 5.927e-03 -1.000 1.528e-02 -5.267 -3.817 -4.384 -5.200 -5.640 -5.999 -6.476 -6.819 -6.880
0.0152 0.01508 7.57600 8.0921163559 2.6233110052    8.092  4.018  3.7478  1.271    5  0.000  0.393     0.00     0.00     0.00     0.00     0.00 -1    -1e-30      0.00 6.835e-01 3.012e-01 1.747e-03 2.523e-03 5.927e-03 -1.000 1.528e-02 -5.275 -3.907 -4.435 -5.221 -5.648 -5.999 -6.463 -6.795 -6.854
0.0152 0.01508 7.57600 8.0926313400 2.6233118844    8.093  4.022  3.7525  1.286    5  0.000  0.393     0.00     0.00     0.00     0.00     0.00 -1    -1e-30      0.00 6.835e-01 3.012e-01 1.747e-03 2.523e-03 5.927e-03 -1.000 1.528e-02 -5.284 -3.994 -4.489 -5.245 -5.658 -5.999 -6.450 -6.771 -6.829
0.0152 0.01508 7.57600 8.0935459137 2.6233134453    8.094  4.029  3.7674  1.338    5  0.000  0.393     0.00     0.00     0.00     0.00     0.00 -1    -1e-30      0.00 6.835e-01 3.012e-01 1.747e-03 2.523e-03 5.927e-03 -1.000 1.528e-02 -5.304 -4.221 -4.638 -5.304 -5.676 -5.988 -6.399 -6.685 -6.737
0.0152 0.01508 7.57600 8.0950012207 2.6233159283    8.095  4.040  3.7991  1.455    5  0.000  0.393     0.00     0.00     0.00     0.00     0.00 -1    -1e-30      0.00 6.835e-01 3.012e-01 1.747e-03 2.523e-03 5.927e-03 -1.000 1.528e-02 -5.330 -4.630 -4.933 -5.398 -5.676 -5.919 -6.247 -6.462 -6.502
0.0152 0.01508 7.57600 8.0972452164 2.6233197549    8.098  4.048  3.8417  1.617    5  0.000  0.393     0.00     0.00     0.00     0.00     0.00 -1    -1e-30      0.00 6.835e-01 3.012e-01 1.747e-03 2.523e-03 5.927e-03 -1.000 1.528e-02 -5.350 -4.960 -5.213 -5.460 -5.632 -5.793 -6.024 -6.158 -6.187
0.0152 0.01508 7.57600 8.0995054245 2.6233236067    8.100  4.052  3.8651  1.706    5  0.000  0.393     0.00     0.00     0.00     0.00     0.00 -1    -1e-30      0.00 6.835e-01 3.012e-01 1.747e-03 2.523e-03 5.926e-03 -1.000 1.528e-02 -5.361 -5.102 -5.323 -5.476 -5.596 -5.716 -5.897 -5.995 -6.018
0.0152 0.01508 7.57600 8.1020278931 2.6233279025    8.102  4.057  3.8819  1.769    5  0.000  0.393     0.00     0.00     0.00     0.00     0.00 -1    -1e-30      0.00 6.835e-01 3.012e-01 1.747e-03 2.523e-03 5.926e-03 -1.000 1.528e-02 -5.373 -5.195 -5.381 -5.480 -5.569 -5.662 -5.808 -5.884 -5.902
0.0152 0.01508 7.57600 8.1046800613 2.6233324159    8.105  4.062  3.8964  1.823    5  0.000  0.393     0.00     0.00     0.00     0.00     0.00 -1    -1e-30      0.00 6.835e-01 3.012e-01 1.747e-03 2.523e-03 5.926e-03 -1.000 1.528e-02 -5.385 -5.271 -5.416 -5.477 -5.544 -5.617 -5.734 -5.793 -5.807
0.0152 0.01508 7.57600 8.1080064774 2.6233380719    8.108  4.067  3.9121  1.880    5  0.000  0.393     0.00     0.00     0.00     0.00     0.00 -1    -1e-30      0.00 6.835e-01 3.012e-01 1.747e-03 2.523e-03 5.926e-03 -1.000 1.528e-02 -5.398 -5.343 -5.435 -5.462 -5.510 -5.565 -5.652 -5.697 -5.707
0.0152 0.01508 7.57600 8.1120090485 2.6233448705    8.112  4.073  3.9284  1.939    5  0.000  0.393     0.00     0.00     0.00     0.00     0.00 -1    -1e-30      0.00 6.835e-01 3.012e-01 1.747e-03 2.523e-03 5.926e-03 -1.000 1.528e-02 -5.413 -5.405 -5.435 -5.436 -5.469 -5.509 -5.567 -5.600 -5.604
0.0152 0.01508 7.57600 8.1165351868 2.6233525491    8.117  4.079  3.9433  1.994    5  0.000  0.393     0.00     0.00     0.00     0.00     0.00 -1    -1e-30      0.00 6.835e-01 3.012e-01 1.747e-03 2.523e-03 5.926e-03 -1.000 1.528e-02 -5.427 -5.445 -5.418 -5.401 -5.425 -5.454 -5.488 -5.512 -5.511
0.0152 0.01508 7.57600 8.1215400696 2.6233610285    8.122  4.084  3.9550  2.036    5  0.000  0.393     0.00     0.00     0.00     0.00     0.00 -1    -1e-30      0.00 6.835e-01 3.012e-01 1.747e-03 2.523e-03 5.926e-03 -1.000 1.528e-02 -5.439 -5.468 -5.396 -5.370 -5.389 -5.411 -5.427 -5.445 -5.440
0.0152 0.01508 7.57600 8.1319332123 2.6233785984    8.132  4.090  3.9662  2.075    5  0.000  0.393     0.00     0.00     0.00     0.00     0.00 -1    -1e-30      0.00 6.835e-01 3.012e-01 1.747e-03 2.523e-03 5.926e-03 -1.000 1.528e-02 -5.456 -5.490 -5.376 -5.342 -5.358 -5.373 -5.373 -5.386 -5.377
0.0152 0.01508 7.57600 8.1368331909 2.6233868641    8.137  4.092  3.9641  2.065    6  0.000  0.393     0.00     0.00     0.00     0.00     0.00 -1    -1e-30      0.00 6.835e-01 3.012e-01 1.747e-03 2.523e-03 5.926e-03 -1.000 1.528e-02 -5.460 -5.493 -5.387 -5.354 -5.370 -5.387 -5.389 -5.404 -5.396
0.0152 0.01508 7.57600 8.1465635300 2.6234032440    8.147  4.094  3.9557  2.030    6  0.000  0.393     0.00     0.00     0.00     0.00     0.00 -1    -1e-30      0.00 6.835e-01 3.012e-01 1.747e-03 2.523e-03 5.926e-03 -1.000 1.528e-02 -5.465 -5.495 -5.420 -5.392 -5.411 -5.433 -5.448 -5.466 -5.460
0.0152 0.01508 7.57600 8.1539335251 2.6234156207    8.154  4.096  3.9486  2.000    6  0.000  0.393     0.00     0.00     0.00     0.00     0.00 -1    -1e-30      0.00 6.835e-01 3.012e-01 1.747e-03 2.523e-03 5.926e-03 -1.000 1.528e-02 -5.469 -5.494 -5.446 -5.424 -5.445 -5.471 -5.496 -5.518 -5.515
0.0152 0.01508 7.57600 8.1649732590 2.6234341120    8.165  4.098  3.9366  1.950    6  0.000  0.393     0.00     0.00     0.00     0.00     0.00 -1    -1e-30      0.00 6.835e-01 3.012e-01 1.747e-03 2.524e-03 5.926e-03 -1.000 1.528e-02 -5.475 -5.484 -5.480 -5.471 -5.499 -5.533 -5.578 -5.606 -5.607
0.0152 0.01508 7.57600 8.1739768982 2.6234491504    8.174  4.099  3.9252  1.904    6  0.000  0.393     0.00     0.00     0.00     0.00     0.00 -1    -1e-30      0.00 6.835e-01 3.012e-01 1.747e-03 2.524e-03 5.926e-03 -1.000 1.528e-02 -5.479 -5.464 -5.504 -5.510 -5.546 -5.589 -5.652 -5.687 -5.692
0.0152 0.01508 7.57600 8.1802005768 2.6234595233    8.180  4.100  3.9158  1.866    6  0.000  0.393     0.00     0.00     0.00     0.00     0.00 -1    -1e-30      0.00 6.835e-01 3.012e-01 1.747e-03 2.524e-03 5.926e-03 -1.000 1.528e-02 -5.480 -5.439 -5.514 -5.535 -5.580 -5.631 -5.712 -5.754 -5.762
0.0152 0.01508 7.57600 8.1841773987 2.6234661419    8.184  4.100  3.9085  1.837    6  0.000  0.393     0.00     0.00     0.00     0.00     0.00 -1    -1e-30      0.00 6.835e-01 3.012e-01 1.747e-03 2.524e-03 5.926e-03 -1.000 1.528e-02 -5.480 -5.416 -5.518 -5.552 -5.603 -5.662 -5.756 -5.804 -5.814
0.0152 0.01508 7.57600 8.1882476807 2.6234729084    8.188  4.100  3.9001  1.804    6  0.000  0.393     0.00     0.00     0.00     0.00     0.00 -1    -1e-30      0.00 6.835e-01 3.012e-01 1.747e-03 2.524e-03 5.926e-03 -1.000 1.528e-02 -5.480 -5.384 -5.516 -5.567 -5.628 -5.697 -5.806 -5.862 -5.875
0.0152 0.01508 7.57600 8.1914310455 2.6234781951    8.191  4.100  3.8925  1.774    6  0.000  0.393     0.00     0.00     0.00     0.00     0.00 -1    -1e-30      0.00 6.835e-01 3.012e-01 1.747e-03 2.524e-03 5.926e-03 -1.000 1.528e-02 -5.479 -5.352 -5.508 -5.577 -5.649 -5.727 -5.851 -5.914 -5.930
0.0152 0.01508 7.57600 8.1935510635 2.6234817132    8.193  4.099  3.8869  1.752    6  0.000  0.393     0.00     0.00     0.00     0.00     0.00 -1    -1e-30      0.00 6.835e-01 3.012e-01 1.747e-03 2.524e-03 5.926e-03 -1.000 1.528e-02 -5.478 -5.326 -5.498 -5.582 -5.662 -5.748 -5.884 -5.953 -5.970
0.0152 0.01508 7.57600 8.1959381104 2.6234856720    8.196  4.098  3.8796  1.723    6  0.000  0.393     0.00     0.00     0.00     0.00     0.00 -1    -1e-30      0.00 6.835e-01 3.012e-01 1.747e-03 2.524e-03 5.926e-03 -1.000 1.528e-02 -5.476 -5.291 -5.482 -5.586 -5.678 -5.775 -5.925 -6.003 -6.022
0.0152 0.01508 7.57600 8.1978034973 2.6234887638    8.197  4.098  3.8733  1.699    6  0.000  0.393     0.00     0.00     0.00     0.00     0.00 -1    -1e-30      0.00 6.835e-01 3.012e-01 1.747e-03 2.524e-03 5.926e-03 -1.000 1.528e-02 -5.474 -5.259 -5.464 -5.587 -5.691 -5.797 -5.961 -6.047 -6.068
0.0152 0.01508 7.57600 8.1994819641 2.6234915444    8.199  4.097  3.8669  1.675    6  0.000  0.393     0.00     0.00     0.00     0.00     0.00 -1    -1e-30      0.00 6.835e-01 3.012e-01 1.747e-03 2.524e-03 5.926e-03 -1.000 1.528e-02 -5.472 -5.225 -5.443 -5.587 -5.703 -5.819 -5.996 -6.091 -6.114
0.0152 0.01508 7.57600 8.2009439468 2.6234939652    8.200  4.096  3.8607  1.651    6  0.000  0.393     0.00     0.00     0.00     0.00     0.00 -1    -1e-30      0.00 6.835e-01 3.012e-01 1.747e-03 2.524e-03 5.926e-03 -1.000 1.528e-02 -5.470 -5.190 -5.421 -5.586 -5.714 -5.841 -6.031 -6.134 -6.159
0.0152 0.01508 7.57600 8.2022161484 2.6234960711    8.202  4.095  3.8548  1.628    6  0.000  0.393     0.00     0.00     0.00     0.00     0.00 -1    -1e-30      0.00 6.835e-01 3.012e-01 1.747e-03 2.524e-03 5.926e-03 -1.000 1.528e-02 -5.468 -5.155 -5.394 -5.583 -5.724 -5.861 -6.064 -6.176 -6.203
0.0152 0.01508 7.57600 8.2033662796 2.6234979742    8.203  4.101  3.8502  1.604    6  0.000  0.393     0.00     0.00     0.00     0.00     0.00 -1    -1e-30      0.00 6.835e-01 3.012e-01 1.747e-03 2.524e-03 5.926e-03 -1.000 1.528e-02 -5.481 -5.143 -5.389 -5.596 -5.747 -5.892 -6.104 -6.224 -6.251
0.0152 0.01508 7.57600 8.2036600113 2.6234984601    8.203  4.110  3.8530  1.606    6  0.000  0.393     0.00     0.00     0.00     0.00     0.00 -1    -1e-30      0.00 6.835e-01 3.012e-01 1.747e-03 2.524e-03 5.926e-03 -1.000 1.528e-02 -5.506 -5.184 -5.426 -5.621 -5.766 -5.906 -6.112 -6.227 -6.254
0.0152 0.01508 7.57600 8.2037630081 2.6234986305    8.203  4.114  3.8563  1.616    6  0.000  0.393     0.00     0.00     0.00     0.00     0.00 -1    -1e-30      0.00 6.835e-01 3.012e-01 1.747e-03 2.524e-03 5.926e-03 -1.000 1.528e-02 -5.514 -5.211 -5.448 -5.630 -5.767 -5.901 -6.100 -6.211 -6.236
0.0152 0.01508 7.57600 8.2038593292 2.6234987898    8.203  4.116  3.8604  1.630    6  0.000  0.393     0.00     0.00     0.00     0.00     0.00 -1    -1e-30      0.00 6.835e-01 3.012e-01 1.747e-03 2.524e-03 5.926e-03 -1.000 1.528e-02 -5.519 -5.238 -5.470 -5.636 -5.764 -5.891 -6.082 -6.185 -6.210
0.0152 0.01508 7.57600 8.2039403915 2.6234989239    8.203  4.117  3.8643  1.645    6  0.000  0.393     0.00     0.00     0.00     0.00     0.00 -1    -1e-30      0.00 6.835e-01 3.012e-01 1.747e-03 2.524e-03 5.926e-03 -1.000 1.528e-02 -5.521 -5.261 -5.485 -5.637 -5.758 -5.878 -6.060 -6.159 -6.182
0.0152 0.01508 7.57600 8.2040176392 2.6234990517    8.203  4.117  3.8682  1.660    6  0.000  0.393     0.00     0.00     0.00     0.00     0.00 -1    -1e-30      0.00 6.835e-01 3.012e-01 1.747e-03 2.524e-03 5.926e-03 -1.000 1.528e-02 -5.522 -5.282 -5.498 -5.637 -5.750 -5.864 -6.038 -6.131 -6.153
0.0152 0.01508 7.57600 8.2040948868 2.6234991795    8.204  4.117  3.8720  1.676    6  0.000  0.393     0.00     0.00     0.00     0.00     0.00 -1    -1e-30      0.00 6.835e-01 3.012e-01 1.747e-03 2.524e-03 5.926e-03 -1.000 1.528e-02 -5.521 -5.301 -5.508 -5.635 -5.741 -5.849 -6.015 -6.102 -6.124
0.0152 0.01508 7.57600 8.2041769028 2.6234993151    8.204  4.116  3.8758  1.691    6  0.000  0.393     0.00     0.00     0.00     0.00     0.00 -1    -1e-30      0.00 6.835e-01 3.012e-01 1.747e-03 2.524e-03 5.926e-03 -1.000 1.528e-02 -5.519 -5.317 -5.516 -5.631 -5.730 -5.832 -5.990 -6.073 -6.094
0.0152 0.01508 7.57600 8.2042675018 2.6234994650    8.204  4.115  3.8795  1.707    6  0.000  0.393     0.00     0.00     0.00     0.00     0.00 -1    -1e-30      0.00 6.835e-01 3.012e-01 1.747e-03 2.524e-03 5.926e-03 -1.000 1.528e-02 -5.516 -5.332 -5.523 -5.626 -5.718 -5.815 -5.965 -6.043 -6.063
0.0152 0.01508 7.57600 8.2043733597 2.6234996401    8.204  4.113  3.8831  1.724    6  0.000  0.393     0.00     0.00     0.00     0.00     0.00 -1    -1e-30      0.00 6.835e-01 3.012e-01 1.747e-03 2.524e-03 5.926e-03 -1.000 1.528e-02 -5.512 -5.344 -5.525 -5.619 -5.705 -5.797 -5.940 -6.013 -6.032
0.0152 0.01508 7.57600 8.2045564651 2.6234999429    8.204  4.110  3.8873  1.744    6  0.000  0.393     0.00     0.00     0.00     0.00     0.00 -1    -1e-30      0.00 6.835e-01 3.012e-01 1.747e-03 2.524e-03 5.926e-03 -1.000 1.528e-02 -5.504 -5.355 -5.525 -5.608 -5.687 -5.772 -5.907 -5.976 -5.993
0.0152 0.01508 7.57600 8.2052984238 2.6235011699    8.205  4.104  3.8884  1.754    6  0.000  0.393     0.00     0.00     0.00     0.00     0.00 -1    -1e-30      0.00 6.835e-01 3.012e-01 1.747e-03 2.524e-03 5.926e-03 -1.000 1.528e-02 -5.490 -5.346 -5.514 -5.593 -5.671 -5.754 -5.887 -5.954 -5.971
0.0152 0.01508 7.57600 8.2072267532 2.6235043576    8.207  4.104  3.8807  1.723    6  0.000  0.393     0.00     0.00     0.00     0.00     0.00 -1    -1e-30      0.00 6.835e-01 3.012e-01 1.747e-03 2.524e-03 5.926e-03 -1.000 1.528e-02 -5.490 -5.310 -5.498 -5.599 -5.689 -5.784 -5.932 -6.009 -6.028
0.0152 0.01508 7.57600 8.2110424042 2.6235106601    8.211  4.103  3.8687  1.676    6  0.000  0.393     0.00     0.00     0.00     0.00     0.00 -1    -1e-30      0.00 6.835e-01 3.012e-01 1.747e-03 2.524e-03 5.926e-03 -1.000 1.528e-02 -5.488 -5.250 -5.465 -5.602 -5.714 -5.828 -6.001 -6.093 -6.115
0.0152 0.01508 7.57600 8.2146368027 2.6235165910    8.214  4.102  3.8561  1.627    6  0.000  0.393     0.00     0.00     0.00     0.00     0.00 -1    -1e-30      0.00 6.835e-01 3.012e-01 1.747e-03 2.524e-03 5.926e-03 -1.000 1.528e-02 -5.484 -5.179 -5.417 -5.600 -5.738 -5.872 -6.072 -6.183 -6.208
0.0152 0.01508 7.57600 8.2177209854 2.6235216753    8.217  4.100  3.8433  1.578    6  0.000  0.393     0.00     0.00     0.00     0.00     0.00 -1    -1e-30      0.00 6.835e-01 3.012e-01 1.747e-03 2.524e-03 5.926e-03 -1.000 1.528e-02 -5.480 -5.101 -5.354 -5.592 -5.758 -5.916 -6.143 -6.274 -6.303
0.0152 0.01508 7.57600 8.2201528549 2.6235256812    8.219  4.098  3.8316  1.533    6  0.000  0.393     0.00     0.00     0.00     0.00     0.00 -1    -1e-30      0.00 6.835e-01 3.012e-01 1.747e-03 2.524e-03 5.926e-03 -1.000 1.528e-02 -5.475 -5.023 -5.289 -5.582 -5.776 -5.956 -6.208 -6.359 -6.391
0.0152 0.01508 7.57600 8.2218570709 2.6235284868    8.221  4.097  3.8224  1.498    6  0.000  0.393     0.00     0.00     0.00     0.00     0.00 -1    -1e-30      0.00 6.835e-01 3.012e-01 1.747e-03 2.524e-03 5.926e-03 -1.000 1.528e-02 -5.472 -4.955 -5.230 -5.570 -5.787 -5.984 -6.257 -6.425 -6.459
0.0152 0.01508 7.57600 8.2237710953 2.6235316362    8.223  4.095  3.8107  1.453    6  0.000  0.393     0.00     0.00     0.00     0.00     0.00 -1    -1e-30      0.00 6.835e-01 3.012e-01 1.747e-03 2.524e-03 5.926e-03 -1.000 1.528e-02 -5.466 -4.862 -5.152 -5.553 -5.799 -6.018 -6.319 -6.509 -6.546
0.0152 0.01508 7.57600 8.2254285812 2.6235343621    8.225  4.092  3.7990  1.409    6  0.000  0.393     0.00     0.00     0.00     0.00     0.00 -1    -1e-30      0.00 6.835e-01 3.012e-01 1.747e-03 2.524e-03 5.925e-03 -1.000 1.528e-02 -5.461 -4.757 -5.066 -5.530 -5.807 -6.050 -6.378 -6.592 -6.633
0.0152 0.01508 7.57600 8.2267103195 2.6235364692    8.226  4.090  3.7890  1.371    6  0.000  0.393     0.00     0.00     0.00     0.00     0.00 -1    -1e-30      0.00 6.835e-01 3.012e-01 1.747e-03 2.524e-03 5.925e-03 -1.000 1.528e-02 -5.456 -4.652 -4.986 -5.508 -5.813 -6.075 -6.429 -6.663 -6.708
0.0152 0.01508 7.57600 8.2278671265 2.6235383703    8.227  4.088  3.7787  1.332    6  0.000  0.393     0.00     0.00     0.00     0.00     0.00 -1    -1e-30      0.00 6.835e-01 3.012e-01 1.747e-03 2.524e-03 5.925e-03 -1.000 1.528e-02 -5.450 -4.518 -4.893 -5.482 -5.818 -6.103 -6.482 -6.738 -6.787
0.0152 0.01508 7.57600 8.2288694382 2.6235400170    8.228  4.086  3.7685  1.293    6  0.000  0.393     0.00     0.00     0.00     0.00     0.00 -1    -1e-30      0.00 6.835e-01 3.012e-01 1.747e-03 2.524e-03 5.925e-03 -1.000 1.528e-02 -5.445 -4.371 -4.789 -5.449 -5.818 -6.127 -6.535 -6.817 -6.870
0.0152 0.01508 7.57600 8.2297449112 2.6235414549    8.229  4.084  3.7587  1.257    6  0.000  0.393     0.00     0.00     0.00     0.00     0.00 -1    -1e-30      0.00 6.835e-01 3.012e-01 1.747e-03 2.524e-03 5.925e-03 -1.000 1.528e-02 -5.439 -4.232 -4.697 -5.417 -5.814 -6.144 -6.577 -6.882 -6.939
0.0152 0.01508 7.57600 8.2305097580 2.6235427109    8.230  4.081  3.7491  1.220    6  0.000  0.393     0.00     0.00     0.00     0.00     0.00 -1    -1e-30      0.00 6.835e-01 3.012e-01 1.747e-03 2.524e-03 5.925e-03 -1.000 1.528e-02 -5.433 -4.082 -4.606 -5.384 -5.807 -6.155 -6.615 -6.943 -7.002
0.0152 0.01508 7.57600 8.2313365936 2.6235440683    8.231  4.078  3.7374  1.177    6  0.000  0.393     0.00     0.00     0.00     0.00     0.00 -1    -1e-30      0.00 6.835e-01 3.012e-01 1.747e-03 2.524e-03 5.925e-03 -1.000 1.528e-02 -5.425 -3.832 -4.469 -5.335 -5.797 -6.170 -6.666 -7.025 -7.088
0.0152 0.01508 7.57600 8.2319145203 2.6235450169    8.231  4.075  3.7284  1.144    6  0.000  0.393     0.00     0.00     0.00     0.00     0.00 -1    -1e-30      0.00 6.835e-01 3.012e-01 1.747e-03 2.524e-03 5.925e-03 -1.000 1.528e-02 -5.419 -3.681 -4.378 -5.296 -5.782 -6.172 -6.695 -7.078 -7.142
0.0152 0.01508 7.57600 8.2324333191 2.6235458683    8.232  4.072  3.7200  1.113    6  0.000  0.393     0.00     0.00     0.00     0.00     0.00 -1    -1e-30      0.00 6.835e-01 3.012e-01 1.747e-03 2.524e-03 5.925e-03 -1.000 1.528e-02 -5.411 -3.517 -4.285 -5.255 -5.765 -6.170 -6.722 -7.128 -7.193
0.0152 0.01508 7.57600 8.2329235077 2.6235466727    8.232  4.069  3.7116  1.083    6  0.000  0.393     0.00     0.00     0.00     0.00     0.00 -1    -1e-30      0.00 6.835e-01 3.012e-01 1.747e-03 2.524e-03 5.925e-03 -1.000 1.528e-02 -5.402 -3.344 -4.189 -5.210 -5.743 -6.165 -6.746 -7.177 -7.242
0.0152 0.01508 7.57600 8.2334175110 2.6235474832    8.233  4.065  3.7035  1.055    6  0.000  0.393     0.00     0.00     0.00     0.00     0.00 -1    -1e-30      0.00 6.835e-01 3.012e-01 1.747e-03 2.524e-03 5.925e-03 -1.000 1.528e-02 -5.392 -3.168 -4.092 -5.162 -5.718 -6.155 -6.766 -7.219 -7.286
0.0152 0.01508 7.57600 8.2339487076 2.6235483546    8.233  4.059  3.6949  1.026    6  0.000  0.393     0.00     0.00     0.00     0.00     0.00 -1    -1e-30      0.00 6.835e-01 3.012e-01 1.747e-03 2.524e-03 5.925e-03 -1.000 1.528e-02 -5.378 -2.969 -3.985 -5.106 -5.686 -6.139 -6.782 -7.258 -7.329
0.0152 0.01508 7.57600 8.2346372604 2.6235494839    8.234  4.050  3.6851  0.996    6  0.000  0.393     0.00     0.00     0.00     0.00     0.00 -1    -1e-30      0.00 6.835e-01 3.012e-01 1.747e-03 2.524e-03 5.925e-03 -1.000 1.528e-02 -5.356 -2.735 -3.859 -5.034 -5.640 -6.111 -6.792 -7.294 -7.371
0.0152 0.01508 7.57600 8.2355289459 2.6235509461    8.235  4.037  3.6733  0.962    6  0.000  0.393     0.00     0.00     0.00     0.00     0.00 -1    -1e-30      0.00 6.835e-01 3.012e-01 1.747e-03 2.524e-03 5.925e-03 -1.000 1.528e-02 -5.322 -2.536 -3.717 -4.948 -5.576 -6.062 -6.790 -7.314 -7.407
0.0152 0.01508 7.57600 8.2363500595 2.6235522923    8.236  4.025  3.6623  0.930    6  0.000  0.393     0.00     0.00     0.00     0.00     0.00 -1    -1e-30      0.00 6.835e-01 3.012e-01 1.747e-03 2.524e-03 5.925e-03 -1.000 1.528e-02 -5.292 -2.335 -3.574 -4.860 -5.509 -6.012 -6.786 -7.327 -7.438
0.0152 0.01508 7.57600 8.2381658554 2.6235552680    8.237  4.014  3.6394  0.849    6  0.000  0.393     0.00     0.00     0.00     0.00     0.00 -1    -1e-30      0.00 6.835e-01 3.012e-01 1.747e-03 2.524e-03 5.925e-03 -1.000 1.529e-02 -5.265 -1.714 -3.249 -4.664 -5.381 -5.942 -6.815 -7.413 -7.554
0.0152 0.01508 7.57600 8.2499532700 2.6235745488    8.249  4.009  3.5987  0.692    6  0.000  0.393     0.00     0.00     0.00     0.00     0.00 -1    -1e-30      0.00 6.835e-01 3.012e-01 1.747e-03 2.524e-03 5.925e-03 -1.000 1.529e-02 -5.252 -0.562 -2.604 -4.220 -5.096 -5.821 -6.880 -7.608 -7.800
0.0152 0.01508 7.57600 8.2529764175 2.6235794835    8.252  4.041  3.5932  0.638    6  0.000  0.393     0.00     0.00     0.00     0.00     0.00 -1    -1e-30      0.00 6.835e-01 3.012e-01 1.747e-03 2.524e-03 5.925e-03 -1.000 1.529e-02 -5.333 -0.485 -2.583 -4.224 -5.126 -5.886 -6.973 -7.716 -7.917
0.0152 0.01508 7.57600 8.2533349991 2.6235800686    8.252  4.052  3.5918  0.622    6  0.000  0.393     0.00     0.00     0.00     0.00     0.00 -1    -1e-30      0.00 6.835e-01 3.012e-01 1.747e-03 2.524e-03 5.925e-03 -1.000 1.529e-02 -5.360 -0.469 -2.582 -4.230 -5.139 -5.907 -7.002 -7.749 -7.952
0.0152 0.01508 7.57600 8.2534379959 2.6235802366    8.253  4.058  3.5910  0.612    7  0.000  0.393    79.46    48.37    32.82    24.04    19.90  4    -1e-30      0.00 6.835e-01 3.012e-01 1.747e-03 2.524e-03 5.925e-03 -1.000 1.529e-02 -5.376 -0.460 -2.582 -4.235 -5.147 -5.921 -7.020 -7.770 -7.974
0.0152 0.01508 7.57600 8.2544851303 2.6235819447    8.254  4.072  3.5894  0.593    7  0.000  0.393    83.05    50.10    33.95    24.88    20.59  4    -1e-30      0.00 6.835e-01 3.012e-01 1.747e-03 2.524e-03 5.925e-03 -1.000 1.529e-02 -5.409 -0.447 -2.585 -4.245 -5.165 -5.950 -7.057 -7.811 -8.017
0.0152 0.01508 7.57600 8.2551431656 2.6235830178    8.254  4.096  3.5866  0.557    7  0.000  0.393    90.00    53.42    36.09    26.47    21.92  4    -1e-30      0.00 6.835e-01 3.012e-01 1.747e-03 2.524e-03 5.925e-03 -1.000 1.529e-02 -5.469 -0.425 -2.586 -4.257 -5.192 -6.000 -7.123 -7.885 -8.096
0.0152 0.01508 7.57600 8.2555236816 2.6235836383    8.255  4.113  3.5847  0.532    7  0.000  0.393    95.27    55.90    37.69    27.66    22.90  4    -1e-30      0.00 6.835e-01 3.012e-01 1.747e-03 2.524e-03 5.925e-03 -1.000 1.529e-02 -5.513 -0.414 -2.590 -4.269 -5.213 -6.038 -7.171 -7.938 -8.152
0.0152 0.01508 7.57600 8.2561159134 2.6235846038    8.255  4.135  3.5824  0.501    7  0.000  0.393   102.12    59.08    39.73    29.19    24.17  4    -1e-30      0.00 6.835e-01 3.012e-01 1.747e-03 2.525e-03 5.925e-03 -1.000 1.529e-02 -5.567 -0.401 -2.595 -4.285 -5.241 -6.084 -7.230 -8.003 -8.221
0.0152 0.01508 7.57600 8.2568826675 2.6235858537    8.256  4.159  3.5798  0.467    7  0.000  0.392   110.35    62.85    42.15    30.99    25.67  4    -1e-30      0.00 6.835e-01 3.012e-01 1.743e-03 2.528e-03 5.925e-03 -1.000 1.529e-02 -5.627 -0.383 -2.598 -4.299 -5.269 -6.135 -7.296 -8.076 -8.297
0.0152 0.01508 7.57600 8.2576246262 2.6235870629    8.257  4.182  3.5773  0.434    7  0.000  0.390   118.89    66.69    44.61    32.83    27.19  4    -1e-30      0.00 6.835e-01 3.012e-01 1.736e-03 2.536e-03 5.925e-03 -1.000 1.529e-02 -5.684 -0.372 -2.595 -4.302 -5.288 -6.183 -7.360 -8.145 -8.371
0.0152 0.01508 7.57600 8.2585859299 2.6235886291    8.258  4.214  3.5738  0.387    7  0.000  0.389   132.25    72.61    48.38    35.65    29.54  4    -1e-30      0.00 6.835e-01 3.012e-01 1.730e-03 2.544e-03 5.925e-03 -1.000 1.529e-02 -5.766 -0.357 -2.590 -4.307 -5.316 -6.251 -7.452 -8.245 -8.477
0.0152 0.01508 7.57600 8.2596836090 2.6235904171    8.259  4.255  3.5694  0.330    7  0.000  0.387   150.78    80.61    53.46    39.45    32.69  4    -1e-30      0.00 6.835e-01 3.012e-01 1.724e-03 2.551e-03 5.925e-03 -1.000 1.533e-02 -5.867 -0.342 -2.583 -4.311 -5.348 -6.335 -7.565 -8.368 -8.607
0.0152 0.01508 7.57600 8.2607870102 2.6235922138    8.260  4.291  3.5655  0.277    7  0.000  0.386   169.75    88.60    58.51    43.24    35.84  3    -1e-30      0.00 6.835e-01 3.012e-01 1.716e-03 2.560e-03 5.924e-03 -1.000 1.533e-02 -5.959 -0.336 -2.566 -4.296 -5.363 -6.408 -7.668 -8.479 -8.725
0.0152 0.01508 7.57600 8.2618112564 2.6235938811    8.261  4.323  3.5620  0.232    7  0.000  0.384   188.25    96.21    63.30    46.84    38.83  3    -1e-30      0.00 6.834e-01 3.012e-01 1.707e-03 2.575e-03 5.919e-03 -1.000 1.535e-02 -6.038 -0.330 -2.549 -4.282 -5.376 -6.471 -7.756 -8.576 -8.827
0.0152 0.01508 7.57600 8.2627468109 2.6235954037    8.262  4.353  3.5588  0.189    7  0.000  0.383   207.23   103.87    68.10    50.45    41.83  3    -1e-30      0.00 6.829e-01 3.018e-01 1.697e-03 2.599e-03 5.905e-03 -1.000 1.536e-02 -6.111 -0.325 -2.527 -4.258 -5.380 -6.526 -7.839 -8.666 -8.922
0.0152 0.01508 7.57600 8.2641382217 2.6235976674    8.263  4.386  3.5553  0.142    7  0.000  0.381   230.67   113.13    73.89    54.80    45.45  3    -1e-30      0.00 6.791e-01 3.056e-01 1.683e-03 2.643e-03 5.875e-03 -1.000 1.536e-02 -6.195 -0.325 -2.500 -4.225 -5.381 -6.587 -7.934 -8.767 -9.029
0.0152 0.01508 7.57600 8.2681541443 2.6236041959    8.267  4.444  3.5494  0.061    7  0.000  0.379   277.56   131.11    85.07    63.23    52.46  3    -1e-30      0.00 6.701e-01 3.146e-01 1.653e-03 2.741e-03 5.805e-03 -1.000 1.531e-02 -6.340 -0.328 -2.450 -4.164 -5.381 -6.691 -8.098 -8.941 -9.214
0.0152 0.01508 7.57600 8.2744960785 2.6236144910    8.273  4.523  3.5405 -0.053    7  0.000  0.378   347.28   161.14   103.59    77.23    64.11  3    -1e-30      0.00 6.688e-01 3.158e-01 1.640e-03 2.782e-03 5.777e-03 -1.000 1.537e-02 -6.537 -0.323 -2.308 -3.985 -5.320 -6.804 -8.323 -9.182 -9.470
0.0152 0.01508 7.57600 8.2829189301 2.6236281360    8.282  4.547  3.5381 -0.086    7  0.000  0.378   365.12   171.10   109.70    81.85    67.96  3    -1e-30      0.00 6.635e-01 3.211e-01 1.625e-03 2.848e-03 5.723e-03 -1.000 1.536e-02 -6.597 -0.327 -2.264 -3.928 -5.303 -6.833 -8.392 -9.254 -9.546
0.0152 0.01508 7.57600 8.2842683792 2.6236303192    8.283  4.536  3.5396 -0.069    7  0.000  0.378   355.89   165.93   106.53    79.45    65.96  3    -1e-30      0.00 6.625e-01 3.221e-01 1.623e-03 2.859e-03 5.714e-03 -1.000 1.536e-02 -6.569 -0.330 -2.300 -3.973 -5.323 -6.825 -8.359 -9.219 -9.509
0.0152 0.01508 7.57600 8.2852334976 2.6236318801    8.284  4.521  3.5413 -0.047    7  0.000  0.378   344.12   159.37   102.51    76.41    63.43  3    -1e-30      0.00 6.618e-01 3.228e-01 1.621e-03 2.867e-03 5.708e-03 -1.000 1.536e-02 -6.531 -0.332 -2.333 -4.014 -5.339 -6.806 -8.315 -9.172 -9.459
0.0152 0.01508 7.57600 8.2859401703 2.6236330227    8.285  4.506  3.5431 -0.025    7  0.000  0.378   333.03   153.23    98.73    73.55    61.05  3    -1e-30      0.00 6.614e-01 3.232e-01 1.620e-03 2.872e-03 5.704e-03 -1.000 1.536e-02 -6.494 -0.333 -2.362 -4.050 -5.351 -6.785 -8.272 -9.126 -9.410
0.0152 0.01508 7.57600 8.2873792648 2.6236353489    8.286  4.507  3.5429 -0.027    7  0.000  0.378   334.10   153.83    99.10    73.82    61.28  3    -1e-30      0.00 6.611e-01 3.235e-01 1.619e-03 2.875e-03 5.701e-03 -1.000 1.536e-02 -6.498 -0.334 -2.360 -4.047 -5.351 -6.787 -8.276 -9.131 -9.415
0.0152 0.01508 7.57600 8.2890081406 2.6236379807    8.288  4.527  3.5408 -0.055    7  0.000  0.378   348.51   161.81   104.00    77.54    64.37  3    -1e-30      0.00 6.609e-01 3.238e-01 1.618e-03 2.878e-03 5.699e-03 -1.000 1.535e-02 -6.547 -0.334 -2.326 -4.004 -5.337 -6.816 -8.332 -9.191 -9.478
0.0152 0.01508 7.57600 8.2952299118 2.6236480226    8.294  4.553  3.5379 -0.093    7  0.000  0.378   368.90   173.22   111.00    82.83    68.77  3    -1e-30      0.00 6.598e-01 3.249e-01 1.616e-03 2.889e-03 5.690e-03 -1.000 1.535e-02 -6.613 -0.335 -2.269 -3.932 -5.311 -6.847 -8.409 -9.271 -9.564
0.0152 0.01508 7.57600 8.2964859009 2.6236500476    8.295  4.560  3.5373 -0.102    7  0.000  0.378   373.99   176.09   112.75    84.16    69.88  3    -1e-30      0.00 6.596e-01 3.251e-01 1.615e-03 2.892e-03 5.688e-03 -1.000 1.534e-02 -6.630 -0.336 -2.256 -3.916 -5.306 -6.854 -8.427 -9.290 -9.585
0.0152 0.01508 7.57600 8.3015451431 2.6236581975    8.300  4.563  3.5370 -0.106    7  0.000  0.378   376.23   177.35   113.53    84.75    70.37  3    -1e-30      0.00 6.590e-01 3.257e-01 1.614e-03 2.898e-03 5.682e-03 -1.000 1.534e-02 -6.637 -0.337 -2.251 -3.910 -5.305 -6.858 -8.436 -9.299 -9.594
0.0152 0.01508 7.57600 8.3039693832 2.6236620987    8.303  4.577  3.5354 -0.127    7  0.000  0.378   388.35   184.21   117.72    87.92    73.01  2    -1e-30      0.00 6.588e-01 3.259e-01 1.613e-03 2.900e-03 5.681e-03 -1.000 1.534e-02 -6.674 -0.336 -2.214 -3.862 -5.285 -6.872 -8.478 -9.343 -9.641
0.0152 0.01508 7.57600 8.3187770844 2.6236858710    8.317  4.587  3.5347 -0.138    7  0.000  0.378   395.36   188.19   120.15    89.76    74.55  2    -1e-30      0.00 6.581e-01 3.266e-01 1.611e-03 2.909e-03 5.674e-03 -1.000 1.534e-02 -6.698 -0.343 -2.207 -3.852 -5.287 -6.887 -8.504 -9.371 -9.670
0.0152 0.01508 7.57600 8.3479900360 2.6237324851    8.347  4.558  3.5389 -0.091    7  0.000  0.378   368.66   173.04   110.90    82.74    68.70  3    -1e-30      0.00 6.586e-01 3.261e-01 1.612e-03 2.905e-03 5.677e-03 -1.000 1.533e-02 -6.626 -0.361 -2.320 -3.992 -5.356 -6.873 -8.418 -9.279 -9.570
#isochrone terminated
